;Abwasserreinigungsareal;Alpiner Gipfel;Ausfahrt;Aussichtspunkt;Autofaehre;Bezirk;Bildstock;Bobbahn;Brunnen;Campingplatzareal;Denkmal;Deponieareal;Ein- und Ausfahrt;Erratischer Block;Felsblock;Felskopf;Fliessgewaesser;Flugfeldareal;Flughafenareal;Flugplatzareal;Flurname swisstopo;Freizeitanlagenareal;Friedhof;Gebaeude;Gebiet;Gemeindegebiet;Gipfel;Gleisareal;Gletscher;Golfplatzareal;Gondelbahn;Graben;Grat;Grossregion;Grotte, Hoehle;Haltestelle Bahn;Haltestelle Bus;Haltestelle Schiff;Hauptgipfel;Haupthuegel;Haupttal;Heliport;Historisches Areal;Huegel;Huegelzug;Kanton;Kantonsgebiet;Kapelle;Kehrichtverbrennungsareal;Kiesabbauareal;Kleinbahn;Klosterareal;Kommunanz;Kraftwerkareal;Landesgrenzstein;Landschaftsname;Lehmabbauareal;Lokalname swisstopo;Luftseilbahn;Massiv;Massnahmenvollzugsanstaltsareal;Messeareal;Normalspur;Oeffentliches Parkareal;Oeffentliches Parkplatzareal;Offenes Gebaeude;Ort;Ortsteil;Pass;Personenfaehre mit Seil;Personenfaehre ohne Seil;Pferderennbahnareal;Privates Fahrareal;Quartier;Quartierteil;Quelle;Rastplatzareal;Rodelbahn;Sakrales Gebaeude;Schmalspur;Schmalspur mit Normalspur;Schul- und Hochschulareal;Schwimmbadareal;See;Seeinsel;Seeteil;Sesselbahn;Skilift;Skisprungschanze;Spitalareal;Sportplatzareal;Standplatzareal;Staudamm;Staumauer;Steinbruchareal;Strasse;Strassenpass;Tal;Transportseil;Truppenuebungsplatz;Turm;Uebrige Bahnen;Verladestation;Verzweigung;Wasserfall;Wehr;Zollamt 24h 24h;Zollamt 24h eingeschraenkt;Zollamt eingeschraenkt;Zooareal
Abwasserreinigungsareal;0.5;-0.034600403973208904;0.011509598133547965;-0.0150126797219442;-0.06975999874573044;0.014561232203940297;-0.006617167506681449;-0.008131383989265308;0.001824302457620048;0.051871202979038564;-0.009491183040600967;-0.4642025359823268;-0.006066836520664667;-0.014552820625721653;-0.010207553731407495;-0.04172439363631858;0.17898007799245214;-0.3584177594989365;-0.51701520924632;0.019045258087974255;0.05139287834284115;-0.2448757530259836;-0.22610631635709544;0.0402157941052837;-0.06340261649102072;0.015181636026451928;-0.32081296607765;-0.24183684165032193;-0.9898570286894174;0.07337264339532419;-0.52440376996672;-0.07634618774987673;-0.9734159925133327;0.0026653154851247187;-0.024490914169337644;0.021038347281449665;0.024329297937757285;-0.05932090866009683;-0.32786585773948496;-0.18979359074720756;-0.0051156868638930885;0.006486795196721124;-0.7091950274557937;-0.3280843743651394;0.023098166976811427;0.006004575895074822;0.08972402433410866;-0.04546102415327903;0.040592226523598694;-0.025176033357713935;-0.00294056605583239;-0.17427235014669404;-0.23412644098390736;0.08012885214723339;-0.01344716113188405;0.002714439609888826;-0.15636054478682007;-0.7770042857615652;-0.03701435640405216;-0.9798103637922569;-0.20473863535399497;-0.09827752054444373;0.04761451577163247;0.07412179813921767;-0.3417628849862488;-0.08827320697624154;0.22910765714189713;0.1742087600078858;-0.2870919696009692;-0.008041377585646962;-0.008075727309639288;-0.171911110978109;-0.17637347338776005;0.21913767876743523;0.16912550184568226;-0.013670547764519758;0.02161185637099103;-0.0651755427896787;-0.021816880684242177;-0.281364218562115;-0.005722382200812714;-0.018046197856566224;0.05217717579064533;0.0355651155545206;-0.45859649081126397;0.06391232404811054;-0.661052518046164;-0.7071258867675538;-0.006595075745790319;-0.6105372642448591;-0.16166960219956877;0.022679803670602485;-0.1227492707890061;-0.15824598207255897;0.015995192793546373;0.10588867764764727;-0.021320773431039112;-0.10327193581002395;-0.047266943277967294;0.0781529798623663;-0.02853365531956442;-0.16721586603293762;-0.002450757837773353;-0.021922693657273;-0.023139895099342493;-0.04834432417670009;-0.02182532525889501;-0.0063714315265943735;-0.0005309947802606407;-0.28263263885286083
Alpiner Gipfel;-0.9653995960267912;0.5;-0.7910684439151844;-0.29837314233908213;-0.6766228831904989;0.01232324741179822;-0.15672876390471588;-0.18615613685250249;-0.15852959498154076;-0.9772984801355632;-0.21095495990916704;-0.9602750950173432;-0.14552294055011983;-0.29180495054589717;-0.2234470225977842;-0.5485038017721997;-0.9996535516186579;-0.9397119001064926;-0.9676032452081073;-0.9708988360482379;-0.9991984769128242;-0.90047785564651;-0.8907327339798994;0.2173061276188203;0.034947159905166884;0.010833992203481736;-0.9294740719234437;-0.8989890045615672;0.19812965162577076;-0.991860145069396;-0.9685185590764263;0.006311765853068797;0.18882765150605485;0.002780965164786824;-0.4119329137528258;-0.9295853131557407;-0.9910641439201162;-0.6376170934153317;-0.9315549129553665;-0.8673035478161812;0.0538276408315195;-0.4345058205969744;-0.9855164809607276;-0.9316180992923684;-0.9997294581163257;0.004284927964732508;-0.9992619108433118;-0.5706009959004469;-0.7644744842629563;-0.9856932830936181;-0.07603140987906896;-0.8548342076352864;-0.895061782387598;-0.9457584942721239;0.32330574087949027;0.010994597324161314;-0.8379584936829274;-0.9898187097760311;-0.9808968975290608;0.19229638786135786;-0.8777978988092473;-0.7525325635072867;-0.9811506260050024;-0.9842532504679299;-0.9354283263695629;-0.7298325162045717;-0.9999107164680094;-0.9986762400155155;-0.9182742482877277;-0.1844620451417189;-0.1851093675240836;-0.8527750103419584;-0.8566282724314868;-0.9992084548783974;-0.9995919515971787;-0.2788707524511153;-0.9165991585428688;-0.660472887295908;-0.38359045453465396;-0.9161362824261465;-0.13836286591211047;-0.9969996097870021;-0.9816581953606647;-0.9998546163832955;-0.9594055535314581;-0.9994348182037677;-0.9819547876694488;-0.985372877087179;-0.15628436118862657;-0.9776483060312412;-0.8432774808711057;-0.9653665900552034;-0.7960890589393808;-0.8398805509044655;-0.9734582103128951;0.08815994133781346;-0.37804716203643174;0.08094248019706642;-0.580579602935993;-0.9928263474121131;-0.4504022438835299;-0.8485389986171638;-0.06415021904090393;-0.38476072144046236;-0.3979273860578256;-0.5863319576263006;-0.38368400370484557;-0.151760096131463;-0.01460684450312116;-0.9166163404526433
Ausfahrt;0.08481566698793616;-0.2089315560848157;0.5;-0.10097529432707421;-0.35592780999558266;0.004642530578223412;-0.046790713169821925;-0.05697068439108527;-0.04739934682231677;-0.9191595647000395;-0.06595471631317691;-0.8645801081218714;0.01706501762005729;-0.09814465051302987;-0.07062892751824848;-0.24291746916322823;0.033686471675781;-0.8045629418591549;-0.8874930905255516;-0.8980795761650897;0.015303155488390027;-0.7049885974485236;-0.6828433758243175;-0.8821752119455776;-0.03846405417339906;0.012236205001249287;-0.7768253183366978;-0.7015445335212013;-0.9986114122512826;-0.9698639004650452;-0.8904154421136851;-0.10271413165539643;-0.9963076783288947;0.0014002749143412169;-0.15612356469252153;0.10856299577585142;0.05539032400242644;-0.3172710990117273;-0.7823553884123788;-0.6331947645361722;-0.002863220034957458;-0.16870004377345418;-0.9472888317057899;-0.7825241558490433;0.010490062189177241;0.004839524113431865;0.03591833537361471;-0.25978733829456085;-0.46157382557667775;-0.9479076173984833;-0.021271017418383394;-0.6086529034979632;-0.6925660183128463;-0.8215908574343305;0.08221913770356025;-0.0067480770405593075;-0.5773094982479919;-0.9625144041865384;-0.9313260074410146;-0.9972115821309012;-0.6548353692047435;0.10119987168998651;0.05550022044090455;0.11374200830163428;-0.7927941605378732;-0.4163914226960566;0.13634545275025797;0.1918264906587742;-0.7479576375808461;-0.05637079913179287;-0.056599814395078774;0.11368175100231556;-0.6121088915767146;0.17863867661456254;0.10890661104690572;-0.09267115085583684;0.11332822262886229;-0.3393985769870496;-0.14115693711418417;0.17161628138404958;-0.04068608154604766;0.061043919141125176;0.05545712383550865;-0.005682223729145418;-0.8619170958395405;-0.07298423123918472;-0.9349469734619538;-0.9467866669466207;-0.04664079712187336;-0.9203322666855881;-0.5869670802248599;-0.880409245586776;-0.5076618878743413;-0.580776499837541;-0.9064259857891267;0.315537712003762;-0.13833085146402768;-0.10268881419710298;-0.26771935072258224;0.0013502506957255515;-0.17793174923625438;-0.5967183663797495;-0.01778237247011852;0.045376670728931284;-0.14861741308701923;-0.27238501312051194;-0.14120490609478503;-0.04512085100000709;-0.0038997779532882596;-0.7438085882815129
Aussichtspunkt;-0.9849873202780559;-0.7016268576609178;-0.8990247056729258;0.5;-0.831087148707653;0.004688077117632243;-0.30412841644449556;-0.34975281705312666;-0.3070062900455448;-0.9902183481098699;0.19272651939961516;-0.9827119127612522;-0.28595754776960236;-0.49210638448058147;-0.4035647708703934;-0.7407142370543152;-0.04805656485655258;-0.973441696015299;-0.9859615966939423;-0.9874139583519387;-0.999658987992693;-0.955109605348737;-0.950419432386176;0.34796288676982656;0.033732131487872644;0.01009120833276784;0.39056786789327497;-0.9543966546669053;0.02161105775621058;-0.9965221830570968;0.21575540868022436;0.011618726000433583;0.1443187985288756;0.0025902994551857948;-0.6222422417107905;0.26109984548276555;-0.9961803296231058;-0.8053530569912343;0.4535727059885123;0.40173564729534134;0.016443858125807023;-0.6437244240076962;0.17076274542681041;-0.9697303254995845;-0.023615918777070522;0.003991149461698895;-0.0038936241715635564;-0.7575622030460782;-0.884159809858238;-0.9938654978380439;-0.16212861465856462;-0.9326475391982311;-0.9525098368079978;-0.9761910720492313;0.2184931296089819;-0.0031700612360153787;-0.9240136353696967;0.19939973861438348;0.269794800529614;0.14468258287684602;-0.9441068230126634;-0.8773124292585786;-0.9918963428566923;0.2809881658525615;-0.9714819526247108;-0.8639896569732181;-0.006848498573088177;0.030606883418606717;-0.9635324661794552;-0.34720508726836086;-0.34817969139608335;-0.9316038193736698;-0.9335546799132932;0.00023814723396134224;0.002286126121542791;-0.4762645785255815;-0.9627473779962361;-0.8206060801728609;-0.5940469229229306;0.2705081497933799;-0.2741042970750513;-0.9987218529335268;-0.992116880161556;-0.019245577406307654;0.23226394623408064;-0.01965568896066376;-0.992245688411152;-0.9937269478628472;-0.3034164457554512;-0.9903710430005215;-0.9267547845637426;-0.984972708552567;-0.9017732560814088;-0.9250063007481327;-0.9885380162118408;0.2973074394266501;-0.5883652619108753;-0.003877934258394889;-0.7649855657886941;-0.9969367096858457;-0.6583638056164276;0.40707205426000936;-0.138814597249974;-0.5952392412788186;-0.6084849790542574;-0.7692141437490401;-0.5941423261841701;-0.29612780159906227;-0.03368316460322079;-0.9627554389463436
Autofaehre;-0.9302400012542696;-0.3233771168095012;-0.6440721900044174;-0.16891285129234704;0.5;-0.08899310604454412;-0.08158028575478771;-0.09854670309398317;-0.08260223263721445;-0.9536495539846805;-0.11329938662310327;-0.9203378739177674;-0.07526786662161533;-0.16452624440402724;-0.120894632114175;-0.36733481086194586;-0.9992753778477542;-0.8816494675454725;-0.9345310571698637;-0.9409857588752291;-0.9983243884296432;-0.8121819181019769;-0.7957520048518621;-0.9312643314704968;-0.9998998345383938;-0.0996318887704084;-0.8629893399880748;-0.809651381525202;-0.9992321602651023;-0.9831185589489606;-0.9363192727627854;-0.9997209778844153;-0.9979561694132792;-0.0522581713433394;-0.25081404449910555;-0.8631900127800368;-0.9814836714940365;0.2043993370884199;-0.8667505720364093;-0.7575014889817987;-0.999944904353235;-0.2685905053836203;-0.9701671886059162;-0.8668650336385775;0.05176019244811907;-0.0219661999487856;0.30861656999533327;-0.38841222545530585;-0.6080384815591164;-0.9705257577022807;-0.037839548096247656;-0.7378330695351214;-0.8030118795321727;-0.8928554605994216;-0.9360564183887092;-0.11883095905458821;-0.7119392449331118;-0.9789313460141083;-0.9608463819111319;-0.9984571370720933;-0.7744210050556435;-0.5923938655466632;-0.9613559306492426;-0.967609216366491;-0.8737945132330084;-0.5635243881806332;-0.06652338478296665;-0.997234210669542;-0.843014676898921;-0.09755432184263813;-0.09793328714690806;-0.7346294168401721;-0.7406343927234545;-0.9983452296891995;-0.05557121465368403;-0.1559909991451596;-0.8400656957021848;-0.48178490945137614;-0.2292358532869166;-0.839252549660741;-0.07127616677375546;-0.9937425980175227;-0.9623760848935485;0.2554586340031331;-0.9186681841688923;0.24643369140380886;-0.962972713807757;-0.9698760486090002;-0.08132841519765548;-0.9543467814703598;-0.7200126433846854;-0.9301758816805545;-0.6510670473944423;-0.7148474160927635;-0.946029673328617;-0.9830438795928417;-0.22510855401836674;-0.9999325019009702;-0.39815903509035355;-0.9851068088283919;-0.2814378642065136;-0.7280780109388054;0.020989795855808933;-0.23011100577765498;-0.24005036464376542;-0.4038442673470047;-0.22930576233102354;-0.07877145767098945;-0.007034667164028837;-0.8400958940994682
Bezirk;4.4516011126571016e-06;1.3502598038303903e-07;1.926003030633536e-07;2.184441615112357e-08;-2.0402619631970884e-06;0.4999999999999999;1.702087094072933e-08;3.7138910965687205e-08;2.6051081887791583e-08;6.1744490631920625e-06;-1.6801314201919605e-08;1.1040572528001822e-06;9.998592849334795e-09;1.9834551923378642e-08;-4.080239365050317e-08;3.732711767882615e-08;0.0008860689661385108;1.5507760026620162e-06;-6.3292877842335256e-06;3.929055646589e-06;0.00034432754692570195;1.0779457657247807e-06;1.0051085814152675e-06;3.3211527207071294e-06;0.0074029135869628565;0.24243718028602865;-5.112839632196088e-08;2.0059159250987448e-06;0.0011676863676751798;1.745653630599978e-05;5.500546398273638e-06;0.002881133885519359;0.00012212475449621798;0.07270533109465102;3.3246366819558325e-08;4.757783654751514e-07;1.4660194753340034e-05;-1.23734175012877e-07;1.8741439118300952e-06;5.987197851703619e-07;0.029588051004454705;8.055641454367848e-08;1.2127105122527822e-05;2.9110456695672615e-06;0.0018812314644726478;0.13566216474346157;-0.0016004555206898547;7.688108828953855e-08;-1.0613072395819251e-07;1.0045254633290062e-05;1.2392857432320896e-08;-9.8402794275058e-08;1.9137893026952596e-06;1.289625007848288e-06;2.172631064014012e-06;0.050503971706684116;8.051390286245864e-07;9.038006969976105e-06;-8.418565421688592e-06;-1.4286509561483439e-05;9.130508463611534e-07;-7.065091077721836e-07;1.1034033823617365e-06;-1.5457426865567292e-05;2.0134874425523763e-06;2.6954890809234214e-07;0.004448851835538408;-7.384472820227597e-05;1.4900318723264058e-06;-5.8434990585271586e-08;3.686313949773395e-08;1.248677033732848e-06;8.68749305639495e-07;-4.778519408257564e-05;0.0004443656600539614;2.9351061493621393e-08;2.136793493967678e-06;1.4908882750973834e-07;9.12527529299426e-08;5.617077538911108e-07;2.5386772432114137e-08;4.2645486087766496e-05;5.709950621418083e-06;-0.00991960794994883;-2.173826939172765e-05;-0.0008514017757535337;1.0135740351621238e-05;1.085396944360791e-05;1.6907907546790424e-08;2.9369939422854398e-06;8.612852928606111e-07;4.24832735716183e-06;-3.59209295278882e-07;6.547250650442682e-07;1.2700165438539186e-06;-2.9168214057303607e-06;6.994460198112299e-08;0.01748027797345463;-3.479746622098124e-08;3.327697181573067e-05;7.58793183427702e-08;4.684532560620893e-07;-7.308009527061492e-09;3.457111246391268e-08;5.560528654625725e-08;8.956725507661112e-08;-4.4386235479946116e-08;-1.7640525000751949e-07;-2.0112490746003946e-09;1.5096957405825644e-06
Bildstock;-0.9933828324933185;-0.8432712360952841;-0.953209286830178;-0.6958715835555045;-0.9184197142452123;0.00835811198628201;0.5;-0.5517117304522833;-0.5033905519590501;-0.9957012894635898;-0.5899099699076572;-0.9923700398900337;-0.47816790317891894;-0.6891477599017477;-0.6075633791264223;-0.8673121101187026;0.001144999475628461;-0.9882166049422413;-0.9938156870033806;-0.9944600589201378;0.09440724701240491;-0.979872143807742;-0.9777087919080059;-0.9934864885406608;-0.0010171797898499363;0.009463132125762816;-0.9860937144607329;-0.9795440495356992;-0.9999317475003608;-0.9984770496901094;-0.993995010109379;0.05624909947307593;0.06242494932704951;0.00242907883950081;0.3884975517621233;-0.9861169829029303;0.24335399562207025;-0.9044613326520973;-0.9865282269771591;-0.9723501799541369;0.01910739738249169;-0.8052257225773822;-0.9972760006939326;-0.9865413968946075;0.027569505116145292;0.003742739884589393;-0.9998627376921058;-0.877296654897034;-0.9458405412523992;-0.9973096447710573;-0.30687718851491325;-0.9694037286781824;-0.9786744451567868;-0.989453020869342;-0.9939686898506965;0.010489296382880655;-0.9653063225443861;-0.9980919088585459;-0.9963934427813192;-0.9998627594859656;-0.9747784667199013;-0.9424016276329705;-0.9964420918478776;-0.9970353322280681;-0.987332918505597;-0.9356283468956951;-0.07973087388870796;-0.9997537030837522;-0.9837279249004908;-0.5489347876531855;-0.5499985605870914;-0.9689106100378376;-0.9698318298026442;-0.9998527900853753;-0.9999241357088137;-0.6753979283200732;-0.9833701089925015;-0.9127889965267546;-0.7700220708967571;-0.9832710493143899;-0.46351930036791555;-0.9994409877440805;-0.9965393502993587;-0.05110747259784626;-0.9921973187370532;-0.9998949080456806;-0.9965961443929394;-0.9972486667743016;-0.4991584066601525;-0.9957687595190773;-0.9666116953221158;-0.9933763371063935;-0.954557482656454;-0.9657795292052779;-0.9949580436660092;-0.9984702068090895;-0.7658324725091715;0.01929935444545735;-0.881626658218314;-0.9986588861768361;-0.8151347664789919;-0.9678902765487212;-0.26944199383505807;-0.7708968678826703;-0.7805138661870694;-0.8840745676723613;-0.7700921237342975;-0.49047850673981286;-0.07386516351513439;-0.9833737845348919
Bobbahn;-0.9918686160107347;-0.8138438631474976;-0.9430293156089148;-0.6502471829468733;-0.9014532969060169;0.014818380029474073;-0.4482882695477168;0.5;-0.45164490886106373;-0.99471478633357;-0.5389220970678616;-0.9906262514596283;-0.4267867963810479;-0.6430321080262694;-0.5571225776948185;-0.8415504908685018;-0.9999207332847722;-0.985537404278801;-0.9923997634514113;-0.9931906560883563;0.08329296823962774;-0.9753429950824174;-0.9727064073543058;-0.9919958007062353;-0.9999890489537722;0.009613192032760147;-0.9829401630516786;-0.9749429612832284;-0.9999160024602238;0.32863426228656695;-0.992619838419079;0.10529264630066427;-0.9997761613529534;0.0024675976147925127;-0.7538407098107085;-0.9829686169815124;0.18155892784510153;-0.8849555962468044;-0.9834715590916975;-0.9661868541589834;-0.9999939766587856;-0.7705982104596363;-0.9966496591664434;-0.9834876671721379;-0.9999381041682637;0.0038020898279479383;-0.9998310755991549;-0.8531453217830891;-0.9341681174260404;-0.9966910135109412;-0.26457014144707275;-0.9626088758095461;-0.9738829748078357;-0.9870512615390667;-0.9925875356423197;0.06822466696762804;-0.9576412744455236;-0.9976527312363215;-0.9955650731465239;-0.9998311024193228;-0.9691392425848531;-0.9300428684450825;-0.9956248470761554;-0.9963538550290484;-0.9844559537183393;-0.9219366450961454;0.027325859422627594;-0.999696897763757;-0.9800487341567603;-0.4971946615363717;-0.49826892729721456;-0.9620105364726199;-0.9631284339559936;-0.9998188338084969;-0.9999066348828274;-0.6283425318627037;-0.9796116912089771;-0.8947857009879147;-0.7312250047863544;-0.9794907105957935;-0.4124680788273904;-0.9993121081465879;-0.9957443501989184;-0.999966741670388;-0.9904144370638468;-0.999870665680587;-0.9958141365513079;-0.9966160615607618;-0.4474558231502866;-0.9947976590686848;-0.9592228668767604;-0.9918606464530717;-0.9446537992399807;-0.9582145034301193;-0.9938020361592214;-0.9981179363093732;-0.7265795898234083;-0.9999926206770031;-0.8581898233296116;-0.9983499916953859;-0.7817915193952667;-0.9607729153123993;-0.2305790081081531;-0.7321960536503892;-0.7428957820819124;-0.861046008104058;-0.7313027516648319;-0.4388871375550494;-0.06086118319546651;-0.9796161802188329
Brunnen;0.27017880887634177;-0.8414704050184593;-0.9526006531776833;-0.6929937099544552;-0.9173977673627856;0.012620079441792872;-0.4966094480409499;-0.5483550911389362;0.5;-0.9956428471766812;-0.5866250465985551;-0.9922666599945269;-0.47478481721951177;-0.6862349492379354;-0.6043250161779069;-0.8657435326746834;-0.0010314633764868842;-0.9880576265373705;-0.993731770755201;-0.9943848368881202;0.09323765376925643;-0.9796029078828387;-0.9774112854637622;-0.9933981350028684;0.0500024579323177;0.009472792820616428;-0.9859065030586506;-0.9792705177724245;-0.9999308155904383;-0.9984562862068875;-0.9939135122320218;0.06487187396897026;-0.999815631188443;0.0004747804411380931;-0.7880529861976575;-0.9859300802794294;0.19086805774378587;-0.9032829443809637;-0.986346784146726;-0.9719832049433506;-0.043237040999339844;-0.8030898214473535;-0.9972389077221618;-0.9863601289890597;-0.015515198956223821;0.00374656076914643;0.04416113191278365;-0.8758292118635042;-0.945141574360953;-0.9972730086813172;-0.3039999942256127;-0.9689988944660971;-0.9783895418019734;-0.9893105434152284;0.26775362735297387;-0.03151101564926509;-0.9648492393883142;-0.9980659046430088;-0.9963443759827803;-0.9998608857545543;-0.9744428734129675;-0.941661016519315;-0.9963936845187924;0.2250253881097899;-0.9871621725239411;-0.9348066684663299;-0.041505226595382756;-0.9997503407876495;-0.983509397008804;-0.5455744818261302;-0.546639634538411;-0.9684994631504562;-0.9694324813936888;-0.9998507802630192;-0.9999230998765648;-0.6724175202543338;-0.9831468580913665;-0.9117032955455251;-0.7676115379320283;-0.9830464914959502;-0.46014846530756026;-0.9994333588674335;-0.99649226156766;0.01435424879945476;-0.9920916172569612;0.07206642680711599;-0.9965498257775507;-0.9972112026346555;-0.4957679030056811;-0.9957112305572768;-0.96617120752554;-0.9932864994992154;-0.9539655388373153;-0.965328456538916;-0.9948895485870309;-0.9984493501768076;-0.7633915194741766;-0.050778352334506345;-0.8802039277488697;0.17785279796916406;-0.8130823042433692;-0.9674660891736326;-0.2667806896465134;-0.7684927474371486;-0.7781816248838889;-0.8826773433872229;-0.767682103504472;-0.48708962192977817;-0.07294271619442048;-0.9831505821312629
Campingplatzareal;0.033618627122020205;-0.02270151986443687;-0.08084043529996048;-0.009781651890130125;-0.04635044601531954;0.013089822321411345;-0.004298710536410198;-0.005285213666430068;-0.004357152823318864;0.5;-0.006172013676772857;-0.013816472675608319;-0.003940434163633179;-0.009480484149461689;-0.006639541082332466;-0.02744525757709839;0.12612937261876517;-0.265822578021418;-0.40960552325689026;-0.4366138442205588;0.048659507330358266;0.032531925904304586;-0.15921069109770625;0.06209455902069994;-0.01938775490478043;0.015988511399743627;-0.23438367749700306;-0.17131746047813176;-0.9844358117222453;-0.015923391941953035;0.005452811612349481;-0.12363846333497679;-0.24946535221385968;0.0038500708846064646;-0.016010967991378612;0.02011688517609209;0.10087659018876438;0.008446142460577274;-0.2402084792682936;-0.13181156554013046;-0.007467307045657543;-0.01753525735664115;0.051670293984638016;-0.0013507727551054958;0.0485110675108979;0.006335263205094421;0.16884597640927873;0.003987995789009504;-0.07011065333341353;-0.6154443127670415;-0.001907805980281985;-0.12032785010614133;-0.1653650123132713;0.03411164863527106;0.0430130078979583;0.004783528704904395;-0.10724041107127164;-0.011725702183145307;0.02476095277114805;-0.9691865594409717;-0.1429967150593652;0.008582835621674691;0.04070804582505592;0.07693733803833964;0.020261103768373853;0.008128272025982824;0.25645842764847326;0.12230650112767584;-0.20697884724988386;0.0012324750181128758;-0.00524893500390572;-0.11859253873285339;0.014047973109691258;0.1838494161883846;0.21207597733033773;-0.008902946309663365;-0.203372425271062;-0.043232910423380344;-0.014249290648930204;-0.20239565870585227;-0.0037162583271147034;-0.0008661554924046473;0.23121122840899813;0.15521553601834326;-0.3544174507063994;0.11277224808509402;-0.5583096401604283;0.016760724327987364;-0.00428432568292832;0.004220498979951924;0.02495155296454836;0.35261239865642907;-0.08314734461301923;0.005628001379944162;-0.4600290259115518;0.08044778140087595;-0.013922818074233664;-0.07969948909705706;-0.03115267068410019;-0.7627436117837407;-0.01868072109203444;-0.11515103394339037;-0.0015897496661608627;-0.014318937700492957;-0.015120486693703732;-0.03187503887457043;0.002530918727257654;-0.00413871436052035;-0.000344211250155894;-0.2034088451565469
Denkmal;-0.990508816959399;-0.789045040090833;-0.934045283686823;0.30655404752285115;-0.8867006133768968;-0.005735392388162445;-0.4100900300923429;-0.46107790293213835;-0.41337495340144487;-0.9938279863232271;0.5;-0.9890609849701856;-0.3891284625097977;-0.6064811805653579;-0.5183637957769577;-0.8196245728335599;-0.9999073518543276;-0.9831368466440271;-0.9911279928850665;-0.9920501678210012;0.11979589636197448;-0.9712996067597081;-0.968244734049328;-0.9906570702163023;0.003929116493610599;0.009729131915241586;-0.980117202523963;-0.9708359347848735;-0.999901822472859;-0.9978107148311477;-0.9913845739627899;-0.038397949470704414;-0.9997383803611006;0.0010982863418631267;-0.7237616859820425;-0.9801502697588563;0.22135344101423057;-0.8680945528366535;-0.9807348073921416;0.3254247124852344;0.0006874747075979286;-0.7418656721121419;0.2829694759249403;-0.9807535304257743;0.06515544954303973;0.002412185223043769;0.022856614578534686;-0.8325045320251665;-0.9238994777674017;-0.9961345138559544;-0.23534849980912617;-0.9565702611705141;-0.9696076250630724;-0.9848981293706889;-0.9913469115980658;-0.012032624013454745;-0.950841369035083;-0.997257526573487;-0.9948201988749444;0.023869818729902983;-0.9641159581506683;-0.9191864265021417;-0.9948899606872446;0.34592709376636055;-0.9818791932113676;-0.9099440323297667;0.11284463190705646;0.2054944928677847;-0.9767586301247709;-0.458290781329463;-0.45935778362851387;-0.9558797198519654;-0.9571699938645449;0.1892916807727391;0.1355708322359977;-0.5912436137649878;-0.97625126217166;-0.8791686553359216;-0.6994841471722686;-0.9761108276366213;-0.37524609106955076;0.1072256034982133;-0.9950294363185519;0.05702029118189079;0.2587282427176936;0.05063655319723389;-0.9951108886368982;-0.9960470066097982;-0.4092758962648245;-0.9939246792536963;-0.9526643068042774;-0.9904995274300892;-0.9359085309412594;-0.9515019590169552;-0.992763201031323;0.16511856449550835;-0.6945193195375144;-0.04374169141519202;-0.8381235212956917;0.1572653187354112;0.3478912958725876;-0.9544518254591647;-0.20406991166349447;-0.7005229056114779;-0.7119903222393594;-0.8413091260625276;-0.6995673032086738;-0.4009078589119939;-0.05253194652228347;-0.976256473133182
Deponieareal;-0.5357974640176731;-0.03972490498265686;-0.13541989187812864;-0.017288087238747727;-0.07966212608223248;0.004168373490662471;-0.0076299601099662365;-0.009373748540371624;-0.007733340005473164;-0.02460575374884244;-0.010939015029814475;0.5;-0.0069959912512322945;-0.01675971520774339;-0.011763366644395161;-0.047851696957967635;-0.01375622825363996;-0.39202625663193413;-0.5526843129214457;-0.5798609549048873;0.02903860483832005;-0.2723571495896554;-0.2521847649429904;-0.008094499681969061;-0.045129227651677185;0.014923900310144414;-0.3528344919867445;-0.2690987295304667;-0.9912004377882858;0.05457785319989002;-0.5599916009950963;0.00011029597457899011;-0.15250840125588186;0.0038308801540613336;-0.028161823853597244;-0.3532223665381455;-0.07801373748020705;-0.06784933021109722;-0.3602179940160947;-0.21283567157355704;-0.02240635458917183;-0.03080669208940927;-0.048511488570646084;-0.36044650960261476;0.0816377265099992;0.004468149139305166;-0.12095890602827233;-0.052107220670579976;0.029150670171589194;0.2608637836540352;-0.0033925570837772838;-0.19588564853839405;-0.26081815738198966;-0.4190436244213182;-0.5589071602956404;0.0015477387212755635;0.08380782946125304;-0.03882466898751914;-0.6799136756669943;-0.9824608487841611;-0.22908211595013803;-0.1117413433669327;-0.6828726175685458;-0.7211167440616998;-0.3747218018896416;0.012473181969939491;-0.05693417514647691;-0.07512713896928712;-0.31732020811792383;-0.009270118911536368;-0.009309668093850029;-0.19330012114235468;0.015288685385848464;-0.04782490391067693;-0.0970892283397824;-0.01574578593869447;0.027118674980102182;-0.07447902794648176;-0.025097294861267203;-0.311252678512601;-0.006599132946791546;-0.093123637131666;-0.03532360342980607;-0.14437213260892431;-0.49436052082405346;-0.9865144109176501;-0.692412735259422;-0.7359261753838692;-0.007604512971957385;-0.64405465779516;-0.18206452942949833;-0.5355518076161222;-0.1390486948057527;-0.17830087125675775;0.1658922039247227;0.04017215302731774;-0.024528462802291744;-0.1342918061147493;-0.054162176229821064;-0.022917946799291784;-0.032790157559072816;-0.1881534318595061;-0.0028276745250281473;-0.025218607827385418;-0.026613827048041102;-0.05538758692351158;-0.025106976582724292;-0.007346891100071379;-0.0006128410263358693;-0.31259722888323027
Ein- und Ausfahrt;-0.9939331634793354;-0.8544770594498802;0.379389850620691;-0.7140424522303976;-0.9247321333783847;0.005358159756184366;-0.521832096821081;-0.5732132036189521;-0.5252151827804883;-0.9960595658363668;-0.6108715374902023;-0.9930040087487677;0.5;-0.7075515270679638;-0.6281913316419853;-0.8770496698163845;-0.999940980646886;-0.989191921630986;-0.994330224179345;-0.9949212580851667;0.05501236880305622;-0.981525222932112;-0.9795358341587317;-0.99402825057233;-0.04959330400294008;0.009401356673326295;-0.9872424753231885;-0.9812235583454113;-0.9999374581570882;-0.9986043043877827;-0.9944947101839015;-0.9999772833852111;-0.999833331051694;0.00241322174621245;-0.8044236764312281;-0.9872638464478822;-0.9984667990341157;-0.9117500249986344;-0.9876415437778403;-0.9746050193237956;-0.05678297758899003;-0.8185664714796526;-0.9975033617180395;-0.9876536389449674;-0.009271716403215651;0.0037183071854667922;0.16009120906793078;-0.8863974546581106;-0.9501463972119473;-0.9975342046055468;-0.325770893389845;-0.9718919048371727;-0.9804239248108804;-0.9903270006044953;-0.9944705679591083;-0.001723603485599422;-0.9681167522549271;-0.9982512887956241;-0.9966942231061434;-0.9998742416136656;-0.9768399963174963;-0.9469655584361334;-0.9967388282081282;0.23076095713199624;-0.9883805182827182;-0.9406951992116507;0.12410570023008662;0.1307335018642534;-0.9850691581710468;-0.5704657563865965;-0.5715183871276968;-0.9714377064619879;-0.9722861868478182;0.054015805064733656;0.13495024796060004;-0.6942545852696634;-0.9847403779051324;-0.919498913715833;-0.7851306189310817;-0.9846493531256206;-0.4853045805118058;-0.9994877390187792;-0.9968280009399878;0.07791077140723987;-0.992845535428624;0.03458285604278186;-0.9968800727044416;-0.9974783034794756;-0.5209920462914474;-0.9961214344991818;-0.9693197416013636;-0.9939272049928584;-0.9582009395039317;-0.9685528746666735;-0.9953779783678123;0.27486006270529967;-0.7811380284068026;-0.1347513876970139;-0.8904464097752738;-0.9987709656817805;-0.8279418348314824;-0.9704977852719817;-0.28698519544144996;-0.7859639200804499;-0.7951165450781587;-0.8927341214735367;-0.7851973534064789;-0.5123208483049964;-0.08007012953850606;-0.9847437552889681
Erratischer Block;-0.9854471793742784;-0.7081950494541028;-0.9018553494869701;-0.5078936155194185;-0.8354737555959727;0.004393295883552328;-0.31085224009825224;-0.35696789197373063;-0.3137650507620646;-0.9905195158505383;-0.3935188194346421;-0.9832402847922567;-0.2924484729320362;0.5;-0.4111879634648031;-0.7467325807036749;0.038336822524710636;-0.9742459665628912;-0.9863920246574973;-0.9878004068078343;0.07234964135950962;-0.9564441904374835;-0.9518864314673302;-0.9856733523658856;0.008305702759194237;0.010065721998892828;-0.9696833480968886;-0.9557514537088713;-0.9998486993347894;0.18838419838997425;-0.9867837449653268;-0.009291903981986635;-0.9995968555546109;0.0025837573692843855;-0.6296354988141993;-0.969733232093815;-0.9962986197850559;0.31580255592142437;-0.970615335448743;-0.9406968647680114;-0.01390703177861997;-0.6509331018844974;-0.9939809488681497;0.26082346244225396;0.03682746840829823;0.003981069383822205;0.06693421603886894;-0.763314443342879;-0.887354949540021;-0.9940550474806308;-0.16646403270933025;-0.9346041948646091;-0.9539179835329188;-0.9769140572554923;-0.9867262393498056;-0.021181179861891455;-0.9262012672784292;-0.9957796334984607;-0.9920393375902657;-0.9996957937341403;-0.9457499394076686;-0.880670945455744;-0.9921462565009396;-0.9934510705332161;-0.9723438843860311;-0.8676578624390976;0.0171147068022182;0.03210603224400729;-0.9646259151771908;-0.3543962495529842;-0.35538005027784303;-0.9335886370493803;-0.9354868051595664;-0.9996736995957558;0.004259515336234606;-0.48414631276599546;-0.963863484359937;-0.8252076303881327;-0.6016387241818892;-0.963652523933281;-0.2804318349049626;-0.9987615333156862;-0.992360044906861;0.06825641993493542;0.3165394905387183;0.09806108874252308;-0.9924849100006126;-0.9939207523672549;-0.31013154397501874;-0.990667553719331;-0.9288695743753637;-0.985433008606877;-0.9045350314397274;-0.9271676066420498;0.20873828986351842;0.1889298873840901;-0.5959910541712479;-0.046869109348633926;-0.7706150059818998;-0.9970316455508494;-0.6654302283100287;-0.9314910263837654;-0.14263271230997146;-0.6028236529317678;-0.6159813174047652;-0.7747721161105504;-0.601733539438408;-0.3027516992335319;-0.034726227168241856;-0.9638713128631848
Felsblock;-0.9897924462685926;-0.7765529774022157;-0.9293710724817515;-0.5964352291296067;-0.8791053678858249;-0.0129416600348992;-0.3924366208735776;-0.44287742230518135;-0.39567498382209315;-0.9933604589176676;-0.48163620422304226;-0.9882366333556049;-0.3718086683580147;-0.588812036535197;0.5;-0.8085038557317087;0.0617854912798468;-0.9818742402600725;-0.990457905828356;-0.991449130110074;0.11492239545634461;-0.9691784882282068;-0.9659057684254656;-0.9899517757946404;0.04233664459229644;0.009784721614287527;-0.9786334179365995;-0.9686816532449992;-0.999894336650403;-0.9976441622661106;-0.990733684842112;0.026953274047361517;-0.9997184359430883;0.002511627452846787;-0.7088303204993153;-0.9786688991587061;-0.9974123078551458;-0.8594497213778144;-0.9792961389326553;-0.9578321850181455;0.006219748494748436;-0.727544497231167;-0.995789040850095;-0.9793162306601417;0.0006028441911854615;0.0038699312401091384;-0.9997875089312;-0.8220054558770158;-0.9185689193320082;-0.9958409737564436;-0.22238161226536268;-0.9534127746201726;-0.9673656610860164;-0.9837652190464615;-0.9906932038246982;-0.00047218536180488544;-0.9472903237910678;0.17344852200788025;-0.9944274097121105;0.06301130386778428;-0.9614849803490109;-0.9135566246773291;-0.9945024323937418;-0.9954176014301631;-0.9805242870737271;-0.9037377965882457;-0.06716991200343217;-0.9996187389820195;0.29356276768716694;-0.44011047258887853;-0.44116961897948503;-0.9526745124813912;-0.9540540155586424;-0.9997721106251755;-0.9998825531413932;-0.5733715775120937;-0.9744864858065408;-0.8711418668357048;-0.6838138016018741;-0.9743358898749981;-0.3581818910889659;-0.9991348123213984;-0.9946524285367783;-0.9999581626734061;-0.9879714774818175;-0.999837307882774;-0.9947400261997645;-0.995746849694016;-0.3916342666025877;-0.9934644281296664;-0.9492379140526002;-0.9897824628215866;-0.9313566637999221;-0.9479960225934407;-0.992215648355647;-0.9976335859461753;0.32112435183156407;0.02429449424996177;-0.8279038488761739;-0.9979252368049802;-0.7401301107343826;-0.9511481872100561;-0.192392758693981;-0.6848823241834121;-0.6966893310144647;-0.8312500758793012;-0.6838993342623328;-0.3833928270830175;-0.04899225565231394;-0.9744920738786225
Felskopf;-0.9582756063636815;-0.4514961982278002;-0.7570825308367718;-0.2592857629456849;-0.6326651891380541;0.002804185505412544;-0.1326878898812974;-0.15844950913149825;-0.13425646732531668;-0.9725547424229016;-0.18037542716644003;-0.9521483030420324;-0.12295033018361541;-0.2532674192963251;-0.19149614426829129;0.5;-0.9995791457139497;-0.9276951081844808;-0.9609146027655046;-0.9648658962133161;-0.9990264308680405;-0.8816259282996197;-0.8703007236442915;-0.9589064574100808;0.04888406605100822;0.011018593754745799;-0.9155999266570309;-0.8798926693850544;0.018583873928227607;-0.9901284959240831;-0.9620114732956943;0.04271472959096786;0.12655244472166793;0.0028283508829255784;-0.3657234093393382;-0.9157310676598599;-0.9891650056417709;-0.5915578692534704;-0.9180540291553666;-0.8432614027998242;0.021997041237171434;-0.38743240031768095;-0.9824591652971494;-0.9181285836953953;-0.9996713491121326;0.004001857798319685;-0.9991034686046131;-0.5224040777207298;-0.7276519770924732;-0.9826726322865884;-0.06343763635187594;-0.8289783379999722;-0.8753259625628547;-0.9348633856126181;0.1516240819225962;0.023178290664526084;-0.8097657493207115;-0.987658175509286;-0.976887306753718;0.14299487538586889;-0.8553399993298979;-0.7145401922679774;-0.9771930525863601;-0.9809344390153639;-0.9226280200944063;-0.6897917175208333;-0.9998915352610014;-0.9983922767643643;0.19654590438476388;-0.15695893008345763;-0.15752838007195727;-0.8266267578462625;-0.8310287853458941;-0.9990385485320465;-0.9995043225605497;-0.241458990009037;-0.9004634441823344;-0.6155671747992594;-0.33872899424106423;-0.8999207925014169;-0.11674913428277016;-0.996357300020666;-0.9778047793512695;-0.9998233850563208;-0.9511099303177322;-0.9993134676998764;-0.9781622963657196;-0.9822857930513275;-0.13230095997189198;-0.9729756470013019;-0.8158067400711013;-0.9582360986726058;-0.7626748169351942;-0.8119471678620501;-0.9679383311516874;-0.9900845140489168;-0.3334832636591012;0.04742078372538057;-0.532585227808485;0.06831958280219162;-0.4028334485249958;-0.8217956169309195;-0.05341067408228184;-0.33983785258720617;-0.35234763840125805;-0.5384725601815613;-0.3388176164059052;-0.1283653568378192;-0.012054640028420856;-0.9004835893932318
Fliessgewaesser;0.0017306914957080797;-0.00034644838134210217;4.420328754003591e-05;-7.0826416659368206e-06;-0.0007246221522457816;0.02802621038815337;7.375232786437483e-08;-7.926671522786548e-05;-6.734639287137947e-08;0.001881817695295012;-9.264814567244275e-05;-0.00011524476190542931;-5.901935311410663e-05;5.4745056284799995e-06;6.161394413643451e-06;-0.0004208542860502849;0.5;0.00029094469321895924;-1.462749115118995e-05;0.0007086769862827964;-0.0057348609916036755;0.00015536639199841557;-0.00021146027224737808;0.00038235185272067083;0.0011307781572781987;0.03252871661192872;-0.0011390382815714434;0.0001065546381416849;-0.16060015434182326;0.0014937281537584;0.00023130592933696498;0.03833646338788195;-0.02949224577392863;0.00753757808274222;2.102430043187957e-05;7.457692193237681e-05;0.003084231948003463;4.308171018322709e-05;-0.004694739542125624;-0.0003492433324812094;0.010572800592882065;3.416610832033974e-06;0.0004135039795049456;-0.0007332117773840659;0.012471284989271247;0.012376586310685223;-0.05786015951426436;1.0895961595404233e-05;4.523444232436083e-05;-0.0009601241454478723;-2.8517567231574474e-05;4.438898069002284e-05;0.000174370033452314;0.001156090963421607;0.0008907018555913375;0.02954388982573738;3.0122873656201942e-05;-0.001737816763507267;0.0013100300439496683;-0.033866035562275285;0.00018047124312841516;-2.2061666839697323e-05;0.00019407641944432135;0.0010718518117463184;3.278725205310663e-05;5.036673155042333e-05;0.07309076934376303;0.007123588952653957;-0.0005548348307069743;1.5354621209698887e-05;9.935050714580161e-06;0.0001503377311664363;6.417479084006422e-05;0.01658908107443458;0.03152218995634709;1.8718829120281742e-05;6.86945834580159e-05;6.736227597706573e-06;2.6191774600950212e-06;-3.078032980105786e-05;-5.564933716433039e-05;0.002530026172964366;0.0019412549802840008;-0.13938352042662483;-0.008124224410090718;-0.08039809528858029;-0.00027247229471977664;-0.00039798743877442194;-6.419194974132341e-05;-0.00013518851815131288;5.567752221080799e-05;0.0009393906566078117;0.00023472922237655324;0.0002913907232380552;-0.00022184973414634732;0.0037417518925183225;-1.4614350868175018e-05;-0.002165863981343339;2.8600254980481276e-05;0.0019316882412268577;-1.6783845490062863e-06;5.402688187299375e-05;-2.3755857237564247e-05;-1.6141625037026123e-06;6.889188836263351e-05;0.0001241321436769806;2.4965843371050367e-05;7.476865551207131e-06;-5.137284966718058e-06;0.00030019006968486496
Flugfeldareal;-0.6415822405010636;-0.06028809989350737;-0.19543705814084514;-0.02655830398470097;-0.11835053245452754;0.009080165625587965;-0.011783395057758654;-0.014462595721198922;-0.011942373462629552;-0.7341774219785819;-0.016863153355972948;-0.6079737433680659;-0.010808078369014039;-0.025754033437108886;-0.01812575973992751;-0.07230489181551923;0.05385900012787232;0.5;-0.6570837583257714;-0.6815719994820567;-0.018312875834774894;0.09978310280831386;-0.3433972968141652;0.06532965345383909;-0.11942830337323772;0.01418677776750846;-0.4581481286015879;-0.3634555658056568;-0.9943081830277662;-0.8865898070445607;-0.6637232630073333;-0.997925165169437;-0.9849726182969553;0.003641636430862558;-0.04300757836223018;-0.45856974131658645;-0.02551485509303414;-0.10143306538145956;-0.4661480567859096;-0.29543873936518433;-0.004383241826792732;-0.046979312536949265;-0.8136215218144484;-0.4663947842499262;-0.029233355323328256;0.00561104201987461;-0.051828323280792926;-0.07855565786279708;-0.17234912387656617;-0.8155038414849719;-0.005251531621862079;-0.2742018270707694;-0.35367647004796715;-0.5279962468074364;-0.6627405074484117;0.03284870025540125;-0.24911786670933392;0.0037421623667988273;-0.7671303708695724;-0.988619720696164;-0.31546361231805237;-0.16324579750884424;-0.7695563266740129;-0.8004023045679789;-0.4817056948489291;-0.147711303012825;0.044804815669013925;0.044504650573122265;-0.4188948805254474;-0.014303519658188648;-0.014364231534039372;-0.27093087950859956;-0.2771034382553563;-0.03941116445847351;-0.05225416495124311;-0.024209363678360192;-0.41352144014190967;-0.11095369848936965;-0.03839137406487669;-0.41205742979330706;-0.010197194234922546;-0.9551938725474797;-0.77445183017529;-0.03253504916790258;-0.6025841245187546;-0.032138391221970763;-0.7773390251168398;-0.8120985356959934;-0.011744259486174781;-0.7372665132673077;-0.25661839270925996;0.11974143817550799;-0.20030152797657366;-0.2517879774688631;-0.7017606068539252;0.05654711928744742;-0.03753283090926866;-0.05884551727797254;-0.08156391017144451;0.23344573920895437;-0.04995037523734812;-0.26439468102262764;-0.004378477743716514;-0.038574404121632204;-0.04067769789775942;-0.08335464504522061;-0.03840598217779907;-0.011347997047270582;-0.0009501034904382264;-0.4135759557459806
Flughafenareal;-0.48298479075368006;-0.03239675479189279;-0.11250690947444836;-0.014038403306057674;-0.06546894283013636;-0.019340462882622273;-0.006184312996619337;-0.007600236548588728;-0.006268229244798953;-0.5903944767431097;-0.008872007114933507;-0.4473156870785543;-0.005669775820655009;-0.013607975342502712;-0.00954209417164404;-0.039085397234495556;-0.0014131394263237412;-0.34291624167422863;0.5;-0.5276418453441568;0.0016729934255514912;-0.23250531343464284;-0.21441482413350055;-0.48695444059902626;-0.9985720949271865;0.015307098327639216;-0.3061617345622469;-0.2295732469681764;-0.9891501233833433;-0.8031415260634257;-0.5074008531008206;-0.18102234912915974;-0.9715961237990638;0.003929265340205179;-0.022915840252148302;0.04246315761796079;0.05645101092700466;-0.05563357614259785;-0.3130409843767063;-0.17954413661514693;0.08280063328630073;-0.025080737526972884;-0.6949555937427372;-0.3132542253947904;-0.9919822643125535;0.0060542071273332635;-0.9784151775790193;-0.04259619759489332;-0.09802232758292685;-0.6975909267226413;-0.002747547072532334;-0.16469071191974102;-0.2221392817485589;-0.3686010465120292;0.08707344495818818;0.062108250462923564;-0.14758769167587618;-0.02858896166490318;-0.6322433032589562;-0.9784185312126343;0.04093240919589542;0.03561019775946794;0.1593576556695809;0.03153293235170242;-0.326614989046598;-0.08294491149530622;0.1423587075546434;-0.9619181145697565;-0.2733609190023283;-0.007516064872151314;-0.007548187733857972;-0.16243375741151597;0.023107308863504157;-0.136251951525161;0.028261356551939038;-0.012782241250984061;-0.2689901799436645;-0.06114794784175347;-0.020410182621416473;-0.2678042067764356;-0.005347743961245301;-0.0179760250725316;-0.6418255641712439;-0.15695679610180818;-0.44174544043736175;-0.983390539599956;-0.6456336530353316;-0.6928290192930844;-0.006163657376739635;-0.5942309790334889;-0.15265277489120377;-0.4827381674879702;-0.11560381805761905;-0.14938607532979642;-0.5511629412616643;-0.8024306730970436;-0.019945410887977223;-0.9990373664367413;-0.04429359360881202;0.08249249826089099;-0.026705700061511718;-0.15794798667497292;-0.0022898160666715915;-0.02050931608461267;-0.021649780384211;-0.04530642424293492;-0.020418094076257314;-0.005954555202728353;-0.000496061551127243;-0.2690343821964077
Flugplatzareal;0.01592755762177814;-0.02910116395176208;-0.10192042383491025;-0.012586041648061385;-0.059014241124771036;0.010748117054052713;-0.005539941079862147;-0.00680934391164379;-0.005615163111879856;-0.5633861557794412;-0.007949832178998762;-0.4201390450951128;-0.005078741914833214;-0.012199593192165702;-0.008550869889926122;-0.03513410378668401;0.061290855826833315;-0.31842800051794323;-0.47235815465584313;0.5;-0.029536265811524385;-0.2133417267913668;-0.19636081275648073;-0.45937119877980104;0.07678491811099819;0.015515494846404649;-0.283167093150193;-0.2105850189383668;-0.987895649906035;-0.7850539964964888;-0.47974243113092857;-0.2560521716563946;-0.9683769260527272;0.003982772534090997;-0.02056420720334929;-0.28351193264808017;0.049336957870765044;-0.05009657992765111;-0.2897454308211069;-0.16381402132325792;0.037131190165788766;-0.02251206045731601;-0.6709997732527899;-0.289949500924173;-0.9910522836612372;0.006136647423157719;-0.9759496973460475;-0.038304131698848914;-0.08866262627194865;-0.6737449056796236;-0.002460381023447137;-0.1500239722971713;-0.20360343022599134;-0.34323672669652955;-0.47864434474386675;-0.018986353287643417;-0.13419937948047578;-0.0508149429571682;-0.6061536143819858;-0.9759534246267669;-0.177160660137894;-0.083533417742113;-0.609402697764506;-0.6519916227880058;0.058054420194295145;-0.0749053247188941;0.11058287933820284;-0.9576498552173777;-0.25193529962422423;-0.006733871839045293;-0.006762674469832708;-0.14793241755257955;0.04876708575120733;0.2234411954270785;-0.00984300787198892;-0.011458327204131518;-0.24779031249024902;-0.05509414568031165;-0.01831086247280586;-0.24666626943901018;-0.004790117873206076;0.025127710243165957;-0.043710041821020285;-0.13584985957006737;-0.4146533176915581;-0.17261766947163784;-0.6199228451164219;-0.6687857881764995;-0.005521425706512381;-0.5672902219386873;0.033315334123237325;-0.4551818618459287;-0.10476032270418638;-0.13586062575530083;-0.5236549106218399;-0.7842953714600992;-0.017893022343335313;-0.1903680463136177;-0.03983761185116239;-0.0038864163454292618;-0.023974692872015303;-0.14377837047918055;-0.0020503924383929307;-0.01839999093894691;-0.019425487903917894;-0.04075289550115542;-0.018317975399744814;-0.0053339943157454705;-0.00044410976928865696;-0.2478322121100582
Flurname swisstopo;0.0011502524264887781;-0.0008015230871758396;4.647884055376286e-05;-0.0003410120073070203;-0.0016756115703567378;0.02520831807820399;1.4075085056458906e-05;1.5283009276722452e-05;1.409052300235725e-05;0.001680367486112419;2.569177802238386e-05;0.0005630835217141059;7.515461825338883e-06;2.391335023665344e-05;2.652604034392847e-05;-0.0009735691319593556;-0.01327388788412612;-0.00022897283114010694;4.008245510112043e-05;-0.0007904665223361024;0.49999999999999994;7.152176609927929e-05;-0.00013762922488684014;0.0013737648502807642;-0.10215992796770665;0.027687448239281216;-0.010461296893757618;-0.00039422936176403996;-0.2872870661284033;0.0015453043201549387;0.00038097230199861403;-0.03615224140499082;-0.07100003362752354;0.006042170728848716;2.1936137091156316e-05;0.0001060602413689863;0.005911544372438997;-1.837912792457271e-06;-0.010799773827539869;-0.0003738969418549002;0.009565274997046487;4.188148565800155e-05;0.003953158027783837;-0.0004735440002750278;0.07236576056916866;0.010242115710607071;-0.037954459245767146;6.886157985011685e-05;3.095783925949072e-05;0.0020097606736366306;-6.60041804264755e-05;0.0003111123914427829;-0.006795513446914011;0.0007725369779938466;-0.00251287725890475;0.025187165629560686;0.0001793423844855345;-0.004657088729971364;0.0010465729423122475;-0.04602089325226308;5.320908803899775e-05;-8.893707382953337e-05;0.0011895328632618159;-4.955691832498038e-05;0.0004430656763843482;5.4672792398882276e-05;0.13430016350690094;0.019863175720712268;-0.0017095563745208391;-0.00018140461205398307;-0.00018218567039382763;-0.00020200196260316037;-4.7303339737373336e-05;0.020482598976942466;0.03569545031545278;2.321603471535082e-06;0.00021084149591177873;-1.2012660379032729e-05;5.812699747637799e-05;7.380611408895228e-05;-0.00012879632618432825;0.019500277635348107;0.001466697649991787;-0.12519767811645896;-0.002714133611660316;-0.09677201317358598;-0.0013202074658014676;-0.001069024782993156;7.467573244880476e-06;0.00043067570070627224;-0.00020702233960302957;0.0008172129767617238;-5.0727706604655684e-05;-0.0002408366133172004;0.000945222503411007;0.0022778672390442213;-0.00048735014124859523;-0.04453188460522627;4.7128912743301025e-05;-0.0032272940507827707;6.93133567304792e-05;0.0002170679310373852;-5.498350155245935e-05;-0.0005014101658836896;-1.3097642798605913e-05;-7.964214002789646e-05;1.0845350338982868e-05;-0.0001434963461081672;-1.1890660340336912e-05;0.0002440568354133374
Freizeitanlagenareal;-0.7551242469740165;-0.09952214435349;-0.2950114025514764;-0.04489039465126302;-0.1878180818980231;0.01087305105393952;-0.020127856192258015;-0.024657004917582544;-0.020397092117161234;0.15478495721315977;-0.028700393240291895;-0.7276428504103445;-0.018474777067888005;-0.04355580956251651;-0.030821511771793167;-0.11837407170038035;0.04954670123330956;0.17189641622904106;-0.7674946865653572;-0.7866582732086332;0.009854183490181289;0.5;-0.47394915098187246;0.16358717511084786;0.003372784345348611;0.013367942420942578;-0.5929304612473559;-0.49587410104877994;-0.9966880836388969;0.16268497440380375;0.06518397578330323;-0.09752215942377025;-0.9912215051619488;0.0011534217725104302;0.018750429933681756;0.12031112895043115;0.1716338870837466;0.04752473643079023;-0.6006748958980378;-0.4194039833997534;0.007677817089479421;-0.07827374375476585;0.22734144666981473;0.0797630907845253;0.0755256987936157;0.0052871568324960325;0.01705765464561279;-0.12805775906240996;-0.2640204048720834;0.10558829122671146;0.005879336021864941;0.0729317153353685;-0.48524817649946156;-0.6583602475849437;0.14147176483517654;-0.03912456600451705;-0.36367950910264263;-0.02675828583652708;-0.8501873473064807;-0.9933622409812151;0.09945076069470586;-0.25154670389379186;0.06613617198049758;0.3077620706131544;-0.6155454725537288;0.041834779457380226;0.19266146663595596;0.2860196062540111;-0.5539347216091437;-0.024388573971756835;-0.02449102868782845;-0.3903094598133711;0.17927803510260526;0.27610393076529777;0.17434975079615872;-0.040988349385581324;-0.548463979640601;0.06741417680443884;-0.06435138561160306;-0.5469677839289377;-0.017438201993752667;0.17496710361787202;0.2297274263621876;0.05111366911626982;-0.7231492758943592;0.020231976608996977;0.08167122711008885;0.10757008669475741;-0.020061569216122864;-0.8285950246556582;-0.3729162636387286;0.1579907856452751;-0.3014257679490447;-0.3669774111942974;0.05760986649188395;-0.039061717002326114;-0.0629503051521475;-0.08529003866290694;-0.13268869478239448;-0.9386354821640673;0.028223531846428684;0.0721445967973759;-0.007519013830826002;-0.0646498587119615;-0.0680742631840735;-0.135436353596444;-0.06437521036043421;-0.01939017907707422;-0.0016356208187367845;-0.5485196466634437
Friedhof;-0.7738936836429045;-0.10926726602010055;-0.3171566241756825;-0.04958056761382403;-0.20424799514813777;0.011252874452534789;-0.02229120809199418;-0.027293592645694177;-0.02258871453623767;-0.8407893089022938;-0.03175526595067198;-0.7478152350570095;-0.020464165841268322;-0.04811356853266988;-0.034094231574534374;-0.1296992763557086;-0.07484838391553922;-0.6566027031858348;-0.7855851758664996;-0.8036391872435193;-0.021046944459508377;-0.5260508490181275;0.5;-0.776662573130941;-0.0916496537741865;0.013221567049963606;-0.6178401848427272;-0.521934380373902;-0.997015126941539;0.004748785650422465;-0.7905298040830615;-0.19383567630844575;-0.9920840718597073;-0.011631512940728969;-0.07912990671003241;0.08753455137278444;0.16113871087734544;-0.17752435982663467;-0.6254101093395614;-0.4449928616420667;0.004143951613633707;-0.08613726747531886;0.06006809430726085;-0.6256423430004199;0.08818115186742416;0.0052292603756468395;-0.9940147861507805;-0.14016214017849274;-0.2847789962644605;-0.894199015281435;-0.009993475606930063;-0.4194049751406681;-0.5113164210080094;-0.6814174054302437;0.0351602266819258;-0.09228730748257005;-0.3881414002111385;-0.92263666158036;-0.862992347529788;-0.9940157308975033;-0.46841525874850265;-0.2716865924864697;0.17376931114298128;0.19696632116170687;-0.639911751810683;-0.24890243641705254;0.2390843153974604;0.44249014782972945;-0.5795385495696533;-0.026997252729425297;-0.02711036179877479;-0.41539324286897567;-0.42294773277695796;0.4479420490726509;0.29511302643757337;-0.04529016660037491;-0.574140411332213;-0.19265574251114548;-0.07092386653634224;-0.5726630054773594;-0.01931816784960516;0.09237906907959323;-0.8678192049765255;-0.015739329811567962;-0.7435371762910846;-0.017797091111791917;-0.869712290771123;-0.8920539481373019;-0.022217958103660264;0.1844787542449252;-0.3976112234560745;-0.7737208150635342;-0.32383131527848125;-0.3915246392494444;-0.8181534749283634;-0.03357794632046026;-0.0693903003341034;-0.028742654877096093;-0.1451579333906156;-0.9443751402760229;-0.0913473888239724;-0.4073189907951309;-0.008338693907788323;-0.07125050255526351;-0.07499650000746709;-0.14811970292753934;-0.07094994009006352;-0.02147598279622742;-0.001815099865200116;-0.5741953704209892
Gebaeude;0.03958169491399122;0.007665557888705114;-0.11782478805442255;0.00521985264468147;-0.06873566852950326;0.01069223438218539;-0.006513511459339206;-0.008004199293764768;-0.0066018649971315525;0.09429694684484076;-0.009342929783697563;-0.006902312272513378;-0.00597174942766994;-0.014326647634114467;-0.010048224205359682;-0.04109354258991917;0.038917592882041316;0.035920740384850755;-0.5130455594009736;-0.5406288012201991;0.060411542122872544;0.05221248458601255;-0.22333742686905886;0.5;0.012016876300757673;0.0151898444649831;0.035944990787143985;-0.23893479170993842;-0.10343436720274503;0.040012581325714634;0.11706237843872477;-0.004488993743363294;-0.004929175602173584;0.0034927328336457285;-0.024114067566614206;0.07387612918072795;0.1846552404466051;0.008303004385526173;0.049507944650967244;0.011833810950905008;0.014591615493025963;-0.02638910608731651;0.10861029727358017;0.029197796625009168;0.03764907973119627;0.005657737515320079;-0.06519623979430153;0.011675895053200457;-0.10273481495519288;0.023633351203641236;-0.0028943351211589896;0.01190502428905115;-0.23128868998787913;0.02839661745956223;0.06503505155133427;0.005654085915281152;0.01175542475852864;0.12196678655814662;0.12543781305284069;0.03133328664566403;-0.20216305860453568;0.017893642755120166;0.033618906594323594;0.05677162722501667;0.04615040520724698;0.061568689592197696;0.14984280182844112;0.08750699892221721;0.06113554479666543;-0.007915589464332202;-0.00794940617503565;-0.16966039730427482;-0.17407661838695704;0.10461238083475545;0.09985728423329614;-0.013457899378568589;-0.2793762056978475;-0.06421388222850342;0.004324657882183533;0.029087176921151328;0.0015874352012109343;0.04560289888526503;0.11426369641554199;-0.0854215392713733;0.03402630611070827;-0.12232515793163956;0.08025383703213974;0.10273809484119159;-0.006491763498088489;-0.6067516211417255;0.043455726958857;0.06494726227244851;0.017033266363969915;-0.1561404424618649;-0.021591868952348377;0.06337737262422219;0.008245867474534273;-0.015519828302781983;0.009503200988228676;0.09737798728853063;0.009155962180844449;0.062126961611887216;-0.002412208930112572;-0.02158449039367745;-0.022783351377424068;0.007271419390598198;-0.02148859110415346;-0.006271600560888102;-0.0005226267398414198;0.04641353193098091
Gebiet;-8.469489374192042e-05;1.6731542873933424e-06;-6.97251059619644e-06;6.86785964355385e-07;-0.00010016546160613376;0.03234704494733284;-9.051139275265525e-09;-1.0951046227935694e-05;4.510108194788507e-07;-3.995985590854586e-05;5.02929320395463e-08;-5.2229371864367936e-05;-4.043693226866243e-07;1.6384766520482318e-07;5.832355950691043e-07;2.8432625845187236e-06;0.00015621131596253222;-8.912396437163742e-05;-0.001427905072813581;0.00012264889777890875;-0.006097339939392134;1.4610530632354237e-06;-3.576945047262117e-05;1.630962213010144e-05;0.4999999999999999;0.06190927888072808;5.1561009404347814e-05;-5.857311616085385e-05;-0.011609604962346094;-0.00031324073408669817;8.111927529623894e-05;0.0065964561725292544;0.004167809452433839;0.015983118722647762;4.959754468530003e-07;-6.897282753788521e-05;-0.000578056221753186;-4.3647283420222325e-06;4.5482615201947534e-05;6.724218295545982e-06;0.06432743800808405;6.92260488481506e-07;-0.0003503198693461078;-6.74144033205132e-05;-0.014629222720448254;0.024028133657335325;-0.014278805484791804;-1.0648897930368973e-06;-3.4680223078435764e-06;-2.0961954458287923e-05;-3.939655332574918e-06;-4.546393156552738e-05;-0.00010759496668500062;-5.3122728060124366e-05;-4.0511062176907515e-05;0.015533510177344131;-2.399164897993751e-05;0.00014439820849424496;6.120550826014211e-05;0.0036890067974393553;1.8791035921150275e-06;-3.3593718185975434e-05;-4.4047709762756265e-05;-0.000362573433931043;-6.563477115143815e-05;-3.3869071141725193e-07;-0.07027352516132718;-0.007062797648054357;3.4745529822414925e-05;-7.390020920825623e-07;-7.370879097945618e-07;3.200975253164102e-05;-6.0599373134833224e-06;-0.011411738802467654;-0.017675572213423238;1.7723695920056845e-07;-8.425950569390401e-06;-1.8399880854131977e-06;-3.895444345563239e-06;-2.330337692682593e-05;-7.688044810858949e-06;-0.002807902278049861;-0.0002254427030920431;-0.0609229335804076;-9.796020387481939e-05;-0.01836800437551832;0.0002501515520406855;0.00021336941591247176;-1.0372289491895953e-06;-0.000292379589605007;-3.576284489994872e-05;-4.0809442195507826e-05;5.3263541179798814e-06;3.93510799193085e-06;-5.5670286347907104e-05;3.4922762109753305e-05;2.939975410842007e-07;0.07352336957173619;2.725830291472394e-06;0.0005100365311888853;-6.80487179751587e-07;1.346380935560796e-05;-3.2818194060564183e-06;-2.1240093388163357e-07;3.1006913618686263e-07;-3.899592911232895e-06;-1.9795250914518767e-06;1.4761681864168807e-07;2.296793396378576e-08;-1.6877993259568118e-05
Gemeindegebiet;4.335547822088779e-06;1.1088887593619126e-07;4.7419419009247534e-07;4.392342096701589e-08;-2.1337091654038942e-06;0.22646782815977679;1.8001794006346942e-08;2.2506260693336318e-08;1.8266233509589647e-08;7.044980292310462e-06;2.6623276398689288e-08;3.6924498039133094e-06;1.638781475838648e-08;4.245063225952396e-08;2.881717602726702e-08;1.3700965668379755e-07;0.0009606769444836571;2.263322069927681e-06;4.679378139582752e-06;5.298204467816431e-06;0.0003532792429810717;1.2379905823149618e-06;1.103163109100619e-06;4.4073850526267535e-06;0.013235218160687207;0.49999999999999994;1.8782026415611695e-06;1.2155970133528512e-06;0.0009193892028478549;2.3009319782949733e-05;4.8373658140596e-06;0.00332968509679845;0.00027777648215692396;0.10758414847203247;7.53666124027368e-08;1.876246808195331e-06;2.0659814877757153e-05;1.731065381304582e-07;1.929597466819571e-06;8.644411030490065e-07;0.0305982057692839;8.33133984638952e-08;1.1836083573560652e-05;1.948704876650864e-06;0.0010968678167345457;0.1918121285394741;-0.0029095183345166937;1.5104979536187335e-07;4.0051441537085633e-07;1.2011566631975133e-05;7.510097721605194e-09;7.70579790578384e-07;4.142546032186937e-08;2.455632239120802e-06;4.677824769197941e-06;0.03474625223140807;6.67889331039406e-07;1.7751923655017962e-05;8.066960706078064e-06;0.00039047318625978284;9.593294427244558e-07;3.7290378652112805e-07;6.595349182174784e-06;1.0756031582195523e-05;2.0863464047889075e-06;3.275769033687912e-07;0.005645984276298888;0.00019311061276577337;1.568055793531208e-06;1.841003651874696e-08;2.233914255946346e-08;7.567040322916635e-07;7.830152417074039e-07;0.0003587047023024826;0.0008074744055558549;3.964024433021119e-08;1.5354322792718227e-06;2.2881484379147686e-07;6.629879145266175e-08;1.5251882933884025e-06;1.5384438465145037e-08;7.342337281327737e-05;8.045760986349768e-06;-0.010122582190821221;-2.151720198560114e-05;-0.0008897773756854501;8.553633544753947e-06;1.127062885540649e-05;1.793675461698196e-08;7.18528645663131e-06;6.97716427576946e-07;4.3307529838377735e-06;4.904142438506044e-07;6.680594130794593e-07;5.893038090959953e-06;2.0507241437951258e-05;6.463266834633407e-08;0.023653850008649238;1.5791708202094363e-07;2.6627070291653497e-05;8.507393603374282e-08;7.294214194020892e-07;-1.373065186809961e-09;6.665482064283495e-08;7.076701505321342e-08;1.3981385135742937e-07;2.7805703962833798e-08;1.7279497537898918e-08;-2.6626599322675075e-09;1.5358148663575857e-06
Gipfel;-0.67918703392235;-0.07052592807655626;-0.22317468166330232;0.012602640980461047;-0.13701066001192524;-0.00035406380318162185;-0.0139062855392671;-0.01705983694832127;-0.014093496941349343;-0.765616322502997;-0.019882797476036992;-0.6471655080132556;-0.012757524676811467;-0.030316651903111325;-0.02136658206340049;-0.0844000733429691;-0.24937954462684203;-0.5418518713984122;-0.6938382654377531;-0.7168329068498069;-0.9895387031062425;-0.4070695387526441;-0.3821598151572729;0.07731755503914528;0.08171632704659298;0.013923695436783307;0.5;-0.4030922659111443;-0.12836561106455963;-0.90239919617728;0.012431566802156369;0.10046557413092337;0.204302621388314;0.0035330675622287965;-0.050468514459713634;-0.500424557332332;-0.8937915402211853;-0.11778218364440111;-0.508045522714238;-0.3315210340356349;0.04129211881503413;-0.05508959999039795;0.010541446614968931;-0.5082933118692626;-0.16289278833014728;0.0045928696340477556;-0.9903592521483886;-0.09159323203104115;-0.19761480145287574;-0.8394279097461629;-0.006205033907349272;-0.3088273126997606;0.03690449359505999;-0.5695222824735243;0.19557164457224224;0.030515095321305807;-0.28180567528682526;-0.04497393180475718;0.059767277734273094;0.12649274705040237;-0.35276704965298417;-0.1874792575803127;0.0225577857636488;-0.8258664826987182;-0.5236299353730977;0.027489887849718248;-0.2518826740642941;-0.9828307339792701;0.05662605056127626;-0.01687268255704265;-0.016944111894781188;-0.3053170722885447;-0.3119378547781592;-0.20089901956443207;-0.9946488492524783;-0.028506333554063918;-0.4547177532881427;-0.1286177153547198;-0.045089223975986185;-0.4532206034759595;-0.012037796629437525;-0.9618513494554779;-0.8024094131442512;-0.27160166962673055;-0.6419974243995099;-0.9926022878015935;0.08034296880417403;0.09698731912131123;-0.013860198211518297;-0.7684552894542659;-0.28991039357997433;-0.678971794046269;-0.22853344232174608;-0.2846933065981806;-0.7356530067106081;0.06846049792375393;-0.04408776461304222;0.08119164716834121;-0.09504925146159;-0.006869765520867892;0.016587329124741423;0.06492600815137686;-0.005174287225134295;-0.04530268153638785;-0.04775461654724485;-0.09710475381881466;-0.04510626110902774;-0.013393509572566086;-0.001123492543013576;-0.454773488531782
Gleisareal;-0.7581631583496781;-0.10101099543843275;-0.2984554664787988;-0.045603345333094715;-0.19034861847479798;0.02057002530194199;-0.02045595046430082;-0.025057038716771528;-0.020729482227575438;-0.8286825395218682;-0.029164065215126416;-0.7309012704695333;-0.018776441654588666;-0.04424854629112876;-0.03131834675500079;-0.12010733061494565;0.03454598708470078;-0.6365444341943431;-0.7704267530318236;-0.7894149810616332;-0.05522032584176208;-0.5041258989512202;-0.47806561962609795;-0.7610652082900616;-0.13746384810974904;0.013344565356077686;-0.5969077340888557;0.5;-0.996742118214437;-0.9319329949253283;-0.7756211062911665;-0.9988142506802893;-0.9913639552611744;-0.01692081878852664;-0.07296428920824768;0.09915517501403727;0.005562633303923954;-0.1650663292771969;-0.6046269573908205;-0.4234280321325487;-0.0026158401636384265;-0.07947277334582688;-0.8843324601700758;-0.6048639352258043;-0.9975973360622973;0.0052779103802602706;-0.9934691515380186;-0.12991191508389222;-0.2672398165291271;0.029976586088257814;-0.009161215619644919;-0.3981905108132868;-0.48937148785296375;-0.6620625937566669;0.08851328658637905;-0.022383474155536175;-0.3675073289199834;-0.9161329457429184;-0.8522773122197556;-0.9934701818456293;-0.44662877893659725;-0.2546666446337887;-0.8539850732573249;-0.8753602391621002;0.13219772273781166;-0.23285347508103052;0.16368748371937492;-0.9883405815740072;-0.5580089857849386;-0.02478436342781093;-0.024888438411991145;-0.3942439097476441;-0.40167804568024795;-0.9929990954222327;0.03764864572450081;-0.0416420296082149;-0.5525478492491774;-0.17936741955076022;-0.06535226792722319;-0.5510541089348904;-0.017723246534010535;-0.09824474935315868;-0.8574192976961789;-0.08452698252290067;-0.7264412448517887;-0.9949922904142331;-0.8594372050792961;-0.8833044122600507;-0.02038860545945722;-0.8309263104008292;-0.37678373636182017;-0.7579820241500861;-0.30491232775346333;-0.3708197140706399;-0.8047251927767162;0.1702629281256761;-0.06393088488500032;-0.9997129586191223;-0.1345995518135067;-0.939579239437921;-0.08431697707986606;-0.38630909957872245;-0.007643180748101843;-0.06565505754569402;-0.06912877078326872;-0.13738051212438285;-0.06537643733992786;-0.019706490666132587;-0.0016627937846103841;-0.5526034234949918
Gletscher;-0.01014297131058257;7.276394859833898e-05;-0.0013885877487174046;3.3751752639797715e-06;-0.0007678397348977013;0.039138197555020515;-6.825249963909107e-05;-8.399753977617303e-05;-6.918440956169818e-05;-0.015564188277754768;-9.817752714109276e-05;-0.008799562211714169;-6.254184291184262e-05;-0.000151300665210615;-0.00010566334959701351;8.291413558881526e-06;-0.17018595557890875;-0.005691816972233793;-0.010849876616656682;-0.012104350093965023;-0.13152811125500058;-0.003311916361103094;-0.002984873058460937;-0.001076861497713738;-0.08905537184735018;0.032988815290757964;-0.0006213037066162003;-0.003257881785562915;0.5;-0.04283392338420249;-0.0003286160937283632;-0.18768808829498912;0.01915639662130922;0.008490321558022176;-1.906288226062357e-05;-0.0010392101011327507;-0.039137547160415544;-0.0006457709201803571;0.0004815577641954214;-0.0004930927908985645;0.16197054780708622;-0.00028210560030220063;-0.024380195675278587;-0.004978471315366452;-0.5757514997717254;0.012929481874895333;-0.33208971326522785;-0.00048778268724863325;-0.0011906234292097734;-0.024678368917725804;-3.0219654451912903e-05;-0.00215797384951271;-0.0031226824853096318;-0.006362725262670748;-0.0020744180813033037;-0.12570726081683226;-0.001895566404218459;-0.008690181829158077;-0.0008132556116851678;0.09371988616538451;-0.002631106727189977;-0.0011155505958085747;-0.0036305282197905495;-0.022440166214102036;-0.005292133714709166;-0.0009911200495114091;-0.8044193570325472;-0.21695472951193592;0.0006690908128586279;-8.306031044028076e-05;-8.341797145100015e-05;-0.002122740183218871;-0.002189493904259366;-0.3167550943221704;-0.4735896889379824;-0.00014200216500763574;-0.004020003399924882;-0.000713899640293888;-0.00022848935699531876;0.00015948267009019407;-5.897070400660406e-05;-0.10876212072672536;-0.01927664865653391;-0.35367138726919395;-0.008604965353993958;-0.39373036506978093;-0.0018916654885728877;0.0006988690518634523;-6.802313793039438e-05;-0.01580950092142541;-0.0019721889680248974;-0.01013305997520284;-0.00014580225577445443;-0.001922668502332478;-0.013290556801677253;-0.008458131850042893;-0.0002231815931955805;0.08444818023706112;-0.0005081106335117583;-0.04836912805478325;-0.000300878868608742;-0.00017307962816018316;-2.5173746243279343e-05;-0.00022962212068256755;-0.00024267013697156889;-0.0005202742910520622;-0.00022857975012047246;-6.570178087034278e-05;-5.443914338934551e-06;-0.004020903493522065
Golfplatzareal;0.016800659660177582;-0.008139854930603926;-0.030136099534954743;-0.003477816942903131;-0.016881441051039312;0.013074711951132245;-0.0015229503098906161;0.0006169007943408222;-0.0015437137931125075;-0.005625668010503636;-0.002189285168852422;0.010827182877977607;-0.0013956956122172805;0.0006370161832143777;-0.0023558377338893897;-0.009871504075916835;0.035371116485920374;-0.11341019295543925;-0.19685847393657424;-0.21494600350351112;0.015809421223983676;0.012080001290608855;0.0003176918897890286;0.00930874213814667;-0.05369333191478976;0.018448902797249592;-0.09760080382271995;-0.06806700507467155;-0.9571660766157974;0.5;-0.2015813106729278;-0.18647500255173804;-0.24494784411352377;0.004397412653714773;-0.005715791626410152;4.167988418440424e-05;0.007595774462642185;-0.014234172711638763;-0.10047242547240542;0.0009789024019586192;-0.020878545110221244;-0.006266192746711915;0.019305297357823197;0.004444771419428282;0.06004232682548386;0.0072973445419017725;-0.09085404448563736;-0.010787659823937418;-0.025946225595417788;-0.016226900468038086;-0.0006748525254812039;-0.04609855737279015;-0.06541880319713914;-0.005186972664364305;-0.20087408214929656;0.01928034168965129;-0.04071101394860588;-0.009971206154159739;-0.29646402017123724;-0.9174396017895946;-0.05566814243377193;-0.024348279461160534;-0.29931467042256293;0.03575820811161308;-0.10625477010022338;0.002964064194485872;0.0635598046834226;-0.0021644100367044818;-0.00468999055040629;-0.0018527792089096705;-0.001860743169171616;-0.0453785232659915;0.0032360787366061475;-0.002770627501764695;0.03800144205257714;-0.0031635884167539275;-0.08273164468198753;-0.01571333468000507;0.0005851766918526056;-0.08227445577262522;-0.0013161015919771976;-0.060573208467529636;0.026437956010234145;-0.058068803404632316;-0.1624477620485212;-0.10825397721793435;0.004404420126679092;0.031514719106481244;-0.001517839874048101;0.0018008443374302448;0.006916299350352028;-0.00551903651008027;-0.03104495119201245;-0.041270137636816376;-0.2313551026017176;-0.009384275288223649;0.0005784212646834153;-0.11447701599121352;-0.011232403023835286;-0.07035445026836683;-0.006680527696011333;-0.04395570235756907;-0.0005622299589350452;-0.005106104133839534;-0.005394757470024952;0.0007686938981856615;-0.005083037501184107;-0.0014661146257249624;-0.00012163547654339003;-0.08274870436747757
Gondelbahn;-0.47559623003328005;-0.03148144092357381;-0.10958455788631485;0.002982372385921779;-0.0636807272372147;0.016317751527898633;-0.006004989890621054;-0.007380161580921071;-0.0060864877679782225;0.007630261773622268;-0.008615426037210074;-0.44000839900490374;-0.005505289816098575;-0.013216255034673215;-0.009266315157888049;-0.037988526704305844;0.021694237844887006;-0.3362767369926666;-0.49259914689917933;-0.5202575688690715;0.01543745781928183;0.01917082545299755;-0.20947019591693858;0.10786789497581598;0.05507399914060075;0.01536229581227782;0.0053255073988106;-0.22437889370883352;-0.02908497542634288;-0.7984186893270722;0.5;0.012239514272558052;0.012178041771230358;0.003943437526371207;-0.022262230136561586;0.018253365187847016;0.03011303728710603;-0.054098452005640646;-0.3067099193579211;-0.17522429650724866;0.036764276406256347;-0.02436691967158958;-0.6886434682814001;-0.30692077452789246;-0.11586498841294528;0.006076042718829187;-0.9777810039189163;-0.041405047313902155;-0.09543575294043538;-0.691309110569546;-0.0026676104762765832;-0.16065826637676722;-0.21706573989355657;-0.36173801282646273;-0.4989000101303771;-0.0014174341611061841;-0.14390187037897192;0.03609151551960789;0.1769187411088872;-0.0799977177249744;-0.1892901332635319;-0.08995338887991385;0.11310793948112313;-0.05069409226436668;-0.32013733288229357;0.01953387939433451;0.014999126472258985;-0.06694496554123491;-0.26751984273801327;-0.007298409282768776;-0.007329608777547289;-0.1584460910138512;-0.1626275779956392;-0.037820482834381546;0.02787511093018824;-0.012413991446240231;-0.26320866675434224;0.018839192814081057;-0.019826589190887985;0.026210479404933013;-0.00519255164291722;-0.04585779067001918;-0.63499147557027;-0.28293270351662747;-0.4344576173874842;-0.9828999899406219;0.1251039637931198;0.14504299830953682;-0.005984929603417381;-0.5870730212220553;-0.1488625499097247;-0.012923512686463473;-0.1126112316988611;-0.14566301639269658;-0.5438284706595047;0.10625283114159192;-0.019374843947824023;-0.05014395684536876;0.00857757615937786;-0.014346461434749892;-0.025946865326832096;0.08968233782062308;-0.002223166918840915;-0.019922945755474628;-0.02103150380132683;-0.04404297225167651;-0.019834279011811732;-0.00578185549715131;-0.00048159759992401856;0.0074883387868520356
Graben;-0.0002841421907018605;8.419248043335412e-07;-5.187554183907113e-05;6.590744231581209e-07;-0.00027902211558469223;0.03507467810473279;1.394502896412659e-06;3.21260056063172e-06;1.63023559978083e-06;-0.0007099835935662589;-1.3693624179877166e-06;3.556435084902295e-07;-2.2716614788849062e-05;-5.107012342895619e-07;1.0345165315776036e-06;6.921904941878505e-06;0.014755211796580629;-0.0020748348305630045;-0.0007211912170294867;-0.0011395004720967568;-0.006011645744472862;-0.00011770070024593859;-0.0002107722710406448;-1.697460317445227e-05;0.018378455156853643;0.04339364432819515;0.000176615235654595;-0.0011857493197106575;-0.06816985236666248;-0.0030309363887031783;5.0227313923968315e-05;0.5;0.015011438723776338;0.011001216149597455;6.985227482711755e-06;-0.0002244402186779111;-0.0014909835651288504;-0.00023464578376724762;0.00012712762066924608;8.712264986373572e-05;0.07068062934390852;-0.00010248147681016058;-0.0004589360133654537;-2.8544391143966235e-05;-0.009597695897803342;0.015297352712496284;-0.05133028821561296;-9.934548069375472e-07;-4.727542799156203e-05;-0.0003991598472759829;-1.09762374652821e-05;-0.00016371157849372038;-0.00013666183437855632;-5.451425514840441e-05;-2.5352596001511372e-05;0.001167694264448763;4.027802034070111e-05;-0.00032514730208605487;3.701163603996771e-05;0.00875662286147499;-0.00017009477590242413;-5.670876892455035e-05;-0.00010214619105183251;-0.0019238094432137965;-0.00029330885672881684;-6.949158677414789e-06;-0.10697532067991043;-0.015288894140924386;6.270884509306893e-05;-3.0169781437885973e-05;-3.029970062177141e-05;-0.0007720402375278441;-0.00010721756466909482;-0.02684021018574223;-0.04412466856982181;1.392135981360533e-06;-0.00018908629982047545;9.583979358966135e-06;-7.49536388824828e-06;2.7209381727957505e-05;-2.1419447491157888e-05;-0.008982205143877452;-0.0009826129808964453;-0.17726872027838309;-0.0031426141400360745;-0.08019295389688838;-6.103918428427704e-05;-1.994970864814403e-05;-1.3964585396119256e-06;-0.0009275922946416956;-0.0007172159341939529;-0.0005145660103200932;-3.888474749341003e-05;8.278894045627285e-06;8.591163903116976e-05;0.0004299018338878598;-3.2165479119433693e-07;-0.006947428360256086;1.2424865366973333e-06;-0.0009862748956319183;1.0112648277314214e-06;7.715952065882982e-06;-9.143457587689872e-06;-1.0640811420642276e-05;8.181261202393153e-06;-1.939690028392723e-05;-4.129582600706495e-06;-2.3864423894399878e-05;-1.9772811725312468e-06;-7.318782716156169e-05
Grat;-0.026584007486667387;0.00018482538598771432;-0.0036923216711053472;6.007205069074376e-05;-0.0020438305867207032;0.010909568219525599;1.1356268447816245e-05;-0.0002238386470466781;-0.00018436881155691563;-0.010511835478954687;-0.00026161963889940825;-0.003608465827670661;-0.0001666689483059421;-0.0004031444453891858;-0.00028156405691175264;0.00015048461921117926;-0.0832942172429504;-0.015027381703044783;-0.028403876200936266;-0.03162307394727279;-0.08663438794450705;-0.008778494838051158;-0.007915928140292752;-0.0001367724181546481;0.08520788429255623;0.02656391251507776;0.0026354721953640576;-0.008636044738825649;0.051055562796542026;-0.029214834229184757;0.00036671344638628;0.11015289681803686;0.5;0.006827919088584282;8.29143613182276e-05;-0.0011982650922840543;-0.023898442007567296;-0.0017192576702956775;0.0028638144593111153;0.00039790675668604185;0.09852689218612866;-0.0007515138495499958;-0.004920911191521432;-0.0009424626460072902;-0.10415576698891817;0.008875586741618506;-0.5699210654671185;-1.8523567068540493e-05;-0.0031669665960029985;-0.014109461434359129;-8.053726698189905e-05;-0.005730831068750828;-0.008279510224899776;-0.0011640770762954085;0.0015682616235710382;0.017092768768720134;-0.00503616050748762;-0.006961890254406761;-0.00011235016650276933;0.08611838058610632;-0.00698182710748158;-0.002967648897528026;-0.0025761062813221035;-0.005514758175442859;-0.013981366690733181;-0.000150636998265026;-0.27469307219750183;-0.11112330570728274;0.002268020785394324;-0.00022134144135558745;-0.0002222944140583224;-0.0056375922339958655;-0.005814233336812589;-0.1895732267095223;-0.1928122340433075;-0.00037837421385840923;-0.010642855028256949;-2.4662858242793242e-05;-0.000608737441026686;0.00021245963063144484;-0.0001571530866606642;-0.07735798349743842;-0.010355776117361534;-0.2961364449789701;-0.0226099472441168;-0.2064460988634126;0.0032204370846662445;0.0019812359576536374;-0.00018127450139526324;-0.008584965826514593;-0.005239065773108547;-0.02655846162946794;-0.003806805838875606;-0.0006904066996632481;-0.006858628773936097;0.004019526810356355;-5.334910850187463e-06;0.1256438909250214;5.832484006245702e-05;-0.01733497868854553;1.2365734832534885e-05;0.0006791420794025681;-6.709017007239933e-05;-0.0006117541771910435;-8.226696132823519e-06;-0.0013854329798689247;-0.0006089781732163528;-0.0001750890059455837;-1.4508970361721138e-05;-0.010645222153464423
Grossregion;6.931858228612708e-07;2.5922128240462936e-08;4.941951016018515e-08;1.0267828430442625e-08;-1.019217123141744e-06;0.06185135112671176;4.208217114761894e-09;5.261210916948153e-09;8.337568778072391e-10;1.544956019209576e-06;2.7370241880519197e-09;8.63190138336528e-07;3.830922714436975e-09;9.923539513595086e-09;6.736492185562083e-09;3.2028303634631853e-08;0.00020272994699045246;5.290964179560259e-07;1.0939117087756862e-06;1.2385804771176947e-06;7.021078450160832e-05;9.727843236093352e-08;-8.83829819681962e-07;9.229298191090264e-07;0.003111806101135132;0.0979769532803327;4.3402577176934726e-07;-1.4037255649270951e-06;0.00021549265022094506;4.9946619860757855e-06;1.130845869636042e-06;0.0007687646031821183;6.502306573733972e-05;0.5;1.7618200567368804e-08;-4.1939900871196974e-07;3.664090682770682e-06;-1.8177319881059578e-08;4.3958176841716095e-07;2.0207857926018245e-07;0.007741624955847328;1.947589533820549e-08;2.251586073421075e-06;3.3504373312647145e-07;0.00031628991692646616;0.1150707130066526;-0.0003014724938507846;3.53104250523314e-08;1.1167582788241613e-08;2.7652662939578486e-06;1.7556093999688084e-09;1.8013671101214442e-07;2.711168855417802e-07;4.0412883876648713e-07;-3.412207341698307e-06;0.01039122488144183;1.5613089001599162e-07;4.12969099685782e-06;2.0129780324038945e-06;9.141011148698648e-05;1.0257261648071707e-07;-3.45129706388988e-07;1.9095838626426795e-06;-1.2497920073116836e-06;4.67645035053965e-07;7.235382380458248e-08;0.0008851616731507346;-5.0358064237675795e-05;3.577787012759332e-07;-7.474452195741736e-08;5.222144279807182e-09;1.7689299051256614e-07;1.8304373297847733e-07;-4.6621031173441574e-05;0.00017064331636091823;9.266564498466374e-09;3.589362368958399e-07;5.3489340553424076e-08;1.1758185448920801e-08;3.565414905432117e-07;3.5963668805171428e-09;6.943816115501037e-06;1.2312936096327728e-06;-0.007305058336463334;-8.062421619228018e-07;-0.0009982699678854638;2.1494780781340534e-06;2.638936001080142e-06;4.193013079294431e-09;-2.2784851802377864e-07;-9.463256878400105e-08;9.7374001065651e-07;1.1464283098637436e-07;1.5859358231140448e-07;1.3776410603488253e-06;3.819152904399365e-06;1.5108961135472528e-08;0.005487486569549313;3.691577044643124e-08;6.225303428065136e-06;1.3266437743093327e-08;1.7051516618776908e-07;-1.8344485876531365e-09;8.119604067842891e-09;1.6542967501600805e-08;1.3815801807512531e-08;-7.694005605011794e-08;4.0393683421868214e-09;2.8200679388612994e-10;-2.7231633900932033e-07
Grotte, Hoehle;-0.9755090858306623;-0.5880670862471742;-0.8438764353074785;-0.37775775828920943;-0.7491859555008944;0.004331640443539938;0.10307897395565965;-0.24615929018929145;-0.21194701380234254;-0.9839890320086214;-0.2762383140179575;-0.9718381761464028;-0.19557632356877194;-0.3703645011858008;-0.2911696795006847;-0.6342765906606619;0.0866029946339337;-0.9569924216377698;-0.9770841597478517;-0.9794357927966507;0.03903878185444202;0.24219485972372154;-0.9208700932899676;-0.9758859324333858;0.014788919773621987;0.010511868312392047;-0.9495314855402864;-0.9270357107917523;-0.07410067466460515;-0.9942842083735899;-0.9777377698634384;0.07475814352600833;0.12093001555668845;0.0026982788100552795;0.5;-0.9496128050612189;-0.9937237577886124;-0.7152492930630548;-0.9510517049826839;-0.9032007285202078;0.009820924315268783;-0.5231059974697965;0.2207775653244013;-0.9510978373503968;0.042079217634230864;0.0035674414986532916;-0.03338155716515258;-0.6548176894250792;-0.82249591928559;-0.9899352131861462;-0.10512339311644216;-0.8936911381681227;-0.9241068659885185;-0.9613770999476842;-0.9776417958632495;0.015985812296132787;-0.880702192357035;-0.9928463314344319;-0.9865415346837073;0.10223906012294531;-0.9111469792703093;-0.8127753922584279;-0.9867213056967041;-0.9889173484549558;-0.9538763945476818;-0.794089330314733;0.015159839909709769;-0.9990723565235261;-0.941315761921608;-0.2440829152722129;-0.24487663937148002;-0.8921135675203073;-0.8950639308532812;-0.029709122372504088;0.014414603318052987;-0.35569709961200824;-0.940082126111877;-0.7352418642443527;-0.4704455913875073;-0.9397410126705511;-0.18649100167013025;-0.9978963774443387;-0.9870808449091196;-0.007495020585707581;-0.9712141525789297;-0.048969436374143506;-0.9872908866307764;-0.9897088154497523;-0.20913326234263388;-0.9842374207064412;-0.8848109936839126;-0.9754854786081966;-0.8478721091948594;-0.8821885262613953;-0.981258855838865;0.18548682320225743;-0.46459316630353364;-0.014435219264317222;-0.6639916798441036;-0.9949641348318972;-0.5391534074822267;-0.8888619089199559;-0.08913464956229998;-0.4716780748913799;-0.4854720930705717;-0.6692517567669736;-0.47054415301361924;-0.20344799269229805;-0.02072300800090047;-0.9400947863374957
Haltestelle Bahn;0.044464310460110436;-0.07041468684425925;0.031136216585244833;0.008410738617190239;-0.13680998721996318;0.0032891714900001503;-0.01388301709706982;-0.017031383018487573;-0.014069919720570563;0.06560048117819807;-0.019849730241143587;-0.6467776334618545;-0.012736153552117798;-0.030266767906184874;-0.021331100841293818;-0.08426893234014012;0.016300068511960104;-0.5414302586834135;0.09606873937973529;-0.7164880673519198;0.010015262504157062;0.08245806001128436;0.05405188510212806;0.158637674840441;-0.10912592184134276;0.013885595275767396;-0.49957544266766796;0.06684595204318505;-0.21434362713920949;0.00038471071018522234;0.04253733587933947;-0.1274536439682825;-0.09273226684033273;-0.003408209575486365;-0.0503871949387812;0.5;0.3389624447185762;0.02789460823543923;0.032952447897283604;-0.33114478886761506;0.006080158273802763;-0.055001265852785954;0.10210750323193778;-0.507868865361601;0.07379400405273784;0.00538494483951378;0.0384169319676577;-0.0914520306403923;0.029505004794214567;-0.8391988756112762;-0.006194570497137158;0.050335889154550846;-0.39249997274049336;0.10604496574760919;0.011205057078718625;-0.02389717058283261;0.03413582355824253;-0.044474796244235795;0.09135973341025351;-0.07503189796787421;0.03581993818162349;0.06069398757829945;0.13332675798310234;0.1946161442287288;0.2628813625207308;0.035755228069820205;0.24358581642251953;0.3373833559951923;-0.4597846112334278;-0.016844535430799307;-0.016915847659888072;0.035114110523303425;-0.31157347572435706;0.3146968250702554;0.23891036236787966;-0.028459340889505823;-0.45429671052229387;-0.1284275059288973;-0.04501616114252198;0.1421889485659366;0.003929027096584122;0.20494655228358843;0.04160593857736134;0.03927193234352455;0.020762008956461877;0.026303698901428977;-0.8047621385152115;-0.836143041865097;-0.013837005802027747;0.14209907058602833;-0.28956091677349727;-0.6786015199936657;-0.2282341724248952;-0.28434760043974633;-0.7353226238091889;0.12629887593496436;-0.04401624974900572;-0.10679545990594738;-0.09490327883575994;-0.06609611731976676;-0.058448538360268656;0.06999643396227172;-0.005165552905614909;-0.04522928919804169;-0.047677450339486775;-0.09695596265226714;0.011068582844890066;-0.013371087489445039;-0.0011215883518346421;0.08621253930101733
Haltestelle Bus;0.006120542553311122;-0.008935856079883698;0.0018909425258127569;-0.0038196703768942817;-0.01851632850596343;0.012063740033734964;0.00040780665091193387;0.0003744452069364402;0.0003242195208235103;0.0391558886350368;0.0005335911597105929;-0.017003498384243903;-0.0015332009658842007;-0.0037013802149442588;-0.002587692144854309;-0.01083499435822916;0.08024027524345448;-0.003585837774712175;0.015202042162949899;0.014841246881271183;0.06644634278809293;0.014002021883609638;0.011843815200687198;0.04719807041806584;-0.10886302000050965;0.018199579964438932;-0.10620845977881456;0.00044637571836259927;-0.9608624528395845;0.0083452670240861;0.008352996676797729;-0.10078243165966516;-0.22014456133067384;0.0035442594748497087;-0.006276242211387624;0.040347068549718576;0.5;0.0009593652232115701;-0.10930266139726742;-0.05565169762921189;-0.0064893729677498;-0.006880238368721901;0.05635643056577142;-0.10939921919657312;0.06242427447647768;0.00665688619387966;0.006325881787503737;0.0020487983843460716;-0.028433604466048108;-0.03764504353658692;-0.0007413924097797056;0.008935507502649693;-0.07141285549123955;0.012238310753019167;-0.0006836262082715984;-0.0025773887134752896;-0.044549107493222384;-0.013765249594096083;0.02282499934548673;-0.26424688798692453;0.00630500938416059;0.005629007910906123;0.02522846946890842;0.07213022221218432;0.04045290592394985;0.005507741206117606;0.3106150936313354;0.22078571079876277;0.01049618322919497;-0.002035225125156182;-0.0020439717024901705;-0.0005316002157969348;0.003847175193982023;0.2831534937737673;0.30103836473316425;-0.0034746623268995546;0.0033290675814260746;0.0017153397660245675;0.001113686356613689;0.005826700661280972;0.00036513430148849083;0.21930520327185138;0.04829221014596494;0.017726839835365812;-0.016386194507090338;-0.009013110163469017;-0.017232774462728546;-0.03005741368808736;-0.0016673589121638454;0.07936932252131701;0.004558866165869859;0.018050208732932154;0.0035319319790399406;0.0038318550356288765;-0.24851036415397001;0.06992173831577506;0.0018672338703079857;-0.0890644930857064;-0.012327067678697663;0.009764946021795302;0.0013348541939511493;0.01044687660986741;-0.0006176722176493989;-0.005607110153298303;-0.005923917236227195;-0.012618593237773288;0.0017083656626901997;0.00039512148364815285;-0.00013363592526939217;0.011964306212516568
Haltestelle Schiff;-0.9406790913399031;-0.3623829065846683;-0.6827289009882727;-0.19464694300876578;0.24306623420752002;-0.006418081806732037;-0.09553866734790276;-0.11504440375319572;-0.09671705561903633;0.2066514440484334;-0.13190544716334648;-0.9321506697889028;-0.08824997500136553;0.07395425431463042;-0.14055027862218564;-0.4084421307465296;0.07064991836656526;-0.8985669346185404;-0.9443664238574021;-0.9499034200723488;-0.001302172083218452;0.24438850913398957;-0.8224756401733654;0.13377384968937783;-0.05181325401293736;0.009612177050257796;-0.8822178163555988;-0.8349336707228031;-0.9993542290798196;-0.9857658272883612;-0.9459015479943593;-0.9997653542162328;-0.9982807423297043;-0.0011083131770484502;-0.2847507069369451;0.2092926710058299;0.060472416372656594;0.5;-0.8855212090325881;-0.7878958181134262;-0.08062896497634797;-0.3039565776511366;0.18051059923378412;-0.8856216743713166;0.08597522210782567;0.004252569835992093;0.23477097588320642;-0.430274102002464;-0.6484727760833237;-0.975097750041613;-0.04467796503366489;-0.7699439111473171;-0.828989771030976;0.1530186184208459;0.1300307182900676;-0.015555185729363489;-0.7461303791612885;0.0660865493682128;-0.9668685660641375;-0.9987022566868624;-0.8032454960360544;-0.6334691794998769;-0.9673024085921395;0.3048291412028506;0.20631589718976798;-0.6055719089522638;0.1623937206936662;0.1996163036842164;-0.8646066491074258;0.08862847668757504;0.08208243374184655;-0.7670087412144723;-0.7725079116123351;0.1773109571300698;0.13504631072585804;-0.18018324404295827;-0.861996876126741;-0.5250703933246174;-0.26127105759779923;-0.8612768206899247;-0.08363205761859016;-0.005429464134244889;0.302975891808603;0.22136358140151213;0.23634411764357238;0.21936195209119677;-0.968678509780611;-0.9745461794880036;-0.09524817108761285;-0.9613284283033335;-0.753577195648217;0.13245922337925628;-0.6893305014374592;-0.748815154042936;-0.9542222264357832;0.17581682131068352;-0.2567591162623959;-0.1334819322280665;-0.44031509464480706;-0.9874462704677811;-0.3177606485395457;-0.760996641407959;0.025240468952836465;-0.2622269019898357;-0.27306145776407775;-0.44615603688926253;0.09611609842896816;-0.09229754638478195;-0.008354320676628356;-0.8620236136691665
Hauptgipfel;-0.672134142260515;-0.0684450870446336;-0.21764461158762122;0.014172101539880883;-0.1332494279635907;0.012567375297935921;-0.013471773022840796;-0.016528440908302463;-0.013653215853273956;-0.7597915207317063;-0.019265192607858552;-0.6397820059839053;-0.012358456222159742;-0.02938466455125704;-0.02070386106734467;-0.08194597084463327;-0.9953052604578743;-0.5338519432140904;-0.6869590156232936;-0.7102545691788931;-0.9892002261724602;-0.3993251041019622;-0.3745898906604386;0.10311857938864864;0.06979995526259569;0.013851636223648763;-0.491954477285762;-0.3953730426091795;0.09634194868973134;-0.8995275745275946;-0.6932900806420789;0.07002470907277496;0.2149723811272883;0.0034649612759388524;-0.048948295017316124;0.03196299765172379;-0.8906973386027326;-0.11447879096741186;0.5;-0.3244274665441569;0.045094696655125305;-0.0534380173509683;-0.833318497783825;-0.5002478553066433;-0.9963303759622847;0.0053236675290737065;-0.9900470571759151;-0.08895029333674694;-0.19256108607586925;-0.8350422206727668;-0.006009686368563577;-0.30199995295975873;0.035455678408986446;-0.5616146145981115;0.22395487275197443;0.017061306949629408;-0.2753377197773754;-0.87719662781544;0.04215033405318007;0.14134830208438612;-0.3454538076270268;-0.18262574890692063;-0.7927238432135431;-0.021846454768577377;-0.5155962730119746;-0.16561206290216154;-0.9987861951989849;-0.9822791063892071;-0.45222211440591753;-0.0163470192285565;-0.016416260365906706;-0.29853379651794226;-0.3050720812550029;-0.989333341225768;-0.9944747887203758;-0.027628412922514983;-0.4467498308407892;-0.12505350012473396;-0.04372357890716829;0.034012165957953915;-0.011660976080379802;-0.9606526648843544;-0.7972568437375258;-0.9980249132501645;-0.634566841741739;-0.9923621685536725;-0.014906355374484011;0.030693612061693187;-0.01342710612069646;-0.7626791709645833;-0.2833298046639175;-0.6719164562304408;-0.22290868944392744;-0.2781847461188251;-0.7293468057865816;0.09635336409605125;-0.042751093413047746;0.11384047858476325;-0.09231672316687906;-0.9104643159194269;-0.05679319970423283;0.04766726878558475;-0.0050112261332489645;-0.04393086877631422;-0.04631215833458393;-0.09431929179934594;-0.043740123662341535;-0.012974808317963063;-0.0010879474970649445;-0.4468053897058196
Haupthuegel;-0.8102064092527924;-0.13269645218381873;-0.3668052354638279;0.02613858547630458;-0.24249851101820133;0.008360256981989752;-0.02764982004586315;-0.033813145841016655;-0.028016795056649432;-0.8681884344598696;0.013311489842032372;-0.7871643284264429;-0.025394980676204413;-0.05930313523198863;-0.0421678149818546;-0.1567385972001758;-0.1541797329043557;-0.7045612606348157;-0.8204558633848531;-0.836185978676742;-0.07131416946147082;-0.5805960166002465;-0.5550071383579334;0.05132642558941525;0.02148848953201895;0.0129218333305025;-0.6684789659643651;-0.5765719678674514;-0.20542346917773044;0.018249936499508512;-0.8247757034927513;0.09993021911239386;0.06219757784515597;0.0033169075164995085;-0.09679927147979224;-0.6688552111323849;-0.9443483023707882;-0.21210418188657384;-0.6755725334558431;0.5;0.021963735779550683;-0.10519260555598414;0.1965084462844028;-0.6757897896778081;0.0033924874645877403;0.004879685510201502;-0.9951954833891602;0.04147304992412895;-0.3318221099736305;-0.9133538880027252;-0.012433414486310338;-0.47395016641424964;-0.5661588281349608;-0.7273494343081512;0.141164903191866;0.015001482532224667;-0.441713998493193;0.03030813851348694;-0.887083627102564;0.05433467950259084;-0.5235863112360587;-0.3175271201865587;-0.8884416761721364;-0.9053318929470251;-0.6890975999085373;-0.29244229517238496;-0.08341853620019675;-0.09213139954321545;-0.6322315365984859;-0.033448454057031514;-0.03358765840375497;-0.46983890523095134;-0.47757467899493145;-0.12351251294962057;-0.14407879740209353;-0.05586164105144028;-0.6270745811011422;-0.22936105412287858;-0.08693384154493697;-0.6256610824928197;-0.02397961566648073;-0.9807098719666174;-0.891168770153352;-0.18326763968658996;-0.7833604095290626;-0.9963174957376585;0.022390996523198477;0.09344496025205376;-0.02755945774867216;-0.8699959628363696;-0.451526324833883;-0.8100544892837415;-0.37395258602080933;-0.44522441157121817;-0.8487473081820739;-0.021515791189660672;-0.08508579974762881;0.011524280183656928;-0.17477283511301617;0.03486885423659005;0.03630640529131825;0.07354600640045111;-0.01037884816083617;-0.08732728019270668;-0.09183493752901495;-0.17821288839088958;-0.08696524987792119;-0.026643962246861747;-0.002262826242982431;-0.6271271454141362
Haupttal;-3.7586658107556364e-06;1.4174546176222848e-06;-2.854753166217375e-07;1.8414547920160726e-07;-5.5095646764973026e-05;0.07110956213479562;9.351618352550906e-08;-6.023341214282171e-06;-2.145019702614165e-07;-8.465256379179469e-06;4.8400348503837475e-09;-1.4262899435782987e-05;-2.5465548442162246e-07;-1.5089610621542236e-07;4.7128120893051535e-08;7.03709850806264e-07;0.0008033500688109315;-1.7991293111624706e-06;6.512283269069128e-05;3.26216788414665e-05;0.000314005318825307;1.8293419390232745e-06;8.895611937016706e-07;1.0892696400000617e-05;0.03538147782124064;0.07872276067263029;1.4330437687305776e-05;-6.13056850565938e-07;0.011613766383124958;-6.699429546366358e-05;2.978401109371805e-05;0.013953456405848948;0.0026507121650382105;0.02187060712688839;1.8115728456842873e-07;2.1137065983687784e-06;-1.8952746377577115e-05;-3.7358303776542163e-06;1.616201358562634e-05;3.7802614639076383e-06;0.49999999999999994;1.0522905348768968e-06;-5.311780774930528e-05;-1.686224175074662e-06;0.008487169452476065;0.02917897449637657;-0.011174429948557652;-1.1298147699961191e-07;-1.6581295526171057e-06;-6.372631091420824e-05;1.644145953214577e-07;-3.295784839224246e-06;2.43872256511155e-05;5.4579800684504125e-06;-7.161039750250208e-05;-0.05186932012512837;-6.470917098506915e-06;5.7667980683013226e-05;5.063884937957643e-05;0.0027825203599846646;-3.948736046735886e-06;-1.9170868198296285e-06;3.0883648468106126e-05;-2.8892156823416548e-05;-3.882063788886683e-06;-9.585174371567518e-08;-0.004137401524574116;0.0007341034170105426;1.4131563373067595e-05;-5.7154769786224836e-08;-7.658761421811047e-07;-6.0238782946867975e-06;-6.110977446052361e-06;0.0002632685920271285;-0.000265218490584192;-4.0597985796098e-09;-5.716062880888707e-07;-9.44722859421847e-07;8.198566282530182e-08;-7.643941809219798e-06;-4.228605030944206e-06;-3.611982059697014e-05;-3.5780345277166456e-05;-0.05258940303175848;-0.00021473969316861493;-0.01853883517795438;3.1177506090216186e-05;4.738750909367425e-05;2.475770987222833e-08;-1.0552511221837723e-05;-1.1085463499563444e-05;-1.6302856278630406e-05;3.3719224195279683e-06;3.842090460736075e-06;-1.434627064278391e-05;-4.012212163287456e-05;4.835723385252392e-07;0.042669049471120706;2.455162001976004e-07;-5.4502947513407945e-05;-4.4844271229207205e-07;3.6132093037596623e-06;-9.708405055269263e-08;2.3838031836981973e-08;3.5724900289396067e-07;4.010318435097822e-07;-3.429034184867736e-07;1.5440541511822693e-07;-1.1362538102998975e-09;6.790934556105397e-06
Heliport;0.2355530165842851;-0.5654941794030257;-0.8312999562265458;-0.3562755759923038;-0.7314094946163797;0.009568425884178592;-0.19477427742261771;-0.22940178954036372;-0.19691017855264661;-0.9824647426433588;-0.2581343278878581;-0.9691933079105908;-0.18143352852034741;-0.3490668981155026;-0.272455502768833;-0.6125675996823191;0.012830365569402815;-0.9530206874630508;-0.9749192624730271;-0.977487939542684;0.0679501385381494;-0.9217262562452341;-0.9138627325246812;-0.9736108939126834;0.01881819573857921;0.010593706300561908;-0.944910400009602;-0.9205272266541732;-0.9997178943996977;-0.9937338072532881;-0.9756330803284103;-0.99989751852319;-0.99924848615045;0.00271928587332723;-0.47689400253020353;-0.944998734147214;-0.9931197616312781;-0.6960434223488634;-0.9465619826490318;-0.8948073944440158;0.05200730955214957;0.5;-0.9888339128012246;-0.9466121089173183;0.07851051062751915;0.00418989229840573;-0.999432781298722;-0.6336236958558581;-0.8085878007675114;-0.9889706718388357;-0.09673498449333792;-0.8845786126047235;-0.9173604154609981;-0.9577924303129987;-0.9755282599664681;-0.01590477068833007;-0.8706374499741093;-0.9921585621822022;-0.9852566097603541;-0.9994328713203028;-0.9033689386446764;-0.7982924169709027;-0.9854532910400775;-0.9878564583994085;-0.9496320418603578;-0.7785547029579454;0.1526746836162362;-0.998982557449883;-0.935993123253791;-0.22742412180832636;-0.22818002611352056;-0.8828835376241021;0.24969376439895113;-0.9993916930600903;0.14022959613534297;-0.33479445670124874;-0.9346553643793938;-0.7168506313982369;-0.44748304588751614;-0.9342855159200487;-0.17286401551685596;-0.9976930024277478;-0.9858466710526483;-0.9998882885848137;-0.9685125768855362;-0.9995656773438498;-0.9860764951360217;-0.9887228248310677;-0.19424684659174576;-0.9827363637654946;-0.8750437136948337;-0.9731736978863568;-0.8355547777694993;-0.872230988607644;-0.9794800663285016;-0.9937057865060236;-0.4416780240496608;-0.08028105583209656;-0.6430539170282734;-0.9944788435399224;-0.5161056919074197;-0.8793912989007803;-0.08190530277351707;-0.448706344991668;-0.4624165599051666;-0.6484682364363965;-0.4475808628131716;-0.18886961842211097;-0.018926954968004582;-0.9346690915562336
Historisches Areal;-0.29080497254420634;-0.014483519039272289;-0.05271116829421006;0.001067227124486106;-0.02983281139408385;0.01626579048279134;-0.002723999306067427;-0.003350340833556468;-0.0027610922778382144;0.03269064013716749;0.0011118283409910696;-0.01723406007957403;-0.0024966382819603594;-0.006019051131850236;-0.004210959149904896;-0.017540834702850634;0.01753480228552875;-0.18637847818555164;-0.30504440625726276;-0.3290002267472101;0.07242526714183728;0.030230277555939447;0.007196335345630618;0.04524904426143598;-0.10753525514257771;0.016994905879326512;0.002041732709144322;-0.11566753982992417;-0.9756198043247214;0.03457167911973341;-0.31135653171859995;-0.05056382466748869;-0.07388558229088195;0.003549961563874084;0.002272818542055616;0.019810428127053376;0.09185848534952187;0.004667723889240466;-0.16668150221617495;0.01887570739067062;-0.029644663753323666;-0.01116608719877542;0.5;0.05005735660655373;0.07584225214185854;0.0066082014617166954;0.057806664419423136;0.004990754489593407;-0.04552998664938831;-0.5031153668541365;-0.0012078726556680537;0.01099380762911416;-0.11138875238853249;-0.009487738956548114;-0.3104139027869898;0.008067341782673838;-0.07063088903366305;-0.05263500634805848;-0.046992120087062245;-0.11221956104111763;0.02268173128114776;0.0071773298048738296;-0.0315526507160612;0.17032345095748586;0.008716199154126572;0.006692090554604146;0.21931561571904978;0.14811056739517145;0.006703741365294345;-0.0033130790935163366;0.0006943501547557481;-0.078448184116317;-0.08072098196126481;0.20393974396367634;0.14975688297123405;-0.005651175907702862;-0.13905721185180517;-0.02779387437903292;0.0028270959950189713;-0.0025270568891987066;-0.0023544075012881804;0.2052975734570396;0.06972291687152586;0.0038875048992688525;0.04384763490121466;0.0355618693328802;-0.03321154462675079;-0.497497051167975;-0.002714869569773416;0.14052894758405557;-0.07328193546759139;0.020515091470808978;0.002269125910945524;-0.07157027361648934;-0.009778648843294182;0.057347865965659384;-0.008853936277719004;-0.10695672006322507;-0.01993774754319244;0.10376444434616566;0.004548435358412063;-0.07607110679765755;-0.0010063867619099069;0.0013566774724320533;-0.009619823368640657;0.0020679481746180292;0.0017976500177790344;-0.0026224588455993217;-0.00021780230277112765;0.029710032123836518
Huegel;-0.6719156256348607;-0.06838190070763168;-0.2174758441509566;-0.030269674500415428;-0.1331349663614225;0.01950114440146674;-0.01345860310539237;-0.016512332827862058;-0.013639871010940432;-0.004268328461102471;-0.019246469574225773;-0.6395534903973852;-0.012346361055032647;0.00788841364407672;-0.020683769339858306;-0.08187141630460464;-0.15529006071161225;-0.5336052157500738;-0.6867457746052095;-0.710050499075827;-0.04333106030443862;0.05297348405209597;-0.3743576569995801;0.060754931423346564;-0.10335508351156066;0.013974937050437073;-0.4917066881307374;-0.3951360647741957;-0.9950215286846336;0.03975451477944246;-0.6930792254721075;-0.01570730256355886;-0.07067590312956776;0.002638333207303508;-0.04890216264960324;-0.4921311346383989;-0.8906007808034269;-0.1143783256286834;-0.4997521446933567;-0.3242102103221919;-0.0047001827573761356;-0.05338789108268174;0.25001206059502984;0.5;0.07396608282157124;0.005447512460344436;-0.20694638424321024;0.01794425077005822;-0.19240698557069053;0.0442482943755506;-0.006003766943482299;-0.30179100636586936;-0.3850201546740776;-0.5613705081725876;0.0932968137083295;0.013909758457201521;0.032919817725193;-0.046805454206208234;-0.011823661443240142;-0.1360795568324841;-0.3452296662890471;-0.18247780245802195;0.056616924263723466;0.06164306770796955;-0.5153486550335433;-0.1654751090527791;-0.0036880015109632043;-0.0499678652930937;-0.4519765338752949;-0.016331085019790872;-0.01640025978983796;-0.2983262231020462;-0.3048619374866016;-0.03002765257061677;-0.02427666652105077;-0.027601790775922307;-0.44650479972487156;-0.12494506395901284;0.013059187114491912;-0.44501262236637407;-0.011649555482285573;-0.06262259306084099;0.019506255122645123;-0.16434551326188204;0.018881114960517496;-0.22252569428564756;-0.7997688141792823;-0.8317845423478482;-0.013413979275585821;-0.7624996773216979;-0.2831285358267977;-0.6716978653867949;-0.22273700222184484;-0.2779857144956794;0.0028619429747261914;0.02854476592456148;-0.04271053943270493;-0.007844885770635485;-0.09223368123816834;0.031886877586585594;0.022698129419447825;-0.29139326509080943;-0.005006285218959205;-0.04388924696495947;-0.0462683895808813;-0.09423463551111136;-0.04369867431024927;-0.012962117846595067;-0.0010868705889718249;0.054154959694799394
Huegelzug;0.0001744036140050057;-0.0002705418836741407;1.0748308049924874e-05;-2.7177555403518775e-06;2.9307940385119854e-05;0.04646244743364193;1.3866358116944798e-06;-6.189583173628734e-05;-7.910079951640715e-07;0.0005651518337521237;4.714012311733787e-06;0.0005340423771521834;-4.273101549371598e-07;4.1064227271729296e-06;4.694189133249239e-08;-0.00032865088786730994;0.009738099342708589;-0.000123308727445495;-0.008017735687446367;-0.00894771633876271;0.024412984659015122;0.00018492689797693608;0.00019452934467871938;0.00028882487257037346;-0.08268927204144472;0.029000591229638564;-0.0005809548039155455;-0.002402663937702809;-0.4242485002282746;0.0019799002445521525;-0.0009646229448397515;-0.01947137317996758;-0.028796473862408224;0.009182528002566592;7.97662724763659e-06;0.00026363259064152893;0.001873575170145977;4.093714713758418e-05;-0.0036696240377153385;6.000425986344054e-06;0.0872189946468107;1.6324777913272262e-05;0.001396538902520375;0.0002726976459945632;0.5;0.0128790708344479;0.058050338723541546;-9.924630058375329e-06;-1.679290829876992e-05;-7.081407684195824e-05;7.43075682392887e-07;8.133718033468678e-05;-0.002302873446752845;-0.0002543948875081634;-0.0006832214482533281;-0.07954020513234694;0.00013787731019288026;-0.002962438787701973;-0.0027103885074909874;-0.2681661659281794;5.991306301458346e-05;-0.0008222464633712865;0.0008687350626591414;0.00039656090450481855;0.0002175442743398328;3.286123236201219e-05;0.11632383229704074;0.026003281385056733;-0.0003256538775331615;-6.120519416093961e-05;6.131526850664257e-06;-0.0015650374473372916;-7.789944667421614e-05;0.0291725732674671;0.056473067597941864;-0.0001046396870004204;3.9542953799594774e-05;-3.3792177105822335e-05;-1.4431669377414125e-05;2.636790236828348e-05;-4.345385286745025e-05;0.008529432031471676;0.0012355057490854385;0.0016202560164914489;-0.0009553141996386086;0.01724583307939166;-0.014512183958148647;-0.0018747773685605354;-5.0124456171306366e-05;0.0013407854018738761;-0.0014539825798763186;0.00040971366978943954;-1.4934773160112464e-05;-0.001417455481306655;-0.0005220893034671895;-0.0012779068647857147;1.1970162268205233e-05;-0.1954666063891776;-0.00037445668849409887;-0.005525527646606603;2.607872450796282e-05;-0.00022067274233056935;1.65232183681383e-06;-3.84672183851163e-06;-0.00017882544164265417;7.667230934679848e-06;-3.74632634720396e-06;-5.627913398462299e-07;-4.01141083100712e-06;0.0005992207639254226
Kanton;1.589169726917601e-06;4.0644850149803464e-08;1.7380996872050445e-07;1.609954180646858e-08;-4.3596771639311263e-07;0.11744338842130041;6.598315358802803e-09;8.249367275491368e-09;6.69524211312696e-09;2.5870150396947123e-06;6.11731156978513e-09;1.0245247646079284e-06;6.006732913318513e-09;1.5559710672657635e-08;1.0562548912366547e-08;4.611574172418501e-08;0.0003387457483461215;8.295998268795355e-07;1.7152012478348036e-06;1.9420338439617994e-06;0.00012111206427921041;4.537718041005873e-07;4.043520080962968e-07;1.5213635311650299e-06;0.004760558836811041;0.17776186735161567;5.741621895592346e-07;4.4556363873055675e-07;0.0003339460728982489;8.43452496778389e-06;1.7731119845996543e-06;0.0010878170380185152;8.601279177959741e-05;0.11709859912688163;2.3703827738995066e-08;6.743250011372368e-07;7.003235524154763e-06;7.097504932460847e-08;6.872885476157538e-07;3.025280485428601e-07;0.010510616945352517;3.053741846855516e-08;4.265157499905217e-06;7.039745891996161e-07;0.000451434257698286;0.5;0.00013253420569970522;5.123569643101628e-08;1.4680350636539032e-07;3.429101355207398e-06;2.7527250493611195e-09;1.675746633302098e-07;4.2509980104714324e-07;8.917107850642827e-07;1.719374590274618e-06;0.014755080107524809;2.448067620676878e-07;6.269156637520833e-06;3.156242164583686e-06;0.00014262701369404304;3.516311429451514e-07;1.3668315768054975e-07;3.2052244935796162e-06;3.942662736860235e-06;7.647303986261502e-07;1.1125379349191841e-07;0.001970653511860015;6.630450712479845e-05;5.052213190680785e-07;8.150328341101025e-09;8.188112360622561e-09;2.7736084651708666e-07;2.8700494609304764e-07;0.0001309969138287281;0.00027954330472527105;1.4529600343504332e-08;5.627965994023057e-07;8.386911266166573e-08;2.430093783431242e-08;5.590417460768412e-07;5.6389587977517365e-09;2.5864357924105348e-05;3.307585184770075e-06;-0.00552791443712131;-7.067676839487406e-06;0.0001903044352741676;3.357956474159869e-06;3.993402301167259e-06;6.574476042729844e-09;2.6337560275311446e-06;2.5573956396240004e-07;1.5874121742046882e-06;1.6603934422987587e-07;2.4866815845337534e-07;2.160072888400745e-06;7.663930448239446e-06;2.3690242372596125e-08;0.008672659976293065;5.788243346909688e-08;9.760804332044023e-06;2.8781879064822803e-08;2.626242439142945e-07;-1.0762841685376868e-09;2.443143564242357e-08;2.593870635731454e-08;5.120631191758027e-08;4.865154239660521e-09;2.7936194917592586e-09;4.4217533480806796e-10;4.815896409746635e-07
Kantonsgebiet;0.0018491160975525939;-0.0007380891566881307;0.00010045133538050294;-1.2230298136261084e-06;0.00047696457946793064;-0.10788993439042371;-0.00013726230789429123;-0.00016892440084523232;6.145273154676247e-06;0.005368988783186393;4.513665209678597e-06;-0.002159733378138337;2.0138542248464456e-05;2.0371238886764254e-05;-0.0002124910687999504;-0.0008965313953868034;-0.12331618904964979;-0.000596705142655592;-0.021584822420980664;-0.024050302653952478;-0.0349484586645496;0.00011399928332387351;-0.0059852138492194435;-0.0013651495964581272;-0.2202912592375274;-0.2099670407594654;-0.009640747851611394;-0.006530848461981374;-0.6679102867347722;-0.00817725482365196;-0.02221899608108365;-0.2842371037222599;-0.43007893453288154;-0.023889226001632537;-1.7271724580212187e-05;0.00037460896919160145;0.0005182223768994531;0.0003051168161554483;-0.009952942824084893;-0.004804516610839809;-0.3134375699791078;-0.0005672187012780382;0.002905341574115316;-0.0020824955576222606;0.15844634646311906;0.010320374801260255;0.5;-0.000980561692142902;-0.0023917432536753273;-0.04842549860507347;-6.0776954166461705e-05;-0.00011744832291913069;-0.006260676989257416;-0.0004910518807846586;-0.0018768403272893487;-0.21663055766680142;-0.0038051346211439487;-0.012460000417704146;-0.03654114241599562;-0.5000397024179434;-0.0005145818213454621;-0.0022411056853742593;-0.0011100033500935497;0.005885764862201238;0.000927547578381949;-0.00014959701031753343;0.001054984927432431;-0.02056926371310463;-0.008231016927263104;-0.00016703973127467396;-0.00016775895035232177;-0.004260183421268079;-0.00439385726354136;0.006752206734928702;0.002840759523719639;5.218338373420254e-07;-0.0008962401780792196;-0.0014347837834604868;-0.0004594395201117822;-0.008004334674513702;-0.00011859684177877738;-0.0036368258189068067;0.00947997916103676;0.5195273241782309;0.005279057219771624;0.3478582778639824;-0.03864067720468886;-0.04740035558957234;-0.00013680107127759286;0.0033089099079068626;-0.003958639587930065;0.0038562846444809775;-0.0028754117529469943;-0.003859433438551335;-0.00034532194164294764;0.004909824697213756;-0.0004487692366244081;-0.5583545324359506;-0.001021404816165125;-0.09274525375516288;4.917850701691809e-05;-0.004121041909201307;9.13074876469294e-06;-0.00046171671846137403;1.8319407297927477e-05;-7.85324554878112e-05;6.91622917294138e-06;-0.00013213290916740014;-1.0948928031321577e-05;6.648149302379605e-05
Kapelle;-0.9545389758467211;-0.4293990040995531;-0.7402126617054392;-0.24243779695392165;-0.6115877745446943;0.005280266696082429;-0.12270334510296593;-0.1468546782169109;-0.12417078813649583;0.12919790987219282;-0.16749546797483347;-0.94789277932942;-0.11360254534188947;-0.23668555665712102;-0.17799454412298418;-0.4775959222792701;0.023659471982369396;-0.9214443421372028;-0.9574038024051068;-0.9616958683011512;0.06460129393288028;-0.87194224093759;-0.8598378598215072;0.24908461023620349;-0.016738212163557708;0.01110578307638529;-0.9084067679689589;-0.8700880849161078;-0.9995122173127514;-0.9892123401760625;-0.958594952686098;-0.005604723572782545;-0.014241544773527506;0.002850731712325631;-0.3451823105749208;-0.9085479693596078;0.17099890484221764;-0.569725897997536;-0.911049706663253;0.20398878602187895;-0.00322873155597142;-0.36637630414414196;0.25555507536568955;0.1839715158050137;-0.027598839104298608;0.0040647997002330296;-0.9990194383078571;0.5;-0.7095224358007177;-0.9810777359217482;-0.058313699681672264;-0.8158871911729192;-0.8652056983458503;-0.9291850136942579;-0.9584199622536359;0.01284531353103393;-0.7955666197905995;-0.9865158762343555;0.11960202271237971;0.026673424452231;-0.8438867403267889;-0.6959025967543352;0.11973444885924277;0.10957830146387526;-0.9159788778239214;0.3477331145742379;0.12084597755729751;0.004670294169388544;0.19027335413491991;-0.14545432223868962;-0.1459892612144164;-0.8133961247550465;-0.818060145862289;0.016710476457291252;0.12957597326269096;-0.22541686393296123;-0.8921322300950758;-0.5941380570578734;-0.3189416643949186;-0.8915496287528566;-0.10781486246987894;0.05443372259501578;-0.9757728684457295;-0.003620626638432125;0.15892079066179848;-0.005394705542035455;-0.9761623172417159;-0.9806559910150833;-0.1223414240052653;-0.9705149734486663;-0.8019482305703578;-0.9544960980500622;-0.7460630506450459;-0.7978702171945488;-0.9650354727115288;0.1825170287843718;-0.31385692745858257;-0.01040759062228615;-0.5102109678282912;-0.9904898239378691;-0.3814615688359185;0.20493952156024303;-0.049054208090921654;-0.3200170948447229;-0.3321643717732302;-0.5161240745438056;-0.3190276071892417;-0.11866157451532744;-0.011032084369515567;-0.892153859514651
Kehrichtverbrennungsareal;0.3489343990393761;-0.2355255157370437;-0.5384261744233223;-0.11584019014176189;-0.3919615184408835;-0.0029841725016631743;-0.05415945874760079;-0.06583188257395951;-0.05485842563904687;-0.9298893466665865;-0.07610052223259833;0.21709824406963252;-0.049853602788052606;-0.11264505045997905;-0.08143108066799185;-0.27234802290752674;0.040211954828189025;-0.8276508761234339;-0.9019776724170732;-0.9113373737280513;0.011889985823612653;-0.7359795951279167;-0.7152210037355395;-0.8972651850448071;-0.02231684246601717;0.012055734035257145;-0.8023851985471242;-0.7327601834708729;-0.9988093765707903;-0.9740537744045822;-0.9045642470595646;-0.10919129405786941;-0.9968330334039971;0.00036911274706121925;-0.1775040807144101;0.12000425903244198;-0.9715663955339519;-0.35152722391667646;-0.8074389139241308;-0.6681778900263694;-0.019399458671241425;-0.19141219923248856;-0.9544700133506117;-0.8075930144293095;-0.01911828207594183;0.004768144365394576;-0.9976082567463247;-0.29047756419928217;0.5;-0.955008501771388;-0.02472508863419809;-0.6446631367486877;-0.7243517616242189;0.15196085869065626;-0.9041837310259255;-0.014319750457960209;-0.6143765551607018;-0.9676920528082216;-0.9405454157514048;-0.9976086356398832;-0.6887690435788958;-0.48370474082119236;0.13376352557711405;0.05459931635661913;0.15741730918389782;-0.4542293976856136;0.18748328202616732;0.2799904190984447;-0.7758697924781487;-0.06514513703329367;-0.06540732855985894;-0.6408751114167325;0.1961549035400872;0.2465775579203858;0.16014170800317382;-0.10645832750972818;-0.7720006230659779;-0.3747324989485788;-0.1608785762394555;-0.7709357787452038;-0.04714099582965873;0.04383182048278071;-0.9428210633748785;-0.9995282643227141;-0.8792464149929721;-0.9981678446442204;-0.9437096521047913;-0.95403294199006;-0.053987270624228235;-0.9309180966839635;-0.6237392019524356;-0.8956986477961284;-0.5460338496986149;-0.6177408361252928;-0.9186963723130326;-0.9739400576221617;-0.15773016094549888;-0.16345459753890965;-0.298968160364874;0.203662733399201;-0.20158538465939702;-0.6331649024064553;-0.02068191477515983;-0.16154745865316922;-0.16917606664913692;-0.30395236441050366;-0.16093199134432176;-0.052241033998740694;-0.004546141694546656;-0.7720401858616827
Kiesabbauareal;-0.010195568227937876;-0.01430671690638183;-0.05209238260151667;-0.006134502161956156;-0.029474242297719312;0.013306595803780921;-0.0026903552289427764;-0.003308986489058745;-0.0027269913186828364;-0.3845556872329587;-0.0038654861440455676;0.09152606141889538;-0.0024657953944531184;-0.005944952519369162;-0.004159026243556292;-0.01732736771341167;-0.0402102297776772;-0.18449615851502807;-0.3024090732773587;-0.32625509432037636;0.03636455332579966;0.013866512911577323;-0.10580098471856511;0.009724151142772594;-0.006354858081212947;0.017033283661511234;-0.1605720902538372;0.0038722740591503;-0.9753216310822742;-0.02869905084812885;-0.308690889430454;-0.04343327814872302;-0.20922452630367255;0.004305861342636902;-0.010064786813853874;-0.16080112438872385;-0.060599855521336364;-0.02490224995838702;-0.16495777932723318;-0.08664611199727475;-0.03512474236822054;-0.01102932816116428;-0.49688463314586356;0.008749665909531409;-0.003798094482624035;0.005247065758305785;-0.9515745013949265;-0.018922264078251833;-0.04499149822861203;0.5;-0.0011929318380320486;-0.07874043344523976;-0.11016124457662987;-0.20196222599222363;0.00028524721753643345;0.02191477809895528;-0.06981724477397816;-0.017476116090785955;-0.4270250079349756;-0.9515818188944231;-0.09441544747531497;0.00702195289570061;-0.008397647803355437;-0.47567750575712187;-0.006384762366657976;0.0024046531754664175;-0.012447258388136678;-0.11663991899443814;-0.14021695858019068;-0.0032721831727251928;-0.003286228192176038;-0.0775520017461022;0.00844192941833522;-0.039676922056046435;-0.08460994704070028;-0.005581580658492061;0.002940321335126398;-0.027459118228655894;-0.008951412472370959;-0.13685697186442877;-0.0023253176036901763;-0.8282666177617498;-0.02281797453346566;-0.2798432751338746;-0.25541573336052736;-0.9624995866158593;-0.4412843458531087;-0.49438185954597264;-0.0026813379507164927;-0.3883226896455867;-0.07244013242871869;-0.28803905068942487;-0.05362678402925266;-0.0707466317203414;-0.018206383928012652;0.017909134645003908;-0.008745245352986188;-0.13847031437194401;-0.019695695579454466;-0.11354803905385544;-0.011754886943263402;-0.0751998639451193;-0.000993935750011207;-0.008995401090325678;-0.00950182054816954;-0.02015792684535921;-0.008954922848771927;-0.0025900656361360734;-0.00021510555302721833;-0.13759867316947758
Kleinbahn;-0.9970594339441676;-0.923968590120931;-0.9787289825816167;-0.8378713853414355;-0.9621604519037524;0.013744958918984949;-0.6931228114850867;-0.7354298585529272;-0.6960000057743874;-0.998092194019718;-0.7646515001908738;-0.9966074429162227;-0.6742291066101549;-0.8335359672906697;-0.7776183877346373;-0.9365623636481241;-0.9999714824327683;-0.9947484683781379;-0.9972524529274677;-0.9975396189765529;-0.9999339958195735;0.6464661037231421;-0.9900065243930699;-0.997105664878841;-0.9999960603446674;0.008916825951395915;-0.9937949660926507;-0.990838784380355;-0.9999697803455481;-0.9993251474745188;-0.9973323895237234;-0.9999890237625346;-0.9999194627330181;0.0022888480152047723;-0.8948766068835577;-0.9938054295028628;-0.9992586075902203;-0.9553220349663352;-0.9939903136314364;-0.9875665855136897;0.07587535126881173;-0.903265015506662;-0.998792127344332;-0.9939962330565176;0.03336915372927695;0.00352667141251605;-0.9999392230458336;-0.9416863003183277;-0.9752749113658019;-0.9988070681619681;0.5;-0.9862186599930702;-0.990444647458456;-0.9953027623660021;-0.9973206577845873;0.05395478247990218;-0.984336699579173;-0.9991543015060164;-0.9983999964318231;-0.9999392326964489;-0.9886740895082485;-0.9736529035427252;-0.9984216218517262;-0.9986852338125661;-0.9943518341423592;-0.9704393417881018;0.1623953646910731;-0.999890938114973;-0.9927296827524129;-0.7332407051220625;-0.7340803801292689;-0.9859926309111099;-0.986414784765248;-0.9999348180868335;-0.9999664099864192;-0.8245468017950135;-0.9925683162180622;-0.9594153356919953;-0.8832110167371643;-0.9925236311591165;-0.6611844543642985;-0.9997524225685024;-0.9984648515303244;-0.9999880350950701;-0.9965303094428992;-0.9999534682573897;-0.99849009333918;-0.9987799883575644;-0.6924063060039489;-0.9981222086012844;-0.9849372147651815;-0.9970565368019654;-0.9793577946594281;-0.9845544933995953;-0.997761405521929;-0.9993221126574393;-0.8807641295082722;-0.9999973452835367;-0.9438894237474633;-0.9994057834535415;-0.9087515671715752;-0.9855245425634519;-0.4544526356527898;-0.8837202790481908;-0.8892815126053827;-0.9451299009178935;-0.8832518189116686;-0.6849617619592565;-0.15264316595135383;-0.9925699741311584
Klosterareal;-0.8257276498533059;-0.14516579236471353;-0.39134709650203686;-0.06735246080176895;-0.26216693046487854;-0.0015250976632307123;-0.030596271321817595;-0.037391124190453894;-0.03100110553390296;-0.8796721498938587;-0.043429738829485816;-0.804114351461606;-0.028108095162827303;-0.06539580513539092;-0.04658722537982735;-0.17102166200002786;0.021750464954841828;-0.7257981729292307;-0.835309288080259;-0.8499760277028288;0.06586207851218939;0.11206039178765384;-0.5805950248593319;0.05731138277532335;-0.16125948999906992;0.012784994590630818;-0.6911726873002393;-0.6018094891867132;-0.9978420261504872;-0.9539014426272098;-0.8393417336232327;-0.2084199881765655;-0.9942691689312492;0.003281780416480808;-0.10630886183187721;0.11284599287407902;0.16829345188358996;-0.23005608885268286;-0.6980000470402413;-0.5260498335857504;-0.02125384115976885;-0.11542138739527648;0.12703410329619463;-0.6982089936341306;0.05104103692921359;0.0030000517772081777;-0.027002235727605406;-0.18411280882708078;-0.35533686325131236;-0.9212595665547603;-0.013781340006929767;0.5;-0.5915773543768799;-0.7475352422370517;-0.8387475242530337;-0.020499248337063652;-0.46756685382329866;-0.9428883097026434;0.0713528357407061;-0.995669943904613;-0.5495144542403865;-0.34054515060404694;-0.8983674424825154;0.08563801131466453;-0.7109901171330905;-0.3144798141887439;0.22603019035716926;0.21315340337922356;-0.6561301407061103;-0.036989319494232495;-0.03714269377908483;-0.4958757773499892;-0.5036330018288476;0.20184579380252593;0.1922332327535739;-0.06162390165644491;-0.6511233769409521;-0.2483132203492033;0.033522160996392915;-0.649750117813939;-0.026545635940521613;0.2900016943258606;-0.9008789672642133;-0.024149053594441083;0.19957447501949294;0.044154200184629504;-0.9023518496230956;-0.9196138184977865;-0.030496581746649886;-0.8813437247983431;-0.4774623223070208;-0.8255854793105516;-0.3986715662188166;-0.4711093494620317;-0.8616548792654494;0.13241354148037598;-0.09356386131682866;-0.11590143600000898;-0.19032837608840272;-0.9591879540880953;-0.12216600843539777;-0.4875417826457426;-0.011506630236531914;-0.09600524953670851;-0.10091131886236797;-0.19400262927014864;-0.0956110120268887;-0.029486476622525543;-0.002510946152532162;0.08152364117135001
Kommunanz;-0.7658735590160927;-0.10493821761240188;-0.3074339816871538;-0.047490163192002215;-0.1969881204678272;0.020477768112485126;-0.021325554843213232;-0.026117025192164214;-0.021610458198026615;-0.8346349876867287;-0.030392374936927515;-0.7391818426180102;-0.01957607518911962;-0.04608201646708131;-0.032634338913983596;-0.12467403743714534;0.05898797629979955;-0.6463235299520329;-0.7778607182514411;-0.7963965697740086;-0.993204486553086;-0.5147518235005385;-0.4886835789919906;-0.7687113100121209;-0.26348052580505116;0.0004745134753213494;0.057022780384021844;-0.5106285121470363;-0.9968773175146903;-0.9345811968028609;-0.7829342601064434;-0.12011728026883925;-0.9917204897751003;0.0034100608629904555;-0.07589313401148141;-0.6075000272595067;-0.9285871445087605;-0.17101022896902401;0.05657605348349224;-0.4338411718650393;0.1085773528138304;-0.082639584539002;-0.8886112476114676;-0.6149798453259224;-0.9976971265532472;0.005254235927622351;-0.9937393230107426;-0.13479430165414968;-0.27564823837578123;-0.8898387554233701;-0.00955535254154403;-0.4084226456231202;0.49999999999999994;-0.6715094168293646;-0.782185562840699;0.09427213638838654;-0.3774455161882688;0.07207279305992256;-0.8575508796757473;-0.9937403109646183;-0.4571600861759623;-0.2628213564450387;-0.8592077463996349;-0.8799258626891275;-0.6294149416600001;-0.24053511995387739;-0.9992389751552537;-0.988820526903206;-0.5684686407864139;-0.02583312057875188;-0.025941482375746415;-0.40444278523231386;-0.41193845490261277;-0.9932885810513209;-0.9965302455089976;-0.0433723981161596;-0.5630355386277246;-0.18571174621964912;-0.06799797237284796;-0.5615490278787142;-0.018478872263419197;-0.9749737934466532;-0.8625389073789436;-0.9987613184839246;-0.734809263694459;-0.995199756352083;-0.8644958090911474;-0.8876163964485687;-0.021255409053107695;-0.8368161503224449;-0.38681936053228966;-0.7656964151312058;-0.31399814670887277;-0.3807935471258866;-0.8113205159927933;-0.9343061478816652;-0.06652314201536372;0.13445167053390925;-0.1396298387674614;-0.9419484886741538;-0.08765843729268195;-0.39643704427366455;-0.007972533755157229;-0.06831212412390535;-0.07191559845589857;-0.14249761647271292;-0.06802304904157339;-0.020544902942755773;-0.0017348959136418056;-0.5630908402646189
Kraftwerkareal;0.12822312324947466;-0.05424150572787618;-0.17840914256566953;-0.023808927950768655;-0.10714453940057843;0.006750295130851965;-0.010546979130658005;-0.012948738460933206;-0.010689456584771658;0.08422218130138766;-0.015101870629311146;-0.5809563755786817;-0.009672999395504752;-0.023085942744507773;-0.01623478095353843;-0.0651366143873819;0.19131739974285383;-0.47200375319256355;-0.6313989534879708;-0.6567632733034704;0.05523399925513378;-0.34163975241505623;-0.3185825945697563;0.046168557159612766;-0.06363671496481221;0.013759902303466064;-0.43047771752647573;-0.3379374062433332;-0.9936372747373293;-0.036249266279917806;-0.6382619871735372;-0.023439003491105934;-0.06820829492848124;0.0024865444276402754;-0.038622900052315876;0.08029112514178673;0.07784640499641922;0.015441447528599366;-0.4383853854018885;-0.2726505656918488;0.011887201227403051;-0.04220756968700134;-0.03702576243902754;-0.4386294918274124;-0.05391478097583652;0.005391548350594977;-0.038128469571026995;-0.07081498630574205;0.028288391671776082;-0.7980377740077763;-0.004697237633997787;-0.2524647577629483;-0.32849058317063534;0.5;0.09569904580991039;-0.005046823232229112;-0.22874260522207562;-0.02368077513773422;0.097497032766959;-0.9872868726470321;-0.2917704918110851;-0.14850492728216075;-0.02287535609816689;0.05561925642483624;-0.4538040890281785;-0.13414828861972913;0.1869128019967561;0.1293533711399638;-0.39188063389037;-0.012806097155322818;-0.012860536085988705;-0.2493640226185947;-0.25521723094346305;0.1494208638700065;0.1404741753784281;-0.02169773515072311;-0.38662316863027896;-0.10036834203974934;-0.03446037689920955;0.04147337300419974;-0.009125679274585144;-0.01840490372847825;0.026193918004653392;-0.029695485700253755;-0.5754546923033538;-0.10197521854273503;-0.7573350403755952;-0.7943913704811577;-0.010511906321141533;0.047995305834468274;-0.23582233103739542;0.05923431749423263;0.08537884483393182;0.10448780565090397;-0.007352877856923177;0.1470521798998467;-0.033686662736029736;-0.05870120761537309;-0.07355047413380005;-0.02345014877786372;-0.044891072899446306;-0.24317458245620707;-0.003915970970701639;-0.03462534082968196;-0.036521488948620645;0.0453273611118897;0.007912506934364245;0.0036437600639257495;-0.0008494333147957975;-0.38667647615616185
Landesgrenzstein;-0.012249379457076732;0.010555309020964701;0.010163434099934626;0.003033533843079891;-0.06394358161129088;0.0064736818084179006;-0.006031310149303493;-0.0074124643576804145;0.0016468892813115677;0.060454639961747034;-0.008653088401934217;-0.4410928397043597;-0.005529432040891712;-0.013273760650194394;-0.009306796175301916;0.006013831625637025;0.08390751704478262;-0.3372594925515882;0.08490613476232717;-0.5213556552561333;-0.10227383451832829;0.04179079371296499;0.009357644418054175;0.06019123163077776;-0.027625303807845388;0.014921140602920583;0.08414956849829663;0.025718861032691855;-0.18441109336861963;-0.7991259178507033;-0.5010999898696229;-0.006205225189548847;0.05230943401707292;-0.011951374161891655;-0.022358204136750433;0.00482944929313896;-0.0024753797763074014;0.00746957246405237;0.0995140113291853;0.030122851583620932;-0.08878299743470602;-0.02447174003353185;-0.6895860972130101;0.041497420079321216;-0.08242652812679928;0.0059178784234779494;-0.08295744560697502;-0.041580037746364214;-0.0958162689740745;0.0006416242450006386;-0.0026793422154126317;-0.16125247574696636;-0.217814437159301;0.05447705944436175;0.5;0.047883685749938995;-0.14444477014888782;-0.07651784094597885;-0.03913555236210626;-0.00870431232768874;0.0098676681147795;-0.09031422840277831;0.000698472684810181;-0.006927143037782874;-0.3210957399874214;0.009100464392665498;-0.018129069563391755;0.010636401730751964;0.10694498074852664;-0.007330356874335976;-0.007361691927011188;-0.15903366871609964;-0.16322765458113533;0.0025141636934148653;-0.02146739229262499;-0.012468050416086913;0.018978223961044493;-0.05971682834955666;-0.01991227681982736;-0.26289077889507956;-0.005215329616092061;-0.10667569182737842;0.06803764375160361;-0.07993144016657563;-0.007100478814830298;-0.09487590675601086;0.010761590319408453;0.02062335989539184;-0.006011162468292575;-0.0321195612556284;-0.14942089837969338;0.041903008769415995;-0.11305167012023876;0.021352996238380766;-0.5449197980382834;0.04055300258603787;0.005518980877494461;-0.021261046362006653;-0.043238770022853035;-0.10046764967073121;0.005998166592014084;0.010441243201818442;-0.0022329484399919927;-0.02000904132234963;-0.02112228667712165;0.006644286169812577;0.010270055874958795;0.0027299857988111144;0.00020319677595068977;-0.2641065253330759
Landschaftsname;1.6696536840036676e-06;2.4238157357848117e-07;-5.632618362064375e-07;-2.9719496485878598e-08;-5.481346690303381e-06;0.10161402028489204;4.297818303437359e-08;3.440313042124825e-07;-1.308742415686246e-07;4.539844173394208e-06;-7.091997366687878e-08;8.248039249140143e-07;-6.4712576391520556e-09;-1.9240226915678358e-07;-2.9952720571978436e-09;6.20764998930374e-07;0.001879312162642766;1.1287599538636243e-05;4.089454456017154e-05;-1.3964501953343178e-05;0.0006922059017178268;-7.804105252160427e-06;-1.6585156888349976e-05;3.533547072178543e-06;0.007152630256657959;0.07483913827380548;8.865913159209256e-06;-4.391708400248102e-06;-0.0075459487854388435;5.17927264791929e-05;-9.613388934413342e-07;0.00019298652875096887;0.0003849786631519591;0.02457604029009944;2.468622044006599e-07;-6.954929910340023e-06;-6.301817087990683e-06;-6.033755682020743e-07;5.119160540579502e-06;2.161554871399751e-06;-0.043423718539299674;-2.694108884207546e-07;1.210153681324356e-05;4.177693846656146e-06;-0.006479700893648803;0.03429255492290101;-0.006465624798767012;3.76301954643253e-07;-1.0246622905071717e-06;3.328581258835671e-05;9.787821818373151e-08;-2.6611895737462735e-06;1.7726498256851125e-05;-1.9399336658575255e-06;3.233332060543261e-05;0.5;1.2217511479039347e-06;5.134746531389772e-05;-1.973613100923284e-06;0.0014927485283255922;5.0227431744148085e-06;-4.102782904388635e-06;-5.876190289164784e-06;-0.000132621663388312;2.685077214352782e-06;4.1280439827790924e-07;-0.0020440272277873284;-0.0014408376125742415;6.6930065305590975e-06;-6.376541525050608e-08;4.78635671855424e-08;8.097682793865808e-06;-8.603801182929972e-07;-0.0024654372618309797;-0.0007036902050687967;2.1722015544070655e-07;1.4744361845731603e-06;-1.1019506737288182e-06;6.915052005602981e-07;1.242712177963665e-05;-3.540086522478679e-06;-0.000230017918966194;-1.9000109054694336e-05;-0.0295054785267045;-2.4495090475072558e-05;-0.008631324832220856;4.015476056254629e-05;2.0510942462924646e-06;5.800531692976608e-08;-1.8398526051491117e-05;1.2045772807298045e-06;6.06802522499219e-06;-8.774735679686756e-07;1.7156429374429668e-06;-3.0607440301688387e-06;-1.9306044442974492e-05;9.76565345080547e-08;0.05108271949585568;4.798513771059152e-07;0.00010619515696287226;2.2867166114596515e-07;1.4748850674599042e-06;-1.303076303122444e-08;2.7227884077294175e-08;3.076722065672098e-07;1.4448198919259406e-07;1.1511752948248428e-07;-3.374934220190272e-07;1.0037244733914395e-08;-1.5286927292926448e-05
Lehmabbauareal;-0.84363945521318;-0.16204150631707256;-0.42269050175200795;-0.07598636463030331;-0.2880607550668883;0.014209620267780287;-0.034693677455613844;-0.042358725554476416;-0.03515076061168576;-0.8927595889287283;-0.04915863096491706;0.3917609603773036;-0.031883247745072923;-0.07379873272157081;-0.05270967620893214;-0.1902342506792884;0.016807810433597872;-0.7508821332906661;-0.8524123083241238;-0.8658006205195242;0.04323370262489681;-0.6363204908973574;-0.6118585997888615;0.0644421906548489;-0.09690356607415994;0.012618531259334586;-0.7181943247131748;-0.6324926710800166;-0.9981044335957815;-0.9592889860513942;-0.856098129621028;0.058391476362011495;-0.9949638394925124;0.0032390488182672855;-0.11929780764296499;0.08714453376111142;-0.9554508925067777;-0.25386962083871134;-0.7246622802226246;-0.558286001506807;-0.047518834820347765;-0.12936255002589073;-0.9293691109663369;0.08672772122749946;0.09852456959211386;0.004990742612237778;-0.996194865378856;-0.2044333802094005;-0.3856234448392982;-0.9301827552260218;-0.01566330042082701;-0.5324331461767013;-0.6225544838117311;-0.7712573947779243;-0.8555552298511122;0.010716827674819945;0.49999999999999994;-0.9494948121604827;-0.9085037098771869;-0.9961954673241896;-0.5814245585183562;-0.3702951589143032;-0.9096303833357219;-0.9235884855134783;-0.7369377341697033;-0.3431375939016582;0.008344359922837564;-0.9931920866785456;-0.6848197323929229;-0.04190586296090678;-0.04207873266270058;-0.5283240782132632;-0.5360491573629337;-0.0011999737485929726;-0.09038656384117472;-0.06957824634689301;-0.6800269813964469;-0.27334565416086576;-0.1074120973513825;-0.6787113545395165;-0.0301174401356994;-0.984675993154918;-0.9118908779522529;-0.99924863940676;-0.8204746443094646;-0.9970841730314756;-0.9132158925532693;-0.9287090777082622;-0.034581113842667065;-0.8942712070391915;-0.5099244864034975;-0.8435091277178067;-0.4301869783649299;-0.5035558230725782;-0.8764266795418764;-0.9591132746406574;-0.10517887495203018;-0.13011176598272692;-0.2111574158146406;-0.9639809915969092;-0.13679583807473988;-0.5200072652996524;-0.013082079970191677;-0.10788726406990358;-0.11332441140382905;-0.21512693290969018;-0.10745003360525872;-0.03344038757773325;-0.002858298019763293;-0.680075889873935
Lokalname swisstopo;-0.22299571423843476;-0.010181290223968834;-0.03748559581346153;0.000872218444840769;-0.02106865398589182;0.008484527453688804;-0.0019080911414541702;-0.002347268763678477;-0.0019340953569912365;-0.005192282429656168;-0.002742473426512976;-0.009653564859729305;-0.0017487112043758533;-0.004220366501539309;0.0005133590766996561;-0.01234182449071403;-0.05157771733459656;0.0005999746705930597;-0.008782968973333556;-0.01743822279052933;-0.059716919739651424;-0.00249034066139564;-0.07736333841964005;0.03556451950407915;0.031023076259816304;0.017839928844796578;-0.00609672330473318;-0.08386705425708163;-0.2433936478974127;-0.012497657799680754;0.011421039218787715;-0.02507291846761063;-0.07316077570758328;0.004557111027235806;-0.007153668565568109;-0.006039307281845109;-0.015703514061532503;0.0011960586664731387;-0.12280337218456003;0.0020375967230536877;0.02252568911176594;-0.007841437817797779;-0.036839322557225565;-0.0065590413995056706;-0.11260159021441103;0.006798205339766272;-0.17351448042587336;-0.013484123765644458;-0.03230794719177841;-0.012384939608430522;-0.0008456984939836575;-0.05711169029735667;0.00632321344507689;-0.0042470911947271005;-0.02410750858387122;0.023957742696308466;-0.05050518783951726;0.5;0.006392726934761117;-0.003542855316603392;-0.06880258920155344;0.0010624985175571177;0.013364470329283158;-0.01256482222139353;-0.1296856120450646;0.0036873309931991414;-0.14149081449918072;-0.1341769993455415;-0.1036005843308634;-0.0023211369849228418;-0.0023311094260447638;-0.05622977714814739;-0.000293884566022459;-0.1452257646768791;-0.182191391947955;-0.00396198594847301;-0.10156474155984517;-0.019616595810840572;0.000831544480419445;-0.003972735878010404;-0.0016490185815649483;-0.14613507325961647;-0.03452992196591683;-0.1436841615023933;-0.0009342367254726071;-0.14290673355737363;0.028835272469441117;0.022764213193858462;-0.0019016907824873852;-0.019087675895795544;0.00371118463816509;-0.00011649149071248285;-0.03860727221385879;-0.05119164621584342;0.0078110565610582765;-0.005371300860934038;-0.006213393041230187;0.03488743240353193;-0.014038456536557496;0.04407568208181218;-0.00835905540292264;0.0070700457594284885;-0.0007045844502810403;-0.006391592706492321;-0.006752422821359918;-0.014369866259900548;-0.006362756066830709;-0.0018369086517939092;-0.0001524501338930334;-0.004137570259153284
Luftseilbahn;-0.020112992429499012;-0.01910310247093923;-0.06867399255898539;0.002234434576215644;-0.03915361808886815;-0.014963268334586381;-0.0036065572186807613;-0.004434926853476146;-0.0036556240172198177;0.020759657562411354;-0.0051798011250555435;-0.3200863243330057;-0.0033057768938565416;-0.007960662409734314;-0.005572590287889515;-0.02311269324628203;0.07361609508841603;-0.23286962913042764;-0.36775669674104383;-0.39384638561801427;0.025408894725919468;-0.14981265269351923;-0.13700765247021202;0.06925278179727513;0.024896996007133968;0.015349386558588586;0.01534025182605617;-0.14772268778024444;-0.043126164050869345;-0.7035359798287627;0.10600045513054998;0.005403764352710941;-0.0022354153802136736;0.00420575988008232;-0.013458465316292662;0.023488829168951973;0.049301134883214345;-0.033131433935862466;0.011172432660899442;-0.11291637289743583;0.037450753174609434;-0.0147433902396458;-0.06227236793387635;-0.003137106621260629;-0.1950563401581669;0.0064802067208128795;-0.9634588575840044;0.003095213146792013;-0.05945458424859523;-0.5729749920650243;-0.0016000035681769517;0.008182940362212515;-0.14244912032425264;0.03310704785561945;-0.023345032142325563;-0.0017435013624326322;-0.09149629012281306;0.01210373870420316;0.5;0.05615427996375224;-0.12272478195411317;-0.05591142051984459;0.03675572805408791;0.0008293374110757653;-0.22004779004845545;0.009682990033009025;0.006166579794944809;-0.06669062007103119;-0.17953668200571138;-0.004385655670652415;-0.004404458870113701;-0.10137103697374529;-0.10423283903527944;-0.07753309505594497;-0.000615391001245802;-0.0074750112844197926;-0.17630211323872214;0.008388802300436557;-0.011974220649528048;0.011879557447395855;-0.003117594429781481;-0.1147931929442252;-0.04902966374973949;-0.10785089083191905;-0.315196864562889;-0.17288319621688622;0.05781315803770245;0.05849633345996717;-0.003594480169118569;-0.03869789763780295;-0.09485056618080284;0.009440602471623365;0.009355422054208926;0.003927525529100242;-0.41666425391889483;0.06333302291769734;-0.011699254691573454;0.03763344963328466;-0.026250643558544142;-0.7293888793614068;-0.015709395673774502;0.05635156145634031;-0.0013331934156505664;-0.012032883454431874;-0.012708113017287272;-0.026862495126556214;-0.011978902118867334;-0.0034722328579410372;-0.00028860380453796616;0.015386842737025385
Massiv;-0.020189636207743132;0.0001420141594965605;-0.002788417869098868;4.543916034477266e-05;-0.0015428629279067034;-0.0009629294873949943;-0.00013724051403441414;-0.00016889758067721705;-0.00013911424544553791;-0.03081344055902835;4.713001618767088e-06;-0.017539151215838863;-0.000125758386334385;-0.0003042062658597063;1.3390058385410785e-05;0.00012829405712554116;-0.07216653575943602;-0.011380279303836002;-0.021581468787365662;-0.024046575373233105;-0.042369300334102154;-0.006637759018784946;-0.0059842691024967224;0.000655986162244774;0.05690440325915169;0.02817424424762378;0.0012311603351417262;-0.00652981815437074;0.1884627358359854;-0.08256039821040545;-0.0018175713300337456;0.04848135414710892;0.06497710320224502;0.0072423524164449155;5.289041694691574e-05;-0.0007315305285204304;-0.021643924044851742;-0.0012977433131376702;0.001420748799778352;0.0002622704989132619;0.07803600987036931;-0.0005671286796972604;-0.005639218000413325;-0.0013691472450988802;-0.7318338340718206;0.011104533254188675;-0.4999602975820567;2.6176452515339153e-05;-0.0023913643601168404;-0.04841818110557693;-6.0767303551148745e-05;-0.004330056095386963;-0.006259689035381732;-0.012713127352967892;-0.00019689625293579162;0.050006550831342284;-0.0038045326758104274;-0.00025437052102086596;0.002129427409364017;0.5;-0.005276896666999341;-0.002240750601815192;-0.03701836883554616;-0.013163506656353326;-0.010585400872441062;2.2699387136597184e-05;-0.3009665714568314;-0.12040682563999218;0.0010653038640086657;-0.00016701321028611896;-0.00016773231519212118;-0.0042595097982330195;-0.004393162597163268;-0.13930686625524624;-0.22747585337046802;-0.00028551331418817194;-0.008051166613805052;9.787032823971146e-05;-0.00045936659597988904;0.00021801341106184724;-0.00011857801118183846;-0.19704629592307413;-0.0061754811704027406;-0.2487823862474262;-0.01715462868965482;-0.5663394120347607;-0.003022252061257454;0.0019385780352856063;-0.0001367793506406656;-0.006654245256127847;-0.003958013455679688;-0.020170107687627913;-0.00027997556201531256;-0.003858822936802359;-0.026371859178637987;-0.00631933427418483;-0.0004486980053635555;0.04931167234336094;-0.0010212427857222567;-0.010946000178600436;-1.0028437929162965e-06;7.341004330096182e-05;-5.062097863841141e-05;-0.00046164343305012085;-0.0004878693632549117;-0.001045677459416688;-0.0004595482849211775;-0.00013211192962157682;-1.0947189392745888e-05;-0.008052962001843788
Massnahmenvollzugsanstaltsareal;-0.7952613646460052;-0.1222021011907526;-0.34516463079525644;-0.055893176987336625;-0.2255789949443564;0.011600772991399602;-0.025221533280098775;-0.03086075741514683;-0.025557126587032325;-0.8570032849406347;-0.035884041849331694;-0.770917884049862;-0.023160003682503733;-0.05425006059233148;-0.03851501965098908;-0.14466000067010215;0.07249417686965036;-0.6845363876819477;0.17019517784205293;-0.8228393398621059;0.009234336133957034;0.12526956175329892;-0.5315847412514974;-0.7978369413954645;0.005464000818845681;0.01304825536593181;-0.6472329503470159;-0.5533712210634028;-0.9973688932728101;-0.9443318575662282;-0.810709866736468;-0.17752220626626095;-0.9930181728925184;0.0015319354436358088;-0.08885302072969066;0.06583168478180383;0.09734989159124932;-0.1967545039639456;-0.6545461923729732;-0.47641368876394136;-0.020875573893836666;-0.09663106135532372;0.21485731007283723;-0.6547703337109528;0.03082149066907385;0.005160710145057721;-0.09698600818985481;-0.15611325967321107;-0.31123095642110427;-0.905584552524685;-0.011325910491751426;-0.4504855457596135;-0.5428399138240376;-0.708229508188915;0.04207664797955738;0.03171792997474914;-0.4185754414816438;-0.9311974107984465;-0.8772752180458868;-0.9947231033330006;0.5;-0.2974281738004326;-0.8787351071494205;0.12689093819266878;0.11521272747549363;-0.2732953334208727;0.18742215922218403;0.17494929924279562;-0.6100177425461552;-0.030526902538277667;-0.030654333714613364;-0.44640510127376737;-0.45408551007383996;0.19139480622938587;0.03976835432029613;-0.051085882801436604;0.06821366706767536;-0.2131002958068182;-0.07972595768189306;-0.603299440417901;-0.021866408235767933;-0.024678299048707254;-0.8816678789507588;-0.05308593950232892;-0.7669095808892543;-0.052665094204332276;-0.8833892761870781;-0.9036454481665086;-0.025138901687681653;0.0268835321823252;-0.4282680624528248;-0.7951005072912988;-0.3521248028066755;-0.4220409782391148;-0.836223645962833;0.011719683909297049;-0.07801804873288011;-0.055452929346188104;-0.1615707635602791;0.0046752649256453695;-0.10240478704234583;-0.43817986632927164;-0.009452602563638503;-0.08008963677403654;-0.0842581917756603;-0.1648028553795573;-0.07975498934560034;-0.024301805005808974;-0.002059376265642029;-0.6047977619425173
Messeareal;-0.9017224794555563;-0.24746743649271336;0.12600353977660697;-0.1226875707414215;-0.4076061344533368;-0.021204027337832193;-0.05759837236702954;-0.06995713155491753;-0.058338983480685024;0.1215054746559448;-0.0808135734978583;-0.8882586566330674;-0.05303444156386664;-0.11932905454425592;-0.08644337532267087;-0.2854598077320225;-0.020933510311747155;-0.8367542024911557;0.3497542134467316;-0.916466582257887;-0.03645955179541253;-0.7484532961062081;-0.7283134075135302;0.16680909632503685;-0.2307420428412325;0.011980917922504854;-0.8125207424196873;-0.7453333553662113;-0.9988844494041915;-0.9756517205388394;-0.9100466111200861;-0.1398043087002928;-0.9970323511024719;-0.012175869873970013;-0.1872246077415721;0.2634901804456221;0.2053006004469445;-0.3665308205001231;-0.8173742510930794;-0.6824728798134413;-0.02394036273025613;-0.20170758302909736;0.16059997076767485;-0.817522197541978;-0.9991777535366287;0.004738553234714167;-0.9977588943146257;-0.3040974032456648;-0.5162952591788076;0.15909351872120547;-0.026347096457274885;-0.659454849395953;-0.7371786435549612;-0.8514950727178392;-0.9096857715972216;-0.06119994426797355;-0.6297048410856968;0.033968309672794725;-0.9440885794801555;-0.9977592493981847;-0.7025718261995673;0.5;0.21027690653576678;0.35330894892689735;0.16230518361337276;-0.47043645772231585;0.218148316931978;0.36667168771501885;-0.7870042900223055;-0.06923054141502206;-0.06950795305036178;0.1652723237559617;-0.6627108178741673;0.3576605565945117;0.23131336989147558;-0.11282190552960623;-0.7832736437617893;-0.39013066782436384;-0.1698766954889809;0.22431071185028428;0.0291314707884931;0.21087140263747658;0.13673341000344982;-0.028251506485712327;-0.8859998827141343;-0.998283298710339;-0.9470748559012494;-0.9568092343491584;-0.057415914660693304;-0.9349953422848928;-0.6389140568258561;-0.9016349198085438;-0.5621426477470651;-0.6330152736088565;-0.9234356229680251;0.2116963201207714;-0.1665871450546941;-0.14549998203780534;-0.31281058989962807;0.1184321492144557;-0.21228429310430796;-0.648174036671018;-0.022044678869286054;-0.17057538432284527;-0.17853953003869133;-0.31792090988909927;-0.1699324931412763;-0.05556529127272972;-0.004850960684663247;-0.7833117994951012
Normalspur;0.02552269681871941;-0.018849373994997635;0.004037067176570833;-0.008103657143307812;-0.03864406935075738;0.001934654356591503;-0.003557908152122369;-0.004375152923844662;-0.003606315481207651;0.03366772647058463;-0.005110039312755352;-0.3171273824314543;-0.003261171791871796;-0.0078537434990604;-0.005497567606258208;-0.02280694741363994;0.010758333281198644;-0.2304436733259871;0.0914386879661048;-0.39059730223549405;0.028488751566371328;0.011496181516573159;0.027213954959179592;0.01830935459988642;-0.01767504284217256;0.012379399471280205;0.005711447426166589;-0.1460149267426751;-0.18991719204136198;-0.700685329577437;0.06685096522064307;-0.014711636911915692;-0.050562552820225294;0.003935726183748619;-0.013278694303295894;0.0338146242839744;0.05375486168122568;-0.03269759140786051;-0.2072761567864569;-0.11155832382786353;0.022531288551054556;-0.014546708959922428;-0.04124648013728045;0.01481850079944851;0.0616732132325757;0.006491688878096119;-0.028870615590882096;0.0030566932514274497;0.008341112604779434;-0.011115287902334705;-0.0015783781482737803;-0.10163255751748455;-0.14079225360036515;-0.0076626259005680665;0.00041101070832477634;-0.0051207883325621855;-0.09036961666427815;0.024961221754956478;0.03625815752438722;-0.9629816311644539;-0.1212648928505794;0.012284572943330449;0.5;0.1021943180427427;0.004824173605461382;-0.049337564835572924;0.08376979367220116;0.22176971367810813;-0.17753774646194798;-0.0043265429319059735;-0.004345093795612482;-0.10013616963150658;-0.10296710471334997;0.18097063043625092;0.14029976830168828;-0.007374566620148768;-0.17433153885019906;-0.0360252848010315;0.0019738602229478937;-0.173463879983318;-0.0030755206531221093;0.10653224526934442;0.03786701721297439;-0.011836888718750289;-0.3122623632994027;-0.006523441305030126;-0.5111028180365554;-0.017279307999980547;-0.0035459934308440127;0.06198769761029113;-0.09368684797097662;0.014615726296449678;-0.06977059641739068;-0.09154566523891049;0.03190629153993733;0.29893009793240044;-0.011542707339626026;0.03493505951463814;0.004344220222008588;0.01840174200897408;-0.015500030324589829;0.007884221786951024;-0.0013151694133721832;-0.011871925453649387;-0.012538237428031795;-0.026508491152255665;-0.0118186575620478;-0.0034253894717779145;-0.0002846980224286473;0.014794149727487571
Oeffentliches Parkareal;0.03308689031604801;-0.01574674953207004;0.00688993263875383;0.0019117258579157026;-0.032390783633509;-0.02256987173081066;-0.0029646677719320537;-0.003646144970951553;0.000678245756475376;0.05298994969329211;0.0014796417834161586;-0.2788832559383002;0.0006287492034962655;-0.006548929466783793;-0.004582398569836869;-0.01906556098463606;0.04948001071898001;-0.19959769543202105;0.015067605068100015;-0.34800837721199424;-0.000988380301057311;0.0445504883906193;0.025688182109795937;0.025748006461965057;-0.12115907200465466;0.016812669209450234;-0.17413351730128185;-0.12463976083789984;-0.9775598337858981;0.06970975950525476;-0.02495139078112064;-0.23074042540833137;-0.09013936722880991;-0.0021450958311903866;-0.011082651545044215;0.04110445811943935;0.12798731567167682;0.008580899028915638;-0.004756978760739274;-0.09466810705297486;-0.017553357916149412;-0.012143541600591477;0.18541646916696677;0.013435847156724887;0.02344455199412101;0.006649847544810154;0.12748452740817234;0.0023295933543156675;0.002835282243217135;-0.5243224942428781;-0.001314766187433922;0.008068043653942446;-0.12007413731087242;0.015515213425852157;-0.00339453805172421;-0.09624501842395357;-0.07641151448652168;-0.019543090868527555;0.0006812943294514733;-0.28516428892163576;0.01458245127285117;0.017188815009879198;0.08510392018170583;0.5;0.01327350858523262;-0.04142845390689253;0.27142799106284543;0.4393038849386488;-0.15237130702065826;-0.003605605265414331;-0.003621076215704676;-0.0848102140455592;-0.08724988144747867;0.44042594310165495;0.3288532977105871;0.0011236190243909638;-0.14953695438240774;-0.03018245977688981;0.0020142167036340665;0.030103725111347953;0.0009769443833489103;0.2771719901898632;0.13944509354557844;0.17002457463005827;0.04058799179752474;0.17657754274084053;-0.46540924230761976;-0.5187145829694637;-0.0029547338028207523;0.0713294661207832;0.016645908600257175;0.03493709448143129;-0.05878850431675819;0.009324409017292387;-0.3697906966691696;0.09035180206503589;-0.009630961461825079;-0.12491252485771918;-0.02166622924269626;0.05727443068499783;0.0037017472657187344;0.0020655199445001695;-0.0010954688824747203;-0.009906199710477025;-0.010463353554687969;0.0023582390156524596;-0.009861663767566198;-0.0028541817706340257;-0.00023709802918084105;0.04115188390882914
Oeffentliches Parkplatzareal;-0.6582371150137512;-0.06457167363043721;-0.20720583946212676;-0.028518047375289134;-0.12620548676699156;0.012684935989779333;-0.012667081494402923;-0.015544046281660695;-0.012837827476058942;0.060209762776544454;-0.018120806788632416;-0.6252781981103583;-0.01161948171728178;-0.027656115613968912;-0.019475712926272887;-0.0773719799055937;0.0065305163654408565;-0.5182943051510709;-0.6733850109534021;0.1336997018533528;0.03812723930703976;-0.3844545274462712;-0.3600882481893169;0.09030987677259737;-0.0946327363126923;0.014070790000504882;-0.4763700646269024;0.08121593135399689;-0.9947078662852908;-0.8937452298997766;-0.6798626671177065;-0.15178689535912787;-0.9860186333092669;0.003463161524828527;-0.04612360545231817;0.23956166588717004;0.3097040245854321;0.025058580517263937;-0.4844037269880253;-0.3109024000914628;-0.010176311120331995;-0.05036795813964229;0.0409400593308958;-0.4846513449664567;0.05549158927535251;0.005565162866836705;0.0866838576834355;-0.08402112217607859;0.03527029090778245;-0.030365335050891534;-0.005648165857640756;-0.2890098828669096;-0.37058505833999983;-0.5461959109718215;-0.6789042600125786;0.008407522390215534;-0.2630622658302967;-0.8703143879549354;-0.7799522099515446;-0.989414599127559;0.05712784576688015;0.0340699231756725;0.017333777120514635;0.057270793338006845;0.5;0.03210015528554506;0.2524737386239191;0.16616028743179798;-0.4368141748204476;-0.015373260745223345;-0.015438442064607738;0.05956769760345705;-0.292005149620524;0.19470427556749706;0.12891774167396403;-0.02600040779511238;-0.43138150960016464;-0.11838364276599574;-0.041187337907298664;-0.4299006178811633;-0.010963244482372155;0.1103864639438542;0.0740402208823131;0.052707972118219724;-0.6199777779535045;0.031305197666803536;-0.7897528259241081;-0.8230156468981298;-0.012625048477037805;0.044090467538908586;-0.27083120399421634;-0.658014896770228;-0.21228594711661425;-0.2658289242641559;-0.7168532301020987;0.10033280365703723;-0.04026888721287972;-0.09003665569701824;-0.08721886095026009;0.11608615217141173;-0.05354128559152116;-0.27887661055242047;0.0017540494912092223;-0.04138312401435355;-0.04363261470025406;-0.08912170272353251;-0.041202964313653875;-0.012199434242588254;-0.0010221961232641582;-0.43143664765200745
Offenes Gebaeude;-0.9117267930237586;-0.2701674837954284;-0.5836085773039433;-0.13601034302678203;-0.4364756118193668;0.009106579323813936;-0.06437165310430495;-0.07806335490385471;-0.06519333153367013;0.12953298934391813;-0.09005596767023326;0.11161432215115125;-0.05930480078834938;-0.1323421375609024;-0.09626220341175425;-0.31020828247916654;0.053797812288095055;-0.8522886969871749;-0.9170550885046939;-0.925094675281106;0.025229976871341583;0.1401201732129012;-0.7510975635829474;0.6460973872769009;-0.0026187199228165092;0.011847417146061908;0.13411313266222877;-0.7671465249189694;-0.9990088799504886;0.13369995142903437;0.2224598892090762;-0.01928500131398135;-0.05696990460875017;0.002873401084748188;-0.20591066968526692;0.17473319713529745;0.2261252154388029;-0.3944280910477363;-0.8343879370978384;-0.707557704827615;-0.0013474295582665305;-0.22144529704205462;0.16856269854612838;-0.8345248909472208;0.044951241971555186;0.004341728839190781;-0.07497272429982241;0.1710517069220676;-0.5457706023143863;0.061328752339104495;-0.029560658211898294;-0.685520185811256;-0.7594648800461226;-0.8658517113802708;0.10318483835367347;0.006931606697489311;-0.6568624060983418;0.13270119520418128;0.18405126633080496;0.011377935824100351;-0.7267046665791272;-0.5295635422776842;-0.950662435164427;-0.9585715460931075;0.17214145787090374;0.5;0.13618424066969262;0.10124341360183135;-0.8061763734055054;-0.07725956574289662;-0.07756646908876565;-0.6819528309301299;-0.6886446054252159;0.09982783973109606;0.09108552061889293;-0.12522627390671465;-0.8026973428557445;-0.4186371021153293;0.10545607174288865;-0.8017390456404908;-0.05610830825050763;-0.030062168390494415;0.16513121401088912;-0.03900483004664219;0.11307786901454228;-0.03732715257248864;0.07397744397803722;0.16913412483810766;-0.06416920025482238;-0.9418310877661704;0.2271304019682466;0.1492452412477613;-0.5910371916442356;-0.6600611168369463;-0.9313977726001251;0.07197492228258387;0.06278505236056556;-0.0199731187381155;-0.3388059523183751;0.13937914677145405;0.0885209438170331;0.2710810002122555;-0.024746811423755434;-0.18798408639892839;-0.19656841153954258;-0.3441282829084249;-0.18729039841251427;-0.062115250003671844;-0.005457329237659328;0.2023715662587682
Ort;0.00057078912092328;-8.928353199050519e-05;4.609574299944625e-05;-2.600513017128448e-07;-1.2428590375774372e-05;0.03625483310262373;-1.3231774324597434e-06;5.581105524194227e-07;-6.982073759684232e-07;0.000985824038554506;2.693884616455959e-06;-0.00012288983773828022;1.887265161542329e-06;6.296792351351705e-07;-1.725791802107234e-06;-0.00010846473899863403;0.01883144513734455;6.235883091221126e-05;0.00037965575136448204;0.0003294288680246005;0.014949353370976205;0.00015565329321601007;0.00017402777253834874;0.0003792924775864534;-0.13106229717099577;0.049255002030292344;-0.00029641276609175863;0.00013008024340971272;-0.1955806429674527;0.0006915545900727948;4.120305819486529e-05;-0.07160961046267122;-0.025058889200143486;0.008479253793927917;9.48209659917692e-07;0.00028713632471926863;0.0030760847262281234;2.551359274145296e-05;-0.001213804801015089;-4.868380513915523e-05;-0.014029235074744234;1.0474773179602553e-05;0.0013325069770793458;-4.486399865905683e-06;0.038381931032553426;0.018550619158862542;0.00012753427062609996;1.4338833804220715e-05;5.433725788526503e-05;-7.657476238389405e-05;1.193217472670579e-06;0.0001188486338844459;-0.0007610248447462961;0.00029100315734875145;-4.95824655456576e-05;-0.008278974469297656;3.853003501059636e-06;-0.0012282625978704814;2.8273133940094125e-05;-0.03638881214199222;0.00012021175562767593;5.9233752167593855e-05;0.0003893465573448288;0.0015148886431388354;0.0003265839401865181;3.2849375952995274e-05;0.5;0.028976264172839827;-0.00014016202128659967;2.5027676689517665e-06;1.5311091823535252e-06;0.00010971180817285547;8.404163038316676e-05;0.05186361264215899;0.1078592826847521;-1.5652385728710457e-06;8.91196255328639e-05;8.479662576952237e-06;8.737911124424823e-06;2.3214792479890794e-05;2.4442913852637767e-06;0.01129679898293234;0.00126564639548309;-0.00380032262278212;-0.0001802642996450385;-0.0020337115385586015;-0.00044699593790673714;-0.00029082130863115993;1.4950437042506589e-06;0.0011193192032303094;0.00011064374526037803;0.0006401703708614468;-3.0662973573963193e-06;-3.522039913735996e-05;-7.642897397256e-05;0.0008604354054940125;4.256327538376323e-06;-0.15557096956233896;-1.1890639840747462e-06;0.0010404269518791648;6.0284848925744796e-06;5.429434663938004e-05;8.173476676660855e-07;5.751641108160927e-06;-9.074024633258078e-06;1.658447389399053e-05;9.101352883794427e-06;2.3151848546583625e-06;1.547864160010142e-07;0.00018231383986074852
Ortsteil;0.006442886254667527;-0.00132375998448457;0.0009627269622052433;1.7252703695906457e-05;-0.0027657893304580817;-0.008933298712874063;-0.0002462969162477951;-0.0003031022362429507;-0.00024965921235049;0.006979211553727195;7.282368739502147e-05;-0.002407211113731834;2.9512260801057997e-05;1.7535208647229896e-05;-0.0003812610179805241;-0.0016077232356357528;0.027245473490071774;0.0009195028021668565;-0.03808188543024348;-0.04235014478262232;0.03282229488293942;0.0034303122007150193;0.004781294260192224;0.003288179566679259;-0.19554071171838355;0.025008705411489467;-0.017169266020729875;-0.011659418425992829;-0.7830452704880642;-0.00034958906960192777;-0.0027299569521787004;-0.15192812560794425;-0.15048515279500516;-0.007161078801536081;-0.0009276434764738429;0.005903834662904091;0.03245795040312945;0.0004655569217173025;-0.01772089361079286;-0.0007981858254688374;0.03695200089104677;-0.0010174425501170588;0.013358582406238198;-0.0009023438790210451;0.12736809891458062;0.009265430033934012;-0.03691252770775795;8.22621886862318e-06;0.0012046273884647291;-0.010652058776005077;-0.00010906188502695353;0.0016637742808128435;-0.011179473096793957;0.0029895842477288084;0.0004318388665403356;-0.08663219050604676;-0.006807913321454264;-0.017290814351983937;-0.004539089460728236;-0.21611012618144454;0.001665760663457274;0.001477982006225783;0.01530120102539657;0.03639699368240542;0.0031906578859462018;0.0003625279052594002;0.43014688709443955;0.5;-0.014674980182795623;8.869780947735804e-05;-0.00030101133895710344;0.0004850012479778735;0.0006727254865915191;0.45372313850250545;0.38198902376210647;-0.0005123324094526947;-0.014358612803570418;-0.002571856208091975;0.00011482930598342716;0.002691547375631675;7.897794429494068e-05;0.12669525989019792;0.01790907707171094;0.04509996772398798;-0.0041319372486314674;0.0031840324382697463;-0.007382075931140674;-0.00458451779661436;-0.00024546938528491997;0.018846791254309943;0.0019180394948488141;0.004491700310846353;0.0002155183339993667;-0.0069047644385475835;-0.010770645051223587;0.0205150521283867;8.209220461893674e-06;-0.09588533118881039;-0.0018314734622629342;0.009998440673033132;0.00013070232964576865;0.0003743353654771566;-9.085253995439132e-05;0.00013044356474396657;-0.0008753045394558783;0.0003387798515543142;0.0001370700861472274;1.93003269575574e-05;-1.96482041890138e-05;0.004467154268630502
Pass;-0.7129080303990307;-0.08172575171227225;-0.25204236241915395;-0.036467533820544754;-0.15698532310107904;0.012102912831921378;-0.016272075099509245;-0.019951265843239658;-0.016490602991195924;-0.7930211527501162;-0.023241369875229036;-0.6826797918820762;-0.014930841828953165;-0.035374084822809244;0.00751780358860436;0.021250838039588226;-0.14248239681889271;-0.5811051194745527;-0.7266390809976717;-0.7480647003757758;-0.1896730694293682;-0.4460652783908563;-0.4204614504303468;0.15424408208532558;0.06458941537838599;0.013634793584628227;0.06641883604248865;-0.4419910142150613;0.16214546362160656;-0.05086186269694759;-0.7324801572619867;0.04184011754120653;0.20622319869750405;0.003416063191703621;-0.058684238078391994;-0.5402153887665722;0.10360566927193497;-0.1353933508925742;-0.5477778855940825;-0.36776846340151403;0.04776094507669325;-0.06400687674620886;0.040596964889340545;-0.5480234661247051;-0.10710031594113108;0.004740303904676183;-0.9917689830727369;0.0225027701944623;-0.22413020752185123;-0.8597830414198094;-0.007270317247587083;-0.3438698592938896;-0.431531359213586;-0.60811936610963;0.29153411934738493;0.02702013376550666;-0.3151802676070771;-0.8963994156691365;-0.8204633179942887;0.12838062909632342;-0.38998225745384496;-0.2129957099776945;-0.8224622535380521;-0.8476286929793417;-0.5631858251795524;-0.19382362659449467;-0.1397033212827577;-0.9853250198172044;0.5;-0.019733027926324788;-0.019816322263341474;-0.34015733729231296;-0.3471560759359104;-0.19154918056040585;-0.23139535877790138;-0.033272130887374914;-0.49447145395897;-0.1475780237619531;-0.05247765443840495;0.04337200785874905;-0.014090253928002157;-0.10936759276412357;-0.8264872455663314;-0.20016649208252563;-0.6777728926692037;-0.9936861189673494;0.06781735401331083;0.019077668930405446;-0.016218276175812073;-0.7956167916417995;-0.32381206956323777;-0.7127058446912008;-0.2578641889644486;0.04210340558433165;0.011542121030028274;0.0990580198540344;0.03483006303198643;0.09751307382727942;0.022982767308998314;-0.057892277640438854;-0.06797798454162762;0.07588731289085086;-0.0060636911819708745;-0.052724158429407655;-0.055554395244801644;-0.11201673143358118;-0.05249732983821836;-0.01567345031940247;-0.0013175309002637818;-0.4945276427468349
Personenfaehre mit Seil;-0.991958622414353;-0.8155379548582812;-0.9436292008682072;-0.6527949127316391;-0.9024456781573619;-0.023578597310507207;-0.4510652123468145;-0.5028053384636283;-0.45442551817386967;0.23457815850283215;-0.541709218670537;-0.9907298810884637;-0.42953424361340364;-0.6456037504470157;-0.5598895274111215;-0.8430410699165424;0.19587871315259625;-0.9856964803418115;-0.9924839351278486;-0.9932661281609546;-0.999818595387946;-0.9756114260282431;-0.9730027472705747;-0.9920844105356678;-0.06824309622790461;0.007952292502469078;-0.9831273174429573;-0.975215636572189;-0.9999169396895597;-0.9981472207910903;-0.9927015907172312;-0.999969830218562;-0.9997786585586445;-0.03545205553928195;-0.7559170847277872;-0.9831554645692007;-0.9979647748748437;0.6894498643041818;-0.9836529807714436;-0.9665515459429685;-0.009595902375727647;-0.7725758781916735;-0.9966869209064837;-0.9836689149802093;-0.999938794805839;0.003798833523309788;-0.9998329602687254;-0.8545456777613104;-0.9348548629667063;-0.9967278168272748;-0.2667592948779375;-0.9630106805057675;-0.974166879421248;-0.9871939028446772;-0.992669643125664;-0.012787983815705192;-0.9580941370390933;-0.9976788630150772;-0.9956143443293476;-0.9998329867897139;-0.9694730974617223;-0.930769458584978;-0.995673457068094;-0.9963943947345857;-0.9846267392547767;-0.9227404342571034;0.12392175492547579;0.29584587720934574;-0.9802669720736752;0.5;-0.5010742866288384;-0.9624185198925392;-0.9635248670420097;0.2543667192445289;0.04049205428605561;-0.6309592658084119;-0.9798346113764855;-0.8958374675762588;-0.7334246861144272;-0.9797149261411751;-0.4151901147606165;-0.999319778935491;-0.9957916380675073;-0.9999671127794266;-0.9905203859567745;-0.9998721087047986;-0.9958606521924844;-0.996653695711244;-0.4502318174573114;-0.9948554120168137;-0.9596595327507876;-0.9919507403559479;-0.9452375724651585;-0.9586615021061711;-0.9938707737553124;0.32660535735506757;-0.7288031893703396;-0.07651219333236012;-0.859549995617813;-0.9983683736769797;-0.7836997758044622;-0.9611936538660957;-0.23257585162512856;-0.7343906745352855;-0.7450332531276419;-0.8623831782942403;-0.7335020286025682;-0.4416524630834507;-0.06150573943554625;-0.979839052314867
Personenfaehre ohne Seil;-0.9919242726903608;-0.8148906324759164;-0.9434001856049213;-0.6518203086039166;-0.9020667128530919;0.014810546253778966;-0.4500014394129086;-0.5017310727027855;-0.4533603654615891;-0.9947510649960943;-0.5406422163714862;-0.99069033190615;-0.4284816128723032;-0.644619949722157;-0.558830381020515;-0.8424716199280428;0.1261978609161424;-0.9856357684659606;-0.9924518122661421;-0.9932373255301674;-0.9998178143296061;-0.9755089713121715;-0.9728896382012252;-0.9920505938249644;-0.0677744672921816;0.009608109982486073;-0.9830558881052188;-0.9751115615880088;-0.9999165820285489;-0.9981392568308285;-0.9926703912224528;-0.9999697002993783;-0.9997777055859417;0.002466293106436152;-0.75512336062852;-0.9830841523401119;-0.99795602829751;0.6357895719608652;-0.9835837396340933;-0.966412341596245;-0.12803409980485211;-0.7718199738864795;0.20798847087650527;-0.983599740210162;0.09974417502290032;0.0038000798343042633;-0.9998322410496477;-0.8540107387855836;-0.934592671440141;-0.996713771807824;-0.2659196198707311;-0.9628573062209153;-0.9740585176242536;-0.9871394639140113;-0.9926383080729889;0.009557751142817586;-0.9579212673372994;-0.9976688905739552;-0.9955955411298864;-0.9998322676848079;-0.9693456662853865;-0.9304920469496382;-0.9956549062043876;-0.9963789237842953;-0.9845615579353922;-0.9224335309112343;0.07548609341209128;-0.9996989886610429;-0.9801836777366585;-0.49892571337116154;0.5;-0.9622627864621612;-0.9633735437160539;0.08143864323489308;0.06685078766619684;-0.6299581132576147;-0.9797495297196065;-0.895435806020887;-0.7325836949044003;-0.9796293500076201;-0.41414711639984625;-0.9993168516332397;-0.9957735917760604;0.09177477439951026;0.2696901552422372;-0.9998715580245757;-0.9958429006118291;-0.9966393336183246;-0.4491684017336624;-0.9948333718324367;-0.9594928475874782;0.25947274417081173;-0.945014710713554;-0.9584908714928501;-0.9938445413334313;0.2972157371366058;-0.7279530263457277;-0.0005523191959479674;-0.8590304250016535;-0.9983613587566078;-0.7829704583207275;-0.9610330502366734;-0.23180975869441028;-0.733551623687314;-0.7442161123376644;-0.861872404299122;-0.7326611924526512;-0.44059307142994564;-0.061258162680242596;-0.9797539890080018
Pferderennbahnareal;-0.828088889021891;-0.14722498965804168;0.07431009957235683;-0.06839618062633021;-0.2653705831598279;0.019674559599074284;-0.03108938996216231;-0.03798946352738016;-0.03150053684954385;-0.8814074612671466;-0.04412028014803471;-0.8066998788576453;-0.028562293538012106;-0.06641136295061963;-0.04732548751860874;-0.17337324215373742;0.07489038024245617;-0.7290691204914005;-0.837566242588484;-0.8520675824474204;-0.04347487912017454;-0.6096905401866288;-0.5846067571310244;-0.8303396026957252;0.11542643442299493;0.012763613743738163;-0.6946829277114552;-0.605756090252356;-0.9978772598167811;-0.9546214767340084;-0.8415539089861488;-0.9992279597624721;-0.9943624077660042;0.0032762918781412457;-0.10788643247969262;0.08003035443054658;-0.010178828899645574;-0.23299125878552784;-0.7014662034820578;-0.5301610947690486;-0.0394929375838535;-0.11711646237589789;-0.921551815883683;-0.7016737768979538;-0.9984349625526627;0.005048126390116682;-0.995739816578732;-0.18660387524495348;-0.3591248885832675;-0.9224479982538977;-0.01400736908889013;-0.5041242226500109;-0.5955572147676862;-0.7506359773814053;-0.8409663312839004;0.06341435140320632;-0.4716759217867368;-0.9437702228518525;-0.8986289630262546;-0.995740490201767;-0.5535948987262327;0.08676697135527374;-0.8998638303684934;-0.9151897859544407;0.14897944610498223;-0.3180471690698701;0.2121242405908161;0.06316920219552807;-0.659842662707687;-0.037581480107460846;-0.03773721353783876;0.5;-0.5077567595911731;0.19393935472714313;0.07498451745985649;-0.06258480650421952;-0.6548615196300813;-0.2514052654131018;-0.09701240825609464;-0.6534951443232424;-0.026975287318413765;0.06850932005506995;0.09312805147880059;-0.9991584771310227;-0.803157800050034;-0.9967351262917208;-0.9037958552985105;-0.9208249547757956;-0.03098814505471087;-0.8830581342003788;-0.48157969625856767;-0.8279482433980603;-0.40263302984359833;-0.4752217626579018;-0.8636097403987996;0.1240211217513981;-0.09497240125020165;-0.12705290412551648;-0.19288365839067562;0.35989803340267656;-0.12394625574790608;-0.4916642921256603;-0.011695794025925726;-0.09744659171525243;-0.10241797184257234;-0.19659526324684976;-0.09704707085367259;-0.02996226158974443;-0.002552606856416783;-0.6549123226993898
Privates Fahrareal;-0.82362652661224;-0.1433717275685132;-0.38789110842328545;-0.06644532008670685;-0.2593656072765454;0.013270076102623922;-0.030168170197355775;-0.03687156604400647;-0.030567518606311246;0.10121784133901465;-0.04283000613545505;0.061854892513669185;-0.02771381315218178;-0.06451319484043354;-0.045945984441357515;-0.168971214654106;0.030991782324583855;-0.7228965617446437;0.11550912427923629;0.2723087137367204;-0.009869579407665743;0.27148854522350657;-0.577052267223042;-0.825923381613043;-0.021184349979622433;0.012803888039405461;-0.6880621452218408;-0.598321954319752;-0.9978105060957406;0.06599696576515407;-0.8373724220043607;-0.13452860159278782;-0.9941857666631874;0.003286630434991612;-0.10493606914671882;-0.6884265242756429;0.07141323003028159;-0.2274920883876649;-0.694927918744997;-0.5224253210050686;-0.03883988882641364;0.032110441046419476;-0.9192790180387351;-0.6951380625133984;-0.048178521364722074;0.005064055936732009;-0.9956061427364586;-0.1819398541377109;0.1065602706383742;0.0973452230722741;-0.013585215234751992;-0.4963669981711523;-0.5880615450973872;-0.744782769056537;-0.8367723454188646;-0.006531925277251462;-0.46395084263706626;-0.00478190269340568;-0.8957671609647205;-0.9956068374028367;-0.54591448992616;-0.33728918212583264;-0.89703289528665;-0.9127501185525213;-0.7079948503794761;-0.31135539457478406;0.1575271602649505;0.08494238768781673;-0.6528439240640896;-0.036475132957990375;-0.036626456283946195;-0.492243240408827;0.5;0.11698871224404411;0.12319871568185507;-0.060788887485892784;-0.6478149954696881;-0.2456106511565099;-0.09432797350111909;-0.6464357851194135;-0.026172680867146084;0.14253836288811886;-0.8995737124990427;-0.9991319787495349;-0.7982059924727569;-0.9966325771496207;-0.9010638601722548;-0.9185329599602089;-0.03006983220580494;-0.8798155428888143;-0.4738378890325086;0.05651654645624884;-0.39519289343511826;-0.46748999660521207;-0.8599134281384136;0.23624117814172194;-0.09233864318832057;-0.11619400528610986;-0.18809897574867385;-0.9586152564180106;-0.12061608468397761;-0.4839116934906536;-0.011342504967123959;0.027807605410075695;-0.09960045805437283;-0.19174038275307964;-0.09436177717914007;-0.029073437970028055;-0.0024748099341272336;-0.6478662780232443
Quartier;0.0048435364999143025;-0.0007915451216026677;0.0005358029384116801;8.022664689773619e-08;-0.0016547703108004746;-0.0034547828837054157;-0.00014720991462466497;-0.0001811661915031473;-0.0001492197369806768;0.006269806254794896;4.009027640367305e-05;-0.0009158123185802086;7.287381135886002e-06;-0.0003263004042441706;-0.00022788937482452312;-0.0009614514679534156;0.03791865138294937;-0.0004866334674724756;-0.003223725950640305;0.005905360888578435;0.020227414103748374;0.001978998560039602;0.0028926690222818964;0.0023492588288095283;-0.1888196967127844;0.027762411297264922;-0.0020974222135900717;-0.007000904577767268;-0.6832449056778296;-0.00026744315817452585;-0.0009217220786382511;-0.15939807188413774;-0.15342656028170978;-0.003962108329031899;-1.6485761780265867e-05;0.003291076210003457;0.024877520888085203;0.0002471424785147391;-0.010666658774231978;-0.0006395026458033944;0.007919810862318447;-0.0006083069399097344;0.010992873820748636;-0.00032406916342484073;0.0853969373224162;0.010940033179370236;0.007241621400082663;1.7590569568383108e-05;0.000634012987979365;-0.0021655058645351907;-6.518191316659747e-05;0.0009415792605094208;-0.0067114189486791745;0.002063855718392406;6.100361772518097e-05;-0.08859174564333301;-4.915724753276087e-06;-0.011184487528004204;-0.003153741935879584;-0.14942786034034317;0.0010890945590204281;0.0008615844703472503;0.007462192179551203;0.02180762685623698;0.0022344134595966274;0.0002136295767743572;0.46012115576096585;0.27116021691320863;-0.0017049567093046767;4.557668215291801e-05;1.4654775766261993e-05;0.0008898943626268729;0.0005537228206000228;0.5;0.32331100172080146;1.5812564209333192e-06;-0.00025054639314275363;-0.0015386200294448572;7.211595621465002e-05;0.0012872500162209755;4.233384886051287e-05;0.09024837207150395;0.011296874152256319;0.05300366164818048;-0.0021516820296334643;0.0048718151099742665;-0.0061795526458177045;-0.005687235583733885;-0.00014671525639870243;0.012715552682198993;0.0013072706261974723;0.003474211190961263;-0.00012102664799057482;-0.00036961864045980937;-0.0013234869057977758;0.013038556907740412;-1.0165608242627819e-05;-0.13435647155653782;-0.0010953573707822037;0.020329756641505034;6.793108229343759e-05;-5.091834712996328e-05;5.920756774681963e-06;7.778395409924923e-05;-0.0005232957509343735;0.0002077062515998541;7.134206055829301e-05;1.7550119503516633e-05;-1.1742520886743547e-05;0.0022296352430015193
Quartierteil;0.0019263002157578648;-0.00040804840282131503;0.00016832677288808041;3.968648546918735e-07;-4.746529866904567e-05;0.01655530743567493;-7.586429118630339e-05;-9.336511717264683e-05;-7.690012343528093e-05;0.0037269425472523715;1.47959597196829e-05;-0.0009580601567227698;9.38196207017427e-06;7.164549488080044e-07;-0.00011744685860684265;-0.0004956774394502615;0.03712925970064676;-0.00033248570185435847;0.0003445702225228574;-0.0001340541875147615;0.018165088739581566;0.0006439669440278152;0.000982052368754379;0.001155571673082102;-0.15070869536979137;0.032204624123212885;-0.005351150747521581;0.00013678044716674496;-0.5264103110620175;0.0018902653947106979;0.00035007321347148176;-0.13503550185469437;-0.08041322651697166;0.007473139829842524;4.121841123566491e-06;0.0012875079518015757;0.01362938866268252;9.699825093778525e-05;-0.005525211279624222;-0.00038441543565731424;-0.00411139225578085;4.398413691140912e-05;0.004159733623308277;-0.00013501273454031573;0.08518797415554398;0.012030288024891074;0.0015699792461427112;7.028860169674057e-05;0.00021218682723468684;-0.0023796449741686995;-3.359001358076017e-05;0.00046209897476927455;-0.0034697544910023328;0.0009998478950353834;-0.0002684174141616068;-0.013030172493074237;-0.00019080468925100172;-0.007230521581515118;-1.2899103533241308e-05;-0.12573717922476446;0.00011661177733725519;0.0002871421217913252;0.002981155564525678;0.00839087151386523;0.0007623775424244686;0.00010044501944139996;0.49310149579395823;0.11764007269215221;-0.0010613461695263664;3.738708313130038e-06;6.199041329068218e-06;0.00017730193099075285;0.00030048583054957163;0.166605693371397;0.5;-5.204580829270883e-06;0.00022364214090368601;6.594128077448491e-06;3.48421794150646e-05;0.00025908110741509243;1.8584111197344972e-05;0.041912483721807316;0.004906407255792061;0.03599099199840421;-0.0011516514370605473;0.009218222724777212;-0.0016996433870410327;-0.0010151057820650604;1.2163978480657147e-05;0.00478642308999126;0.0005444983003573963;0.0024794719530840123;-0.00015217357772922903;-0.00014061661267851438;-0.000937900317502649;0.0037559799744160266;-4.810132380981471e-06;-0.16813030746315255;4.333898694862125e-06;-0.0015869276190043898;1.4107773740176036e-05;0.00018609010212545916;3.2038036563510374e-06;1.2499981548683683e-05;-0.0002697284334872344;7.440180722421082e-05;3.468161212741317e-05;9.615888240813935e-06;1.274582183346726e-06;0.0007452232606673096
Quelle;-0.9863294522354802;-0.7211292475488846;-0.9073288491441631;-0.5237354214744185;-0.8440090008548404;0.006926945687038666;-0.3246020716799267;-0.37165746813729617;-0.32758247974566623;-0.9910970536903366;-0.4087563862350121;-0.9842542140613056;-0.3057454147303365;-0.5158536872340045;-0.42662842248790633;-0.758541009990963;0.13966892741190617;-0.9757906363216399;-0.9872177587490159;-0.9885416727958685;0.007484002313078568;-0.9590116506144186;-0.9547098333996251;-0.9865421006214313;0.009572829601423949;0.01001490886986528;-0.971493666445936;-0.958357970391785;-0.9998579978349924;-0.9968364115832462;-0.9875860085537597;0.026987917560437138;-0.9996216257861416;0.0025707141523565002;-0.6443029003879918;-0.9715406591104941;-0.9965253376731006;-0.8198167559570417;-0.9723715870774852;-0.9441383589485598;-0.0003986674806366579;-0.6652055432987511;-0.9943488240922971;-0.9723982092240778;-0.9998953603129996;0.003960972330740444;0.0018268920533375294;-0.7745831360670389;-0.8935416724902719;-0.9944184193415079;-0.1754531982049865;-0.9383760983435551;-0.9566276018838404;-0.978302264849277;-0.987531949583913;0.025479446476571233;-0.930421753653107;-0.9960380140515269;-0.9925249887155801;-0.9997144866858118;-0.9489141171985634;-0.8871780944703938;-0.9926254333798512;0.18161226021680257;-0.9739995922048877;-0.8747737260932853;-0.04532945985297286;-0.9994876675905473;-0.9667278691126251;-0.36904073419158817;-0.37004188674238525;-0.9374151934957805;-0.9392111125141072;0.005161701278447294;-0.03296909057127882;0.5;-0.9660091460914755;-0.8341697481940135;-0.6167399762528274;-0.9658102674474506;-0.2934089776533662;-0.9988375682087426;-0.9928262723242285;-0.055946385974361725;-0.9839007535933524;-0.999781360520779;-0.9929435717224814;-0.9942922855831993;-0.32386447842418076;-0.9912361530902414;-0.9329485097569754;-0.9863161286491816;-0.9098740206276056;-0.93133692584993;-0.9895660788729697;0.14280469469751386;-0.6111680339462071;0.009500890971520655;-0.7816355504179923;-0.9972135895302994;-0.6794018614944126;-0.935430085852474;-0.1505674340474519;-0.6179085134432003;-0.6308724474559994;-0.7856484912842735;-0.6168334863170917;-0.31630767999715576;-0.036916535128733656;-0.9660165261539412
Rastplatzareal;0.05486671947651461;-0.08340084145713116;0.03904263113018508;-0.03725262200376392;-0.1599343042978152;0.017744401655756904;-0.016629891007498523;-0.02038830879102283;-0.016853141908633462;-0.796627574728938;-0.023748737828339903;0.059647499555535485;-0.015259622094867652;-0.036136515640063066;-0.025513514193459198;-0.09953655581766564;0.018035344790449423;-0.5864785598580904;-0.7310098200563355;-0.752209687509751;0.023915683319199153;-0.4515360203593991;-0.425859588667787;-0.7206237943021525;-0.016013482213333298;0.01364967095723035;-0.5452822467118572;-0.4474521507508226;-0.9959799966000751;-0.9172683553180125;-0.7367913332456577;-0.12898185433565026;-0.9893571449717431;0.0035037505383760776;-0.059917873888122905;-0.5457032894777062;0.03359535141280544;-0.138003123873259;-0.5532501691592109;-0.37292541889885783;-0.0019750775779507892;-0.0653446356206063;-0.8609427881481949;-0.5534952002751284;0.013295603809198916;0.005398591186275728;-0.11040427645507914;-0.10786776990492417;-0.22799937693402209;0.018432641938359758;-0.007431683781937776;-0.34887662305904793;-0.43696446137227546;-0.6133768313697212;0.05289188068462653;0.006085505874771915;-0.31997301860355304;-0.8984352584401548;-0.8236978867612778;-0.991948833386195;0.04458391878313814;-0.2167263562382106;-0.8256684611498011;-0.8504630456175922;-0.5686184903998354;-0.1973026571442555;0.09081428997473896;-0.9856413871964296;-0.5055285460410299;-0.02016538862351446;-0.020250470280393486;-0.34513848036991873;-0.3521850045303119;-0.028777930325457085;0.0498489124314331;-0.03399085390852452;0.5;-0.15038181189321795;0.013839040053991761;0.09341946144651692;-0.01440079487002725;-0.9679845079898248;-0.8296358212823882;-0.008493010107808181;-0.682583647163893;-0.9938233653288207;-0.83196988236989;-0.8597398258438749;-0.016574929001428755;0.005275805529371049;-0.3286730827016379;-0.7172126622876761;-0.2621189686910281;-0.3230758137844684;-0.7694348084324827;0.17154759905687697;-0.052408378003321245;-0.11624472687294372;-0.11186224648827499;-0.9264318954056359;-0.06939258727672314;-0.3376411160921936;-0.006198443563464152;-0.05383967003589959;-0.056726201729465506;-0.1142354432489003;-0.05360831391041758;-0.016018317071821796;-0.0013469531002198352;-0.5000561955884705
Rodelbahn;-0.9348244572103213;-0.3395271127040919;-0.6606014230129503;-0.17939391982713915;-0.5182150905486239;0.006994753171120409;-0.08721100347324545;-0.1052142990120853;-0.08829670445447496;-0.9567670895766196;-0.12083134466407838;-0.9255209720535182;-0.08050108628416698;-0.1747923696118672;-0.1288581331642952;-0.3844328252007406;0.009991879662848691;-0.8890463015106304;-0.9388520521582465;-0.9449058543196883;-0.007698292209332283;0.3135624245746132;-0.8073442574888545;-0.9357861177714966;-0.019756516581065264;0.011492227067681873;-0.8713822846452802;-0.8206325804492397;-0.9992861003597061;-0.9842866653199949;0.29794431430622453;0.03693540883241078;-0.01295289492622173;0.0029499292737562494;-0.26475813575564733;-0.8715724940711028;0.0977991815251483;-0.4749296066753825;-0.8749464998752661;-0.7706389458771215;-0.018442511921642302;-0.28314936860176304;-0.9722061256209672;-0.8750549360409872;-0.06419240076077602;0.004545268181152865;-0.9985652162165395;-0.4058619429421266;-0.6252675010514213;-0.9725408817713442;-0.0405846643080047;-0.7516867796507967;-0.8142882537803509;-0.8996316579602507;-0.9402831716504433;-0.02569575294651192;-0.7266543458391342;-0.9803834041891595;0.22143123437340365;0.06812554497293821;-0.7868997041931818;-0.6098693321756362;-0.9639747151989685;-0.9698175402231103;-0.8816163572340042;-0.5813628978846708;0.04881888967586163;-0.997428143791908;-0.8524219762380469;-0.10416253242374117;-0.10456419397911287;-0.7485947345868983;-0.7543893488434901;-0.9984613799705551;0.008304010937015492;-0.16583025180598648;-0.849618188106782;0.5;-0.24236839426791543;-0.8488448704986064;-0.07625473767794635;-0.9941799290759052;-0.9649282589270483;-0.9997172280525293;-0.9239509414276359;-0.9989011542341271;0.4136042849651814;0.3026350100115543;-0.08694339436952378;-0.9574195153621823;-0.7344691464150872;-0.9347642559142041;-0.6674391685381614;-0.7294704088600363;-0.9496326542402656;-0.984217070422652;-0.23807768360442824;-0.03125407054279369;-0.4157489686986265;-0.9861392784829787;-0.2964108967464178;0.2792665060120572;-0.03403856588973879;-0.24327785825233067;-0.2535986067465428;-0.42150945774766385;-0.24244104853533718;-0.08422608755105886;-0.0075625710105977646;-0.8496469056444825
Sakrales Gebaeude;-0.9781831193157579;-0.6164095454653461;-0.8588430628858158;-0.40595307707706946;-0.7707641467130835;0.013383058235385159;-0.2299779291032429;-0.26877499521364556;-0.2323884620679717;-0.9857507093510698;-0.30051585282773136;-0.9749027051387328;-0.21486938106891829;-0.39836127581811076;-0.3161861983981259;-0.6612710057589357;0.01214443921143736;-0.9616086259351233;-0.9795898173785835;-0.9816891375271941;0.11644348136262371;-0.9356486143883969;-0.9290761334636578;0.1970069401675432;-0.13074782240643967;0.01040896895852261;-0.9549107760240138;-0.9346477320727768;-0.9997715106430047;0.11458357241601537;-0.980173410809112;-0.09029669627165895;-0.9993912625589734;0.0020270607455690173;-0.5295544086124927;-0.954983838857478;0.1984860832120983;-0.7387289424022008;-0.9562764210928317;-0.913066158455063;0.005003059397318174;-0.5525169541124839;0.3091234247181324;0.28590019912540493;-0.08569709782151638;0.004116826808324014;-0.9995405604798883;-0.6810583356050816;-0.8391214237605444;-0.991048587527629;-0.11678898326283563;0.31721314474717427;-0.9320020276271521;-0.9655396231007904;-0.9800877231801727;0.050405362448728494;-0.8925879026486175;0.12990919462994707;-0.988025779350472;-0.9995406334040201;-0.920274042318107;-0.8301233045110191;0.16510366467832793;0.20231295582101802;-0.9588126620927013;0.45778681938880855;0.15725303918231937;0.1392097881863186;-0.947522345561595;-0.26657531388557265;-0.2674163050955997;-0.9029875917439053;-0.9056720264988809;0.1462895668234139;0.13715698982793245;-0.38326002374717255;0.2444086386935513;-0.7576316057320845;0.5;-0.9461046096735857;-0.20511634615003288;0.10146579787267927;0.1637436517719293;0.001559667698926892;-0.9743447943057998;-0.9996482133776338;-0.9886934373861532;-0.9908470025194063;-0.2293823259047219;-0.9859721576073047;-0.8963355263460326;-0.9781620319395783;-0.8625180995050729;-0.8939439848630275;-0.983315839383509;-0.9948962145919439;-0.4941229753828393;0.009805319937503366;-0.6898652266605141;-0.9955237215369984;-0.5683912587269953;-0.900026944867764;-0.09922269117347524;-0.5012366239074318;-0.5150523534195562;-0.6949063729691336;-0.5000989060367677;-0.22330201269597424;-0.023266157532262723;-0.9464231533646136
Schmalspur;-0.718635781437885;-0.0838637175738534;0.059481585497898434;0.010530473608345072;-0.16074745033925894;0.004692802474256117;-0.01672895068561018;-0.020509289404206467;-0.016953508504049693;-0.7976043412941477;-0.02388917236337867;-0.6887473214873989;-0.015350646874379408;-0.03634747606671896;-0.025664110125001915;-0.10007920749858318;-0.008130144651401596;-0.5879425702066929;-0.7321957932235644;-0.7533337305609898;0.008422520841045647;-0.4530322160710623;-0.4273369945226406;0.07548207052193724;-0.04455626553113732;0.013640743037957526;-0.5467793965240405;-0.44894589106510957;0.03975216099937812;-0.9177255442273748;0.07381461123381745;0.01867283567964089;0.019869842244365946;0.0035014586082351895;-0.060258987329448906;0.1718327225472557;0.05915648118813792;-0.1387231793100753;0.04237546696450082;-0.37433891750718035;-0.026572204256561885;-0.0657144840799514;-0.015740511566708054;-0.5549873776336259;0.008919440007576248;0.005395059830869883;-0.9919956653254863;-0.1084503712471434;-0.22906422125479625;-0.8631430281355712;-0.007476368840883466;-0.350249882186061;-0.4384509721212858;0.06619602303647977;-0.7371092211049205;0.051601735537278856;-0.32128864546048347;-0.035355465594259554;0.05583850019120747;0.027023196278809038;-0.3967005595820991;0.062441205433978714;-0.8265361200166821;0.17224642020459408;-0.5700993821188367;-0.1982609543595091;0.023799547147840446;0.18587951226845373;0.0446104943872522;-0.020285073858824863;-0.02037064999237989;-0.34650485567675765;-0.35356421488058654;0.14875013090691008;0.05809795423974028;-0.034189732552549375;0.09398540304427677;-0.1511551295013936;-0.05389539032641436;0.5;0.009767746909343206;0.07914521612521326;-0.8304877882235309;-0.04976372027904729;-0.6838908027066107;-0.15552702387438938;-0.004204380630081234;-0.8604665667109976;-0.016673666837181706;0.06182668284649617;-0.3300071218722871;-0.7184360363708299;-0.263288818125595;-0.3243981124463964;-0.7705045531739318;0.529693950300877;-0.052709136790321846;0.05996498782798887;-0.11246370256556712;-0.9268424838362361;-0.06978363639640933;-0.33899317473386176;-0.006235760009327154;-0.054148173293151004;-0.05705024761620953;-0.1148480093770275;-0.053915567030582826;-0.016113793467432448;-0.0013551019782798328;0.04427088696374949
Schmalspur mit Normalspur;-0.9942776177991873;-0.8616371340878894;-0.9593139184539523;-0.7258957029249488;-0.9287238332262445;0.014428466556201839;-0.5364806996320846;-0.5875319211726097;-0.5398515346924396;-0.9962837416728854;-0.6247539089304492;-0.9934008670532085;-0.5146954194881943;-0.7195681650950373;-0.6418181089110342;-0.8832508657172299;-0.9999443506628356;-0.9898028057650775;-0.9946522560387547;-0.995209882126794;-0.9998712036738157;-0.9825617980062474;-0.980681832150395;0.2802393197730265;-0.9999923119551891;0.0093602413114163;-0.9879622033705625;-0.9822767534659895;-0.9999410292959934;-0.9986838984080227;-0.9948074483570828;-0.9999785805525089;-0.9998428469133394;0.0024026678772663328;-0.8135089983298697;0.3230099375746767;0.25218722941687227;-0.9163679423814098;-0.9883390239196203;-0.9760203843335192;-0.999995771394969;-0.8271359844831442;-0.9976455924987119;-0.9883504445177145;-0.9999565461471325;0.0037020457239884366;-0.9998814031582213;-0.892185137530121;-0.9528590041703413;-0.9976746823963099;-0.3388155456357015;-0.9734543640594784;-0.9815211277365808;-0.9908743207254149;-0.9947846703839079;-0.9999964599134775;-0.9698825598643005;-0.998350981418435;-0.9968824055702186;-0.9998814219888182;-0.9781335917642321;0.5516638275152006;-0.9969244793468779;0.38026874990524623;-0.9890367555176279;-0.9438916917494924;0.17046989604237806;0.37104463173364355;-0.9859097460719979;-0.5848098852393835;-0.5858528836001538;-0.9730247126815862;-0.9738273191328539;0.33279212211697623;0.2835030413916885;-0.7065910223466338;-0.9855992051299728;-0.9237452623220537;-0.7948836538499671;0.6644850733798112;0.5;0.18492815718803152;-0.9970085909119537;-0.9999766512511579;-0.9932513222789251;-0.9999091992584213;-0.9970577068488674;-0.997621958397629;-0.5356434835848854;-0.9963421034821609;-0.971020917725339;-0.9942719956656569;-0.9604935096624315;-0.9702952693839955;-0.9956407607963291;-0.9986779837037569;-0.7910240527760595;-0.9999948194442507;-0.896052002092084;-0.9988410663373721;-0.8361571623414328;-0.9721355183122238;-0.2991658972948763;-0.7956889737842038;-0.804529161470234;-0.8982360348441498;-0.7949481503229369;-0.5269967156881176;-0.08450950588098556;-0.9856023952103162
Schul- und Hochschulareal;-0.001515285299012179;-0.0030003902129979443;0.0006955609341444676;-0.0012781470664731866;-0.006257401982477265;0.011712878800272076;-0.0005590122559194617;-0.0006878918534121484;-0.0005666411325665737;-0.00011221499765104258;8.627186720881322e-05;-0.006774472436475782;-0.0005122609812208448;-0.0012384666843138136;-0.0008651876786016241;-0.0036426999793339934;0.021969427635960423;-0.04480612745252038;-0.0016157427819756395;0.0025228956501952;0.07315757033680098;0.0047642272267196285;0.002266280538308383;0.003890481976404424;-0.17649834505816334;0.02158825901275054;-0.038148650544522114;-0.002631345223553976;-0.8912378792732746;-0.022212482817882954;-0.0042456992252215145;-0.20264845469203874;-0.2378438149021627;0.002241846418804434;-0.0021036225556613423;0.008142342562720012;0.07319767493033413;-2.8749610659288193e-05;-0.03934733511564569;-0.019290128033382495;-0.004127855816206205;-0.002306997572252106;0.042039386051524505;-0.00256750056548576;0.09485295044178757;0.008205828800939934;-0.014817528180753253;0.00021768188023309483;0.0004281513243662256;-0.17173338223825022;-0.00024757743149751206;0.005139263566364288;-0.025026206553346725;-0.00096575021964701;-0.009833105163348227;-0.03139960242258271;-0.015324006845082002;-0.04275530950983838;-0.017738559264624424;-0.8029537040769259;-0.0005334747124750637;0.0019297794464994574;0.01668793447903675;0.05213723916062289;0.00481245905384223;-0.00024439548899888685;0.38073956849554347;0.28764616434247964;-0.0036981530986415407;-0.0006802210645090728;-0.0006831483667602134;0.001194222754554029;0.0025629692983052794;0.3428487355593103;0.3089848728726961;-0.0011624317912573938;-0.032015492010175145;-0.00582007092409478;0.00019002067768904008;0.0026019167334308587;8.936777290511498e-05;0.5;0.019150586497772022;0.03417848158648458;-0.06640158723369789;0.014806707759061156;-0.024328405417399102;-0.02797980948775628;-0.0005571346208044014;0.0440576394994226;0.0030318085665583575;0.0008487341559488904;-0.011612642592396649;-0.015540114464817092;-0.09940317828463313;0.009539959877938832;0.00010608625904801595;-0.12507323623833957;4.382913077097458e-05;-0.03061144047747751;9.820291626672415e-05;-0.00014013134605863744;-0.00020624582774543285;-0.001878507076805326;-0.0019850650731345633;0.00021709547359170808;-0.0018699935865384226;-0.0005381308319740956;-4.460774230014113e-05;0.0006216756365271861
Schwimmbadareal;0.027201213447412796;-0.018341804639335258;0.003923278431257408;-0.007883119838444076;-0.0376239151064515;0.009736927760276988;-0.0034606497006412955;-0.004255649801081625;-0.0035077384323400147;0.185978601270942;-0.0049705636814480515;-0.015954366544110237;-0.0031719990600121957;-0.007639955093138961;-0.005347571463221823;-0.022195220648730498;0.10465869770992638;-0.22554816982470993;-0.358174435828756;-0.02724749675501385;0.034163164326193325;0.03883720131252646;-0.13218079502347452;0.06052269260348562;-0.08798200329600527;0.01468755247724962;-0.1975905868557489;-0.1425807023038211;-0.9807233513434661;0.06019264356762404;-0.36500852442973;-0.13763910462347378;-0.19768257498226308;0.0024681314513776463;-0.01291915509088047;0.010262734452518735;0.10007473460871846;0.00996052171136947;-0.20274315626247413;-0.10883122984664785;-0.025387648501049055;-0.014153328947351586;0.08864354406020612;0.004965379148296777;0.08530500585722646;0.006515245775299152;0.2398057862380345;-0.024227131554270535;-0.05717893662512158;-0.029373836374368995;-0.0015351484696756485;-0.09912103273578668;-0.13746109262105652;0.008533569780450839;0.03893798698931228;-0.01610340026288885;-0.08810912204774715;-0.06272348854887433;-0.04703922276441159;-0.15623993415860807;-0.11833212104924112;0.007768973669082286;0.03682829537376884;0.16285494222421187;0.02004093347510318;0.00833491300164493;0.2648402651496569;0.2524471318747132;-0.1735127544336687;-0.004208361932492683;-0.004226408223939684;0.010078948263492267;-0.10042628750095728;0.26645291823637407;0.22457242522223894;-0.007173727675771524;-0.17036417871761192;-0.03507174107295189;0.0019039023700337125;-0.16951221177646922;-0.002991409088046325;0.11889979175329166;0.5;0.2273013925284709;-0.015433920032793268;0.22451770223038423;-0.5041510407981269;-0.01052342360518168;-0.0034490595510566005;0.054157189975289295;0.03234343344418156;0.12305792169455931;0.003869521949490018;-0.08925863971935911;-0.030969955044713934;0.024921814147534596;-0.011229637456913953;-0.12198296431134525;-0.025211822848903092;-0.032407635809392925;0.002971517858625525;0.0032894486513517693;-0.0012791394362018722;-0.011550030610707465;-0.012198499262921282;0.0029710175537753106;-0.01149819021588186;-0.0033317414189951264;-0.00027689069582757526;0.033965268876612664
See;0.0001442875236838641;-0.00014538361670444317;-3.1282896926962124e-06;-1.1900441693721508e-06;7.772068056478201e-05;-0.1316379010931945;-1.381161419367771e-06;-3.325832961196544e-05;3.932154611403196e-07;0.0009715968334792443;2.2166442052365067e-06;-0.000507451782771385;1.9293329045373452e-06;4.089421605569979e-06;-4.1837326593815495e-05;-0.0001766149436791959;-0.05847914556610558;-7.373831513853977e-05;-0.0006816391794993943;-0.000659024297789372;-0.0226939771966609;6.724639107867725e-05;-1.8656156851453862e-05;-0.00035210663638475265;-0.1850270891182701;-0.14380383292225943;-0.0005204745727958264;-0.00010938548760367578;-0.14002699082210252;-0.0010288575862607134;-0.0012656543236668279;-0.1932361147329446;-0.04399207437369402;-0.11395337567089842;-7.633980801307806e-07;7.53853377119819e-05;0.0002858745748567171;5.66339733660834e-05;-0.0019750867498354984;-0.0001741711464120509;-0.2903842360002308;-0.00011171141518626673;3.846266379523698e-05;-0.00032556162970885454;0.0008705831055179314;-0.08473794415410521;0.10227218036153896;-6.995743011932446e-07;-0.0004717356772858424;-0.002803466048011951;-1.1964904929952337e-05;-2.067741916621751e-05;-0.0012386815160754113;-7.528657826689324e-05;-0.0003559907507537999;-0.19460814023494347;-0.0007513605932400402;-0.002031142304067126;-0.0008052334449043698;-0.048982136049905256;-5.544648044541545e-05;-1.2491870159396589e-05;-8.95890499303592e-05;0.0015452766689251643;0.00011102566777206497;-1.5321000719241125e-05;-0.006188550511946286;0.0049473235332118705;-0.00032702689590202066;-3.288722057332547e-05;3.0313145883875824e-06;-0.0008415228689773649;-0.0008680212504652443;0.00972892620031212;0.01281986635862137;-3.1458680898136344e-06;-1.3572169513704556e-05;-0.00028277194747066835;1.4112668049250116e-07;-7.904555000924027e-05;-2.334874884213961e-05;0.0016513861028531966;0.001768882323668423;0.5;0.000974805251899925;0.1373389793990668;-0.001863491933881871;-0.003050524475275769;-2.693309966789534e-05;0.0003541208985016953;8.3063728200283e-05;0.0006239070613277251;8.498215908993988e-05;0.0001731836897942781;-0.0003286244801109007;0.00029292044069997766;-7.323654754872038e-06;-0.300275647040396;-2.247007388052303e-06;-0.00623984411503079;6.360725501480352e-06;-0.00011964927495684103;1.2673352416308297e-06;-2.791721678877121e-06;-4.616570853160822e-06;-5.803564131311366e-06;3.1539021585731186e-06;-1.277125259958403e-06;-2.1553834363145954e-06;-3.6569726352519935e-05
Seeinsel;-0.5414035091887361;-0.04059444646854198;-0.1380829041604596;0.004179263167269862;-0.08133181583110767;-0.08394545566930754;-0.007802681262946771;-0.009585562936153137;-0.007908382743038884;-0.6455825492936006;0.0029268211267745176;-0.5056394791759465;-0.007154464571375993;0.005518639992471648;-0.012028522518182549;-0.048890069682267785;-0.9918757755899094;-0.3974158754812454;-0.5582545595626383;-0.5853466823084419;-0.14316318318210275;-0.27685072410564077;-0.2564628237089154;0.04081383511663458;-0.08657449614718367;-0.08895097854902582;-0.3580025756004902;-0.2735587551482111;-0.9913950346460061;-0.8375522379514788;-0.5655423826125158;-0.996857385859964;-0.9773900527558832;-0.003659778448749067;-0.0287858474210703;0.011597376895491342;-0.07689677037036563;0.017595493041832652;-0.36543315825826095;-0.21663959047093728;-0.3450427503229713;-0.03148742311446387;0.12624098243014734;0.010884006228428226;-0.14936835862440065;-0.03152674093941804;0.3024066057686445;0.008935453629693925;-0.12075358500702799;-0.7445842666394726;-0.0034696905571007077;0.049726397269054354;-0.2651907363055411;-0.4245453076966462;-0.009202259919057952;-0.04701356353479148;-0.17952535569053546;-0.003843033522189258;-0.684803135437111;-0.9828453713103451;-0.23309041911074563;-0.11400011728586565;-0.6877376367005973;0.10734403047646408;-0.3800222220464955;0.012925047323746823;-0.08542086837103782;-0.13189659431667417;-0.32222710733079635;-0.009479614043225547;0.002592140637398075;-0.19684219994996588;-0.2017940075272431;-0.11492722279827845;-0.11937036397219147;-0.016099246406647682;-0.31741635283610714;-0.07604905857236405;-0.025655205694200243;-0.3161091972933893;-0.006748677721074881;-0.9335984127663022;-0.034950941148301995;0.2836636218395037;0.5;0.1283607625730215;-0.6971962976196203;-0.7402868472349546;-0.007776662586462339;-0.6492092705584271;-0.18544805404534317;-0.5411582788930889;-0.1417713655768119;-0.18162998310746314;-0.6081284049622409;0.15720287707217284;-0.025074053770579707;-0.424769345028632;-0.05532952776439279;-0.8541412902693273;0.006554452301018927;-0.19162360369081263;-0.002892002048351951;-0.025779144127424443;-0.027204509529733415;-0.05657976969471251;-0.02566509697359984;-0.007513252869419965;-0.0006268143827220339;-0.3174650569017444
Seeteil;0.0010084264855236775;-0.0005651817962323205;-0.00015626897003892268;-4.7268898724111635e-06;0.0002915890220936551;-0.04394162063083986;-0.00010509195431926314;-0.00012933431941300117;7.677824545856244e-06;0.002745416360263248;7.655715263819758e-06;-0.013485589082349893;3.330623954457724e-06;2.2849156371254965e-05;-0.00016269211722601807;-0.0006865323001236058;-0.13118688705984735;-0.00028328328728604175;-0.01660946040004388;-0.0032567360358909513;-0.06822117465712657;0.00010352025104861725;-8.204271991928959e-05;-0.0019610003911211017;-0.21695594783293243;-0.04916042020756567;-0.007397712198406411;-0.005007709585766862;-0.6062696349302191;-0.007459527616185098;-0.01710001005937807;-0.339975386270966;-0.11927360354800144;-0.060562889846800555;-1.9398065275004582e-05;0.0001963706220845852;-0.0005652934688343033;0.00021826657794478307;-0.0076378314463273434;-0.0036825042623416025;-0.3981184606779855;-0.00043432265615009406;0.0013683842562375152;-0.0017143938656565218;0.03603842877599431;0.011345420547228018;0.2663216918687625;-4.05389902666497e-06;-0.0018321553557796026;-0.03750041338414073;-4.6531742610225204e-05;0.000147035877002786;-0.004800243647916968;-0.0010054878994734508;-0.0016433576606316364;-0.2214067610096487;-0.002915826968524384;-0.007856682877544652;-0.005020025564016186;-0.4336605879652394;-0.00021393035850910257;-0.001716701289661029;-0.00019202121045006128;0.006241444269352937;0.00025645939555644226;-5.702281888134795e-05;-0.012879912224655472;0.001358396776614298;-0.006313881032650679;-0.00012789129520140972;-0.0001284419754241762;-0.0032648737082791326;-0.0033674228503792238;0.0034778024708044353;0.012770031116685832;-0.00021863947922108365;-0.006176634671179219;-0.001098845765873038;-0.0003517866223662597;-0.0009607834744058961;-9.080074157863136e-05;0.0027823351542729333;0.006795204201694352;0.5341323638622584;0.0017155428998356116;0.5;-0.0298538502381105;-0.036697629537519455;-0.00010473880703113269;0.00171027800552733;-0.00021756076380143467;0.0018361028768983528;-0.0022029114929783492;-0.0029574731463698034;-0.0026763613218454218;-0.0023273628136030846;-0.00034361567121460286;-0.4569730216132679;-6.160122233796024e-06;-0.07258405111699251;3.794059113063059e-05;-0.003158136824526229;3.4141850965256466e-06;-0.0003535304310452072;-0.00037361676516113075;-0.0008008982038945151;8.496640746808054e-06;-0.00010116461810519757;-8.38256470075115e-06;9.315932805819094e-05
Sesselbahn;-0.3389474819538359;-0.018045212330551192;-0.06505302653804615;-0.007754311588848026;-0.03702728619224311;0.01699940848637705;-0.003403855607060713;-0.004185863448692078;-0.0034501742224493123;-0.4416903598395717;-0.004889111363101696;-0.307587264740578;-0.0031199272955583245;-0.007515089999387321;-0.005259973800235418;-0.021837703634280455;-0.014447870180524;-0.22266097488316014;-0.35436634696466834;-0.380077154883578;-0.030244639759008037;0.013579785115802044;-0.13028770922887709;0.04180849318112873;0.09601732508868954;0.01535754096698821;0.01945838758784858;-0.1405627949207039;-0.09465598144245312;0.009862636298389455;0.07072857690135688;-0.008409241030748192;0.060462944563146576;0.0042376825384221745;-0.01270911336922372;-0.1952378614847884;-0.035122976024897126;-0.03132149021938917;-0.003728276864726321;0.002689402092924384;0.021757453308720212;-0.013923504863978307;-0.041528799425812536;-0.2002311858207177;-0.9854878160418514;0.006505543208206129;-0.9613593227953112;-0.023837682758284167;-0.056290347895208676;-0.5587156541468913;-0.0015099066608201092;-0.0976481503769045;-0.1355041909088525;-0.24266495962440482;0.006057444219464613;0.03347243235850462;-0.08678410744673073;0.05151662523036979;0.05455275067216376;-0.07520395237752754;-0.11661072381292188;-0.05292514409875068;-0.48889718196344456;-0.5345907576923803;-0.21024717407589197;0.0036724843772762187;-0.09199494026610734;-0.10234449356776829;0.01400312053866994;-0.004139347807515638;-0.004157099388170845;-0.09620414470148941;-0.09893613982774518;-0.14335338906867842;-0.07651373137377507;-0.007056428277518544;-0.16803011763010994;0.014785501787643983;-0.0113065626138468;-0.0008440312065332399;-0.0029422931511325886;-0.14855983119503355;-0.4958489592018731;-0.23551545377160232;-0.30280370238037957;-0.9701461497618894;0.5;0.1192172508193841;-0.003392455020492114;-0.44561180533495903;-0.08998274374970902;-0.3387262214642303;0.003732013147119387;-0.08791800495809424;-0.4026271704848532;-0.025383062000784117;-0.011046756778572515;0.005664019202969061;0.004810881674301552;-0.7177799498412792;-0.014836599326730674;0.06180049803303302;-0.0012581017735231795;-0.011361992115363538;-0.012000031641719963;-0.025386026729289482;-0.011310986042316706;-0.003277055933406938;-0.0002723322541403749;-0.16806154364846368
Skilift;-0.2928741132324463;-0.014627122912820928;-0.05321333305337921;-0.006273052137152812;-0.03012395139099984;0.014704651293305145;-0.002751333225698498;-0.0033839384392381697;-0.0027887973653445363;0.010710836236571266;-0.003952993390201827;-0.2640738246161308;-0.0025216965205242486;-0.006079247632745038;-0.004253150305983959;-0.017714206948672536;-0.01704663447269238;-0.18790146430400653;-0.3071709807069156;-0.33121421182350047;-0.01978252883430824;0.014447847129202253;-0.10794605186269819;0.0432332635090156;0.06615556331331776;0.01634583057354855;0.01897412386494647;-0.11669558773994926;0.028247975857496357;0.05700402506203903;0.06623818456567256;-0.0022200995012545107;0.030046817436554556;0.004202541964852832;-0.010291184550247719;-0.16385695813490297;-0.049485220986802275;-0.025453820511996295;0.006201153576398033;0.00906621474945256;0.026712735903724295;-0.011277175168932289;-0.502502948832025;-0.16821545765215182;-0.10283856050324225;0.00624941505485781;-0.9525996444104277;-0.019344008984916745;-0.045967058009940054;-0.5056181404540274;-0.001220011642435674;-0.08038618150221356;-0.11238360355143141;-0.2056086295188423;0.009376919583906879;0.0013810953103993101;-0.07129092229173786;0.03285214964271367;0.04458681066198203;0.038965573557935736;-0.09635455183349141;-0.04319076565084165;-0.01335129545431706;-0.4812854170305362;-0.1769843531018703;0.006782341886076248;-0.048347541166274356;-0.05134136825998278;0.003181977439762961;-0.0033463042887561315;-0.0033606663816753935;-0.0791750452242043;-0.08146704003979102;-0.1065712228178178;-0.036913113394485095;-0.005707714416800666;-0.14026017415612516;0.008738924925909657;-0.009152997480593688;-0.13953343328900245;-0.0023780416023709383;-0.13801309911381357;-0.008360525826023462;-0.3114255271397688;-0.25971315276504536;-0.9633023704624806;0.09630013698962539;0.5;0.0006096650908219126;-0.3936739863335789;-0.07396477066033288;0.013881775832330964;-0.0547788444270367;-0.07223840292855573;-0.3525136997233036;-0.027388859265910184;-0.00894222938868314;-0.009277322906976014;-0.020134325172435807;-0.672606628337753;-0.012018840294761716;0.01916431701415246;-0.0010165028985185088;-0.00919796752430282;-0.009715679182088065;-0.020606634092609478;-0.009156586179960211;-0.0026487765656216886;-0.00021999338345832578;0.003227594140165134
Skisprungschanze;-0.9934049242542097;-0.8437156388113733;-0.9533592028781267;-0.6965835542445489;-0.9186715848023446;0.008330638137607519;-0.5008415933398475;-0.5525441768497135;-0.5042320969943189;-0.9957156743170716;-0.5907241037351756;-0.9923954870280426;-0.4790079537085527;-0.6898684560249813;-0.6083657333974122;-0.8676990400281079;-0.9999358080502587;-0.9882557405138253;-0.9938363426232604;-0.9944785742934876;0.050256911430910066;-0.9799384307838771;-0.9777820418963398;-0.9935082365019116;-0.1169583150995547;0.009460737260826555;-0.9861398017884817;-0.9796113945405428;-0.9999319768620697;-0.9984821601259519;-0.9940150703965827;-0.05651792362782102;-0.9998187254986046;0.0024284641034089793;-0.790866737657366;-0.9861629941979723;-0.9983326410878361;-0.9047518289123871;-0.9865728938793036;-0.9724405422513278;0.005075598136879652;-0.8057531534082542;-0.9972851304302266;-0.9865860207244141;-0.9999498755438286;0.0037417926957540454;-0.9998631989287223;-0.8776585759947346;-0.9460127293757716;-0.9973186620492835;-0.307593693996051;-0.9695034182533502;-0.9787445909468924;-0.9894880936788585;-0.9939888375317074;0.014204570564623176;-0.965418886157333;-0.9980983092175126;-0.9964055198308814;-0.9998632206493593;-0.9748610983123184;-0.9425840853393067;-0.996454006569156;-0.9970452661971793;-0.9873749515229622;-0.9358307997451777;0.09039082001679877;-0.9997545306147151;-0.9837817238241879;-0.5497681825426887;-0.5508315982663375;-0.9690118549452892;-0.969930167794195;-0.9998532847436012;0.16086712074568305;-0.6761355215758191;-0.9834250709985712;-0.9130566056304763;-0.7706176740952781;-0.9833263331628183;-0.4643565164151146;-0.9994428653791956;-0.9965509404489434;-0.999973066900332;-0.9922233374135376;-0.9998952611929689;-0.9966075449795079;0.22172445624003917;0.5;-0.9957829195525091;-0.9667201696692135;-0.9933984504083653;-0.9547032843925841;-0.9658906117504809;-0.9949749031043993;-0.9984753401719476;-0.7664356349030758;-0.027759726389703972;-0.8819775258651281;-0.9986633872561336;-0.8156415079638929;-0.9679947344887818;-0.2701051555949824;-0.77149087783161;-0.7810900221695792;-0.8844191307591882;-0.7706875995363007;-0.4913198218547674;-0.07409578492382156;-0.9834287345979535
Spitalareal;-0.38946273575514095;-0.022351693968758864;-0.07966773331441185;-0.009628956999478543;-0.0456532185296403;0.006128280986827391;-0.004231240480922667;-0.005202340931315224;-0.0042887694427231945;0.0041539750085557185;-0.006075320746303599;-0.35594534220484;-0.003878565500818249;-0.00933244628066896;-0.00653557187033371;-0.027024352998698094;-0.008918228075544727;-0.26273348673269226;-0.4057690209665111;-0.4327097780613128;0.012274784789848895;-0.17140497534434188;0.03438202753074625;-0.39324837885827435;-0.13962099839541625;0.01604990310926662;-0.2315447105457342;-0.16907368959917074;-0.9841904990785746;0.005016926517318822;-0.4129269787779447;-0.1589873233295027;-0.20052583393755033;-0.0005588546806299318;-0.01576257929355884;0.04288891199769327;0.2012547142704048;-0.03867157169666646;-0.23732082903541665;-0.13000403716363038;-0.00916177867212231;-0.01726363623450544;0.21861672359029047;-0.237500322678302;0.11327525357783731;0.006348064511326248;0.10241963922743005;-0.02948502655133367;-0.06908190331603643;-0.6116773103544134;-0.0018777913987155605;-0.11865627520165688;-0.16318384967755506;0.019132647387419436;-0.022492610295693674;-0.019080535095553734;-0.10572879296080846;-0.04242615593942692;-0.04542915068813959;-0.2059994556679739;0.004414992634589128;-0.06500465771510716;0.07376868641107794;0.10193250614137474;0.014602962453912283;-0.058168912233829674;0.2865969773898955;0.32507283556052635;-0.2043832083582006;-0.005144587983186271;-0.00516662816756332;-0.11694186579962117;-0.12018445711118567;0.3669808951067234;0.2680710675050761;-0.008763846909758623;0.0013256399724623036;-0.042580484637817724;-0.014027842392695255;0.015441507958306273;-0.003657896517839063;0.3347081317357544;0.0662677379172931;0.05568019345197041;-0.3507907294415728;0.06914500479660327;-0.554388194665041;-0.6063260136664211;-0.004217080447490936;0.5;0.02335889795947969;0.006810629581088758;-0.08194416116229575;-0.10708119234119491;-0.4560850834306968;0.028335465591491773;-0.013706372981549553;-0.11885687312399063;-0.03067670208302513;-0.7598564987605564;-0.018391688889959252;-0.113542092164765;-0.0015647310649480575;-0.014096422537592693;-0.014885703632627442;-0.0313883910778966;-0.01403331534705706;-0.004073745237588902;-0.0003387875924773482;0.042772068258396315
Sportplatzareal;-0.8383303978004312;-0.1567225191288944;-0.41303291977514006;-0.07324521543625742;-0.2799873566153145;0.014608840948450828;-0.03338830467788421;-0.04077713312323964;-0.033828792474460044;0.19963228190998852;-0.04733569319572255;-0.8179354705705016;-0.030680258398636397;-0.07113042562463637;-0.05076208594739982;-0.1841932599288987;0.029857385631813043;-0.7433816072907401;-0.8473472251087963;0.20657068744995244;-0.047963828363919145;-0.6270837363612713;-0.6023887765439255;0.22894761589935847;-0.138825375424432;0.012668943138477962;-0.7100896064200257;-0.6232162636381798;-0.998027811031975;0.15662765933282996;-0.8511374500902754;-0.999282784065806;-0.9947609342268915;-0.0018868024171586892;-0.11518900631608738;-0.7104390832265026;0.09396872671740664;-0.24642280435178296;-0.7166701953360824;-0.5484736751661171;-0.07823677498562087;-0.1249562863051663;-0.9267180645324087;-0.7168714641732022;-0.9985460174201237;0.005010681750614754;-0.9960413604120699;-0.1980517694296422;-0.37626079804756446;-0.9275598675712814;-0.01506278523481859;-0.5225376776929792;-0.6131806394677104;-0.7641776689626045;-0.8505791016203067;0.010154891697388974;-0.4900755135965024;0.06705424916762623;-0.9051494338191972;-0.9960419865443203;-0.5717319375471752;-0.3610859431741438;-0.9063131520290234;0.19336788389293638;-0.7291687960057837;0.1140318843322379;0.23029135206416043;0.2689266953419716;-0.6761879304367623;-0.04034046724921242;-0.04050715241252177;-0.5184203037414324;-0.5261621109674914;0.30669509286647145;0.24789541695672582;-0.0670514902430246;-0.6713269172983621;-0.26553085358491274;-0.1036644736539673;-0.6699928781277129;-0.028979082274660943;0.18723193461954898;0.3217105143246547;0.10616801763259029;-0.8145519459546569;-0.07150028709621194;-0.9100172562502911;-0.9260352293396672;-0.033279830330786575;0.1898827268505946;0.5;0.1591868504267441;-0.42048286840661814;-0.4936304375488366;-0.8720620525087027;-0.9575276197475007;-0.10150030835395923;-0.05058005014105599;-0.20461989276785952;-0.9625767489685186;-0.13217482391637345;-0.5100907934819329;-0.012579261510210615;-0.10412499572020771;-0.10939578811922308;-0.20849899508595693;-0.103701240083001;-0.032180598624361914;-0.002747343530184982;-0.6713765129600553
Standplatzareal;0.022702214523162387;-0.03463340994479664;-0.11959075441322409;-0.01502729144743308;-0.06982411831944559;0.013910053227037646;-0.006623662893606464;-0.00813935354692834;-0.006713500500784612;0.5445940063907213;-0.00950047256991075;-0.46444819238387774;-0.00607279500714161;-0.014566991393122985;-0.010217537178413593;-0.041763901327394264;0.09724341501638753;0.06695925135455462;-0.51726183251203;-0.5448181381540712;0.0365488713648114;0.05128472842227931;-0.22627918493646576;0.06605292332904786;-0.03058014527713456;0.015179831121213495;-0.32102820595373105;-0.24201797584991397;-0.9898669400247971;-0.024126817049646955;-0.014263854750906666;-0.13839540133799547;-0.973441538370532;0.0037477524648961234;-0.02451452139180345;-0.32139848000633436;0.07182089553020465;0.008361369977159366;-0.3280835437695593;-0.1899455107162586;-0.02221073200097175;-0.02682630211364313;0.050080221802739154;-0.32830213461320523;0.05431645565751863;0.0060038619027444305;0.18730207152403766;-0.04550390194993794;-0.10430135220387164;-0.7119609493105751;-0.0029434631980345886;-0.17441452068944843;-0.2343035848687942;0.037053129268142755;0.04604586765134482;0.009874840599466257;-0.15649087228219327;-0.00040630300389333146;0.017390903902284236;-0.979829892312372;-0.20489949270870128;-0.09836508019145615;0.02729368308046252;0.0783439945896805;-0.34198510322977194;0.01446417314727747;0.25721033760629486;0.12157078749639973;-0.2872941553087992;-0.008049259644052025;0.002114578467496145;-0.17205175660193972;0.012114555678632436;0.15734017451847987;0.21790804157456958;-0.01368387135081833;-0.28278733771232395;-0.0652357440857959;-0.02183796806042179;-0.2815639636291701;-0.005728004334343024;0.010117935750293605;0.23628208711870113;0.15393744626227038;-0.45884172110691124;0.11648400923448178;-0.6612737785357696;0.033549782511750975;-0.006601549591634758;0.010687163631911786;0.030729060209139496;0.5;-0.12285566281335582;-0.1583775860674333;-0.5681839029209516;0.025426219117910074;-0.02134139175044912;-0.11302792251611149;-0.04731143995254456;-0.8323607689020504;-0.02856104531835679;-0.16735344665184557;-0.0024531735921731837;-0.021943881013929214;-0.02316223097157003;-0.04838978357436673;-0.021846420614990744;-0.006377687248630533;-0.0005315191992900319;-0.2828329299940513
Staudamm;-0.8772507292109939;-0.20391094106061924;-0.49233811212565876;-0.09822674391859126;-0.3489329526055577;-0.008397195583716011;-0.045442517343545936;-0.05534620076001935;-0.046034461162684726;-0.9168526553869807;-0.06409146905874052;-0.8609513051942473;-0.041799060496068255;-0.09546496856027266;-0.06864333620007791;-0.23732518306480588;0.17348303465691706;-0.7996984720234264;-0.8843961819423809;-0.8952396772958136;-0.016197941609311595;-0.6985742320509553;-0.6761686847215188;0.12368157774801351;0.028496059373589233;0.012272766935607079;-0.7714665576782539;-0.6950876722465367;-0.10168955209561154;-0.9689550488079876;-0.8873887683011389;-0.07466820853138781;-0.9961931941611243;0.003150290979709789;-0.1521278908051405;-0.7717658275751048;0.1003360045553881;-0.3106694985625407;-0.7770913105560726;-0.6260474139791906;0.03279839791201762;-0.16444522223050073;0.039548249523476346;-0.7772629977781552;-0.014135965744147478;0.004483610542978765;-0.997124588247053;-0.25393694935495426;-0.4539661503013851;-0.9463732159707473;-0.020642205340571984;-0.6013284337811834;-0.6860018532911272;0.3813095319961062;-0.8869483298797612;-0.010195127095585925;-0.5698130216350702;-0.9613927277861412;0.12304436067879546;-0.09710430348156354;-0.6478751971933245;-0.437857352252935;-0.9302294035826093;-0.9412114956832418;-0.7877140528833858;-0.4089628083557643;-0.008795955085216724;0.04164650524866951;-0.7421358110355514;-0.054762427534841535;-0.05498528928644599;-0.5973669701564016;-0.6048071065648818;-0.0391327440440134;-0.09548368985499747;-0.09012597937239442;-0.7378810313089719;-0.3325608314618385;-0.13748190049492712;-0.7367111818744049;-0.03950649033756836;-0.9883873574076034;0.05304621747328029;0.14970214459505157;-0.8582286344231882;-0.9977970885070218;0.05201774652469143;-0.9452211555729633;-0.045296715607415855;-0.9180558388377043;-0.5795171315933818;-0.8771443371866442;0.5;0.1587433371311274;-0.9037937370889956;0.17602185996446215;-0.13471785096385985;0.001020138359813065;-0.26175349993330577;-0.9725648866604885;-0.17349268553782715;-0.5893212428465655;-0.017254873241369765;-0.1380695127536719;-0.14478088551439441;0.08653299379053778;-0.13752882058387533;-0.043818557658722654;-0.0037825084002506295;-0.7379245047272421
Staumauer;-0.8417540179274411;-0.16011944909553455;-0.41922350016245896;-0.07499369925186725;-0.28515258390723647;0.01139182641839416;-0.03422047079472212;-0.041785496569880766;-0.03467154346108405;0.046190540826956374;-0.04849804098304469;-0.8216991287432424;-0.03144712533332655;-0.07283239335795018;-0.05200397740655926;-0.18805283213794993;0.1602925215787458;-0.7482120225311368;-0.8506139246702036;-0.8641393742446992;-0.0572380462535769;-0.6330225888057027;-0.6084753607505556;-0.8438595575381351;0.01566964345160824;0.01244348956804251;-0.7153066934018193;-0.6291802859293602;-0.9980773314976675;-0.9587298623631837;-0.8543369836073034;0.01183249860982948;-0.13447313499495384;0.0032436730002127715;-0.11781147373860468;-0.7156523995602537;0.08102167773915508;-0.25118484595706403;-0.7218152538811748;-0.5547755884287819;0.02781572163898632;-0.12776901139235597;-0.9284297263835106;-0.7220142855043206;-0.9985825445186933;0.004997867514084758;-0.9961405665614487;-0.20212978280545124;-0.38225916387470726;-0.9292533682796587;-0.015445506600404666;-0.5288906505379684;-0.6192064528741134;0.34732871140461785;0.12468891627366295;0.014836559306374052;-0.49644417692742177;-0.9488083537841566;0.038447228169299734;-0.9961411770631976;-0.5779590217608852;-0.36698472639114343;-0.9084543347610895;0.11111272957649179;-0.7341710757358442;-0.3399388831630536;-0.07519876301913243;-0.9930952355614525;0.0901897680209197;-0.041338497893829;-0.04150912850714997;-0.5247782373420983;-0.5325100033947879;-0.0889530516306114;-0.06567109581144909;-0.06866307415006999;-0.6769241862155315;-0.2705295911399636;-0.10605601513697248;-0.6756018875536036;-0.02970473061600449;-0.9844598855351828;-0.9107413602806409;0.22706747919789486;-0.8183700168925367;-0.9970425268536303;-0.9120819950419058;-0.9277615970714442;-0.03410938824951917;-0.892918807658805;-0.5063695624511634;-0.8416224139325668;0.1181525760687452;0.5;-0.8748779630887921;0.11327155388394916;-0.1038477069851977;0.06193986018250862;-0.20879793599780777;-0.9634838547969942;-0.13512494456266336;0.08951446231981385;-0.012899706947077415;-0.1065258988064151;-0.11190304393842564;-0.2127350593742295;-0.1060935293719598;-0.032983691146732746;-0.002818044446672504;-0.6769733436741077
Steinbruchareal;0.01216825531850665;-0.02654178968710488;-0.09357401421087318;-0.011461983788159246;-0.05397032667138307;0.0031603130033509706;-0.005041956333990794;-0.006197963840778732;-0.005110451412969128;-0.5399709740884482;-0.007236798968677005;0.10933813618027172;-0.00462202163218777;0.0023450644403829515;-0.007784351644353073;-0.032061668848312685;-0.017453510054704403;-0.2982393931460748;-0.44883705873833574;-0.4763450893781601;0.032127924516575826;0.01421225765353305;-0.18184652507163662;-0.01668903909248442;-0.03170386739873274;0.01569830190503427;-0.2643469932893919;-0.19527480722328383;-0.9867094431983228;-0.7686448973982825;-0.4561715293404953;0.017560726162859325;-0.19105313050208358;0.00402971065408562;-0.018741144161134985;-0.2646773761908111;-0.75148963584603;-0.04577777356421676;-0.2706531942134183;-0.15125269181792614;-0.014854159863356906;-0.02051993367149831;-0.01814184861835641;0.001063091428419441;-0.05260241296113568;0.0062089662009169105;-0.012746987907441913;-0.03496452728847131;-0.08130362768696744;-0.034200968247839976;-0.002238594478070975;-0.13834512073455063;-0.18867948400720672;-0.0034955760616196796;-0.45508020196171656;-0.0037854684388964792;-0.12357332045812361;0.02070501335799046;-0.5833357460811052;-0.973628140821362;-0.16377635403716692;-0.07656437703197494;0.045282247508674246;-0.6302093033308304;-0.28314676989790144;-0.06860222739987487;-0.02333784661702448;-0.22154914265024706;0.0035359978849963435;-0.006129226244687485;-0.006155458666568762;-0.13639025960120044;-0.14008657186158624;-0.04555257833447537;-0.06264416754674211;-0.010433921127030291;-0.2305651915675173;-0.05036734575973441;-0.016684160616491042;-0.22949544682606818;-0.00435923920367085;-0.9005968217153668;-0.04519305491781125;-0.06162177313475348;-0.3918715950377591;-0.12903987867384248;-0.5973728295151468;-0.6474863002766964;-0.005025096895600681;-0.5439149165693032;-0.1279379474912973;-0.4318160970790484;-0.09620626291100438;-0.12512203691120796;0.5;0.038722157926434166;0.0030507303302129353;-0.08361068460398563;0.012486022563705994;-0.04411036085428606;-0.02185602948706276;-0.1325099199862037;-0.0018654944494456965;-0.016765506306272375;-0.01770155038784571;-0.037208052160404514;-0.016690652388186945;-0.004854431735296493;-0.0004040026969201777;-0.2306050714702281
Strasse;0.024355197720627192;0.0007267540890034725;0.009848667723109024;0.0010422586088913279;-0.0169561204071582;-0.0021944912750739894;-0.0015297931909105682;-0.0018820636906267988;-0.0015506498231923993;0.028549765948243367;0.00036391507162215263;0.008005235233776609;0.0003858858795286083;0.0006417363297590027;-0.0023664140538247535;-0.009915485951083196;0.08900248962864946;0.0072659065343865445;-0.1975693269029564;-0.2157046285399009;0.023408863377723795;-0.002913538980675803;-0.0022564600970610272;0.0148108037578429;0.006013131113979814;0.016516726355027017;0.007437803739264874;0.012491713595824653;-0.1898557959253038;-0.009426505074548692;0.026946976735197452;0.026568257025698844;0.03385283863531416;0.003377599344273584;0.0010710971791533556;0.013744902962352343;0.0639284252528695;0.0025501684153311243;0.01081058645252133;-0.001159271939032155;-0.012560191600647795;-0.006294213493976379;0.032167939985529866;0.0032058221609365277;-0.038928114976569415;0.006660483315682142;0.054796483121616765;0.0019993603450308055;-0.026059942377838305;0.010171678070739956;-0.0006778873425606948;0.006427856852484459;-0.06569385211833488;0.021136650776060764;0.010239568855978884;-0.007219202439650597;-0.04088672535934263;-0.004304755719390962;0.02680808949598246;-0.07053862648948328;0.000693981596199534;0.005306849093969663;0.12826985082370138;0.046555280587302975;0.01198195305024129;0.0016028302366654897;0.07943727259389649;0.12758637105838072;0.00917527976198672;0.000608979028886013;0.0005565665019181839;0.00592195058892577;0.011635918662872396;0.13568322007899264;0.07584911675706611;0.0004552485120325091;0.015542105670798756;-0.015782929577347952;-0.005103785408056029;0.047700966342073964;-0.0013220162962429925;0.026132441557129238;0.010995477080922725;0.01660684980358463;0.03062755198498215;-0.03392708854873369;-0.011386485498343733;-0.015210091581395968;-0.0015246598280524003;0.010216890857696715;-0.04247238025249935;0.00584244977548375;0.005665052297462827;0.004897906462500896;0.011707464568970432;0.5;0.0005861405247966965;-0.03074115907403468;0.0007798665849694334;0.014683928211623811;0.000990125488616516;0.005067245561168946;0.00023813690602393937;0.0013938758586861592;0.0006111181420284871;0.0030473500769270007;-0.005105794676740209;-0.0014727025107774895;-0.00012218277640590135;0.00848095752755982
Strassenpass;-0.9786792265689609;-0.6219528379635684;-0.8616691485359724;-0.4116347380891246;-0.7748914459816333;0.010502036017245272;-0.2341675274908285;-0.2734204101765917;-0.23660848052582342;-0.9860771819257663;-0.3054806804624854;-0.9754715371977082;-0.21886197159319748;-0.40400894582875213;0.15201561304513975;-0.6665167363408987;-0.06937483740053674;-0.9624671690907313;-0.9800545891120228;-0.9821069776566647;-0.9995126498587514;-0.9370496948478525;-0.9306096996658966;0.3845705535386739;0.010102551343015038;0.010388769136038459;-0.9559122353869578;-0.9360691151149997;-0.9997768184068044;0.11595500452951568;-0.9806251560521759;-0.003967154107110804;-0.008966905812929327;0.0026666804050030648;-0.5354068336964665;-0.9559837502509944;0.340702865837055;-0.7432408837376041;-0.9572489065869523;-0.9149142002523712;0.030211278519861433;-0.5583219759503392;-0.9911460637222811;-0.957289460567295;0.07277119206232696;0.004108837579545824;-0.9995512307633757;-0.6861430725414175;-0.8422698390545011;-0.9912547546470138;-0.11923587049172792;-0.9064361386831714;-0.9334768579846362;-0.9663133372639703;0.27810757930339486;0.007287733915432809;-0.8948211250479698;-0.9937866069587699;-0.9883007453084265;-0.9995513019946365;-0.9219819512671198;-0.8334128549453059;-0.988457292660374;-0.990369038538175;-0.9597311127871202;0.2790344742634586;0.0784217217874691;0.01018893658641147;0.6438418660783978;-0.2711968106296604;-0.2720469736542723;-0.9050275987497984;-0.9076613568116795;-0.021111800061541824;-0.019385614354245066;-0.38883196605379294;-0.9475916219966787;-0.7619223163955717;-0.5058770246171607;-0.9472908632096781;-0.2089759472239405;0.05799463972252753;-0.9887703625430861;-0.08286301327178734;-0.9749259462294203;-0.9996563843287853;-0.9889532432214276;-0.991057770611317;-0.23356436509692424;-0.9862936270184505;-0.8984996916460408;-0.9786586082495509;-0.8652821490361402;-0.8961522930148024;0.1840782175081665;0.11697607069592782;0.5;0.008393460030027914;-0.6948724632846797;0.10909920729252723;-0.5741490702917298;-0.9021224610075408;-0.10134377117148782;-0.5071134417320285;-0.52092197474979;-0.6998676284550068;-0.505975916759367;-0.22740590992839327;-0.02380643028372968;-0.9476027839564629
Tal;-9.295905952773001e-05;2.6113192348318575e-06;-1.254343895971899e-05;-5.320315968759878e-08;-6.74980990298472e-05;0.051468276235694665;1.1571979721294867e-07;-7.379322996876009e-06;-3.0862675220906764e-07;-0.00011069073894722136;-3.7728277618263704e-07;-0.00010472871460003442;-7.403682066331478e-07;-6.230313923393311e-07;2.255250592430755e-07;1.8585649030474075e-06;-0.00020161628854011035;-2.959102269968405e-05;-0.0009626335632588011;-0.00020489961090838104;-0.0017909780453695555;-2.4896315764601793e-05;-7.5590579755233045e-06;-1.4193796601328624e-05;0.049543280407505455;0.07455655563064613;3.452099316362848e-05;-0.0002870413808775936;0.007418344079732373;-0.00045002385471401297;-4.9768597953340795e-05;-0.0016802933634562209;0.004141224808847478;0.018992486412671775;-3.262169072247817e-07;-4.548437712470642e-05;-0.0003186791564925083;-7.57701578392056e-06;4.998576618519731e-05;2.430015702207545e-06;0.052274827836392895;-1.990050031620726e-06;-0.00023479093933460838;-3.4479966368863945e-06;-0.02330258027696915;0.02949672356997796;-0.024387316488252812;-4.4617491918364313e-07;-1.711613218659653e-05;-0.00030778110300345757;-2.654716463450878e-06;-2.2018609067882932e-05;3.699721157581605e-05;-3.3020147542650514e-05;-2.1009250462072165e-05;0.07475447524254655;-2.1706823115653726e-05;0.00010942216649835904;6.234145655850412e-05;0.0021541337743864715;-1.2850612164682856e-05;-1.4274261140031556e-05;5.866562493162286e-05;-0.00025188678599390597;-4.207956961786437e-05;-1.7406821445918123e-06;-0.056208484901054664;-0.0023337326455024994;3.534758829980516e-05;-5.583119885545771e-07;-4.047647362309606e-09;-2.3742201654319752e-05;-2.239732067098892e-05;-0.005471702463611259;-0.013287416109849497;1.1853255691762353e-07;-4.1215990695568426e-05;-1.9614199223494087e-06;1.9685373754497014e-07;2.1133293416668033e-05;-5.180555749223069e-06;-0.0013408033781250961;-0.00021062061484856555;-0.06662311876546853;-0.00032387112588687443;-0.02606995798859525;9.943463239429617e-06;-2.016265997028176e-05;-1.6588918140974947e-07;-0.0001677181140622019;-8.780147559502215e-06;-0.00010164036505187505;1.284883241726132e-07;1.0481588798513655e-05;-9.893098846233582e-05;-0.00012030606080415488;1.645936268391337e-07;0.5;-2.0746087371183956e-06;-0.0006519344862201615;-7.645838660211933e-07;1.320377076257834e-06;-9.08282492972646e-08;-2.048714169005536e-06;1.0152254424304272e-06;-5.2611563066771955e-06;-6.932620025231144e-07;-5.771913940840676e-06;3.8490788807587135e-08;-4.156455402861913e-05
Transportseil;-0.9527330567220328;-0.4194203970640069;-0.7322806492774179;-0.23501443421130597;-0.6018409649096463;-0.002294263117857892;-0.11837334178168593;-0.14181017667038837;-0.11979607225113034;-0.9688473293158999;-0.16187647870430838;-0.9458378237701789;-0.10955359022472624;-0.22938499401810006;-0.17209615112382617;-0.4674147721915149;0.059616799136454846;-0.9184360898285554;-0.9557064063911881;-0.9601623881488377;0.04244347371847161;-0.8673113052176056;-0.8548420666093844;0.19461929391794217;0.041130357371725934;0.01114595848634932;-0.9049507485384101;-0.8654004481864933;-0.9994918893664883;-0.9887675969761647;0.19063634419355466;0.006729100884501744;0.04304723879641808;0.002861044440703435;-0.33600832015589654;-0.9050967211642401;-0.9876729323213023;-0.559684905355193;-0.9076832768331209;-0.8252271648869838;0.006735411124014619;-0.35694608297172664;-0.9800622524568074;-0.9077663187618316;-0.9996255433115059;0.0044083143197055415;-0.9989785951838348;-0.4897890321717087;-0.7010318396351259;-0.9803043044205455;-0.05611057625253667;-0.8096716239115973;-0.8603701612325386;-0.9264495258661999;-0.9567612299771471;0.015724405899588734;-0.7888425841853594;-0.9859615434634424;-0.9737493564414559;-0.9989787572142778;-0.8384292364397209;-0.6871894101003718;0.16335722966980257;-0.9783337707573037;-0.9127811390497399;-0.6611940476816248;-0.009620172478130129;-0.9981685265377371;0.1865535743351678;-0.140450004382187;-0.1409695749983465;-0.8071163416093243;-0.8119010242513262;-0.9989046426292177;0.007669686224852156;-0.21836444958200776;-0.8881377535117251;-0.5842510313013736;-0.31013477333948586;-0.8875362974344329;-0.10394799790791605;0.010521263051430536;-0.9747881771510968;-0.011163841474324619;-0.9446704722356072;-0.007869432468172916;0.1891219528790192;-0.9798656748275641;-0.11802247413487187;-0.9693232979169749;-0.7953801072321406;-0.9526885600474555;-0.7382465000666943;-0.7912020640021923;0.3308255150156762;0.06834266249922467;-0.3051275367153203;-0.04645586121027816;0.5;-0.9900972203662758;-0.3718709465873561;0.20104239625768178;-0.047183385076058064;-0.3111940768574678;-0.3231656137073554;-0.5059170034742778;-0.31021942395735536;-0.11445559100811042;-0.010595187728098128;-0.8881600834845373
Truppenuebungsplatz;0.015755730065405902;-0.007173652587886921;3.6939539589794904e-05;-0.003063290314154373;-0.014893191171608021;0.021944145493313975;-0.0013411138231639286;-0.0016500083046141296;0.00024210248787310027;-0.2372563882162593;0.00030380012812659756;-0.004002907476425466;-0.0012290343182195;-0.002968354449150594;-0.0020747631950198777;0.0005997051751328943;0.04027309990474447;0.02629154625507692;0.017802348983476303;-0.0009368714214776782;-0.029069750947318847;-0.061364517835932615;-0.05562485972397715;0.019946010600255512;0.07697403031022243;0.018797105067535645;-0.0006541802524776458;-0.060420760562078964;-0.9516308719452168;-0.06194302285889195;-0.0031890783336645774;-0.05342476251511072;-0.1279659215373362;0.00482561272243506;-0.005035865168102935;-0.006304766347961462;0.007825326952769478;-0.01255372953221882;-0.08953568408057308;0.0016467077709264688;-0.014954889861448528;-0.005521156460077535;0.0510158830343917;0.0031388877879551195;-0.14753286714235678;0.007435165705798619;-0.9072547462448372;-0.009510176062130877;0.004776432513744609;-0.056526031800950234;-0.0005942165464586139;-0.040812045911904564;-0.05805151132584627;-0.0029543446806114967;-0.022234929312083564;0.03480578916277859;-0.03601900840309089;0.03096128161726093;-0.27061112063859316;-0.1070932198284411;0.00024265493906501365;0.0026022193089438586;0.006920934483407658;0.025866863159429206;0.012151109560438933;0.0027205391420900126;0.08419154922275485;0.054502294901399254;-0.004700035781304482;-0.0016316263230201679;-0.0016386412433922264;0.015062582997804982;-0.04138474358198933;0.18542985131659395;-0.028088932448670483;-0.002786410469700665;-0.07356810459436418;-0.013860721517021253;-0.004476278463001511;-0.07315751616376392;-0.0011589336626278259;-0.07349673751027301;-0.012532353297260554;-0.31007173139099625;-0.14585870973067275;-0.9274159488830076;-0.28222005015872065;-0.327393371662247;-0.0013366127438664208;-0.24014350123944364;-0.03742325103148137;-0.16763923109794968;-0.027435113339511492;-0.03651614520300593;-0.01168946852810341;0.012870431507677043;0.00047915626394659007;-0.14601166105716898;-0.009902779633724148;0.5;0.0005455057036194488;-0.0008135655448379728;-0.0004950442254473465;-0.004498375403524347;-0.004752837331701194;-0.01013756113288967;-0.004478041805389872;-0.0012910554040935927;-0.00010709455687133626;0.012417946292524495
Turm;-0.9714663446804356;-0.5495977561164702;-0.8220682507637457;-0.34163619438357234;-0.7185621357934864;0.008450368634526915;-0.18486523352100814;-0.2182084806047334;-0.1869176957566307;-0.9813192789079656;0.11349478723702931;-0.9672098424409272;-0.17205816516851752;-0.33456977168997126;-0.2598698892656175;-0.5971665514750041;-0.005909447177262922;-0.950049624762652;-0.9732942999384883;-0.9760253071279847;0.10543797683055411;0.31160834332177506;-0.9086526111760276;0.3167208108886155;-0.0173436399691588;0.010142417164296187;0.2667530151209589;-0.9156830229201339;-0.9996991211313913;-0.9933194723039888;-0.9740531346731679;0.00925096169814537;0.015415879420744233;0.0017366952751014396;-0.4608465925177733;-0.9415514616397314;0.18065244102053332;-0.6822393514604542;-0.9432068002957672;0.2895606002287586;-0.020780096445646868;-0.48389430809258027;0.37765586118869454;0.37733859031861927;0.11759225853597599;0.003702555251545707;0.08124380479544555;-0.6185384311640816;-0.798414615340603;-0.9882451130567366;-0.09124843282842478;-0.8778339915646023;-0.912341562707318;-0.9551089271005537;0.22418440224584973;0.012657166101232185;-0.8632041619252602;-0.9916409445970773;-0.9842906043262255;-0.0016569796505805116;-0.8975952129576541;-0.7877157068956921;-0.9844999696754102;0.28233655273395464;-0.946458714408479;0.2917968315070758;0.082383918143747;0.12032149036311449;-0.9320220154583724;-0.21630022419553782;-0.2170295416792724;-0.8760537442520939;-0.8793839153160223;0.10463894755867967;0.04217100583865644;-0.32059813850558744;-0.9306074127232769;-0.7035891032535821;-0.43160874127300464;-0.9302163636035906;-0.1638428376585672;0.03981860478077776;0.19406221468684617;0.053379247466653075;0.18902376833268797;0.08186811830458897;-0.9851634006732692;-0.9879811597052383;-0.18435849203610707;-0.9816083111100408;-0.8678251760836266;-0.9714389546816432;-0.826507314462173;-0.8648750554373367;-0.9781439705129372;0.1465610118316847;-0.42585092970827026;-0.028919186686004232;-0.6281290534126439;0.09212482049341698;0.5;-0.872387287605366;-0.07718797559159955;-0.4328226392766437;-0.4464405477090669;-0.6336407831645556;-0.43170579945764836;-0.17919412114201305;-0.017766666030879424;0.22490988603799283
Uebrige Bahnen;-0.8327841339670624;-0.15146100138283633;-0.4032816336202505;0.03089966909077709;-0.2719219890611947;0.007631380485887939;-0.03210972345127878;-0.039227084687600805;-0.03253391082636732;-0.8848489660566097;-0.045548174540835165;-0.8118465681404938;-0.029502214728018332;-0.06850897361623463;-0.04885181278994383;-0.17820438306908057;0.02782594334967639;-0.7356053189773722;-0.8420520133250271;-0.8562216295208195;0.0483014769303503;0.11651615362457833;-0.592681009204869;0.31436727911240675;0.050196434131854345;0.012720613767426206;0.1527341626074093;-0.6136909004212777;-0.08412172847377392;-0.956044297642431;0.49248077624062847;0.010325143887092061;0.12384932005203371;0.003265253647792251;-0.11113809108004413;0.1649418772280163;0.20681454569559315;-0.23900335859204097;0.11580184153575583;0.08580249630445562;0.024491665499605575;-0.12060870109921969;-0.9239288932023424;-0.7086067349091905;-0.14555451734173597;0.004941989636013519;-0.9958789580907986;0.04861006783509819;-0.36683509759354477;-0.9248001360548807;-0.014475457436548135;-0.5124582173542575;-0.6035629557263356;-0.7568254175437928;0.057085221731887764;0.011941721062859156;-0.47999273470034776;0.12268856379170957;0.516481091816084;0.017742874290001886;-0.5618201336707284;-0.351825963328982;0.07325320033257833;0.023044874511998818;-0.7211233894475795;0.13071283275980228;0.10853591918558088;0.050408682249247445;0.15219895590184063;-0.03880634613390434;-0.038966949763326666;-0.5083357078743397;-0.5160883065093463;-0.011473178165276904;0.08136982074661468;-0.06456991414752603;-0.6623588839078065;0.09696799195265826;-0.09997305513223596;-0.6610068252661383;-0.02786448168777617;-0.008311541134171787;0.03142464363036735;-0.14687925986820052;-0.8083763963091873;-0.9968418631754739;0.600275318679743;0.23044328422540114;-0.03200526551121821;-0.886457907835235;-0.4899092065180672;-0.8326465533481545;-0.41067875715343444;0.08380996537815612;-0.8674900800137963;0.10971974160525742;-0.0978775389924592;0.007305392128138177;0.04967397285789568;-0.020098077550280778;-0.12761271239463406;0.5;-0.012087582783209235;-0.10041901554511576;-0.10552430854301881;-0.20191543648725915;-0.10000865841173921;-0.030946784965130404;-0.0026389325659427554;0.11744374914870365
Verladestation;-0.9975492421622265;-0.9358497809590961;-0.9822176275298815;-0.861185402750026;0.6406983579611092;-0.00973004688270489;-0.730558006164942;-0.7694209918918469;-0.7332193103534865;-0.9984102503338391;-0.7959300883365055;-0.9971723254749718;-0.7130148045585502;-0.8573672876900287;-0.807607241306019;-0.9465893259177182;-0.9999762441427624;-0.9956215222562835;-0.9977101839333283;-0.997949607561607;-0.9999450164984476;-0.992480986169174;-0.9916613060922117;-0.9975877910698874;-0.999996718180594;-0.0019570399582934913;-0.9948257127748658;-0.9923568192518982;-0.9999748262537568;-0.9994377700410649;-0.9977768330811589;-0.9999908565424123;-0.9999329098299276;-0.0028710346775561524;-0.9108653504377;-0.9948344470943851;-0.9993823277823506;0.6478846136661158;-0.994988773866751;-0.9896211518391639;-0.05378387265685737;-0.918094697226483;-0.9989936132380901;-0.9949937147810408;0.08907393154474717;-0.001655285649993652;0.18033702508553487;-0.9509457919090784;-0.9793180852248401;-0.9990060642499888;-0.5455473643472102;-0.9884933697634681;-0.9920274662448428;-0.9960840290292984;-0.9977670515600079;-0.008622983872465594;-0.9869179200298084;-0.999295415549719;-0.9986668065843494;-0.9999493790213616;-0.9905473974363616;-0.977955321130714;-0.9986848305866277;-0.9989045311175253;0.37069635556367647;-0.9752531885762447;0.13353794472038227;-0.9999091474600457;-0.9939363088180292;-0.7674241483748714;-0.7681902413055898;-0.9883042059740743;-0.988657495032876;0.10903492861495104;0.11449458848211479;-0.849432565952548;-0.9938015564365359;-0.9659614341102611;-0.9007773088265247;-0.9937642399906729;-0.7008341027051237;-0.9997937541722546;-0.998720860563798;0.12715132749685956;-0.9971079979516481;0.08807676838421852;-0.9987418982264769;-0.9989834971014815;-0.7298948444050177;-0.9984352689350519;-0.9874207384897894;-0.9975468264078268;-0.9827451267586302;-0.9871002930529226;-0.9981345055505543;0.42142327206369706;-0.8986562288285121;-0.041071965134796204;-0.952816614923942;-0.9995049557745527;-0.9228120244084006;-0.9879124172167908;0.5;-0.9012185397654349;-0.9060318827837656;-0.9538693777615807;-0.9008126631373284;-0.7229946345905441;-0.17780019519774992;-0.9938029409472967
Verzweigung;-0.978077306342727;-0.6152392785595375;0.27472360345810515;-0.4047607587211815;-0.769888994222345;0.005045154929683995;-0.22910313211732974;-0.26780394634961074;-0.23150725256285137;-0.985681062299507;-0.29947709438852216;-0.9747813921726146;-0.21403607991955015;-0.3971763470682322;-0.31511767581658795;-0.6601621474127939;-0.007447517891041438;-0.9614255958783678;-0.9794906839153873;-0.9816000090610532;-0.9994985898341162;-0.9353501412880385;-0.9287494974447366;-0.9784155096063226;-0.007093909477255269;0.010413229153742529;-0.954697318463612;-0.934344942454306;-0.9997703778793174;-0.9948938958661605;-0.9800770542445254;-0.12755739613476963;-0.9993882458228089;0.0013928779723936862;-0.5283219251086201;-0.9547707108019582;-0.9943928898467017;-0.7377730980101643;-0.9560691312236859;-0.9126727198072933;0.0014475044320018142;-0.551293655008332;0.14761134394876818;-0.9561107530350406;-0.022729615367753992;0.004118511757634514;-0.9995382832815386;-0.679982905155277;-0.8384525413468308;-0.9910045989096743;-0.11627972095180923;-0.9039947504632915;-0.9316878758760947;-0.9653746591703181;-0.9799909586776504;0.0019749083413205205;-0.8921127359300963;-0.9936084072935076;-0.9879671165455681;-0.9995383565669498;-0.9199103632259635;-0.8294246156771546;-0.9881280745463507;-0.9900938002895229;-0.9586168759856465;-0.8120159136010716;0.1029994637220804;0.1573589507760835;-0.9472758415705924;-0.2656093254647145;-0.266448376312686;-0.9025534082847475;0.2656720100320782;0.15700871668009234;0.048963647666294616;-0.38209148655679975;-0.9461603299641005;-0.7567221417476694;-0.4987633760925682;-0.9458518267068491;-0.20431102621579625;-0.9981214929231946;-0.9884499693892924;-0.030700597680241064;-0.9742208558725756;-0.9996464695689548;-0.9886380078846364;-0.9908020324756971;-0.22850912216839003;-0.9859035774624073;-0.8958750042797923;-0.9780561189860708;-0.861930487246328;-0.8934741011935848;-0.9832344936937276;0.2703716981600643;-0.4928865582679715;-0.1015432910305611;-0.6888059231425322;-0.9955016245964757;-0.5671773607233563;-0.8995809844548842;-0.09878146023456509;0.5;-0.5138167582582096;-0.6938566469377966;-0.49886228157272045;-0.2224452738856999;-0.02315401364690533;-0.9461717794447341
Wasserfall;-0.9768601049006576;-0.6020726139421744;-0.8513825869129809;-0.39151502094574275;-0.7599496353562346;0.007678368586365661;-0.21948613381293045;-0.2571042179180876;-0.22181837511611122;-0.9848795133062963;-0.28800967776064057;-0.973386172951959;-0.20488345492184135;-0.3840186825952348;-0.30331066898553516;-0.647652361598742;0.30076279355694385;-0.9593223021022406;-0.978350219615789;-0.9805745120960822;-0.02470437739841551;-0.9319257368159265;-0.925003499992533;-0.977216648622576;0.009798948609935822;0.010461078455554627;-0.9522453834527551;-0.9308712292167313;-0.9997573298630285;-0.9946052425299751;-0.9789684961986732;0.09279891052433369;-0.012716701295950813;0.002685241525822406;-0.5145279069294283;-0.9523225496605131;-0.9940760827637728;-0.7269385422359222;-0.9536878416654161;-0.908165062470985;0.020526374689313908;-0.5375834400948334;-0.9903801766313594;-0.9537316104191187;-0.9998211745583574;0.004137436632652314;0.03752554177493478;-0.6678356282267697;-0.8308239333508631;-0.9904981794518305;-0.11071848739461726;-0.8990886811376321;-0.9280844015441014;-0.9634785110513794;-0.9788777133228783;0.02111606730990841;-0.8866755885961709;-0.9932475771786401;-0.9872918869827128;-0.9995121306367452;-0.9157418082243397;-0.8214604699613086;-0.9874617625719682;-0.989536646445312;-0.956367385299746;-0.8034315884604574;-0.1537569865126556;-0.999124695460544;-0.9444456047551983;-0.254966746872358;-0.2557838876623357;-0.8975820281574276;-0.9003995419456272;-0.9994767042490657;-0.9997302715665128;-0.3691275525440006;-0.9432737982705345;-0.7464013932534572;-0.4849476465804438;-0.9429497523837905;-0.19547083852976593;-0.9980149349268653;-0.9878015007370787;-0.04803811272896008;-0.9727954904702666;-0.9996263832348389;-0.9879999683582801;-0.990284320817912;-0.2189099778304207;-0.9851142963673726;-0.890604211880777;-0.97683776902843;-0.8552191144856056;-0.8880969560615745;-0.9822984496121543;0.11216413961867022;-0.47907802525021;0.04761283891873491;-0.6768343862926446;-0.9952471626682988;-0.5535594522909331;-0.8944756914569812;-0.09396811721623448;-0.48618324174179045;0.5;-0.6819897048497757;-0.48504646356778824;-0.21303052018344254;-0.021936086220020103;-0.9432858248027745
Wehr;-0.9516556758232999;-0.4136680423736993;-0.727614986879488;-0.23078585625095988;-0.5961557326529953;0.005767206456523907;-0.11592543232763868;-0.13895399189594207;-0.1173226566127771;-0.9681249611254296;-0.15869087393747244;-0.9446124130764885;-0.10726587852646334;-0.22522788388944964;-0.16874992412069892;-0.46152743981843874;0.2526990664338594;-0.9166453549547794;-0.9546935757570651;-0.9592471044988446;-0.07004659898860877;-0.8645636464035561;-0.8518802970724607;0.14543060284937182;-0.05746502157833374;0.009637383518409011;-0.9028952461811853;-0.8626194878756173;-0.9994797257089479;0.06608389217226693;-0.9559570277483235;-0.1025931379167934;-0.9986145670201312;0.0010457055037863788;-0.3307482432330264;-0.9030440373477328;-0.9873814067622266;-0.5538439631107374;-0.905680708200654;-0.8217871116091103;0.010744431633922098;-0.35153176356360344;0.0992745330092963;-0.9057653644888887;0.019989177724725235;0.003808639797906365;-0.07501154154182538;-0.4838759254561944;-0.6960476355894963;-0.9798420731546408;-0.054870099082106515;-0.8059973707298514;-0.8575023835272871;0.5575930537045365;0.1435817355487286;0.004623829856675875;-0.7848730670903098;-0.9856301337400994;-0.9731375048734437;-0.9989543225405834;-0.8351971446204428;-0.6820790901109006;-0.9734915088477444;0.10399492920792727;-0.9108782972764675;-0.655871717091575;0.13103881739238404;0.1803189822180147;-0.8879832685664188;-0.13761682170575978;-0.138127595700878;-0.8034047367531503;-0.8082596172469204;0.18498580215419339;0.1285887452088309;-0.2143515087157266;-0.8857645567510998;-0.5784905422523362;-0.3050936270308663;-0.8851519906229726;-0.10176396515585011;0.05089515274242634;0.11218424159896283;-0.028159476757715088;-0.9434202303052875;-0.9991991017961054;-0.9746139732707105;-0.9793933659073906;-0.11558086924081175;-0.9686116089221034;-0.7915010049140432;-0.9516102164256333;0.23834786216274506;-0.7872649406257705;-0.9627919478395955;0.2608041887967782;-0.30013237154499317;-0.115055173048333;-0.4940829965257223;-0.9898624388671102;-0.3663592168354444;-0.7980845635127409;-0.04613062223841931;-0.3061433530622033;-0.3180102951502244;0.5;0.11521899046040655;0.05753108614462761;-0.010349918612685353;-0.8857872995403463
Zollamt 24h 24h;-0.978174674741105;-0.6163159962951544;-0.858795093905215;-0.40585767381582993;-0.7706942376689764;-0.006507076133278175;-0.22990787626570253;-0.2686972483351681;-0.232317896495528;0.1750169999686381;-0.3004326967913261;-0.9748930234172757;-0.2148026465935211;-0.3982664605615919;-0.3161006657376672;-0.6611823835940948;0.11571428198269637;-0.9615940178222009;-0.9795819059237427;-0.9816820246002552;0.021717461449614672;-0.9356247896395657;-0.9290500599099364;-0.9785114088958465;-0.06641507297258988;0.004363793377519829;-0.9548937388909723;-0.9346235626600721;-0.9997714202498795;-0.994916962498816;-0.9801657209881882;-0.04972942971061277;-0.9993910218267836;-0.01325888912553282;-0.5294558469863808;0.23471874148920366;0.30435201317707483;0.2716552654276805;-0.9562598763376584;-0.9130347501220788;-0.020916920422006283;-0.5524191371868283;0.1964828671363426;-0.9563013256897507;-0.022237365430248537;0.0008238807551010256;0.015040754772280932;-0.6809723928107584;-0.8390680086556782;-0.991045077151228;-0.11674818108833153;-0.9043889879731113;-0.9319769509584266;0.22161153601195055;0.5052950188041414;0.008387855394038586;-0.8925499663947414;-0.9936372439331693;-0.9880210978811327;-0.9995404517150788;-0.9202450106543996;-0.8300675068587238;-0.9881813424379522;-0.9901383362324337;-0.9587970356863461;-0.8127096015874857;0.1637289816623913;0.16610698712888328;-0.9475026701617816;-0.26649797139743187;-0.26733880754734873;-0.9029529291463274;-0.9056382228208599;0.14466245098765815;0.13647091137106376;-0.3831665136829084;-0.9463916860895824;-0.7575589514646628;-0.4999010939632323;-0.9460844329694171;-0.2050518496770631;-0.9981300064134616;-0.9885018097841182;0.03484170108225129;-0.9743349030264001;0.024134778224363065;-0.9886890139576833;-0.9908434138200398;-0.2293124004636993;-0.9859666846529429;-0.896298759916999;-0.9781535793850092;-0.8624711794161247;-0.8939064706280403;-0.983309347611813;-0.9948942053232599;-0.49402408324063296;-0.0345178457626333;-0.6897805760426446;-0.9955219581946102;-0.5682942005423516;-0.8999913415882609;-0.09918733686267162;-0.5011377184272795;-0.5149535364322118;0.262328458303525;0.5;-0.2232334038571054;-0.023257168730811757;-0.9464030891573114
Zollamt 24h eingeschraenkt;-0.9936285684734055;-0.848239903868537;-0.9548791489999928;-0.7038721984009377;-0.9212285423290105;-0.08998713827668052;-0.5095214932601871;-0.5611128624449506;-0.5129103780702219;-0.9958612856394796;-0.5990921410880061;-0.9926531088999286;-0.48767915169500364;-0.697248300766468;-0.6166071729169824;-0.8716346431621809;0.12058454643386504;-0.9886520029527295;-0.9940454447972716;-0.9946660056842545;-0.9998565036538918;-0.9806098209229258;-0.9785240172037726;-0.9937283994391118;0.017233474431449576;0.00943610475329825;-0.9866064904274339;-0.9802935093338674;-0.9999342982191296;-0.998533885374275;-0.9942181445028486;-0.9999761355761057;-0.9998249109940543;0.0024221412037168087;-0.796552007307702;-0.986628912510555;0.24493866618446022;-0.907702453615218;-0.9870251916820371;-0.9733560377531383;0.03277327305158522;-0.8111303815778891;-0.9973775411544007;-0.987037882153405;-0.011624023837117097;0.0016461384416345257;-0.9998678670908325;-0.8813384254846726;-0.9477589660012594;-0.9974099343638639;-0.3150382380407434;-0.9705135233774744;-0.9794550970572442;0.35510712928126464;0.4673733641065315;-0.0855669685374475;-0.9665596124222667;-0.998163091348206;-0.9965277671420589;-0.9998678880703784;-0.975698194994191;-0.9444347087272702;-0.996574610528222;-0.997145818229366;-0.9878005657574118;-0.9378847499963281;0.1449227743971109;0.08138441407381164;-0.9843265496805975;-0.5583475369165494;-0.5594069285700544;-0.9700377384102555;-0.970926562029972;0.12382878389781561;0.13166234373498975;-0.6836923200028442;-0.9839816829281782;-0.915773912448941;-0.7766979873040258;-0.9838862065325675;-0.4730032843118825;-0.9994618691680259;-0.9966682585810048;-0.049092594920916416;-0.99248674713058;-0.9998988353818947;-0.996722944066593;-0.9973512234343783;-0.5086801781452326;-0.995926254762411;-0.967819401375638;-0.9936223127513694;-0.9561814423412773;-0.9670163088532672;-0.9951455682647035;-0.9985272974892225;-0.7725940900716067;-0.9999942280860591;-0.8855444089918896;-0.9987089445959064;-0.8208058788579868;-0.9690532150348695;-0.2770053654094559;-0.7775547261143001;-0.7869694798165575;0.45578001056786027;-0.7767665961428947;0.5;-0.0765135737590258;-0.983985225501683
Zollamt eingeschraenkt;-0.9994690052197394;-0.9853931554968788;-0.9961002220467118;-0.9663168353967794;-0.9929653328359711;-0.0123830270382429;-0.9261348364848656;-0.9391388168045335;-0.9270572838055795;-0.9996557887498441;-0.9474680534777166;-0.999387158973664;-0.9199298704614939;-0.9652737728317582;-0.9510077443476861;-0.9879453599715791;-0.9999948627150332;-0.9990498965095617;-0.9995039384488728;-0.9995558902307113;-0.9999881093396596;-0.9983643791812633;-0.9981849001347999;-0.9994773732601585;0.03236316315715777;-0.01754968703255553;-0.9988765074569864;-0.9983372062153897;-0.999994556085661;-0.9998783645234566;-0.999518402400076;-0.9999980227188274;-0.9999854910296383;0.002040974602426209;-0.9792769919990995;-0.9988784116481654;-0.9998663640747305;-0.9916456793233717;-0.998912052502935;-0.9977371737570176;-0.0029108824704571043;-0.9810730450319953;-0.999782197697229;-0.9989131294110281;-0.999995988589169;0.003144746534501728;-0.9999890510719687;-0.9889679156304844;-0.9954538583054533;-0.9997848944469728;-0.8473568340486461;-0.9974890538474679;-0.9982651040863583;-0.9991505666852042;0.4198676478959751;0.030714777682530333;-0.9971417019802368;-0.999847549866107;-0.999711396195462;-0.9999890528106072;-0.997940623734358;-0.9951490393153367;-0.9997153019775713;-0.9997629019708192;-0.9989778038767357;-0.9945426707623407;0.11694343342747564;-0.999980351795811;-0.9986824690997362;-0.9384942605644537;-0.9387418373197574;-0.9974473931435833;-0.9975251900658728;-0.9999882574791132;0.21063573240943456;-0.9630834648712664;-0.9986530468997802;-0.9924374289894022;-0.9767338424677372;-0.9986448980217202;-0.9154904941190144;-0.9999553922576999;-0.9997231093041724;-0.9999978446165637;-0.999373185617278;-0.9999916174352992;-0.9997276677458597;-0.9997800066165418;-0.9259042150761785;-0.9996612124075226;-0.9972526564698151;-0.9994684808007099;-0.9962174915997495;-0.9971819555533276;-0.9995959973030798;-0.999877817223594;-0.9761935697162704;0.08048713833807006;-0.9894048122719018;-0.9998929054431286;-0.9822333339691206;-0.9973610674340573;-0.8221998048022501;-0.9768459863530947;-0.9780639137799798;-0.9896500813873146;-0.9767428312691883;-0.9234864262409742;0.5;-0.9986533492293622
Zooareal;-0.7173673611471392;-0.0833836595473567;-0.2561914117184872;-0.037244561053656346;-0.15990410590053178;0.012534026678725609;-0.016626215465108136;-0.020383819781167024;-0.016849417868736987;-0.7965911548434531;-0.023743526866817993;-0.6874027711167696;-0.01525624471103196;-0.03612868713681522;-0.02550792612137749;-0.09951641060676827;0.07879536194846902;-0.5864240442540194;-0.7309656178035924;-0.7521677878899418;0.027677066619850636;-0.4514803533365564;-0.4258046295790108;0.11969229097906485;-0.032069342955457394;0.013650003451395304;-0.545226511468218;-0.4473965765050082;-0.995979096506478;-0.9172512956325225;0.020957148275466294;-0.04991255308395408;-0.9893547778465356;-0.0026576142896845333;-0.05990521366250436;0.10353562148778897;0.12071089630504053;-0.13797638633083356;-0.5531946102941804;-0.3728728545858639;0.023459517980229723;-0.06533090844376649;0.18390192476763895;0.06711635193358384;0.20143187258048695;0.004618580223663093;0.00818775104382696;-0.10784614048534895;-0.22795981413831734;-0.8624013268305223;-0.0074300258688414925;0.04367114001154386;-0.43690915973538114;-0.6133235238438383;-0.7358934746669241;-0.0630802322707698;-0.319924110126065;-0.03659245767486832;0.0718724297602197;-0.9919470379981562;-0.39520223805748267;-0.21668820050489873;0.07005225501962462;0.23399092607301844;-0.5685633523479925;0.04973166275775509;0.18573889403543506;0.30657714517179935;-0.5054723572531651;-0.020160947685132904;-0.020246010991998187;-0.3450876773006102;-0.3521337219767558;0.25603987146184076;0.1660698628102863;-0.03398347384605877;-0.4999438044115295;-0.1503530943555174;-0.05357684663538652;0.04399441553733713;-0.014397604789683865;0.018792062678586418;0.16536616186320294;-0.022878969246177154;-0.6825349430982557;0.014986009851356416;-0.8319384563515362;0.019779438918896976;-0.016571265402046495;0.17018677836350013;-0.3286234870399447;-0.7171670700059487;-0.2620754952727577;-0.32302665632589234;-0.7693949285297719;0.09358840661555236;-0.05239721604353709;-0.11720145989996339;-0.11183991651546264;0.15634215252516726;0.016767082317711502;0.05985414708298038;-0.006197059052703276;-0.05382822055526597;-0.056714175197225616;-0.11421270045965375;-0.05359691084268856;-0.01601477449831701;-0.0013466507706377656;0.5
