;Abwasserreinigungsareal;Alpiner Gipfel;Ausfahrt;Aussichtspunkt;Autofaehre;Bezirk;Bildstock;Bobbahn;Brunnen;Campingplatzareal;Denkmal;Deponieareal;Ein- und Ausfahrt;Erratischer Block;Felsblock;Felskopf;Fliessgewaesser;Flugfeldareal;Flughafenareal;Flugplatzareal;Flurname swisstopo;Freizeitanlagenareal;Friedhof;Gebaeude;Gebiet;Gemeindegebiet;Gipfel;Gleisareal;Gletscher;Golfplatzareal;Gondelbahn;Graben;Grat;Grossregion;Grotte, Hoehle;Haltestelle Bahn;Haltestelle Bus;Haltestelle Schiff;Hauptgipfel;Haupthuegel;Haupttal;Heliport;Historisches Areal;Huegel;Huegelzug;Kanton;Kantonsgebiet;Kapelle;Kehrichtverbrennungsareal;Kiesabbauareal;Kleinbahn;Klosterareal;Kommunanz;Kraftwerkareal;Landesgrenzstein;Landschaftsname;Lehmabbauareal;Lokalname swisstopo;Luftseilbahn;Massiv;Massnahmenvollzugsanstaltsareal;Messeareal;Normalspur;Oeffentliches Parkareal;Oeffentliches Parkplatzareal;Offenes Gebaeude;Ort;Ortsteil;Pass;Personenfaehre mit Seil;Personenfaehre ohne Seil;Pferderennbahnareal;Privates Fahrareal;Quartier;Quartierteil;Quelle;Rastplatzareal;Rodelbahn;Sakrales Gebaeude;Schmalspur;Schmalspur mit Normalspur;Schul- und Hochschulareal;Schwimmbadareal;See;Seeinsel;Seeteil;Sesselbahn;Skilift;Skisprungschanze;Spitalareal;Sportplatzareal;Standplatzareal;Staudamm;Staumauer;Steinbruchareal;Strasse;Strassenpass;Tal;Transportseil;Truppenuebungsplatz;Turm;Uebrige Bahnen;Verladestation;Verzweigung;Wasserfall;Wehr;Zollamt 24h 24h;Zollamt 24h eingeschraenkt;Zollamt eingeschraenkt;Zooareal
Abwasserreinigungsareal;0.5;-0.0014875259119860884;-0.00564482039048653;-0.0006331250259605584;-0.021207881987603268;0.012199017611524948;-0.000276803923402736;-0.002151032870128089;-0.0002805824233906184;-0.008502000887117115;-0.00039813109184344553;-0.5632161794347063;-0.00025364821954101783;-0.0006134574921691742;-0.00045005325323014015;-0.0018138982473646264;-0.021310284701724642;-0.48264948156251836;-0.6855576176030814;-0.01834977799637602;0.024064771936894054;-0.2991198551407498;-0.32613882583895865;0.0020411282622614865;-0.05746841076316445;0.01398416224453196;-0.019255524488038286;-0.38939081327075575;-0.9949506886401009;0.06671169337943367;-0.2404954591805229;-0.0983605265875423;-0.9846151917666239;0.0016889005281144395;-0.0010715086191123398;-0.02126953152006271;-0.002339351534713025;-0.0026215277380615284;-0.01987282282477809;-0.009643053304315977;0.0015658991603990661;0.0010213684948833515;-0.7430133426914104;-0.01989214567979542;0.01421043416541442;0.005531306223143663;0.07585885138239148;-0.0019831238008761456;0.04138537162706631;-0.14172711408378388;-0.0008575347206870864;-0.19666259327922034;-0.38189710387367903;0.04712398568262712;-0.046913085625850774;-0.004502133566181935;-0.21882729545865787;-0.12650921707068796;-0.3442968811298866;-0.989982320606621;-0.2751273082153142;-0.13987348016637607;0.00517612879261309;0.03390649124413865;-0.1975013880211479;-0.004029860569668536;0.2307431321179715;0.20451810312842983;-0.016463230658657856;-0.0017812935152611798;-0.0019760236384488952;-0.28464466259511323;-0.21499903423197977;0.2499749942000173;0.19188198381209792;-0.0005831187930166922;-0.2921796067269972;-0.020967973441478084;-0.000926204890374263;-0.1080924069401349;-0.001476660044463867;-0.07763445888580904;-0.0368058982531428;0.02783482340425263;-0.6252701840884298;0.06418041508849766;-0.3551425091945466;-0.4144524876162653;-0.0018489532570892654;-0.6925877745665459;-0.24764981529102473;-0.02800297137846649;-0.11125868576401146;-0.1087764355564686;-0.029582406088814982;0.0427444786980751;-0.000904703950842193;-0.0992880967582677;-0.01353280898652911;0.08809800956390451;-0.0012193732665017108;-0.008442418278517558;-0.00010940199583705636;-0.0009524800117716839;-0.001041902706657847;-0.010329806564165506;-0.001042990784019087;-0.0002736663799016951;-2.2082453678505983e-05;-0.3791747074527921
Alpiner Gipfel;-0.9985124740880139;0.5;-0.7921273070222854;-0.29837312418337025;-0.9356681477773776;0.009240996563218765;-0.1567287657496641;-0.5913378096330858;-0.15852952912764673;-0.9992453529336404;-0.21095497674548647;-0.9988460127624772;-0.14552290931549694;-0.29180502854599877;-0.2320909252826283;-0.5495099500514059;-0.9999470224214562;-0.9984056959858799;-0.9993171716999908;-0.9993821082836941;-0.9991994568859545;-0.9965214662727621;-0.9969313720329989;-0.966289477762825;0.026817918820968862;0.008115494735451976;-0.9294740670408397;-0.9976693593761533;0.15135917773999796;-0.9998213649318932;-0.9953173026159022;0.007386092747032027;0.15590955700859918;0.002083447071973619;-0.41861458537756435;-0.935846431643793;-0.9910727275650933;-0.6382506053453005;-0.9315548988094118;-0.8673035369355132;0.04067867988998004;-0.9403206626713474;-0.9994850070409123;-0.9316180945077893;-0.9999944772728001;0.003209976075470719;-0.9999849260554088;-0.5715200108373861;-0.990550144153758;-0.9996390296599763;-0.36553070282994726;-0.9939514338064757;-0.9975946428677193;-0.9972718517892991;0.41953808238765206;0.008364323912371753;-0.9947100312115555;-0.9898187087362417;-0.9971708577559361;0.1492233320512309;-0.9960903505635528;-0.9909222631629087;-0.9976851726872764;-0.9995148796569301;-0.9939832185745832;-0.7308947434304699;-0.9999979790221604;-0.9999720127885177;-0.9182742372312792;-0.5450077836921466;-0.5706397106417133;-0.9962700167438728;-0.9945901046893748;-0.9999829542233769;-0.9999881179047677;-0.28142907031513015;-0.9964040000404476;-0.9349650427121454;-0.38359046589574747;-0.987856894897621;-0.4981644209245975;-0.9998866669817055;-0.9993105021034052;-0.9999970152097882;-0.9991079812093443;-0.9999884539054703;-0.997302267142661;-0.9978996807240216;-0.5542524294144738;-0.9993391996234048;-0.9954946142278025;-0.9986594119660925;-0.9882397967458734;-0.987941477405749;-0.9993079012432645;0.1638480564378734;-0.3780471616935826;0.0611012834191248;-0.9020435079896214;-0.9998470464982657;-0.4504021983205476;-0.8510859894016526;-0.06841982412004421;-0.390232235121421;-0.4118041984545786;-0.8750988443363326;-0.41205730977820776;-0.15522761327856688;-0.014606811656304472;-0.9975667705703245
Ausfahrt;-0.9943551796095136;-0.2078726929777146;0.5;-0.10039410977740172;-0.7923928520932917;0.003453251956123468;-0.04650527121123297;-0.2752199344938607;-0.04711035267132125;-0.9971304007454447;-0.0655604124275952;-0.9956167905850762;-0.04278041360541286;-0.09757803086787335;-0.07348571703337944;-0.24248465037936878;0.019690358560860714;-0.9939517887481054;-0.9974029736061142;-0.9976495211703535;-0.9969562695544648;-0.9868729139481832;-0.9884065647758079;-0.8826592524005568;-0.029691190481856176;0.00888170179096608;-0.7757105670008796;-0.9911765739624024;-0.9999711911003581;-0.9993196282583902;-0.9823877428966971;-0.08329376275728215;-0.9999113057181903;0.0010253979040771768;-0.1589235180892136;-0.7928803035035038;-0.9668140866246809;-0.3164754356864438;-0.7812604564435879;-0.6317027158272736;-0.0020528639779006617;-0.8052504251897789;-0.998040385404158;-0.7814298607854006;0.0077887822945941106;0.0035130392433117994;0.027904845351448833;-0.25927487345201805;-0.9649217158978304;-0.9986258673199158;-0.13133173028838732;-0.9773364003393262;-0.9908956089113667;-0.9896831264486304;-0.8965946009558731;-0.004986464399093321;-0.9801371750024174;-0.9622821293536833;-0.989304216379466;-0.9999425588230406;-0.9852636780888966;0.19265981960421438;-0.9912360536015694;-0.9981538997823962;-0.9774535153494076;-0.41614244748985874;0.10422017834305812;0.1494911885310402;-0.7467456879255048;-0.23916250856037838;-0.25858527048227187;-0.9859338532632227;-0.97969361815195;0.13950855769361772;0.07242599079363743;-0.09319948799912205;-0.9864340622828042;-0.7904744971622517;-0.14038060780463935;0.24347387968543768;-0.20666628277833604;0.022152833980976172;-0.9973776559439549;-0.003103819193403537;-0.996609341342389;-0.05880992623546571;-0.9897972807981837;-0.9920434159241704;-0.24602448034885788;-0.9974865979176144;-0.9830462965426111;-0.9949106821463194;-0.9566200057248035;-0.9555556645964107;-0.997367783384928;0.3392358603481353;-0.1375675694641587;-0.0782555705737693;-0.7073075236676793;-0.9994174002348698;-0.1769948147448462;-0.5999718597787265;-0.018909209421235466;-0.14379361415618708;-0.15521011249574188;-0.6477167379733981;-0.15534716408243654;-0.04600225044534406;-0.0038749152447879027;-0.9907908275326398
Aussichtspunkt;-0.9993668749740395;-0.7016268758166297;-0.8996058902225983;0.5;-0.9715919385719666;0.0035825172431469834;-0.3041284377529094;-0.7728642423257218;-0.3070062034678012;-0.9996789403119358;0.22882710721881636;-0.9995089308747074;-0.28595751418805865;-0.4921065004934248;-0.4154487565126462;-0.7414939376313248;-0.9999774701233923;-0.9993213860913222;-0.9997095071350843;-0.9997371426557705;-0.9996594051486141;-0.9985177589424672;-0.9986927328410741;0.4095144671475219;0.02626105154750798;0.0076914007075578085;-0.9687411639650487;-0.9990075447549078;0.017790566918912967;-0.9999240260343475;-0.9980032670387025;0.011555149269217115;0.11363396755040607;0.001974571684673676;-0.6286882968746828;-0.9716736802289672;-0.9961840179918487;-0.8057826676821935;0.46829501112518007;0.4883951078504326;0.012726682446380755;-0.9737193973654517;0.16567225735031535;-0.9697303258407106;-0.0190557531877349;0.0030422312928317587;-0.003167104937328831;-0.7582506226365998;-0.9959594187287181;-0.9998464622705296;-0.5753268084723671;-0.997418819847105;-0.9989756842248358;-0.9988380085175959;-0.9872928247632776;-0.002456557068641241;-0.9977435328320068;-0.9956448298007574;0.24775559353055554;0.11451008992317252;-0.9983336421323963;-0.9961193643354478;-0.9990142874980555;0.22839474341343946;-0.9974324308259578;-0.8646222651877996;9.076800768257794e-05;0.026537002665560906;-0.9635324640500413;-0.7379956287510064;-0.7575912383844403;-0.9984103833741704;-0.9976922179187231;0.002735991054316447;0.01947746041816377;-0.47942986057412945;-0.998467601639642;-0.9712694011554864;-0.5940469554244882;-0.9947997422726329;-0.7000875079481501;-0.9999518009775604;-0.9997066685908848;-0.015093545024004236;0.19376289020878656;-0.015965086568747452;-0.9988509833496749;-0.9991057408874489;-0.7451526530086858;-0.9997188819453507;-0.9980790701630308;-0.9994294633170074;-0.9949648350103246;-0.9948362173348709;-0.9997055616729891;0.3052775498834938;-0.588365282561938;-0.002958396875093512;-0.9558579420074715;-0.9999349494325274;-0.6583637837231985;0.4149946940643383;-0.1472715861644471;-0.60078111444789;-0.6221173518086843;-0.942776852406436;-0.6223629542705581;-0.30172062545789136;-0.03368309314808286;-0.9989637982491518
Autofaehre;-0.9787921180123967;-0.06433185222262237;-0.2076071479067084;-0.02840806142803339;0.5;-0.07778894082162198;-0.012617435460775539;-0.09048664397492741;-0.012787514497497722;-0.9891351638317549;-0.018050178308253183;-0.9834742473767019;-0.011573890372909472;-0.027549372057461493;-0.020357304600349676;-0.07737814363355523;-0.9992300254374513;-0.9773019450854795;-0.9901596807216795;-0.9910877227410935;-0.9884814752072852;-0.9516832434851394;-0.9571496276192507;-0.6633920943798776;-0.9999857892273625;-0.08686329119403556;-0.4753780385100383;-0.9671395423427582;-0.9998900514068254;-0.9974081312752932;-0.9359549907192525;-0.999958627237928;-0.999661557120894;-0.04480672630839535;-0.04717041191169323;-0.5007414210659288;-0.8841643941685001;0.04959443922472672;-0.48341037906306455;-0.31005091807843876;-0.9999921837186797;-0.5199966041198675;-0.9925616214564144;-0.4836580022373817;0.041655211360524816;-0.018609508657425024;0.26470160822963434;-0.08400377285034061;-0.8781530354182048;-0.9947754467331548;-0.03810189113409035;-0.9186886083375252;-0.9661193277609513;-0.961734670147913;-0.6943503018204886;-0.10467735790144461;-0.9282046769322667;-0.8698648087432226;-0.9603703936327695;-0.9997807945669694;-0.9459962063512736;-0.8824258102168284;-0.9673557214893371;-0.9929902745598236;-0.9190836964963917;-0.15735529567835796;-0.061757098131786856;-0.9995930970650053;-0.4358359419492968;-0.07609081448753817;-0.08372765094913842;-0.9483585784420155;-0.9266881582553662;-0.9997521366434631;-0.08785390270234396;-0.026221862906118797;-0.9501274176407082;-0.4970945872624802;-0.041030559115192544;-0.8483309933683097;-0.06389130346492057;-0.9983541657268113;-0.9900644536871069;0.21708591676657055;-0.9871809998554315;0.21244106639612045;-0.9621462410366323;-0.9702970930644335;-0.0787583142971561;-0.9904743117347254;-0.9382405983882939;-0.9808496735892662;-0.8524563773320092;-0.8492391200168784;-0.990027323796901;-0.9837366410891776;-0.04011545630822912;-0.9999904129114975;-0.38768192385899153;-0.9977799823224107;-0.05334008609014336;-0.2821013795208032;0.003142135289327383;-0.04214654325205924;-0.0459256468196718;-0.3251087515485367;-0.04597145072015916;-0.01247616379647324;-0.001018140435512966;-0.9657392581631893
Bezirk;1.8310911111402468e-06;2.0664026483120886e-09;2.9425371200702835e-09;3.406731575302935e-10;-2.529937479538274e-07;0.5;2.691106020317363e-10;4.146497817564069e-09;4.1139112211989107e-10;3.7663313115339298e-06;-2.648092489577528e-10;8.234530877421359e-07;1.5842388417076423e-10;3.0953314406635495e-10;-5.956312311042848e-10;5.853289907338137e-10;7.910678159452784e-05;1.4610654351885588e-06;-6.329051136920726e-06;3.967643505981141e-06;3.851046195805172e-06;7.879210652859968e-07;6.54324788502124e-07;4.719265134496369e-08;0.007403521316314721;0.24244485758785353;-7.328020374823623e-10;1.9651757063155503e-06;0.0011628335191740749;1.6541928309716928e-05;6.286690590877059e-07;0.0027568623423031837;0.0001240321085075299;0.07271960393827348;3.3345299055312384e-10;3.7110847234157202e-09;1.9292256040728172e-07;-1.7699615803473385e-09;2.6874174373679582e-08;8.759507865279566e-09;0.029589450902267653;2.4458928806595738e-08;6.87439509196808e-06;4.151215829399665e-08;0.0018812972121662669;0.13567469302865057;-0.0016004364027366502;1.1866170525262436e-09;-1.1127962742512136e-07;7.93559694573069e-06;1.556234460645649e-09;-5.601213971294376e-08;1.8976425190483165e-06;7.872130898443664e-07;3.366765794215239e-08;0.0505057879006105;5.705075299618113e-07;1.197015308505791e-07;-9.186622439473748e-07;-1.4402066542991813e-05;6.839358049802756e-07;-6.278136248295346e-07;6.053819067496103e-09;-9.82307107319253e-06;3.8811517839202473e-07;4.0821064312058996e-09;0.0038708142525344597;-7.56372778825e-05;2.1426468243207438e-08;-6.734507290537846e-09;3.787194002863077e-09;1.167935674205625e-06;5.390609992905507e-07;-6.210803461739682e-05;0.00022044444705801778;4.720074370501225e-10;1.0614500100060068e-06;1.7128489987544225e-08;1.4097593652811362e-09;8.702157009996802e-08;2.7755088564019595e-09;2.0935208465782524e-05;3.047045384956894e-06;-0.00993522010407976;-2.2008297065970225e-05;-0.000851706950638932;1.1192753301409868e-06;1.251755557412003e-06;1.7930613554507367e-09;1.8900548300836788e-06;7.268689465382381e-07;2.235198192420992e-06;-2.4591436019232793e-07;2.0542129043946186e-07;1.0765769286570949e-06;-4.0458980803018893e-07;1.081828349328919e-09;0.01743877862315993;-3.2685777189310114e-09;3.243445995108375e-05;1.1671943360497933e-09;6.994272426041166e-09;-1.0342413927941901e-10;5.77160207085929e-10;8.957593842792938e-10;1.2445407034632916e-08;-1.0563418789695271e-09;-2.9888748104723346e-09;-3.3102717574496677e-11;1.2643035359886426e-06
Bildstock;-0.9997231960765973;-0.8432712342503359;-0.9534947287887671;-0.6958715622470907;-0.9873825645392243;0.006475200776908936;0.5;-0.8861768411769948;-0.503390425058774;-0.9998596565256234;-0.5899099909998852;-0.9997853204635091;-0.4781678370176371;-0.6891478377679932;-0.6192178755226027;-0.8677790611036633;-0.9999901532646918;-0.9997033006170377;-0.9998730202582004;-0.9998851020373195;0.2269117883844985;-0.9993516502887057;-0.9994282423009346;-0.9935578207589102;-0.000807064421904454;0.007321055169853884;-0.986093713247911;-0.9995660081396733;-0.999998594850746;-0.9999667944014218;-0.9991263522149652;0.04706019019865091;0.05811274558501555;0.0018794948703645532;0.4651619570903833;-0.9874194584058041;-0.9983286468509329;-0.9046980752976322;-0.9865282238430345;-0.9723501770370401;0.014974640081194153;-0.9883416646317551;-0.9999042442533266;-0.9865413957120668;0.022244067190607106;0.0028957460285235362;-0.9999971983513384;-0.8776999574425232;-0.9982300508660872;-0.9999328910265048;-0.7560848767386733;-0.9988702618764239;-0.9995520677743681;-0.9994918229214674;-0.994406355368942;0.008213642704711003;-0.9990125639249119;-0.9980919086354635;-0.9994729671501213;-0.9999971982399061;-0.9992710398064009;-0.9983002673469177;-0.9995689583184236;-0.9999098008435899;-0.9988762277908444;-0.9359524452581338;-0.05986876729328082;-0.9999947982323087;-0.9837279223187202;-0.8656801631059675;-0.8773136618404263;-0.9993046408816169;-0.9989900791698539;-0.9999968318608551;-0.9999977915953255;-0.678172932886113;-0.9993296919504251;-0.9872369545086129;-0.770022076933584;-0.9977205709816477;-0.8422983860738337;-0.999978934200005;-0.9998717792737127;-0.041282276687026546;-0.9998340906190506;-0.9999978540449596;-0.9994975009148825;-0.9996089700640737;-0.8699638732226734;-0.9998771188077715;-0.9991595549145867;-0.9997505686561216;-0.9977931417893792;-0.9977366057084577;-0.9998712953386769;-0.9997887847375426;-0.7658324697442879;0.015234379080921652;-0.980216229956566;-0.9999715688166484;-0.8151347366389622;-0.9685047330170931;-0.2832397488718793;-0.7749430071226567;-0.7902213306334608;-0.9741583447011241;-0.7903944865200452;-0.4971493400696272;-0.07386500644638776;-0.99954686701576
Bobbahn;-0.9978489671298719;-0.40866219036691415;-0.7247800655061394;-0.22713575767427827;-0.9095133560250727;0.012814867207607767;-0.11382315882300512;0.5;-0.11519829478939206;-0.9989083872478791;-0.15594987748767658;-0.9983310311696847;-0.10530191367617578;-0.2216404412986714;-0.17278155550562;-0.4574015983104708;-0.9999233427898939;-0.9976946709025951;-0.9990122428943851;-0.9991061520963898;-0.9988420214047726;-0.9949743454498937;-0.9955657506251165;-0.9519447160624955;-0.9999985861652593;0.008313584525997253;-0.9010672753077718;-0.9966310521982055;-0.9999890602328427;0.2513492943611935;-0.9932382491487516;0.09125178311852584;-0.9999663183652625;0.0021343016103569025;-0.33226427377983137;-0.9097571322513462;-0.9871335023613135;-0.54940841629619;-0.9038995790747173;-0.8187388202143815;-0.9999992223599152;-0.9158873593144218;-0.9992549721362802;-0.9039856772747302;-0.9999920085845468;0.003288327881700209;-0.9999781880156156;-0.4796504695081381;-0.9863834933072714;-0.9994777569878303;-0.28476697413103463;-0.9912712715463341;-0.9965231652696537;-0.9960571536979299;-0.9580428781009005;0.058999060583487965;-0.9923634262242066;-0.9853343266968386;-0.9959113767946827;-0.9999781871480861;-0.9943525723467262;-0.986917520841222;-0.9966538867574145;-0.9992981787581995;-0.9913170173331526;-0.6524142460682568;0.0254800863682454;-0.9999595027636996;-0.8859100474112738;-0.45289540256832445;-0.478753566557775;-0.9946116653479424;-0.9921907185213923;-0.9999753347981639;-0.9999828065942612;-0.2130089748740261;-0.9948049070232168;-0.9085523342519928;-0.3007277771264362;-0.9825236821198445;-0.4068890543863313;-0.9998360144262075;-0.999002597846627;-0.999995680987885;-0.9987097553804181;-0.9999832927851627;-0.9961010584318312;-0.9969636700944947;-0.46216467860096333;-0.999044098358994;-0.9934937700807642;-0.9980613190029632;-0.9830718714459045;-0.9826447603500873;-0.9989988367021521;-0.9983579247005319;-0.2958072851747469;-0.9999990461811827;-0.8642023183815793;-0.9997786900593459;-0.36157277557964507;-0.7979685116878341;-0.04830460057637713;-0.30664855116608003;-0.32607081255488174;-0.8288240062157101;-0.326300461251756;-0.1126780460913039;-0.01014024275570899;-0.9964829208996672
Brunnen;-0.9997194175766093;-0.8414704708723533;-0.9528896473286788;-0.6929937965321988;-0.9872124855025022;0.009765342610404975;-0.496609574941226;-0.8848017052106079;0.5;-0.9998577405080276;-0.5866251908382857;-0.9997823898051883;-0.4747848776837936;-0.686235136801535;-0.6160150232158186;-0.8662152110881245;-0.9999900188158748;-0.9996992506166401;-0.999871286663412;-0.9998835333701749;-0.9998490829598545;-0.9993428033530781;-0.9994204398812876;-0.9934704317515817;0.03927129645663049;0.007326835574375094;-0.9859065088831093;-0.9995600848967306;-0.9999985756644608;-0.9999663410178793;-0.999114433740526;0.045314463284878474;-0.9999956146325896;0.00036772501565565863;-0.7926127245859936;-0.9872498702648347;-0.9983058643759293;-0.9035223398206986;-0.9863467878070535;-0.9719832158122059;-0.03433182380768151;-0.98818435925178;-0.9999029369036997;-0.9863601346203011;-0.012618210009137598;0.002898032390785682;0.035916771990440306;-0.8762367122380813;-0.9982059268290929;-0.9999319747635923;-0.7535751044089144;-0.998854853771578;-0.999545954355825;-0.9994848876995847;0.4001008293391944;-0.02489291165629531;-0.9989990946833877;-0.998065905396787;-0.9994657747362715;-0.9999971599839759;-0.9992610937286925;-0.9982770986940884;-0.9995630753227497;0.20255136438479707;-0.9988609009602377;-0.935134647796671;-0.02834800739570706;-0.9999947272062496;-0.9835094026259317;-0.8640953761312148;-0.8758464486128944;-0.9992951529402748;-0.9989763035365861;-0.99999678860231;-0.9999977614411999;-0.6752058626425036;-0.9993205455900848;-0.9870649384078383;-0.7676116345651326;-0.9976895189129169;-0.8404885593348318;-0.9999786465676488;-0.9998700287385482;0.011818961213225196;-0.9998318256255732;0.05817209739307575;-0.999490643142531;-0.9996036329450423;-0.868421946016061;-0.9998754411615852;-0.9991480890116711;-0.9997471637098487;-0.9977630761173844;-0.9977057715743513;-0.999869538197445;-0.9997859013609961;-0.7633916083789833;-0.040440470677969555;-0.9799515124283024;0.14659962463087664;-0.813082351296503;-0.9680884110071877;-0.28049459015801603;-0.7725689082924445;-0.787964302744157;-0.9738147347546493;-0.7881388221537626;-0.4937591562805948;-0.0729425952592589;-0.9995406826494216
Campingplatzareal;-0.0043100454700096295;-0.0007546470663596176;-0.0028695992545553937;-0.00032105968806418804;-0.010864836168245112;0.01272020558975765;-0.00014034347437673662;-0.0010916127521209337;-0.000142259491972384;0.5;-0.00020187012943933275;-0.3952903347462978;-0.0001286017390545598;-0.000311083202370071;-0.00022820281240354962;-0.0009203694889775694;0.032035829828235544;-0.3210865300052131;-0.5249987912759457;-0.5498522643824618;0.019833264304294506;0.022355851730889935;-0.1970153331265573;0.002338749729427417;-0.014975117331164692;0.015119240106581841;-0.009855052984581246;-0.2443038379374708;-0.9900883978719315;-0.11252644394833491;-0.006943363933601828;-0.14273621423907154;-0.9700993210639296;0.003726752893700567;-0.0005434828932900267;0.00016264635124598742;0.005082462716406091;0.00020509490932427092;-0.010174114991865758;-0.004911849774531176;-0.011327616022060038;-0.011759433902107822;0.05040414801621655;-0.01018410553111825;0.05431418503069686;0.005982261335602788;0.17041140123513668;-0.001006318343179416;-0.07335604836741717;-0.6765251552946656;-0.0004349066845563353;-0.11040230179107857;-0.23851163285252794;0.008950709937899655;0.001396675723103205;0.007010003523226267;-0.12434997524562863;-0.0006693628807858739;0.005629208348221368;-0.9804297901651684;-0.16136384940351559;-0.07616057920715678;0.009767344889689543;0.0630507655534438;-0.11092398477383483;0.0001963793149045075;0.2542672127267561;0.12223414420272256;-0.00841425064957434;0.00015651987259969588;-0.0010027119158896067;-0.16785714025161771;0.0004636213598065588;0.1822921674122584;0.21935614069039644;-0.0002956940775073447;-0.17304841274311866;-0.01074064667097846;-0.00046974930939984986;-0.057881724369839224;-0.0007491306115064563;-0.07441390727823194;0.17625638597235374;0.15731203128907434;-0.4582537856327353;0.1129271127163323;-0.21825520670426135;-0.010861857740538682;-0.0009381725828907287;-0.014525847133005578;0.03222629044461633;0.3168822971973505;-0.05967562241024053;-0.0039320523636564375;-0.5216325156904199;0.014737375105553938;-0.0004588396727399492;-0.07917619179205262;-0.00690647055280892;-0.8315592056004173;-0.0006185268537929137;-0.004297730010071258;-5.5463768937760233e-05;-0.000483081693448824;-0.0005284586771887471;-0.005263449739536756;-0.0005290108398507461;-0.00013875248110635058;-1.1194707808967424e-05;-0.2364204140594212
Denkmal;-0.9996018689081566;-0.7890450232545135;-0.9344395875724049;0.36397618210765004;-0.9819498216917468;-0.004429441986515512;-0.41009000900011483;-0.8440501225123235;-0.4133748091617143;-0.9997981298705607;0.5;-0.9996912149030164;-0.38912837875622125;-0.6064812465061304;-0.5306207655370689;-0.8202245457918537;-0.9999858356401532;-0.9995732567029677;-0.9998173512004976;-0.9998347288644329;0.20928364600475663;-0.9990676211041009;-0.9991777389543591;-0.9907590995755298;0.003100164005415891;0.007479250957093998;-0.9801171991013388;-0.9993758262380786;-0.9999979787094178;-0.999952234805235;-0.9987437484712421;-0.060530811912945966;-0.9999937766835114;0.0008449000991773584;-0.7292292048803858;-0.9820023115507426;-0.9975975374748377;-0.8684082904262136;-0.9807348012891964;-0.9607024810069575;0.0005382085516260437;-0.9833149072013158;0.18927796284760368;-0.980753527098836;0.05197155428525123;0.0018552458583751842;0.018592747846829873;-0.8330270251271753;-0.9974559220039392;-0.9999034673165152;-0.6830318149655635;-0.998375688717879;-0.9993557809276665;-0.9992691556867879;-0.9919732909268425;-0.009414443445810414;-0.9985801987553121;-0.9972575260146663;-0.9992420441740916;0.019422998882158402;-0.9989517338062581;-0.9975567741467972;-0.9993800684286837;0.28494848759218727;-0.99838426214666;-0.910385053061911;0.09374684904716811;0.1647346048790537;-0.9767586244840815;-0.8175294919009644;-0.8325265499517196;-0.999000038412041;-0.9985478829901376;0.15242416257702796;0.09186070590020365;-0.5943058844571251;-0.9990360525308621;-0.9817426750181882;-0.6994841360105871;-0.9967243403343584;-0.7878202736290341;-0.9999696973571052;-0.9998155662576357;0.04550309506825149;0.21435045107947406;0.04088174333815815;-0.9992773197996961;-0.9994376041452875;-0.8230349014734014;-0.9998232462733225;-0.9987914743133606;-0.9996412349801276;-0.9968285275905798;-0.9967473602354536;-0.9998148702008007;-0.9996961972928039;-0.6945192977684496;-0.03460024902127004;-0.9717860186032421;0.12990269644845684;0.42378021041321134;-0.9553115650786121;-0.21550755131951593;-0.7053368223893688;-0.7236554159188149;-0.9632435592319856;-0.7238643167451031;-0.4073343509342382;-0.052531827904388796;-0.9993483026483262
Deponieareal;-0.43678382056529386;-0.0011539872375227265;-0.004383209414923794;-0.0004910691252926883;-0.01652575262329812;0.004254467268811707;-0.00021467953649095264;-0.001668968830315364;-0.00021761019481170195;-0.6047096652537022;-0.0003087850969836658;0.5;-0.00019671975189892093;-0.00047581234593837315;-0.000349059292875102;-0.0014072822749652885;-0.037985198336164885;-0.4197852311064549;-0.628364421950178;-0.6514006751124743;0.015890192673655313;-0.2486701037355388;-0.2729064415265017;-0.032054938190221385;-0.04750969169107097;0.014390158876787289;-0.014997818548637005;-0.3309041041350081;-0.9934986067397761;0.02346882280506689;-0.19715202528354414;0.01208280529786066;-0.2538677345883358;0.0036943672287915595;-0.0008311732641116589;-0.016574022068217693;-0.11367899934750146;-0.0020342369103363866;-0.015480776830661855;-0.007494576969547026;-0.020578973459687667;-0.017878038786917287;-0.10696640100034521;-0.015495896703743595;0.08748181881538025;0.004243655111151455;-0.13008868494130182;-0.0015386315320770538;0.01948300878255284;0.22202530540615673;-0.000665160949010188;-0.15955934497921548;-0.32393882513531563;-0.29692642125243157;-0.036769126006816415;0.0008864927492610815;0.06646899127800411;-0.005654922747170086;-0.2893734532761449;-0.9871199309941227;-0.22741117531552846;-0.11199070407493877;-0.33241670796556366;-0.7041733275530885;-0.1602714610811956;-0.0031280558330648504;-0.07196157258546518;-0.08601960793549372;-0.012814878242901326;-0.0013819763259540982;-0.001533120337122591;-0.23581488606570755;-0.17519077977871111;-0.0840443812305289;-0.18343360904561198;-0.0004522778424708574;-0.24249540820275736;-0.016337925331460033;-0.0007184371757102742;-0.08591216729200911;-0.0011455549606564145;-0.1913660472859999;-0.6260901533263302;-0.15166134916024498;-0.5640839542462257;-0.990104929776361;-0.29927862303315195;-0.35438621788211877;-0.0014344904042986914;-0.6359943361528908;-0.20336222801438683;-0.46255223714859744;-0.0884931980992028;-0.08646944308184715;0.11518984636822972;0.007876028892777448;-0.0007017559724210508;-0.13799221159145605;-0.010526905307920463;-0.0916262233656848;-0.0009459038319886534;-0.006559672121811414;-8.484521048747754e-05;-0.0007388225799184829;-0.0008082024738980416;-0.008029561871374285;-0.0008090466916466589;-0.00021224601691413543;-1.712540699361173e-05;-0.3214147456952427
Ein- und Ausfahrt;-0.9997463517804591;-0.8544770906845031;-0.957219586394587;-0.7140424858119414;-0.9884261096270905;0.0041600022992268025;-0.5218321629823629;-0.8946980863238242;-0.5252151223162064;-0.9998713982609455;-0.6108716212437787;-0.9998032802481012;0.5;-0.7075516571461026;-0.6395966784508691;-0.8774872217636359;-0.9999909771832068;-0.9997281201993451;-0.9998836440566098;-0.9998947151164719;-0.9998635717752081;-0.9994058687432796;-0.9994760590817171;-0.9940936865545962;-0.03981173628412531;0.007284027569101733;-0.9872424775487699;-0.9996023079830912;-0.9999987124265116;-0.9999695727965966;-0.9991993962002567;-0.9999995155293977;-0.999996035706289;0.0018699889742836697;-0.8087166724332457;-0.98845998779047;-0.9984682831774427;-0.911970485580918;-0.9876415441358336;-0.9746050232008733;-0.04528417184094483;-0.9893067448894558;-0.9999122559160116;-0.9876536410921588;-0.007540045963749306;0.002881100252695423;0.12770243820825322;-0.8867747317962696;-0.9983779111945162;-0.9999385060270892;-0.7718377826741287;-0.9989646948883188;-0.9995895331356771;-0.9995343248564089;-0.9948720036442834;-0.001354608270822958;-0.9990951129106581;-0.998251289054004;-0.999517045345703;-0.9999974326766861;-0.9993319948326669;-0.9984422709926102;-0.9996050115012048;0.2071806923211856;-0.9989701626355885;-0.9409954105142138;0.09635988198845752;0.07027153002800561;-0.9850691596986627;-0.8755203264188798;-0.8864133902245513;-0.9993627880064643;-0.9990745061244838;0.046474660533723455;0.10242181811777297;-0.6969407757721579;-0.9993857455494781;-0.9882923997106051;-0.7851306694130339;-0.9979109038348823;-0.8535617206611545;-0.9999806968475906;-0.9998825068872632;0.062168501468506526;-0.9998479709822347;0.028146627132170688;-0.999539528183538;-0.9996416777846407;-0.8795338860251368;-0.9998873997384107;-0.9992298250268846;-0.9997714350628307;-0.9979774272474312;-0.9979256024420374;-0.9998820634359764;0.24798988378706874;-0.7811380711015167;-0.10952440786271216;-0.9818415780712548;-0.9999739477350122;-0.8279418443941652;-0.9710638432609823;-0.30131084931515534;-0.7898165579922594;-0.804340103983742;-0.976269333329408;-0.804504489035234;-0.5189862295654067;-0.08006997994676969;-0.9995847671914125
Erratischer Block;-0.9993865425078309;-0.7081949714540013;-0.9024219691321266;-0.5078934995065753;-0.9724506279425386;0.0033594724592466802;-0.31085216223200685;-0.7783595587013287;-0.3137648631984651;-0.99968891679763;-0.39351875349386944;-0.9995241876540617;-0.2924483428538975;0.5;-0.42313706111922117;-0.7475002651613054;-0.9999781704107081;-0.9993424657719453;-0.9997185340664596;-0.999745311044907;0.22977752329953566;-0.9985637656939892;-0.9987333155296791;-0.9858290239760941;0.006504929242632751;0.007676586233680508;-0.9696833348113716;-0.9990383638600565;-0.9999968848409891;0.15568731705623534;-0.998065211978177;-0.005123197891167475;-0.9999904088128041;0.001970768444471896;-0.636029082464981;-0.9725299686551667;-0.9963021926438199;-0.8106766520440155;-0.9706153183559021;-0.9406968384378042;-0.010841378540262644;-0.9745154668627072;-0.9997877377583098;-0.9706435858956511;0.029377575971723233;0.0030363716240336745;0.053752785750388624;-0.763991533947956;-0.9960845215101223;-0.9998512340177407;-0.5830228490498132;-0.9974988507374655;-0.9990074917246817;-0.9988740863650984;-0.987682940526604;-0.01649113587583969;-0.9978135178904407;-0.9957796314786307;-0.9988323364255428;-0.9999937886218537;-0.9983853543789474;-0.9962395336461237;-0.999044897418318;-0.9998000537277744;-0.9975120407532132;-0.8682759572865472;0.01392850384787454;0.0277576386528139;-0.9646258972706165;-0.7440551820564418;-0.7633429211285836;-0.9984597177765993;-0.9977637909586915;-0.9999929763788419;-0.9999951040610265;-0.48731512148625217;-0.9985151628907495;-0.9721375602696306;-0.6016386452365036;-0.9949605687927767;-0.7066753231666627;-0.9999532990916038;-0.9997157837036307;0.05398220513184073;0.2601646827444158;0.0780653849234148;-0.998886658799867;-0.9991335133140894;-0.7511025062756808;-0.9997276176382074;-0.998138667837025;-0.9994471876683628;-0.9951205808095174;-0.9949959214781104;0.18210270158292335;-0.9995318638434099;-0.5959909629376346;-0.03686252273643467;-0.9571712577600858;-0.9999369712904915;-0.6654301033006725;-0.9327536077477914;-0.15128139039026064;-0.6083299014149393;-0.6295114895877411;-0.9444567420062143;-0.6297551463681605;-0.3084147105128147;-0.03472613802088814;-0.9989959744665402
Felsblock;-0.9995499467467699;-0.7679090747173717;-0.9265142829666206;-0.5845512434873539;-0.9796426953996503;-0.008813186493337592;-0.38078212447739734;-0.82721844449438;-0.3839849767841814;-0.9997717971875965;-0.469379234462931;-0.9996509407071249;-0.36040332154913096;-0.5768629388807789;0.5;-0.8014263495377488;-0.9999839875967586;-0.9995176048891358;-0.9997935253007842;-0.9998131693968565;0.20352603235713007;-0.9989460986147339;-0.9990705554275121;-0.9895659875646714;0.03034095548035603;0.007534162052179148;-0.9775811797503456;-0.9992944455889945;-0.9999977149852518;-0.9999460030516931;-0.998580073728736;0.029499979470589;-0.9999929647116115;0.0019342046510747155;-0.7043457938613806;-0.979701755687709;-0.9972849309443539;-0.8537500633418904;-0.978275810085499;-0.9558018144876776;0.0020845885500733984;-0.9811789182484664;-0.9998442938594182;-0.9782968731466595;-0.0019530392089243528;0.0029800376275726536;-0.9999954440406279;-0.8152660138314105;-0.9971249416859623;-0.9998908737380873;-0.6559062009721502;-0.9981641482818109;-0.9992717886473371;-0.9991738786786122;-0.9909355114400771;-0.0008423342530034822;-0.9983952496537285;0.32483439183364804;-0.9991432357857838;0.048411099311692164;-0.9988151249491958;-0.9972388782047066;-0.9992992404945167;-0.9998533287882972;-0.9981738362195625;-0.8998635142209731;-0.051489583175624534;-0.9999915410497495;-0.9738056731103943;-0.7985187114601004;-0.8147241431533431;-0.9988697174336195;-0.9983587312240457;-0.9999948480656711;-0.9999964087553699;-0.5644293340073091;-0.9989104200087874;-0.9794096269748177;-0.6730926164245884;-0.9962985356522573;-0.7665979132433942;-0.9999657438019875;-0.9997915075668972;-0.999999097882565;-0.9997302305542686;-0.9999965103090451;-0.9991831062414932;-0.9993642730624687;-0.8044605131283462;-0.9998001892116452;-0.9986340091800463;-0.9995944446517229;-0.9964162175674699;-0.9963245368876312;-0.9997907207310613;-0.9996565727163736;-0.6678987741245004;0.01623873040603366;-0.9682218239805558;-0.999953766780512;-0.7305660437839708;-0.9497737623559097;-0.1954973352953883;-0.6792235805844938;-0.6984715809104457;-0.9586461417077403;-0.6986915926222148;-0.37809717905688145;-0.04675233063483513;-0.9992633360802868
Felskopf;-0.9981861017526353;-0.45049004994859404;-0.7575153496206313;-0.2585060623686753;-0.9226218563664448;0.0021459200433752612;-0.13222093889633663;-0.5425984016895292;-0.13378478891187537;-0.9990796305110224;-0.17977545420814642;-0.9985927177250347;-0.12251277823636406;-0.25249973483869464;-0.1985736504622511;0.5;-0.9999353784449871;-0.9980559414908746;-0.9991672077174655;-0.9992463950359024;-0.9990236654218777;-0.9957601094856308;-0.9962593957427456;-0.9591821905216684;0.03774988160920873;0.00822082532557119;-0.9152853659568598;-0.9971585288980164;0.014978156256804267;-0.9997821086321252;-0.9942938961728104;0.037449473611907515;0.1120365105300062;0.002110488033363046;-0.3711808840299755;-0.9228333138063629;-0.9891317959604923;-0.5912386905575945;-0.917747782149937;-0.8427235439101916;0.017003745069341984;-0.9281454290558442;-0.9993718801900963;-0.917822601442539;-0.9999932633587266;0.00298732922014776;-0.9999816127901264;-0.5223262860293196;-0.9884969132995011;-0.999559721559759;-0.3207930818857763;-0.9926317257431005;-0.9970674841401053;-0.996674185925864;-0.9643962752518246;0.01773928599904036;-0.9935547646562658;-0.9876085422955314;-0.9965511432585339;0.11149778760429217;-0.9952350854127716;-0.9889489829665754;-0.9971777983706858;-0.9994083109431426;-0.992670394339594;-0.6900762880353049;-0.9999975348025143;-0.9999658612735682;-0.9020697100498347;-0.495457343432365;-0.5214295487087011;-0.9954538755390681;-0.9934088211459846;-0.999979207556822;-0.9999855062004022;-0.24304174913547155;-0.9956170461575032;-0.9217880826642261;-0.3378193825309756;-0.9852272116895439;-0.44867312909993484;-0.999861759277789;-0.999159074564671;-0.9999963591407972;-0.9989121244482427;-0.99998591605358;-0.996711242513401;-0.9974392025688348;-0.5047939866279078;-0.9991940695515361;-0.9945097455915266;-0.9983652259229128;-0.9856918328683113;-0.9853298391767629;-0.9991559029860677;-0.9986154003235579;-0.3325806428796298;0.035720627323285986;-0.8830306980634981;0.057600941325153435;-0.40185624943196746;-0.8241111642272493;-0.05679097260046559;-0.3441110590761139;-0.3646581666142307;-0.8517159368636011;-0.36490027714345347;-0.13091808014562795;-0.012006313669596643;-0.9970335215068098
Fliessgewaesser;-0.000757867562881634;-5.297757854384371e-05;3.975266783682406e-06;-2.252987660760337e-05;-0.0007699745625486285;0.01874272302662411;-9.846735308236666e-06;-7.665721010611487e-05;-9.981184125185437e-06;0.002247394634588026;-1.4164359846864043e-05;-0.0017419153467203143;-9.022816793210016e-06;-2.1829589291883378e-05;-1.6012403241427562e-05;-6.462155501283309e-05;0.5;0.0008034454812361105;3.6915394222823426e-06;0.00458224937221099;-0.0031690561984454913;-0.00019680343740976345;-0.0016312156616198534;-0.00011090519369874165;0.00021448852639710097;0.021486253291770445;-0.000697750914825252;0.000696323269015938;-0.2547268990723353;0.004190030468948788;0.00017244048324807537;0.037083866175414086;-0.0824737079891674;0.00495552558988197;1.2248121062237778e-06;-2.9794089216249747e-05;0.0001888517097167615;-9.346692195590027e-05;-0.0007205566822289418;-0.00034615971252993037;0.007549289705569704;-5.3270528579905065e-06;-0.0018154530998355659;-0.0007212710019792736;0.015393566188984477;0.008159572489686153;-0.1188616996206306;1.294359055247512e-07;-0.00020326619887177876;-0.008054254655430828;-3.052214894657754e-05;-0.0002678520734255116;0.0010682324109171876;0.0013635027826031307;0.0002082531447152584;0.0212770080011543;-0.00047943876961402225;-0.0002186084120007094;0.0010970176183787953;-0.06842337080276825;0.0005678331362384299;-0.00013174326905612696;-1.468484594787759e-07;0.0027137734721058293;-0.0003414845324003579;-0.0001438749816449162;0.06527484391654141;0.018158168883285666;-0.0005949357623771977;1.0496997571537153e-05;7.967058378758252e-06;0.0008538230664322298;-9.058316017727018e-05;0.03136269019772713;0.03360622888115981;3.3430711884502665e-06;-0.0014958166454409774;-2.8076859528272677e-05;-3.2968504786368446e-05;-0.00020245836598005982;-5.259004356385918e-05;-0.014134661321652866;0.0012741182694123961;-0.16061983247599604;-0.056016739999545526;-0.14580605244934533;-0.0005712011585953605;-0.000815590086077832;-6.587264831635806e-05;-0.002513295270445444;-0.00010885442561744625;0.00036579588334059444;0.0005285517637473078;0.0006197353521030142;-0.004360117813414424;0.0035835731784983863;-3.220250487502926e-05;-0.0030018339860770718;8.44048351446893e-06;0.008713743022182014;1.126289187936318e-06;-0.0003027063349154519;-3.891124601017679e-06;1.260680023724083e-06;1.3102189501306637e-05;8.191326070998862e-05;1.2262584464823286e-06;-9.73509412820539e-06;-7.853452928132121e-07;0.0009731790228121689
Flugfeldareal;-0.5173505184374817;-0.0015943040141200618;-0.006048211251894549;-0.0006786139086778605;-0.022698054914520486;0.01043368245853784;-0.0002966993829623137;-0.0023053290974048945;-0.00030074938335990123;-0.6789134699947869;-0.00042674329703233725;-0.5802147688935451;-0.00027187980065483176;-0.0006575342280546264;-0.0004823951108642239;-0.0019440585091254105;0.02421616625217218;0.5;-0.7003282915818226;-0.7208852198051443;-0.007918112054541567;0.059255984004200166;-0.3415777699986265;0.003270594119296211;-0.1254361637389607;0.013877217243800786;-0.02061140370307433;-0.4060198927633014;-0.9952877728301839;-0.8993718459900665;-0.25340475953908786;-0.9982217221419886;-0.9856322939228933;0.0035626644744330433;-0.00114845837046374;-0.022763935508983802;-0.15058177183518132;-0.0028094781175911016;-0.02127122639704191;-0.010329198351220679;-0.003569787031391239;-0.02454281031769687;-0.756045492604941;-0.02129187941805453;-0.031637703505133355;0.005489001335404368;-0.05496812294648906;-0.0021254013587813578;-0.14338424368620922;-0.8155721124296086;-0.000919132203263377;-0.20786297139581955;-0.39841497190148223;-0.3685779950487316;-0.05011695456886729;0.03431780168734665;-0.2309271343980328;0.0018206536175558018;-0.3601360126286163;-0.9906479677069423;-0.2891877577482641;-0.14843720427518356;-0.40766665567283505;-0.766903046934622;-0.20873712463043584;-0.004318344172841404;0.04546045059947913;0.04321939083503941;-0.017626023956245924;-0.0019091186274326217;-0.0021177928820783325;-0.2989908771730349;-0.2269486911516934;-0.05825170520123005;-0.04656719390896324;-0.0006250170657786449;-0.3067427436246966;-0.022441675682333826;-0.0009927301114038803;-0.11497042919999428;-0.0015826594053956668;-0.933723455559905;-0.6982829549945601;-0.036046228791908635;-0.6413914438209776;-0.0482992963205749;-0.37119812958649184;-0.43139569027738917;-0.00198162397450817;-0.7071692704139129;-0.26081127176774127;0.05491033349316769;-0.11831145592857664;-0.11569233738046523;-0.6974885870997667;0.01745404402666454;-0.0009696863529035155;-0.05903802327991748;-0.014491677054382646;0.22736994063137306;-0.0013069279362620042;-0.009043913086380535;-0.00011726674582569952;-0.0010208905306963306;-0.001116728703951447;-0.011064271157488249;-0.0011178948359747824;-0.0002933363926789265;-2.367007768030554e-05;-0.3956501979260567
Flughafenareal;-0.3144423823969185;-0.0006828283000092291;-0.00259702639388586;-0.0002904928649156871;-0.009840319278320457;-0.019339739757260593;-0.00012697974179957664;-0.0009877571056149022;-0.00012871333658797497;-0.4750012087240544;-0.00018264879950222312;-0.37163557804982195;-0.00011635594339013095;-0.00028146593354039186;-0.00020647469921580424;-0.0008327922825344903;4.761026077816081e-05;-0.2996717084181773;0.5;-0.5249779880122716;0.0005695553918881617;-0.16370378887213288;-0.18166125148357928;-0.019209939101909077;-0.998572094927187;0.015307827475581886;-0.008924896039985874;-0.2263030346602619;-0.9890565414503497;-0.7927205446904891;-0.12681736204439928;-0.214067736282442;-0.9670557262044717;0.003930002936000889;-0.0004917504530972941;0.0010361112460309258;0.004193353946298891;-0.001204116003313388;-0.009214124014105742;-0.00444615589303926;0.08280128360344371;-0.010651467906551736;-0.5700997508814736;-0.009223180667670297;-0.9919822643125569;0.00605494314552617;-0.9784151775790283;-0.000910570178967651;-0.06683700093408501;-0.6542491173087585;-0.000393505205665025;-0.1009496679228885;-0.22081290633409636;-0.19985773978947502;0.0028777767551797597;0.062108915554808984;-0.11385598357658777;-0.0018690053938655547;-0.1940922838481086;-0.9784143375973082;0.02652550112190335;0.026319800389361433;0.05174803010112852;0.0013416049695037778;-0.1014317773219396;-0.0018524034654994494;0.15318294107976896;-0.9606513863156226;-0.007619035632692902;-0.0008178084335371201;-0.0009073065807419869;-0.15433868756793426;0.01152171538324199;-0.14899680934248916;0.047766638517273655;-0.00026754156751250616;-0.15919185899080712;-0.009727725256653363;-0.0004250323542078619;-0.05265970868279163;-0.0006778364827626834;-0.012382779985549744;-0.49756829824162946;-0.15650760668197444;-0.4335324577677224;-0.9833829233359395;-0.20166153980948068;-0.2450811873831045;-0.0008489027731316818;-0.5082026859199938;-0.1311740368711564;-0.33731587971475874;-0.0543010917141273;-0.053013799386584855;-0.4966264268799744;-0.37544333584775236;-0.0004151608097692989;-0.9990362415662611;-0.006252854422716337;0.05390750857249229;-0.0005596552131442292;-0.003890033384334401;-5.0182013522831064e-05;-0.0004370961405257335;-0.00047815566104413546;-0.004764580177505863;-0.00047865528952209123;-0.00012554022645953328;-1.0128605052048183e-05;-0.21883227180666726
Flugplatzareal;-0.007615537697261916;-0.0006178917163059114;-0.0023504788296464696;-0.0002628573442295682;-0.008912277258906469;0.010970269721953585;-0.00011489796268046903;-0.0008938479036102603;-0.00011646662982508833;-0.45014773561753824;-0.00016527113556702742;-0.3485993248875256;-0.00010528488352810508;-0.00025468895509300255;-0.00018683060314355382;-0.0007536049640975787;0.05347421411989206;-0.2791147801948557;-0.47502201198772853;0.5;-0.009919814342076241;-0.15047001226480503;-0.1672661451437001;-0.017413787423656242;0.07791695685134419;0.01549586918652354;-0.008082483001056998;-0.209275093102971;-0.987919569110939;-0.7758089425203478;-0.1161513275609304;-0.29947907123928064;-0.963716828641542;0.003978290598210855;-0.0004449771727834495;-0.008938510905898596;0.0032656405448778475;-0.001089659310811105;-0.008344640862600738;-0.0040247704021963305;0.03833849744993636;-0.009647671712989754;-0.5454400157857522;-0.008352850097511631;-0.9911465394588519;0.006129336633927924;-0.9761992240330126;-0.000823993330203173;-0.0608640108690269;-0.6312945530346211;-0.00035607328013198205;-0.09222945000116939;-0.20408909484336427;-0.1843455344774855;-0.020019294796907377;-0.01954884678199912;-0.10415004609687555;-0.003092341414925382;-0.1789275033115157;-0.9761982999144156;-0.1360856700604707;-0.06322353455786545;-0.210406551691336;-0.5602185509183153;0.0193189945843543;-0.001676427537129513;0.11798119137833926;-0.9566924774094779;-0.006899023577374312;-0.000740044821862348;-0.0008210397793067837;-0.1417336765585129;0.027463207379375437;0.2255600522525145;-0.010169686299530164;-0.00024208894883918545;-0.14625903614043118;-0.008810207513461397;-0.000384602583149662;-0.04788867439317374;-0.0006133743266663596;0.028926823410854577;-0.08908774893256857;-0.13454887383077616;-0.40915774426347523;-0.1719129950879642;-0.1860418828408577;-0.22705495575654566;-0.0007681847419948912;-0.483210938493438;-0.12019201926378223;-0.3153393816479484;-0.049389099093884815;-0.04821231672250045;-0.47165799183279244;-0.35230338778518916;-0.00037566968322265307;-0.1893477449001912;-0.005661212345754962;-0.03170096140537951;-0.0005064263839035684;-0.0035211681198011164;-4.540699877700597e-05;-0.00039551929649055714;-0.0004326749016702336;-0.0043131466953958576;-0.0004331270275510856;-0.00011359539777235359;-9.164793758138972e-06;-0.2022195374837109
Flurname swisstopo;0.01294205503268577;-0.0008005431140455155;-0.003043730445535238;-0.0003405948513859526;-0.011518524792714703;0.013797967707825267;3.378866423960272e-05;-0.0011579785952273375;-0.000150917040145386;0.021040448136118026;4.482866649186342e-05;0.011019432645016662;-0.0001364282247919289;7.585426662319125e-05;4.928342289034152e-05;-0.0009763345781222694;-0.0479233716487661;-0.0039727395217859845;0.0006678214165079925;-0.012854502650011923;0.5;0.003532300440667011;-0.002832818019846481;0.00228410764808316;-0.06915185398945049;0.015016272612300628;-0.01044862923901684;-0.010997359928386671;-0.32473020544361914;0.010458905398581905;0.0020964393695990222;-0.03207008766836785;-0.12458133452325235;0.0032766326347528265;-0.0005765437899015829;-0.0115523406124457;0.0018711883134734457;-0.001411570225164037;-0.010786699204061697;-0.005209260085040131;0.005774651483486778;0.000886055558406422;0.030192533518203123;-0.010797284712755921;0.06225806423400409;0.005552392775096965;-0.05072658335810152;0.00018324575205894822;0.0014010724929179887;0.019985947370761883;-0.0004613657730443973;0.006206533574839644;-0.24940827153370046;0.007233235525039006;-0.025789087400652312;0.014911113999037174;0.003725968328126256;-0.00045510295581577454;0.0017268266112327327;-0.06198618061045902;0.0006520616434129265;-0.0038024682779624975;0.005759576603951083;-0.0006126399390025576;0.00422159415257905;-0.0021713067500679544;0.09232741482810997;0.033345113498715793;-0.008921828388286463;-0.0009587705512474117;-0.0010636786864788147;-0.00555781054733766;-0.0006016470192669268;0.02524398505187284;0.027312113133635445;-0.0003136863319084133;0.004349622719320001;-0.011386949385561132;-0.000498327115573605;0.0008913638348784799;-0.0007946914268279995;0.06086467567617698;0.012537983274950926;-0.10146196154317794;-0.058073223198865445;-0.11860632836493701;-0.0036143690362811414;-0.007056073048440522;-0.0009952191499071137;0.0024920695204588145;-0.004378367408126213;0.009513249723628105;-0.004151323776617476;-0.003991961708155766;0.016352151651055608;0.009181271575030823;-0.00048675410028319824;-0.028467891430000086;-0.007323765378681878;-0.023087073400917778;-0.0006561497924553347;-0.004558125972146541;-5.8839462645678695e-05;-0.0005124701765759914;-0.000560606140371298;-0.005582029847265814;-0.0005611918736090817;-0.00014719663300429226;-1.1876083782554233e-05;0.00755837859074045
Freizeitanlagenareal;-0.7008801448592502;-0.0034785337272380088;-0.013127086051816826;-0.001482241057532783;-0.04831675651486049;0.012299745654119761;-0.0006483497112942581;-0.005025654550106279;-0.0006571966469218178;0.10333061873812714;-0.0009323788958991167;-0.7513298962644611;-0.0005941312567203145;-0.001436234306010861;-0.001053901385266051;-0.004239890514369177;-0.01296663026256556;0.12953218310076448;-0.8362962111278672;-0.8495299877351951;0.01538985963263979;0.5;-0.5314064897023962;0.01574816172791527;0.033504011945453736;0.012776275689107077;-0.04398094396491707;-0.599076561709918;-0.9978388123753954;0.1094052727008226;-0.42593092503166163;-0.1115707427625276;-0.9933756912220232;0.0019024239193491028;0.000581304410550699;0.004250219534797298;0.02817592556407803;-0.0061210576757658106;-0.04535423984490991;-0.02230612968748971;0.018079099228488858;-0.05213257148114039;0.22066165623306636;0.0041463465296733715;0.07737263382433693;0.005053508105342733;0.022653105195958926;-0.004634395420364374;-0.26788127478299123;0.03975160517042029;0.00122414052073369;0.03391853085252813;-0.5914562762728349;-0.5606352336688011;0.017770502909778923;-0.049412082477576745;-0.396272484558748;-0.0007170126986934739;-0.5516374173725245;-0.99569998791581;0.026574331537323647;-0.2759084663692749;0.012730083614533086;0.19561518705328323;-0.36575027700963236;0.001584130743561361;0.1866984503688926;0.2577227519880407;-0.037741130127534564;-0.004163860593963335;-0.00461784685238271;-0.48249584580634725;0.18425818343914724;0.24422383838773276;0.16678789500658583;-0.0013652605538684844;-0.4916684896448072;0.017047767402069047;-0.0021675326493206877;-0.22116615096902834;-0.0034531745257723023;0.16680009723756428;0.21606943821203928;0.028497360236324615;-0.7963232671982075;-0.022382541856719868;0.03880278887727366;0.04143938326208753;-0.004321626747739253;-0.8407391375227327;-0.4354390234806771;0.11651667062106484;-0.22680236885860194;-0.222387316164551;0.0033149868190848965;-0.7543576055852891;-0.0021172765698953783;-0.09336117820101004;-0.031143212400371455;-0.958015514243498;0.000841328015380025;0.003381759995529073;-0.000256306693880983;-0.0022289439173559652;-0.002437913794718249;-0.023872975391186917;-0.002440456189464342;-0.0006410034354642548;-5.1740778923459894e-05;-0.5886627271831507
Friedhof;-0.6738611741610414;-0.003068627967001181;-0.011593435224192128;-0.00130726715892591;-0.042850372380749256;0.009006917989608836;-0.000571757699065361;-0.00443424937488352;-0.0005795601187124344;-0.8029846668734427;-0.0008222610456409282;-0.7270935584734983;-0.0005239409182828148;-0.0012666844703208334;-0.000929444572487904;-0.0037406042572544693;-0.09477095259616658;-0.6584222300013735;-0.8183387485164207;-0.8327338548562999;-0.010883413136113053;-0.46859351029760365;0.5;-0.08107737688208373;-0.08726984237810755;0.01294145017663338;-0.038985003537417545;-0.5685229489254786;-0.9975498241204371;-0.06306190724527719;-0.39549683710958444;-0.24278489208796789;-0.9924943953111408;-0.014024212339224105;-0.002211402195193688;0.0051352726005372;0.027270323173507485;-0.005401448265257212;-0.04020886324140001;-0.01972151245961589;0.006860791091441859;-0.04625546240709612;-0.025310208496675257;-0.04024714739693534;0.08362674245502187;0.005118843971102282;-0.9951265914974281;-0.004088843330458307;-0.2439414865194674;-0.8950036623633197;-0.0017702017123439014;-0.33590779664733883;-0.5607477344464062;-0.5294530988044787;0.0039218273721230695;-0.10134577009219792;-0.36660425724956336;-0.2303242133801596;-0.5203630225991107;-0.9951263986074737;-0.4395321211802102;-0.2514977411306299;0.11670211848943911;0.15428957627964698;-0.3370912835648834;-0.008290791229179079;0.24523255839677416;0.43938876378011527;-0.03342920601562586;-0.003673494532333217;-0.004074234854149751;-0.4511966734552455;-0.3613867227610604;0.44994309546078465;0.3249002987059171;-0.0012040791840553765;-0.46030354839134807;-0.04237623845012423;-0.0019118171208995381;-0.20025921226967636;-0.0030462479250448404;-0.0317111046703514;-0.8168882657883071;-0.013867762962121583;-0.7751598490224928;-0.026443797755301996;-0.5322528472411585;-0.5939001142129063;-0.003812752149180906;0.06560958910840252;-0.4048046192057757;-0.6963240696095025;-0.2055032190540047;-0.20139479051669887;-0.816324026287274;-0.7303104367110239;-0.0018674789261810551;-0.03787005202940139;-0.02756350775175259;-0.9526541265236128;-0.002516172165650651;-0.017287935933388187;-0.00022601773684164105;-0.0019659976447365655;-0.002150368685034211;-0.021110727444173586;-0.002152611858512467;-0.0005652787757904488;-4.562522658783848e-05;-0.5579011602970839
Gebaeude;0.04779885368097964;-0.033710522237175;-0.11734074759944317;0.006075485161361639;-0.33660790562012255;0.007362689172161174;-0.0064421792410898505;-0.048055283937504474;-0.0065295682484183375;0.10803643120150846;-0.009240900424470204;-0.9679450618097787;-0.005906313445403799;-0.01417097602390592;-0.01043401243532864;-0.04081780947833148;-0.07302894090004222;0.07145305339645293;-0.980790060898091;-0.9825862125763438;0.09945858156955467;0.1573905076602652;-0.9189226231179164;0.5;0.008698044100142565;0.010342503845798967;-0.3149635753339528;-0.9372402264494197;-0.07957138337695223;0.03200295716920999;-0.8811676095969712;-0.0045961607767200175;0.0020698199605998996;0.002381818188889399;-0.02450383284248621;0.08134823275059061;-0.7947866550761274;-0.05798296366956467;-0.3219487962491951;-0.18567999108443034;0.009889013011773683;-0.3547056361795971;0.1301040508536015;-0.32216529154987317;0.02879910909525677;0.0038555328080425106;-0.05234602369436161;-0.044463770231898334;-0.7852634887374677;0.026115431491412305;-0.01970285755321282;-0.8514745971980208;-0.9353537802576867;0.041200985256245756;-0.5354627258370929;0.0037887823582624393;-0.8677242806897948;0.13077497606014699;0.12397045656800575;0.024207718188756392;-0.8988704744713593;0.08092867137501282;0.034351414091547856;0.04069360075862641;0.1214064073075319;0.04862582573529181;0.11332800714642455;0.07013837937821044;-0.28160247852158526;-0.04011228491520321;-0.04431132978792378;-0.9030831417745014;-0.8651158913456733;0.08261436986351817;0.09459271055667365;-0.013479189952207224;-0.9062494661577293;-0.3340176743785297;-0.021248540727950915;-0.7394521186774914;-0.033472168761039714;0.04660480652020778;0.12595085424904623;-0.07249642134702997;0.059489655391453795;-0.10127204718911685;0.04112498724999893;-0.9431017690412364;-0.04157525014521525;-0.9813986449459735;0.19312492907567666;0.043481548737014486;-0.7456510748209781;-0.7408129857894101;-0.9805341557563668;0.002275959516462212;-0.020765081944516962;-0.011139085323657474;-0.24314492908782329;0.08637361664411022;-0.027795305927867744;-0.16624052234013229;-0.0025556925185257137;-0.02183872969735125;-0.023842241914036628;0.045906077800732775;-0.023866571912723147;-0.006369603069490867;-0.0005168679138458737;0.10539161957265974
Gebiet;-3.769174249571343e-05;2.6203128394633084e-08;-1.1054859488392206e-07;1.0911731491061679e-08;-1.421077263757525e-05;0.03234970042188764;-1.4656075827282086e-10;-1.4138347407131293e-06;7.228939687246213e-09;-1.9374323900076005e-05;8.098428145188972e-10;-4.017980453925166e-05;-6.6247598097923206e-09;2.6188497517402373e-09;8.959952067974354e-09;4.499186797307496e-08;3.955642424227446e-06;-7.675147790714255e-05;-0.0014279050728129889;0.00012313435859605728;-8.433335234178457e-05;9.378110113500787e-06;-2.7702138017268858e-05;2.4360794495660937e-07;0.5;0.06191205805483131;7.539967729766068e-07;-5.689116958302748e-05;-0.011608799115720976;-0.0002863663576180623;9.813069546270875e-06;0.006733841778916707;0.0035934056885308053;0.015986113410815135;8.180765115977607e-09;-1.2304342804896271e-06;-8.460645037435054e-06;-6.95123769043785e-08;6.672434004159105e-07;1.0176975765374516e-07;0.06432885743012517;3.840812779413124e-07;-0.00023046538059214977;-1.0374739482258738e-06;-0.014629043908104461;0.02403108804001896;-0.014278747826577684;-1.7139484229089534e-08;-1.2308174141366963e-06;-2.3342028721114486e-06;-5.62912741813314e-07;-2.6272475250721344e-05;-0.00010656462232920349;-2.4433793008207374e-05;-7.041857353994024e-07;0.01553513649034737;-1.920862648866976e-05;2.028087764108579e-06;7.387290695696524e-06;0.003688461696872729;3.2699633630026197e-06;-2.5881141680050682e-05;-6.966422539038676e-06;-0.00020897995044670732;-1.2053185848942186e-05;-4.5712805956954416e-09;-0.0665206307856202;-0.006924828450274615;5.155969117279437e-07;-6.961110393092644e-08;-8.385993830820564e-08;3.1133299943250164e-05;-4.2969801757468945e-06;-0.010985693419852127;-0.013139572217970834;2.6011780586094473e-09;-4.085726266206485e-06;-2.678563465486555e-07;-6.381100595451291e-08;-3.3775346449254726e-06;-9.699266896535918e-07;-0.0014487386938904774;-0.00012422910267117677;-0.06181912014398111;-9.271324049810094e-05;-0.018401981817678482;2.8415379386199043e-05;2.541429289713972e-05;-1.7154793757493135e-07;-0.00020898741618046303;-3.5986448966437626e-05;-2.083029113236245e-05;1.7479757496818669e-06;7.5996212668406e-07;-5.052780817712323e-05;3.659815991276588e-06;4.668688730687509e-09;0.0736080041851152;3.2860862579658506e-07;0.0005118486323864906;-1.0819044169856011e-08;2.059046118339975e-07;-7.176121070794685e-08;-1.2204927190531753e-09;2.9370553181057382e-09;-3.166285850826447e-07;-4.033411860923868e-08;2.1912130439082227e-09;3.811971102150409e-10;-1.0770745532763563e-05
Gemeindegebiet;1.9607798764956432e-06;1.6951901974443003e-09;7.069637766363459e-09;6.832228068929776e-10;-2.638976374570872e-07;0.22647499975725324;2.8422255503790755e-10;2.5128290178631762e-09;2.883308862590977e-10;4.181784467727769e-06;4.1768562436106805e-10;2.601755943859891e-06;2.5912299704635734e-10;6.607109398431399e-10;4.756491766214707e-10;2.0946391191658557e-09;8.471279492373706e-05;1.8152720866613165e-06;4.679601040020203e-06;5.235263804933959e-06;3.915011473334002e-06;7.645363632230142e-07;8.782282454937391e-07;6.192569549241939e-08;0.013235812303862891;0.4999999999999998;2.6797122368964823e-08;1.1909282929961118e-06;0.000909576581268431;2.1368928103897588e-05;5.505731257440543e-07;0.003144968911406494;0.0002312089012539328;0.10760344297358862;1.1952696536025077e-09;2.9816842867651527e-08;2.7027303777016556e-07;2.623033966563674e-09;2.7420829478606113e-08;1.2605807326539622e-08;0.030599612616102626;3.248572986594668e-08;6.422530463960523e-06;2.777232713381648e-08;0.0010969306712407102;0.19182766191439593;-0.0029095008018722155;2.3038933479334603e-09;2.5384266002917167e-07;9.597334710605496e-06;9.430973397794409e-10;4.1513736224813593e-07;3.213760953054069e-08;9.532609305883651e-07;7.034977801871175e-08;0.03474812379880694;4.812625467804824e-07;2.3353109988598107e-07;9.015610117243165e-07;0.0003903974451638992;6.719413359467986e-07;2.6533852938801105e-07;8.191799402909427e-07;6.873275918376313e-06;4.1755638369100513e-07;4.921250958285672e-09;0.004920869891167761;0.0001854344127804674;2.248942580585965e-08;1.653951438425474e-09;2.2950864533982204e-09;7.077862488288463e-07;4.6950731288224074e-07;0.00033645838819353416;0.0005217505407004498;6.260781130701124e-10;7.369826561149752e-07;2.942921189886905e-08;1.023603845544592e-09;1.9251067574634448e-07;1.681992721059339e-09;3.604638610440513e-05;4.0758539031036425e-06;-0.010137140637628132;-2.2006399982234578e-05;-0.0008899884631991373;9.404866218589641e-07;1.265353926946104e-06;2.1378726694380613e-09;4.855037763607608e-06;5.745376001840208e-07;2.2014635317337876e-06;1.9943778419990057e-07;1.899255788195116e-07;4.609327137750518e-06;2.386573903988974e-06;9.98351783670483e-10;0.023612111534933006;1.8218631915361706e-08;2.552885425849975e-05;1.306235889480709e-09;1.0915467693920514e-08;-1.446889106445211e-11;1.0545172356818648e-09;1.160154882061798e-09;1.0866296488177602e-08;4.976141398006586e-10;2.8081376740648e-10;-4.3833084324332034e-11;1.1354148706884484e-06
Gipfel;-0.9807444755119618;-0.07052593295916028;-0.2242894329991205;-0.031258836034951325;-0.5246219614899618;-0.00024865780173990374;-0.013906286752089015;-0.09893272469222826;-0.014093491116890651;-0.9901449470154188;-0.019882800898661315;-0.985002181451363;-0.012757522451230166;-0.030316665188628446;-0.022418820249654418;-0.08471463404314022;-0.9993022490851747;-0.9793885962969257;-0.9910751039600142;-0.991917516998943;-0.9895513707609832;-0.956019056035083;-0.9610149964625825;-0.6850364246660471;0.05855351577480891;0.009734110909749969;0.5;-0.9701318797412857;-0.10135016540918229;-0.9976508469103653;-0.9416156253776491;0.07505616997217286;0.16024976861828955;0.0024703341433918963;-0.05180361665429105;-0.5253615306324821;-0.8938835647198667;-0.11806749154383826;-0.5080454858795657;-0.33152102959056035;0.029485043657843255;-0.5445308655228257;0.03679520552719186;-0.508293311714341;-0.1295506888761778;0.0032120564579921945;-0.9998013742145118;-0.0919058848753054;-0.8883128749317707;-0.995263529448285;-0.041883515375063664;-0.9257542774932076;0.07436907333019999;-0.9652014767549085;0.2823694673511636;0.0217427421906167;-0.9345023882089946;-0.8806217886628742;-0.9639561701821743;0.09627886945689566;-0.9508159830658354;-0.8922730828723411;-0.9703289771333875;-0.9936440641881493;-0.9261177949104937;-0.17087033599864881;-0.20283372484638904;-0.9996312771450983;-0.4602064327717416;-0.0833162708871529;-0.09160638622090941;-0.9529779961878732;-0.9331093084488952;-0.1625187478670112;-0.9998434263694139;-0.028859767099000035;-0.9545961848024598;-0.5217227646746789;-0.04508922925180137;-0.8605826725598565;-0.07004614219271985;-0.9985084224177951;-0.9909886550641114;-0.2454041251320461;-0.9883702685904149;-0.999847853320381;-0.9655770942988154;0.06737782513049452;-0.08621343551728207;-0.9913607209223948;-0.9437113682113609;-0.9826159805489896;-0.8644280677854934;-0.8614294241899795;-0.9909549474311551;0.09631770707599523;-0.04408776769066399;0.057722985546197605;-0.4113229428122102;-0.004169629123111516;0.0219237770362082;-0.3024845880248387;-0.005541913739141164;-0.04631027358181939;-0.050443060085651664;-0.3470970106770603;-0.05049313097961806;-0.013750785377197573;-0.0011234900656035825;-0.9688550018562355
Gleisareal;-0.6106091867292442;-0.0023306406238466303;-0.008823426037597506;-0.000992455245092139;-0.032860457657241694;0.020530235137547898;-0.00043399186032666326;-0.0033689478017945424;-0.00043991510326945774;-0.7556961620625291;-0.0006241737619213514;-0.669095895864992;-0.00039769201690871114;-0.0009616361399434494;-0.000705554411005555;-0.002841471101983756;0.030703258813476103;-0.5939801072366986;-0.7736969653397382;-0.7907249068970289;-0.0320659846254449;-0.4009234382900819;-0.4314770510745214;-0.0627597735505803;-0.13602084451273286;0.01331897668682467;-0.029868120258714364;0.5;-0.9967741088382468;-0.9289524488780028;-0.3317919487013591;-0.9987837594233611;-0.9901339823447501;-0.01730034437986749;-0.0016792254593030514;0.003505380717271449;0.0011784717765520737;-0.004104741053856592;-0.030814950063207135;-0.015039017855472969;-0.006211420513310294;-0.035501146666743845;-0.8192927960977164;-0.03084457741016893;-0.9976414678277378;0.005268178620662336;-0.9935886218491938;-0.0031062645576733637;-0.19670486327608402;0.040857191303132985;-0.0013440574086226668;-0.27739672532322945;-0.4920931325757938;-0.4606121777905418;0.008437002813311903;-0.02603258894965717;-0.30520358697932276;-0.1850789442132486;-0.45156976820818345;-0.9935883684784664;-0.37311217920959033;-0.20319116341977078;-0.5017059773675949;-0.8279759174855363;0.04108273644180231;-0.0063048463446720845;0.17318247511057233;-0.988161113258728;-0.02557700103938655;-0.0027904474329960576;-0.0030951556941804454;-0.38422243372810044;-0.30044540411627824;-0.9927560066741039;0.028346514565403734;-0.0009140939252791749;-0.3929454039688138;-0.03249310837399153;-0.0014516310240855694;-0.15969456376944682;-0.0023136303621003637;-0.16672435536200136;-0.7719893529752467;-0.08269976434856484;-0.7234924932090532;-0.9950817544390094;-0.46340640209787093;-0.526047557818898;-0.0028963271433295116;-0.7793906669200413;-0.34044482738119597;-0.6350693106096769;-0.16409429372876802;-0.1606463239948829;-0.7713254913825296;0.12613736381251486;-0.00141795014252016;-0.9997179124581705;-0.021059081293384366;-0.9385403441126334;-0.0019107926052050873;-0.013175481335466055;-0.00017154413962240723;-0.0014927894694417843;-0.0016328557043784572;-0.016103808988352637;-0.0016345599145626817;-0.00042907337270760407;-3.46273704099905e-05;-0.48920692272040134
Gletscher;-0.005049311359899106;1.14432767041429e-06;-2.8808899641854474e-05;5.719853595287296e-08;-0.00010994859317462034;0.039315430973497316;-1.4051492539512137e-06;-1.0939767157225042e-05;-1.424335539100336e-06;-0.009911602128068584;-2.021290582146862e-06;-0.006501393260223935;-1.2875734883946656e-06;-3.1151590107944936e-06;-2.2850147481361964e-06;1.3813074504912927e-07;-0.036349742274280644;-0.004712227169816078;-0.010943458549650311;-0.012080430889060993;-0.0030643035909633555;-0.0021611876246045675;-0.0024501758795629335;-1.724409147790412e-05;-0.08982575220943559;0.03292133801691786;-1.0098445797555149e-05;-0.003225891161753234;0.5;-0.04059740027550661;-3.83995899913765e-05;-0.18645432547893687;0.018872425446311132;0.008473786362853104;-3.329982773634513e-07;-1.9658842879511593e-05;-0.0008386176853625414;-1.333887703655557e-05;7.271379720004505e-06;-8.252393773932352e-06;0.162293959037596;-0.00011910826428889745;-0.014460741441733104;-0.00010298966044507242;-0.577870965482588;0.012902237849506842;-0.3340184090895776;-1.0084123527795296e-05;-0.0007918608735470318;-0.020507579563201782;-4.355650242656486e-06;-0.0012408381648213373;-0.0031257666412976373;-0.0027560598638195913;-3.557813253432355e-05;-0.12744370346164857;-0.0014196067717704762;-0.00014789189088162776;-9.968724078320464e-05;0.09407607127220055;-0.0019225020850846134;-0.0008246038697669622;-0.0006232665385975288;-0.015337995179002882;-0.001247424786248899;-2.0533613322143786e-05;-0.7890707784361756;-0.21267787462406412;9.965477345501243e-06;-9.056000639164016e-06;-1.0047948299916115e-05;-0.0020152814574759866;-0.001388013491667505;-0.30725102273790234;-0.38885501421186874;-2.96100858329599e-06;-0.002090492358258847;-0.00010867832915228254;-4.7047662763675635e-06;1.6194803840087658e-05;-7.504981717264069e-06;-0.06253066302090383;-0.010838676957212906;-0.35993560490065846;-0.008396880055107298;-0.39569342616078734;-0.0002308728865769037;0.00011077841889605105;-9.40061307436001e-06;-0.011304383688126224;-0.0016677221010897299;-0.005600471741332981;-6.070280919782759e-05;-0.0006190273449448223;-0.010798357973249365;-0.0012283923864259893;-4.595451338707475e-06;0.08295581425610293;-6.961545507286127e-05;-0.047094027449250765;-6.195758246464236e-06;-3.195148184034278e-06;-5.55268598444488e-07;-4.838360434511401e-06;-5.293076743551345e-06;-5.296747731094925e-05;-5.298610138882371e-06;-1.389217696417482e-06;-1.1206950783026145e-07;-0.0030899860009296082
Golfplatzareal;0.00800083339235366;-0.00017863506810668648;-0.0006803717416096911;-7.59739656525172e-05;-0.0025918687247068186;0.013217042921459116;-3.320559857835841e-05;6.498201397992748e-05;-3.365898212079199e-05;-0.026621170731129302;-4.7765194765040475e-05;0.0036293858988200663;-3.0427203403387895e-05;1.1461394852334984e-05;-5.399694830693204e-05;-0.00021789136787475893;0.014130137097407111;-0.10062815400993348;-0.20727945530951083;-0.2241910574796522;0.0023323729978720702;0.005599806235907756;-0.0036604327513823955;0.00016389895597221577;-0.05236465295423371;0.01827778703947011;-0.0023491530896346292;-0.07104755112199729;-0.9594025997244934;0.5;-0.036586632344861446;-0.2150373780926873;-0.2560670882975766;0.004445431914338525;-0.00012862893216394148;-5.650941038650982e-05;7.011892043615149e-05;-0.00031513079729515546;-0.002425803387973814;2.183841280931487e-05;-0.021057101756765072;-0.002807213363515607;0.008509103207774734;9.363125559670371e-05;0.060130675390722366;0.007230154067780453;-0.08653756849808523;-0.0002382548328123044;-0.018383883914094585;-0.019492350572853038;-0.00010292309951630591;-0.028522639824587772;-0.06898808467838681;-0.06130745349127112;-0.005868654221082448;0.020656661794010895;-0.03250400462509958;-0.0003623504111002062;-0.059242938044743114;-0.922191417511983;-0.04353842838843369;-0.019130120383055244;-0.07149924994144498;0.025179917979739556;-0.028669886744349525;5.436525712220744e-05;0.05261789043402328;-0.007734612313948069;-0.0020034880108352787;-0.0002139686316974926;-0.00023740032490249325;-0.0455479264593909;0.0017886143173175507;-0.02218391386133269;0.01489388637976104;-6.997021861155317e-05;-0.047170997389587244;-0.0025619976784815647;-0.00011117175968819395;-0.01432655088638465;-0.0001773285021276385;-0.05650573929450733;0.009340344936237038;-0.06040237413306805;-0.16674750840422556;-0.10375035772892713;0.0002324536052972788;0.005840415871626945;-0.00022210915306939105;-0.02933757827384458;0.00405708877663113;-0.0054300728194602;-0.01479176007227865;-0.01442680978979233;-0.20507086896333718;-0.003875648075918843;-0.00010858895972432234;-0.11174880129935216;-0.001642572779870729;-0.10629817816702139;-0.00014639836854931086;-0.0010200910610021724;-1.3122008765171112e-05;-0.00011432819098211031;-0.0001250716373991339;4.422013774199562e-05;-0.00012520237191624388;-3.282912592220493e-05;-2.6484332426027855e-06;-0.06824999507179647
Gondelbahn;-0.759504540819477;-0.004682697384097827;-0.017612257103303015;-0.001996732961297478;-0.06404500928074751;0.013226973522383228;-0.0008736477850347465;-0.0067617508512484385;-0.0008855662594739245;-0.04325464152703672;-0.0012562515287578631;-0.8028479747164559;-0.0008006037997432915;-0.0019347880218230343;-0.0014199262712640492;-0.005706103827189614;0.015312942704231829;-0.7465952404609121;-0.8731826379556007;-0.8838486724390696;0.012310744237749475;-0.5740690749683383;-0.6045031628904155;-0.1188323904030288;0.04725103680857305;0.012400697565574208;-0.05838437462235095;-0.6682080512986409;-0.023895685090735492;-0.9634133676551385;0.5;0.010346386524555983;-0.0005444181603991955;0.003183576580844549;-0.0033761058748481097;-0.06422301216311531;-0.3430999063564282;-0.008232426571506081;-0.06017910433189609;-0.029832725369180083;0.030728719315036134;-0.06901288699357114;-0.9012912558474215;-0.06023520948533444;-0.10244160459332291;0.004904946974242239;-0.9968061858054813;-0.006236179640250272;-0.3302783769962987;-0.9287183411522596;-0.002703162979933354;-0.43602258093354224;-0.6611585465435394;-0.6323270813783783;-0.13453478879115235;-0.0016659906879539351;-0.4694011969757693;0.003695735412485115;0.09112159229025346;-0.07057495242246324;-0.5451771982189545;-0.33930876660488146;0.13770994638267617;-0.12258440945584388;-0.43732651334517114;0.0023186357675559315;0.00953593627375357;-0.07441919951026446;-0.05020838887825527;-0.005603929666261282;-0.006213947104630472;-0.556859799449476;-0.4637919129201764;-0.04408581791460418;0.011628380832752755;-0.0018392228401179274;-0.5659002346674855;0.009000601972657831;-0.002919196640941492;0.025954369230154577;-0.004648600541126896;-0.05339771941778779;-0.8721016187494821;-0.9993659768299943;-0.8404987447871324;-0.9975518329109335;0.09211077683923895;0.11473005527532704;-0.005815940500181847;-0.8767719771241913;-0.5096935149091507;-0.06675120209934958;-0.2833340740711698;-0.27821452258211626;-0.871680788204838;0.10688392921726197;-0.00285156240042648;-0.04268470302561834;-0.041524995292732236;-0.028924189821332907;-0.0038407745458345576;0.014652708040353627;-0.00034541899372301805;-0.0030018402401310157;-0.003283032937733365;-0.03191100454092564;-0.0032864537670881993;-0.0008637509238621783;-6.973489090912827e-05;-0.6585664726416304
Graben;-0.00018782201456609115;2.1011228752748752e-08;-9.029146892121946e-07;1.3978666370243599e-08;-4.137276207190843e-05;0.03507160444818329;2.4881227371647153e-08;3.7562046304857444e-07;2.4285375571442618e-08;-0.0005376493402871215;-4.6036381888112095e-08;2.9751030015230197e-05;-4.84470602198938e-07;-6.005065635640187e-09;2.5363358953326303e-08;1.2994894843400146e-07;0.001991161960754729;-0.0017782778580113672;-0.0008912093796463106;-0.001377914813159302;-0.00011386868478154867;-9.09237749555363e-05;-0.0002243775369960665;-3.7477764358210004e-07;0.01960521137263169;0.04283015232404402;2.8139186024368515e-06;-0.0012162405766390522;-0.07015643581972666;-0.003423783883935533;6.2559152174517635e-06;0.49999999999999994;0.013483569874405776;0.010917633895928161;1.2996945001513625e-07;-4.592996634294687e-06;-2.5732101521782785e-05;-5.0190085653549e-06;2.1043409037894052e-06;1.4037729939973152e-06;0.0727121292770727;-4.4819727954134105e-05;-0.0005111912053043254;-5.421497719105506e-07;-0.012499130340347338;0.0150505220825463;-0.05559151427073473;-2.095591026149656e-08;-3.471855468377534e-05;-0.0004100070738802104;-1.6388878407654137e-06;-0.00010470035416654429;-0.00016138453920437246;-5.471786678067258e-05;-4.3508591732587504e-07;-0.0001314876672229897;3.172547814088088e-05;-4.4604352340288646e-06;2.7932607733564864e-06;0.009217339775018717;-0.0001648702622018262;-7.344230311310317e-05;-2.0683306359888645e-05;-0.001499950970818109;-7.506928869291462e-05;-1.630137548253571e-07;-0.12475930960677846;-0.016293241649080418;1.0734090200717378e-06;-3.4074849952388534e-06;-3.780725688175187e-06;-0.0007592363886535847;-7.309172173537473e-05;-0.0285627969286207;-0.0385510544991201;3.296915805186738e-08;-0.0001232651246282056;1.3043192682477046e-06;-1.2510550048176698e-07;1.5990374194826714e-07;-2.8238831764640294e-06;-0.0056096057549311;-0.0006502197117816761;-0.1871786187593494;-0.0031760955811552787;-0.08413082126384833;-6.98073223792584e-06;-3.944984816201136e-06;-3.080243960505236e-07;-0.0007854983157042317;-0.0006281606587447564;-0.0003153399057711067;-2.0378978814600505e-05;-4.5911072316697054e-07;3.581216945031582e-05;3.604743201369082e-05;-1.379950764670757e-09;-0.006896443100967834;9.477366509413646e-08;-0.000988683206607275;-1.0802387485395014e-08;9.328444670659103e-08;-2.0892880431344974e-07;-1.8701869001894072e-07;1.4563032880129527e-07;-2.0769684508264605e-06;-8.694522742204169e-08;-5.227159324922767e-07;-4.216795594760344e-08;-8.084508228387836e-05
Grat;-0.015384808233376077;3.6291869244594242e-06;-8.869428180957489e-05;1.124859435774087e-06;-0.0003384428791060393;0.012911437149894244;2.5141397935965774e-07;-3.368163473742113e-05;-4.385367410488915e-06;-0.029900678936070412;-6.223316488547295e-06;-0.0051149529361831205;-3.964293710983277e-06;-9.591187195906468e-06;-7.0352883884681255e-06;3.1811674598296196e-06;-0.03623572942966987;-0.014367706077106787;-0.032944273795528285;-0.03628317135845807;-0.0036195705145412194;-0.006624308777976673;-0.0075056046888591086;1.3810548919083267e-06;0.08560808412740183;0.025765449160782102;4.916119694250481e-05;-0.009866017655249852;0.0581062272903359;-0.03336153740449417;-2.693609684628284e-06;0.11033283963821568;0.5;0.0066221800921509935;1.9427617090930967e-06;-2.4418070092428425e-05;-0.0005054300514597748;-4.1067870732382015e-05;5.34348506678291e-05;8.408727004922939e-06;0.09903167838056577;-0.00036663112559027925;-0.0040576284942792674;-1.7286763253946597e-05;-0.1112962317974358;0.008501570497234687;-0.6069489143675444;-1.271521719780279e-07;-0.00243405001995389;-0.023183714494381065;-1.3410470849060677e-05;-0.003810581468171772;-0.009561775317836233;-0.0011298719702178617;4.012515511856579e-05;0.016532737646037885;-0.004357959742065933;-0.0001280319990026123;-8.895425190959036e-05;0.08766758942573671;-0.005895620258304646;-0.002534524362599605;-0.000603897230290134;-0.0035640627821241612;-0.003830756490670772;-4.495078712944361e-06;-0.292222123541255;-0.13599181584211;4.217512076464919e-05;-2.7881955421239864e-05;-3.093593739906431e-05;-0.0061789540747896245;-0.004261252610429523;-0.21519236634149752;-0.18734114300941196;-9.116580121149402e-06;-0.006408556637353438;-3.0365262580151465e-05;-1.4485342416146894e-05;1.595126161476947e-05;-2.3106694524847056e-05;-0.075084678385448;-0.009899090894490292;-0.31265672120106197;-0.025409561562928482;-0.23656725804067805;0.0004067220662379959;0.0002383241511973838;-2.894294041505537e-05;-0.008792070252335188;-0.00511700145876377;-0.01704481834823354;-0.0019522499982750335;-0.0019034709923455317;-0.03251705242442427;0.0006749284983968153;6.016793132149568e-10;0.12661357477030455;8.302830472931673e-06;-0.020948411455101;3.8232331779995863e-07;1.2930605541613336e-05;-1.709612059975033e-06;-1.4896656718996071e-05;-9.396418644265895e-08;-0.00016306337623901623;-1.6313687637229334e-05;-4.27724387229841e-06;-3.450502319201528e-07;-0.00945302032330221
Grossregion;2.1566124209806023e-07;3.963341982994568e-10;7.433084050541511e-10;1.5973697873847416e-10;-1.2397042206265406e-07;0.061863493216558076;6.6451019448266e-11;5.874975469206863e-10;1.3178729386441057e-11;9.387240014047798e-07;4.297069988041127e-11;6.082983988152143e-07;6.058276166340421e-11;1.544737211041461e-10;1.112064197390106e-10;4.897250589796011e-10;1.7793184672436388e-05;4.2441420314994153e-07;1.0941170562403135e-06;1.2240376494117844e-06;7.779904950801686e-07;1.0367566104989658e-07;-8.667195213573358e-07;1.2987616399633093e-08;0.0031123891468517787;0.09799452479532231;6.19331563353706e-09;-1.408786385901964e-06;0.0002132136212918481;4.733133254900494e-06;1.287240923026668e-07;0.0007300807679897473;5.41182149208356e-05;0.5;2.794531481791616e-10;-9.94738057550336e-09;4.7972926204697296e-08;-2.725085521227786e-10;6.26605948482076e-09;2.947228614305248e-09;0.0077430664195085085;7.59514139822691e-09;1.177844744659998e-06;4.7772332303279264e-09;0.00031634895840999957;0.1151054908212403;-0.0003014554055025006;5.386485422598725e-10;1.196042519303145e-08;2.226949135484333e-06;2.2049544982503164e-10;9.705910000396302e-08;2.6887164882557326e-07;1.553665649208269e-07;-4.88101501080699e-08;0.010393177375407157;1.1251921546914463e-07;5.433021943637784e-08;2.246465989258437e-07;9.140516339609061e-05;1.0382617175041548e-07;-2.768333586086309e-07;2.562127835238814e-07;-7.32928751774859e-07;9.375049170759622e-08;1.0875367397819108e-09;0.0007352102548377665;-5.159794245233145e-05;5.132114346212019e-09;-8.043128171323088e-09;5.365894968540499e-10;1.6548071610194796e-07;1.0977083242147941e-07;-5.030651909703984e-05;0.00010978916126833715;1.4637659218111664e-10;1.7230688023641568e-07;6.8805294133622204e-09;1.8160234175869505e-10;4.500891923852604e-08;3.9324863815319355e-10;3.165987969304035e-06;5.683061206501881e-07;-0.0073012514619272715;-8.318462756148349e-07;-0.0009982550470320859;2.3679086936228906e-07;2.9418131692931274e-07;4.998330309087296e-10;-1.084486016246955e-07;-6.636414244853609e-08;4.947491624312145e-07;4.6628476765253596e-08;4.535739250474665e-08;1.0776862283250157e-06;4.1325443992389074e-07;2.334138974517401e-10;0.005479095015363288;4.2595031464751685e-09;5.9693537671775115e-06;2.0376940368976907e-10;2.5520283945501754e-09;-2.7787384890041496e-11;1.3124425510722627e-10;2.7124334083945093e-10;7.231646217038825e-10;-1.2911110313637033e-09;6.565404746307537e-11;4.620216104925556e-12;-2.3598143526726657e-07
Grotte, Hoehle;-0.9989284913808876;-0.5813854146224355;-0.8410764819107864;-0.37131170312531725;-0.9528295880883068;0.0020710388798289396;0.12007024395895743;-0.6677357262201686;-0.20738727541400645;-0.9994565171067099;-0.27077079511961416;-0.9991688267358882;-0.19128332756675434;-0.363970917535019;-0.29565420613861937;-0.6288191159700245;0.03210732574266108;-0.9988515416295363;-0.9995082495469026;-0.9995550228272165;-0.9994234562100984;0.23128306511478494;-0.9977885978048063;-0.9754961671575137;0.011628283910746924;0.007947165142634348;-0.948196383345709;-0.998320774540697;-0.06117163991918663;-0.999871371067836;-0.9966238941251518;0.06345332191500408;0.11591315090595813;0.0020402327153406104;0.5;-0.952962703080775;-0.9935559954986448;-0.7101767361387371;-0.9497546838121699;-0.9007680703535533;0.008026717697838583;-0.956298945817737;0.20500625032624198;-0.9498019810618324;0.03182556812253798;0.002709822974302046;-0.02847999916717382;-0.6494263697050426;-0.993177776627606;-0.9997400644769405;-0.44448597095603437;-0.9956374669699766;-0.9982669050546703;-0.9980341515907303;-0.9786726340378497;0.012246345172016;-0.9961854174675038;-0.9926482150771753;-0.9979613196449465;0.09260590927850243;-0.9971818527944971;-0.9934471085130955;-0.9983321754125469;-0.9996506516470623;-0.9956604304409488;-0.790448358095359;0.002171335282449562;-0.9999798482272907;-0.9397771000645818;-0.6245680388020399;-0.64860771715158;-0.9973114948643812;-0.9960988075885243;-0.02295366449777307;0.013389190623763116;-0.3523054342312351;-0.9974081649501787;-0.9523044853341622;-0.4635963211418257;-0.9912267810192247;-0.5795973995666619;-0.9999183943066421;-0.999503445395712;-0.0070963375714273155;-0.9993575598120008;-0.04113435684819051;-0.9980560848449279;-0.9984868186006263;-0.6332838610088747;-0.9995241162672857;-0.9967518927480112;-0.9990343747923387;-0.9915043359563328;-0.9912880976731617;-0.9995015719753907;0.21992888179359854;-0.4577554363319806;-0.011008602437702863;-0.9274795787044955;-0.99988986426718;-0.532309283500686;-0.8881127847786049;-0.0925611729392794;-0.4705658504249343;-0.49298829722121507;-0.906808723711414;-0.4932494632209085;-0.20331360745515475;-0.02017184236558327;-0.9982468089671952
Haltestelle Bahn;-0.9787304684799374;-0.064153568356207;-0.20711969649649625;-0.02832631977103283;-0.4992585789340711;0.001137682184490244;-0.012580541594195749;-0.09024286774865378;-0.012750129735165271;0.01476348214158881;-0.017997688449257417;-0.9834259779317823;-0.011540012209530154;-0.027470031344833293;-0.02029824431229095;-0.07716668619363712;-0.03855060786616533;-0.9772360644910163;0.10394759711215855;-0.9910614890941014;-0.9884476593875543;0.08346762032718968;0.11436700698746723;0.15984760049507718;-0.08632698598086745;0.009785306956257072;-0.47463846936751797;0.10286384275926563;-0.17825123228779002;-0.021681668393988173;-0.9357769878368847;-0.11068165946240438;-0.0719102775746348;-0.0035846428114202715;-0.04703729691922504;0.5;-0.8838603091059076;-0.10789817059394019;-0.48266981063513487;-0.30941685802389873;0.0077103316292587145;-0.5192563250236081;0.0668907532065824;-0.4829174090827339;0.05679969211388634;0.0038023414599402125;0.02388433755300274;-0.08377585311872028;-0.8778353500877049;-0.9947600106588469;-0.0379933470878544;0.10671363348534685;-0.9660221183145519;0.13174670507865927;-0.6937205377141924;-0.02273800422479246;-0.9280067901945687;-0.869528724564118;-0.9602573680414969;-0.06515814989935953;-0.9458444966367052;0.22920979041246373;0.16365190652738862;0.1365379492470048;0.16284092571280057;-0.15696246112915369;0.17965572517885495;0.2700209628654177;-0.4351068694190719;-0.07588258569212764;-0.08350041210031589;-0.9482131419000388;-0.9264864226433734;0.24767770556352953;0.2010760685720686;-0.026146242555559866;-0.9499866999296631;-0.4963531976193584;-0.0409140268002074;0.30166117635930184;-0.06371415736120911;0.06896494865882241;-0.9900352382905474;0.02660765126666072;0.02282661723442745;0.014389984771216911;-0.9620380800460215;-0.9702115007531897;-0.07854340624205015;0.10236366880120726;-0.938068527648508;-0.9807938878346272;-0.8520829795673208;-0.8488590237411067;-0.9899980003231669;0.14628272488732286;-0.04000141459597412;-0.08267925558627956;-0.38697815036563127;-0.9977734033549752;-0.053190532203525064;-0.28150115645195384;-0.005009528665012117;-0.0420269802975943;-0.04579587572425298;-0.32445837904544655;-0.045841556416399205;-0.012439677809379492;-0.0010151284838571958;0.10404198485955206
Haltestelle Bus;-0.014144829156409697;-0.008927272434906713;-0.03318591337531904;-0.0038159820081512348;-0.11583560583149992;0.00777141567769528;-0.0016713531490671657;-0.012866497638686478;-0.001694135624070667;0.0606199695160476;-0.002402462525162343;-0.8863210006524986;-0.0015317168225572628;-0.0036978073561801097;-0.0027150690556461228;-0.010868204039507699;0.03210843007577381;-0.8494182281648187;0.05527982024491485;0.047577414739216284;0.021037698295364192;0.07270794904170425;0.07980398379807509;-0.20521334492387253;-0.07799893355109687;0.011655007411416554;-0.10611643528013327;0.004544057008158317;-0.9991613823146375;0.0035351201339364033;-0.6569000936435718;-0.08148015096559603;-0.19558598133553243;0.0022715923496081456;-0.006444004501355108;-0.11613969089409235;0.5;-0.01564403797311264;-0.10920826916146735;-0.055600752059351034;-0.004362313636991722;-0.12428733630833104;0.06416336288603966;-0.10930476809564658;0.045712316123587386;0.004264242458725144;0.004789530245531154;-0.011872093939199801;-0.4856499402422911;-0.08420918844490032;-0.005162719921861917;0.054040688220729154;-0.7888440400253979;0.01003874679637787;-0.22935901405506154;-0.001750404484820306;-0.6287742481319479;-0.46687184144320515;0.011604775988560266;-0.22915801238790515;0.03611186336589612;0.055062899457855266;0.04200233066379911;0.07965550276210631;0.13785305532501888;-0.023880794860870178;0.20831059734223473;0.18063735751221555;0.022301616867697983;-0.010674589058389545;-0.011830008053818435;-0.004126588622908142;0.02905706443318278;0.2145254775068495;0.22195295171343365;-0.0035154679049176013;-0.00524379308050357;-0.11465063331617784;-0.0055742198647721316;0.0370868025107982;-0.008862544116791722;0.12995861495952415;-0.0007085693989406974;0.012595755477816288;-0.06759971130126854;-0.006925393175496965;-0.769051847688081;-0.8105958298876461;-0.01107629895693644;0.1721934557536596;0.002983665208752381;-0.019507552755354787;0.02181647933620504;0.04679802180227089;-0.9286021445755973;0.1354931243098529;0.0022829190382836428;-0.06280741356659768;-0.07659489018674111;-0.007354752882169361;-0.007327817247303432;-0.048960913287644646;-0.0006611313597289755;-0.0057315961350589;-0.006266887150902453;-0.059364302956726095;-0.0062733975048468145;-0.0016524346634306684;-0.00013350611302808397;0.06438832435285959
Haltestelle Schiff;-0.9973784722619384;-0.3617493946546995;-0.6835245643135562;-0.19421733231780636;0.4088324423589433;-0.004486258313074218;-0.09530192470236769;-0.45059158370381014;-0.0964776601793013;0.1539216490778946;-0.1315917095737865;-0.9979657630896636;-0.08802951441908205;-0.1893233479559845;-0.1462499366581095;-0.40876130944240563;-0.9999065330780441;-0.9971905218824089;-0.9987958839966866;-0.9989103406891888;-0.998588429774836;-0.9938789423242342;-0.9945985517347429;-0.9420170363304354;-0.04032279646131006;0.0071173293026522266;-0.8819325084561617;-0.9958952589461434;-0.9999866611229635;-0.9996848692027048;-0.991767573428494;-0.9999949809914347;-0.9999589321292676;-0.0008119282236941581;-0.28982326386126284;-0.8921018294060598;-0.9843559620268872;0.5;-0.8852428472106747;-0.7874370775801425;-0.061154748430028986;-0.8992986325313524;0.13496888628879128;-0.8853435401039624;0.06639179611586261;0.003146709687571507;0.1791379586039728;-0.4305214786148444;-0.9834467606573313;-0.9993632995848188;-0.24615637804617557;-0.9893773551554225;-0.9957639091827287;0.17675165439014426;-0.9493079235627089;-0.011948512699119345;-0.9907042579492958;-0.9821754046102192;-0.9950191887509872;-0.9999734036153127;-0.993122582894268;-0.9840941070200524;-0.9959230602739856;0.15572289851211865;-0.9894329208279544;-0.6062049551947251;0.12433871739379992;0.16217162702930715;-0.8642852350823627;0.2973518541554321;0.29235759037104536;-0.9934377330115047;-0.9904943861537524;0.1415209438845121;0.09588411740026045;-0.18165670026413125;-0.9936728075627108;-0.8906896434599826;-0.2607420333513824;-0.9787724019229075;-0.36005587002104117;-0.999800058816682;0.15035382059366603;0.16498486143287877;0.162668415483671;0.16715618326352405;-0.9952500638511936;-0.9963002523995262;-0.4134037883559329;-0.9988347089619896;-0.9920782267163143;-0.9976371618208508;-0.9794357969299041;-0.9789189118866843;-0.9987795448916277;0.2415710850168577;-0.2562360495463291;-0.10489673113524099;-0.8392097588824063;-0.9997301688548443;-0.3171663016133292;-0.7641133640378224;0.029420007725966667;-0.2661752238704009;-0.28408433796746957;-0.798835950239182;-0.2842968903634336;-0.09432331110956144;-0.008331609785869588;-0.995714914212193
Hauptgipfel;-0.9801271771752219;-0.0684451011905882;-0.21873954355641215;0.01463210915806724;-0.5165896209369354;0.008830248093096939;-0.013471776156965414;-0.09610042092528272;-0.013653212192946346;-0.9898258850081342;-0.019265198710803566;-0.9845192231693382;-0.01235845586416648;-0.029384681644097976;-0.021724189914501004;-0.08225221785006298;-0.999279443317771;-0.9787287736029581;-0.9907858759858942;-0.9916553591373992;-0.9892133007959383;-0.9546457601550902;-0.9597911367586001;-0.6780512037508049;0.05017531755247614;0.009645196322735269;-0.49195451412043434;-0.9691850499367929;0.07066577083980652;-0.9975741966120262;-0.939820895668104;0.05435172330727788;0.16866381367174405;0.0024201893954168842;-0.05024531618783019;-0.5173301893648652;-0.8907917308385326;-0.11475715278932531;0.5;-0.3244274944492501;0.03224111342445207;-0.5365377415078962;-0.9930360426369846;-0.5002478919958822;-0.9999248395397271;0.0037182946522595728;-0.9997948788450636;-0.08925482292419819;-0.8850795990327535;-0.9951093654455924;-0.04061084009499611;-0.923511577896333;0.07280214754690141;-0.9641041345522379;0.3100724205538967;0.012246743530281698;-0.9325046719520715;-0.877196640600325;-0.9628210709257021;0.10759313036436;-0.9492888401097983;-0.8891401450660619;-0.9693881982319689;-0.9934375369244617;-0.9238851730694837;-0.1663587885926003;-0.9999724946885016;-0.9996192214576833;-0.4522221328691779;-0.08089090893182309;-0.08896311707699393;-0.9515145596529215;-0.9310722364212375;-0.999768052586038;-0.9998383059478706;-0.0279712790406025;-0.9531806358883272;-0.5136868470068743;-0.04372359019260466;-0.856676146279474;-0.0679784310883317;-0.9984597106696897;-0.9906966518499829;-0.9999593777897271;-0.9879944471860035;-0.9998428776504975;-0.9644911611216422;-0.9721517081166439;-0.08371143789452136;-0.9910806656005686;-0.9419770916441241;-0.9820575817509867;-0.8606118388114656;-0.8575426966567888;-0.99066186224884;0.15858101737351835;-0.04275110243270196;0.0802312031617603;-0.4035526982468035;-0.9979222721752992;-0.05679320172899652;-0.29573748250507215;-0.005367330656688227;-0.04490939144648879;-0.04892357473537453;-0.3398396283990819;-0.04897221514205532;-0.013321067883103721;-0.0010879452581133472;-0.9678690352006413
Haupthuegel;-0.990356946695684;-0.13269646306448676;-0.3682972841727264;0.03177700923104065;-0.6899490819215612;0.005993379742334641;-0.027649822962959945;-0.18126117978561845;-0.028016784187794054;-0.9950881502254688;-0.03929751899304242;-0.992505423030453;-0.025394976799126685;-0.059303161562195846;-0.044198185512322324;-0.15727645608980842;-0.9996538402874701;-0.9896708016487794;-0.9955538441069607;-0.9959752295978036;-0.9947907399149598;-0.9776938703125102;-0.9802784875403842;-0.8143200089155697;0.015935984437378134;0.009233268450967464;-0.6684789704094397;-0.9849609821445271;-0.1670038690200934;0.018701007044495805;-0.9701672746308199;0.07550025502507861;0.05526903512410186;0.0023704073174198145;-0.09923192964644661;-0.6905831419761012;-0.944399247940649;-0.2125629224198575;-0.6755725055507499;0.5;0.016058932337289264;-0.706803646606617;0.19820113042017123;-0.6757897939365903;0.002620109202675784;0.0034872588186004765;-0.9999014849811447;-0.16948673058593267;-0.9413063043533303;-0.9976454046013032;-0.08100548038516917;-0.961747475791091;-0.9844851915952666;-0.9824341321192054;0.19350063794320066;0.011048593969889898;-0.9664085204745964;0.16714368192946555;-0.9817938842922085;0.04232417107102389;-0.9749879042384105;-0.9435069679224958;-0.9850617302545207;-0.9968377480529648;-0.9619420102528592;-0.2935596608981192;-0.07048242575335328;-0.07325676207459371;-0.6322315243250539;-0.154883016033517;-0.16898146013881385;-0.9761140694630897;-0.9656691272348696;-0.0974931803669075;-0.09796240097853352;-0.05653450128435654;-0.9769553196651632;-0.6874574856943508;-0.0869338528632842;-0.9256320400999958;-0.13185372249769794;-0.9992597203181646;-0.9955105809538357;-0.14599357149509692;-0.9941984182947641;-0.9999245395969957;-0.9826270872999039;0.10143487267159652;-0.1598348609783405;-0.9956967535410933;-0.9712694096739904;-0.9913024707479458;-0.9278337058313829;-0.926117632193286;-0.9954937110192923;-0.9926254961735904;-0.0850858069938599;0.007750270897563291;-0.5848740615918474;0.03114572460431101;-0.11141478513698357;-0.46650509237918003;-0.011112121934298594;-0.08918224434601642;-0.09675283244401366;-0.5173653744383536;-0.09684418320738525;-0.02734490177372753;-0.0022628213042067227;-0.9843078018253287
Haupttal;5.648856380047005e-07;2.1861232216975964e-08;-4.20402706737378e-09;2.90854963800953e-09;-7.816281320264616e-06;0.07111292653755677;1.495703835134211e-09;-7.776400847787875e-07;-3.4759694538803818e-09;-8.060733352369353e-06;7.732970819243529e-11;-9.572580526040483e-06;-4.144624231667156e-09;-2.4006686897984073e-09;3.385918457601413e-10;1.1146608031182388e-08;7.657707366710284e-05;-1.201395510585029e-06;6.512334416615369e-05;3.332437953833087e-05;3.873477417009496e-06;2.783396104089515e-06;1.1978515694864878e-06;1.5233598495644453e-07;0.03538225853396598;0.07872638019418765;2.0883245747147465e-07;-1.4289269952062961e-06;0.011536352074586573;-6.333766892217037e-05;3.5100856063650074e-06;0.013736558976886425;0.0022863637528405516;0.0218746793579252;3.1059610086596366e-09;6.044558925587209e-08;-2.6026238815552696e-07;-5.798576526053988e-08;2.3582177415310608e-07;5.6407418597297285e-08;0.49999999999999994;4.4209943495676435e-07;-3.245708728776524e-05;-2.486153789650055e-08;0.008487289078318146;0.029182962070577707;-0.011174395709385894;-1.4301830832490825e-09;-1.1184553565313228e-06;-5.443823093283782e-05;2.0645873071457047e-08;-1.6455534284724974e-06;2.4380763716183637e-05;9.147653900649594e-07;-1.1614760945373805e-06;-0.051867648217560784;-4.465283332750738e-06;7.925727285697815e-07;5.774442962738654e-06;0.0027815375994530646;-3.4216692844969756e-06;-1.5809945413364408e-06;4.240988436286897e-06;-3.018999652235087e-05;-9.271106065846625e-07;-1.980299974447751e-09;-0.0037274666339816498;0.0007310904201053112;2.0684168981766465e-07;-8.66735589107525e-09;-7.4627681026069e-08;-5.55156263194313e-06;-4.888063323726096e-06;0.0002488263728995234;0.00012778602909043892;-2.175010709273073e-10;-4.240183877483085e-07;-7.881432574948049e-08;1.2899876379818878e-09;-1.04926691854051e-06;-5.334808240243304e-07;-1.7850352887070832e-05;-1.679222639683477e-05;-0.053045035187088266;-0.00023620644380820612;-0.01865650116335398;3.4441807876159775e-06;5.739522686145821e-06;-8.34901475038497e-09;-5.859649364023058e-06;-1.0298663018700662e-05;-1.1456031075548498e-05;1.258411578917128e-06;1.0893127511886064e-06;-1.5180756614723663e-05;-4.055924916998125e-06;7.567732822415438e-09;0.04265293530379525;3.2899713325621066e-08;-5.940775377569622e-05;-7.062950816961152e-09;5.5961659444435225e-08;-1.0753626644747489e-09;3.682702746179923e-10;6.100146163419201e-09;3.7435220167887e-08;-5.099789911472957e-09;2.659845236412581e-09;-1.8856324258719847e-11;7.800198958158042e-06
Heliport;0.043513039931665914;-0.05967933732865259;-0.19474957481022112;-0.026280602634548303;-0.4800033958801326;0.006942075052264518;-0.011658335368244859;-0.08411264068557824;-0.011815640748219933;-0.9882405660978921;-0.016685092798684326;-0.9821219612130827;-0.010693255110544246;-0.02548453313729284;-0.018821081751533672;-0.07185457094415584;-0.006381457868832624;-0.9754571896823032;-0.9893485320934482;-0.9903523282870101;0.07019019195449164;-0.9478674285188596;-0.953744537592904;-0.645294363820403;0.024948421777781338;0.009870455828415302;-0.4554691344771742;-0.9644988533332562;-0.9998808917357112;-0.9971927866364844;-0.9309871130064288;-0.9999551802720459;-0.9996333688744098;0.0025339894393986576;-0.04370105418226307;-0.480743674976392;-0.8757126636916689;-0.10070136746864752;-0.46346225849210365;-0.2931963533933829;0.05221078052746733;0.5;-0.9919468571892301;-0.46370883567163457;0.08183564355538298;0.0039041284911923734;-0.9997625444577424;-0.07804724474266586;-0.8693275200128149;-0.9943426069756823;-0.03527482557127795;-0.9125066034411482;-0.9633997562351905;-0.9586781993738177;-0.6771068923844289;-0.012946002901071662;-0.9226852793304279;-0.8605343095509013;-0.9572097987768206;-0.9997625350154441;-0.9417587438806532;-0.8738653239364019;-0.9647317712771586;-0.9924106665670666;-0.9129288827295072;-0.14703244579374875;0.14816679300201757;-0.9995592094283525;-0.41626906617164533;-0.07065209960614903;-0.07778903933240748;-0.9442955667308108;-0.9210620903164735;-0.9997314905621562;0.14269348793448164;-0.02425403986522665;-0.9461956780040999;-0.4771033041871108;-0.03799477697225473;-0.8377445425503731;-0.059268631124467265;-0.9982172815902723;-0.9892455406448442;-0.9999529730653217;-0.9861277551867839;-0.9998181082050284;-0.9591212474445642;-0.9679017255622916;-0.07314402999930203;-0.9896888284141855;-0.9334374034444571;-0.9792871442935583;-0.8421042822330654;-0.8387040041897375;-0.9892053837811968;-0.98240544221809;-0.03714475852235184;-0.07757684809541562;-0.3688634401564375;-0.9975954583350992;-0.04944049780619862;-0.2661800076355514;-0.0046397015170931335;-0.0390315520368516;-0.04254375309616638;-0.3078008073727924;-0.04258633462314008;-0.011527676936731176;-0.0009399083272935186;-0.9629903474683447
Historisches Areal;-0.2569866573085896;-0.0005149929590877565;-0.0019596145958421097;3.630181028150439e-05;-0.007438378543585612;0.01584029828259424;-9.575574667343094e-05;-0.0007450278637197332;-9.706309630029626e-05;0.03438899904306247;2.607432361325004e-05;-0.047705661904429396;-8.774408398830285e-05;-0.00021226224169023467;-0.00015570614058180155;-0.0006281198099037258;-0.01765610606374466;-0.24395450739505897;-0.42990024911852653;-0.45455998421424776;0.019417442503184047;0.03257184212062777;-0.004236836983923182;0.0019215761343724493;-0.12153535435858902;0.015842647111946953;0.0002498645694616953;-0.18070720390228348;-0.985539258558267;0.024539431196240677;-0.09870874415257848;-0.09259162090580762;-0.08981744349256487;0.003190318046884742;7.605755034264626e-05;0.000502776377907817;0.0036702771710870954;0.00012269930259824462;-0.00696395736301525;0.0006674871433955257;-0.031119081094832895;-0.008053142810769739;0.5;0.0017983808287188807;0.06046899581082037;0.006209521346633506;0.05290361904366468;0.00014881119014412063;-0.05124263454408126;-0.5879534681580401;-0.00029676272942697894;0.0017408320326618622;-0.17607150353263246;-0.15849860640894659;-0.016739559345236608;0.009770255150616605;-0.08832959746618672;-0.004522592639828658;-0.15369708736492807;-0.12493690715186281;0.026198483439183934;0.005912304903510926;-0.02164334074028841;0.1812482528894377;0.005156727570965491;0.000249780681709751;0.21661361467779763;0.1736518918467107;5.327565303069213e-05;-0.0006168162162004126;0.0001300787283652255;-0.12097519139918042;-0.08653143163693394;0.21439673995646066;0.14722796355355358;-0.0002017607519186249;-0.12493424087483936;-0.007353063698892839;8.555264153117586e-05;-0.0402305714401532;-0.0005112274746522982;0.19095444689071023;0.06416287863525111;-0.007786129701754326;0.049983157764010695;0.019644332648651213;-0.013926490461815842;-0.19666361239902994;-0.0006402734182934699;0.17551109042068455;-0.10221281331905428;0.013779059434419434;-0.041501514902978674;-0.04050466036880556;-0.4265961121523193;0.02911170446895508;-0.00031309601368462484;-0.12442122297436466;-0.004722407885502736;0.13116584144880233;0.00013886894224408847;-0.0029362013684420957;-3.7841669490628306e-05;4.813066526519239e-05;-0.0003606095454899139;-0.0035970845891003045;-0.00036098639349921584;-9.467017097450089e-05;-7.637787377065347e-06;0.030996329183773767
Huegel;-0.9801078543202045;-0.06838190549221068;-0.21857013921459945;-0.03026967415928939;-0.5163419977626182;0.013626441498961833;-0.013458604287933162;-0.09601432272526977;-0.0136398653796988;-0.9898158944688819;-0.019246472901164054;-0.9845041032962564;-0.012346358907841306;-0.029356414104348933;-0.021703126853340585;-0.082177398557461;-0.9992787289980207;-0.9787081205819455;-0.9907768193323298;-0.9916471499024885;-0.989202715287244;0.08718852255940017;-0.9597528526030646;-0.6778347084501267;-0.07793856589516064;0.009759152928139059;-0.4917066882856591;-0.969155422589831;-0.9998970103395549;0.03846624767606484;-0.9397647905146657;-0.013988974176998263;-0.054510525360996875;0.0018433196481177458;-0.05019801893816763;-0.5170825909172662;-0.8906952319043534;-0.11465645989603757;-0.49975210800411796;-0.3242102060634096;-0.003395654430529972;-0.5362911643283654;0.25618868226750235;0.5;0.05521114865377263;0.003804515973033499;-0.1699649046055465;-0.08917425276456982;-0.8849787044571206;0.016238116145459534;-0.04057222461004043;-0.9234415061472805;-0.9681957366351275;-0.9640698032107432;0.1677862129142323;0.010004250901762388;-0.932442236175924;-0.8770897862602932;-0.9627855598106808;-0.10989433948937628;-0.9492410852101959;-0.8890423685340388;-0.9693587600288988;0.07997297921359006;-0.9238154153403595;-0.16622131991094186;-0.0025518103249426286;-0.03840464892792411;-0.4519765159860128;-0.08081721888572456;-0.08888278454114218;-0.9514687935684137;-0.9310085736216064;-0.02073080909995585;-0.04628133450755581;-0.027944332023665298;-0.9531363649817466;-0.5134391373994296;-0.04368214966175811;-0.8565543563804445;-0.06791563485524561;-0.04101049548045681;-0.9906875083214275;-0.12873348760965744;0.02549892584545526;-0.18229613222096586;-0.9644571862918332;-0.9721248510564339;-0.0836354122112057;-0.9910718960876396;-0.9419228724945061;-0.9820401014839113;-0.8604928486594322;-0.8574215205586988;0.013565353133280904;-0.984750398643083;-0.0427105424438264;-0.006305504312023358;-0.40331405272026793;0.02973696161750025;0.021104208476047256;-0.2955310036949895;-0.005362039743770183;-0.044866879762606046;-0.04887745764595058;-0.33961720677802537;-0.04892605456112801;-0.013308041379533671;-0.0010868681929018932;0.07207072096343498
Huegelzug;5.268079156277826e-05;-5.522727199811304e-06;1.6391666048690282e-07;-4.47543850837851e-08;3.3459629065045743e-06;0.04646407126293521;2.2832402708068555e-08;-7.991415453250277e-06;-1.3128799943008006e-08;0.00039718926895802766;7.673786032783583e-08;0.0004181877705447453;-7.0918726522258155e-09;6.685161152471241e-08;-3.25998282602098e-09;-6.736641273349346e-06;0.0016046492621871467;-0.00010942003568048001;-0.008017735687443102;-0.00885346054114811;0.00042915983153600637;0.00012241476706230506;0.00015004523007083645;4.559075797565722e-06;-0.08268826133412165;0.02900225306875238;-9.429402053979582e-06;-0.0023585321722621134;-0.4221290345174121;0.0018586934338169945;-0.00012025352714591857;-0.02426605024537914;-0.026405831669807932;0.009184242094755053;1.2655589473331837e-07;4.575997120030598e-06;2.8026957388098804e-05;6.469248444941477e-07;-7.51604602728491e-05;9.457735250457102e-08;0.08722022399020374;7.121155662982299e-06;0.000648132409533777;4.154124316968242e-06;0.5;0.012880775099061;0.058050538047462574;-1.6325909537509768e-07;-2.0587364684230904e-05;-0.0001575480636517521;-1.0855737706776865e-07;4.553453766893326e-05;-0.002285266834203862;-9.116732978662969e-05;-1.12367660066231e-05;-0.07953890384204365;0.00010255994224429011;-4.645617241087537e-05;-0.00034019846510467374;-0.2681271952346957;1.034756228832198e-05;-0.0006024988835920982;0.00014619071610735598;0.00020761384156686873;2.933843658748351e-05;5.183806333094482e-07;0.11083839421598175;0.025440097645799194;-5.224943989098415e-06;-6.615335195927713e-06;6.640811898077051e-07;-0.0014729432180550976;-5.832765206426126e-05;0.027978935962761416;0.04445552818686844;-2.1629892598775587e-06;5.608026812684003e-06;-3.575160607489152e-06;-2.3954637660290903e-07;1.2791721666835731e-05;-5.482326130882471e-06;0.004545237510656299;0.0006567845159151218;0.001555793424077742;-0.0011803435695668608;0.017261350368298425;-0.002037502151676873;-0.00024758438975308524;-6.867072429412667e-06;0.0008974599792660122;-0.00121880234026384;0.00022762802422612765;-1.3435954433982124e-05;-0.00045226881715328197;-0.0005066128514328752;-0.0001078435386891201;1.9251975313366975e-07;-0.19557521332506814;-5.085435669552889e-05;-0.00562212529831158;4.139895657774938e-07;-3.712993884987365e-06;2.7759490828053693e-08;-6.8632773640768e-08;-3.866545814286462e-06;-5.8892347491919384e-08;-3.6626070095009405e-08;-1.0892393702894223e-08;-8.186567139361197e-08;0.0005025738157921142
Kanton;7.187578958322139e-07;6.213950174574851e-10;2.5914719650879706e-09;2.5044460788128204e-10;-5.239582313829004e-08;0.11745423421803722;1.0418564100699794e-10;9.211116513395022e-10;1.0569160566507438e-10;1.533414626642337e-06;9.601861391406951e-11;7.110556414867621e-07;9.498505682247648e-11;2.421925769295086e-10;1.7435567153491006e-10;7.054064323780968e-10;2.9813863833430233e-05;6.654190316854527e-07;1.7154097671820906e-06;1.91910458252274e-06;1.3415708541263955e-06;2.802524239005941e-07;3.2192810044619553e-07;2.1394007510307306e-08;0.004761144172018172;0.17777626290498028;8.194785276941731e-09;4.3655381198305483e-07;0.0003303614586960205;7.83374112757025e-06;2.0182071898025156e-07;0.0010241907333640103;7.070148432888029e-05;0.11713398982936815;3.7770881035739394e-10;1.0737442646726084e-08;9.164200831703088e-08;1.0747465769671904e-09;9.79661085579418e-09;4.4122683968703105e-09;0.010512053317455874;1.1908088700196209e-08;2.3329159254978442e-06;1.003372282004402e-08;0.00045149399519335575;0.5;0.0001325515314416248;7.818403548323003e-10;9.304962650494825e-08;2.755849592134195e-06;3.4570515155116196e-10;9.809017010052298e-08;4.215514883993866e-07;3.519496451009106e-07;2.5962850529658246e-08;0.014757017740460997;1.7641383539803335e-07;8.25676292628694e-08;3.5221314081415553e-07;0.0001426098156563584;2.4631018987250136e-07;9.726360688444804e-08;4.398604579492093e-07;2.5195721043467075e-06;1.5306135476172435e-07;1.6723896045497235e-09;0.0017100641875406636;6.4695076710487e-05;7.24794098061761e-09;7.530984136273582e-10;8.412951514857187e-10;2.5944973001682084e-07;1.7210477120372371e-07;0.0001230737044897152;0.00018140327225669599;2.2949744339379193e-10;2.7015215496733815e-07;1.0787679997211085e-08;3.752159060114866e-10;7.05674926419185e-08;6.16557302965047e-10;1.2753591205600448e-05;1.6968015585281025e-06;-0.005527844117466523;-7.123618151344696e-06;0.00019021595478876306;3.6995816264085e-07;4.5451209021156286e-07;7.83666299922019e-10;1.7797212509667548e-06;2.1060527846008847e-07;8.06985576616107e-07;6.879081133165816e-08;7.111384831692719e-08;1.6896488296095794e-06;8.928080444577861e-07;3.6595941933564544e-10;0.008657693141357442;6.678288097730664e-09;9.358883314468564e-06;4.419599560479885e-10;3.931835049785941e-09;-1.4620391357503202e-11;3.865476295544469e-10;4.252705454356392e-10;4.701749936850441e-09;6.328371086779753e-11;4.696406893155513e-11;7.2438343422748956e-12;3.663500449089874e-07
Kantonsgebiet;0.0007675888874900315;-1.5073944591334089e-05;1.6029154826158658e-06;-2.0302494421238574e-08;5.8034444369219644e-05;-0.10788864561064135;-2.801648661559663e-06;-2.181198438438118e-05;1.0200044072522271e-07;0.0034014207581204627;7.49316043240488e-08;-0.0016973465388617276;3.278412490313449e-07;3.3386767334159726e-07;-4.555959372073104e-06;-1.8387209873515965e-05;-0.03381896284877484;-0.0005188959470167492;-0.02158482242097172;-0.023800775966987354;-0.0009544134171147598;9.78254023290479e-05;-0.004873408502571812;-2.2618246268046218e-05;-0.22029036969528715;-0.20996577550623227;-0.0001986257854882812;-0.006411378150806098;-0.6659815909104224;-0.007301193230769307;-0.0031938141945187307;-0.2945813654907788;-0.39305108563245567;-0.02388787188998889;-3.0911754604506723e-07;5.252069113766018e-06;8.015177015807067e-06;4.764359281577807e-06;-0.0002051211549364683;-9.851501885530739e-05;-0.31343660958624375;-0.0002374555422576996;0.001547725135931341;-3.4905143891044464e-05;0.1584468905107099;0.010321723948443594;0.5;-2.0105997577485717e-05;-0.001577607839429468;-0.04007224693185264;-8.684462419186193e-06;-0.00010298080329218207;-0.006212999436132077;-9.650003969574871e-05;-2.913868566121132e-05;-0.21662949742378368;-0.002826490835643433;-0.00021313950792264518;-0.005285023371852457;-0.4999900567142891;-0.0004936006833542151;-0.0016427876084892155;-7.686841805090142e-05;0.004053255846591286;0.00019267271811813705;-2.492120302269136e-06;0.012150041518779924;-0.01900626982161983;-0.00016934536972476767;-1.8056116871028007e-05;-2.003387115233092e-05;-0.004010130999134812;-0.0027636740727150022;0.007879200514019014;0.0013636085229661637;5.178683545022059e-09;-0.0005279199028754294;-0.0002166645547838227;-9.380540095150947e-06;-0.0012248008872414817;-1.4963673401353961e-05;-0.0032493322728774626;0.005083791009361545;0.520124569647608;0.005103784681960812;0.3478118657737052;-0.005541762067908439;-0.007111082054985088;-1.8743208725310425e-05;0.0025407921841577186;-0.003319680408881859;0.0019937522811306813;-0.0012651184536469078;-0.0012334869284882585;-0.000333746790705584;0.0007262530814903474;-9.162584853132112e-06;-0.5705568719269848;-0.0001387929610664613;-0.08969994447317917;8.904859404071385e-07;-8.614576415735532e-05;1.5641933106214533e-07;-9.646903875476367e-06;2.8726769360557975e-07;-6.925498933983224e-06;6.61171860746397e-08;-2.7698836621549136e-06;-2.234494230656362e-07;-0.00013701641865051755
Kapelle;-0.9980168761991238;-0.42847998916261376;-0.740725126547982;-0.24174937736340027;-0.9159962271496594;0.003978446729880086;-0.1223000425574768;-0.520349530491862;-0.12376328776191858;-0.9989936816568206;-0.1669729748728248;-0.998461368467923;-0.1132252682037304;-0.2360084660520439;-0.1847339861685894;-0.4776737139706803;0.0018316342550891015;-0.9978745986412186;-0.9990894298210323;-0.9991760066697968;0.17147486991376173;-0.9953656045796356;-0.9959111566695418;-0.9555362297681017;-0.013151302851401474;0.00826909615500118;-0.9080941151246946;-0.9968937354423266;-0.9999899158764722;-0.9997617451671877;-0.9937638203597497;-0.00552292237224693;-0.004095305327905566;0.0021228803469029696;-0.3505736302949573;-0.9162241468812797;-0.9881279060608001;-0.5694785213851556;-0.9107451770758018;-0.8305132694140672;-0.0019951839989934324;-0.9219527552573342;0.21652581682220087;-0.9108257472354302;-0.022162589329189887;0.003027967538844306;-0.9999798940024225;0.5;-0.9874351245929024;-0.9995185844827449;-0.3016413474973512;-0.9919484908458666;-0.9967942336034942;-0.9963644216610116;-0.9611972101850109;0.009478803455473125;-0.9929565126750056;-0.9864658755138399;-0.996229962225034;0.021107830078831307;-0.9947919846124316;-0.9879284128179846;-0.996914795059317;0.10977854336645629;-0.9919907161178801;0.2861478862269832;0.09719418945856186;-0.02854525671555275;-0.8938866707181422;-0.4731419532452689;-0.49910154324074535;-0.9950310189736897;-0.9927971207769827;0.015910401475087217;0.11683990414825411;-0.2269806280084621;-0.9952092938221713;-0.9150976300343067;-0.31812726183847817;-0.9838685395025484;-0.42668291054355934;-0.9998488385946118;-0.999080537778643;-0.0062727672714963595;0.1377558965529415;-0.004486860649749846;-0.9964049172266082;-0.9972004913412046;-0.48246019132122403;-0.9991187981797197;-0.9939996003781413;-0.99821268163064;-0.9843752147973017;-0.9839804522984779;-0.9990770702695115;-0.998486164946461;-0.31304952994335666;-0.008127169048026316;-0.8734798937338658;-0.9997959962521255;-0.38057667798366834;-0.8107803515239312;-0.05218940865393636;-0.32423176295908473;-0.34421481282399485;-0.8400713049520324;-0.3444507089003863;-0.12108130079049455;-0.010991200554829139;-0.9967571166396697
Kehrichtverbrennungsareal;0.2650235899279648;-0.00944985584624205;-0.0350782841021696;-0.004040581271281952;-0.12184696458179523;-0.004747535708404256;-0.001769949133912904;-0.01361650669272859;-0.00179407317090699;-0.9266439516325828;-0.0025440779960608615;0.16088008197748171;-0.001622088805483732;-0.003915478489877813;-0.0028750583140377305;-0.011503086700498906;-0.03660149050916841;-0.8566157563137908;-0.9331629990659149;-0.9391359891309731;0.016683101337447676;-0.7321187252170087;-0.7560585134805327;-0.2147365112625324;-0.012017504050758852;0.011593375329494003;-0.1116871250682293;-0.8032951367239161;-0.999208139126453;-0.9816161160859055;-0.6697216230037014;-0.11643234950189521;-0.9975659499800461;0.0005998135349797779;-0.006822223372393953;-0.12216464991229516;-0.514350059757709;-0.016553239342668648;-0.1149204009672465;-0.05869369564666983;-0.019854528822000155;-0.13067247998718523;-0.9487573654559187;-0.11502129554287945;-0.03556259843624704;0.004585612802476532;-0.9984223921605705;-0.012564875407097572;0.5;-0.9635292657840472;-0.0054661499100671015;-0.6105455747211941;-0.7982492122661295;-0.777150839819689;-0.23966480369191914;-0.00888572189391026;-0.6420741423411652;-0.481186125410158;-0.7707741350114241;-0.9984223295118959;-0.7085039650776357;-0.5101361538615314;0.1353025591492077;-0.9515872111047837;-0.611805246492616;-0.025256418175709824;0.18858563235783637;0.2786569803425255;-0.0968142352930327;-0.011298290597207494;-0.012520364769362675;-0.7181601463353567;0.14128547209084003;0.24176972366427738;0.18608845832560014;-0.0037224457442095486;-0.7255318385577347;-0.12060888571777588;-0.005901691580395479;-0.43696598570647843;-0.009381374337750508;-0.005350022745557363;-0.9325537730509857;-0.9996872260802473;-0.9144224702398943;-0.9987911675815941;-0.7790917153637494;-0.819254139097731;-0.011723193723776747;-0.9351807224281562;-0.6782421625433848;-0.8766459403155025;-0.4449597385891031;-0.43870750899511085;-0.9323164140409769;-0.8935368397462009;-0.00576535611169086;-0.17043046013975002;-0.08075582631626102;0.18496416974166913;-0.007757504844513845;-0.05170471968899803;-0.0007001744275323836;-0.006068256901360978;-0.006634779867830719;-0.06265271525758015;-0.006641669852663936;-0.0017499165706421121;-0.00014139471613217473;-0.7963828825026358
Kiesabbauareal;-0.03435343852565662;-0.00036097034002377726;-0.0013741326800842436;-0.00015353772947034806;-0.005224553266845197;0.012814798296883579;-6.710897349512904e-05;-0.0005222430121696454;-6.802523640766405e-05;-0.32347484470533444;-9.65326834846951e-05;0.06939502314233849;-6.14939729108862e-05;-0.00014876598225932396;-0.00010912626191261086;-0.0004402784402410117;-0.054895729226104854;-0.1844278875703914;-0.34575088269124166;-0.3687054469653789;0.009007836956642371;0.004112192382439406;-0.10499633763668031;0.00027031322249527746;-0.0008626583697148852;0.01659111308590416;-0.004736470551715039;0.006315505890577053;-0.9794924204367983;-0.0393956455035772;-0.07128165884774045;-0.0520454741835588;-0.3596455857630586;0.004227265607932114;-0.00025993552305957594;-0.005239989341152968;-0.0033757830880542143;-0.0006367004151812124;-0.004890634554407663;-0.002354595398696787;-0.03657838536852832;-0.005657393024317606;-0.41204653184195994;7.988416027992168e-05;-0.01030114248208309;0.005140647848788872;-0.9599277530681474;-0.0004814155172550218;-0.03647073421595276;0.5;-0.00020799420006174167;-0.05601521843880375;-0.13025510259096784;-0.11660777003476958;-8.987082652592393e-05;0.026418119123229625;-0.06358299678409986;-0.0006809472943085469;-0.11290501495562139;-0.9599262231080741;-0.08424933336596604;0.0016675634808859577;0.0020309997553536294;-0.4266027761149263;-0.056296169967407425;-0.0009797950553609052;-0.01624778584251234;-0.1286425956615742;-0.004040947564249072;-0.0004323537623173121;-0.00047968932489352294;-0.08796501665995675;0.0021143087793401216;-0.0334960156293193;-0.12777350402074436;-0.0001414054703823316;-0.09095555261613403;-0.005164497881415161;-0.0002246617775893605;-0.02853767312099877;-0.00035833062213823293;-0.7610987709028676;-0.0277414708429091;-0.3149610283674598;-0.2879783970431083;-0.9690156354606543;-0.11777079566057257;-0.1464412129300955;-0.000448799102845231;-0.35321066363295395;-0.07389191491773595;-0.21197720270745368;-0.029450555499507168;-0.028734483932087093;-0.34270471698220084;-0.00335461775506109;-0.0002194428973451996;-0.14464675685093792;-0.003314216226924442;-0.15052133542817112;-0.0002958389338269791;-0.0020595428148080185;-2.6520304841394576e-05;-0.0002310397165036462;-0.00025274779952742007;-0.0025236062499275434;-0.00025301195724123607;-6.634814255969678e-05;-5.3526871796056495e-06;-0.12895231902198576
Kleinbahn;-0.9991424652793129;-0.6344692971700528;-0.8686682697116127;-0.4246731915276329;-0.9618981088659097;0.012079963895083761;-0.24391512326132675;-0.7152330258689653;-0.24642489559108563;-0.9995650933154437;-0.31696818503443647;-0.9993348390509899;-0.22816221732587139;-0.4169771509501869;-0.3440937990278498;-0.6792069181142237;-0.9999694778510535;-0.9990808677967365;-0.999606494794335;-0.999643926719868;-0.9995386342269557;0.6087072340763316;-0.9982297982876561;-0.9802971424467871;-0.9999994370872582;0.007836819375303587;-0.9581164846249364;-0.9986559425913772;-0.9999956443497573;-0.9998970769004837;-0.9972968370200667;-0.9999983611121592;-0.999986589529151;0.002011904238029928;-0.5555140290439656;-0.9620066529121456;-0.9948372800781381;-0.7538436219538244;-0.9593891599050038;-0.9189945196148308;0.06668255250370254;-0.9647251744287221;-0.9997032372705731;-0.9594277753899596;-0.034118513477073564;0.0030997497206750046;-0.9999913155375808;-0.6983586525026488;-0.9945338500899329;-0.9997920057999382;0.5;-0.99650634038088;-0.9986128103427037;-0.9984264384955305;-0.9828621857999299;0.05337764308691799;-0.9969454919323844;-0.9941089266821027;-0.9983681164692478;-0.9999913151921686;-0.9977438322500758;-0.9947499290800431;-0.9986650709283803;-0.9997204547921575;-0.9965247462460038;-0.8250011657876747;0.14916518043208626;-0.999983875805349;-0.9512265157987275;-0.6752348792227321;-0.6976010589559145;-0.9978476776097803;-0.996876085383581;-0.9999901795094627;-0.9999931544481095;-0.4046937537173967;-0.9979251083815496;-0.9614698749987576;-0.519266090703741;-0.9929679138214309;-0.6327647989198203;-0.9999347033997837;-0.9996026500675514;-0.999998280399305;-0.9994858953935968;-0.9999933480268899;-0.9984440017718693;-0.9987888849921839;-0.6833707580495226;-0.9996191927612285;-0.9973993888700634;-0.9992272207606337;-0.9931907636098475;-0.9930171472996192;-0.9996011507810774;-0.9993455679649857;-0.5133951204970546;-0.9999996202408942;-0.9411204860267371;-0.9999118746544813;-0.5871977148059935;-0.9084273905125122;-0.11306778726681305;-0.5262514598753044;-0.5485779617380547;-0.9240192435507775;-0.5488366983770555;-0.24181836495878528;-0.025084170548393295;-0.9985967195587616
Klosterareal;-0.8033374067207797;-0.006048566193524361;-0.02266359966067373;-0.0025811801528949764;-0.08131139166247481;-0.001524309989037802;-0.0011297381235761397;-0.008728728453665844;-0.0011451462284220101;-0.8895976982089215;-0.0016243112821210592;-0.8404406550207845;-0.001035305111681128;-0.0025011492625345196;-0.0018358517181890953;-0.00736827425689941;-0.030765726383636154;-0.7921370286041806;-0.8990503320771116;-0.9077705499988307;0.04714154864401008;0.0591309349649907;-0.6640922033526612;-0.14852540280197937;-0.16362896817145783;0.012094158689558043;-0.07424572250679234;-0.7226032746767705;-0.9987591618351788;-0.9714773601754123;-0.5639774190664577;-0.22397457942983176;-0.9961894185318282;0.0031048774098451936;-0.004362533030023386;0.00947307447545946;0.036508574956965634;-0.010622644844577539;-0.07648842210366706;-0.0382525242089091;-0.018633372848814025;-0.08749339655885188;0.020559811805514062;-0.07655849385271947;0.05017324782076785;0.0030835201432976847;-0.04157287766287145;-0.008051509154133338;-0.3894544252788059;-0.9439847815611961;-0.0034936596191199516;0.5;-0.7162186684794258;-0.6898746277184841;-0.1674059928440712;-0.02882910650286281;-0.5336420511252912;-0.37170783404158003;0.052443574416278844;-0.9975289077918821;-0.6079070731643331;-0.39913851515968546;-0.7239690375679595;-0.06809888144914453;-0.5013251867528884;-0.01625925307821123;0.22536500694432643;0.21337365567042152;-0.06399952625714143;-0.007236553696030237;-0.008022857055425821;-0.619104137443332;-0.5280290491516674;0.18946192921400337;0.1996532334328573;-0.002377676385280361;-0.6277236571322609;-0.0804474598535523;0.0011728802037655;-0.3311273190652639;-0.006004583840023376;0.24230729162091466;-0.8981640985243474;-0.030239178646326147;0.19396075527127402;0.03749426133110733;-0.6922746419782342;-0.7430145744090167;-0.007509864355997736;-0.9019897111693873;-0.5734886333491753;-0.8192742720701431;-0.3383484126113856;-0.33269627585802364;-0.8978189751101551;0.0714800305453168;-0.003685295704578456;-0.11981740828484941;-0.0530642519845607;-0.9754779904166703;-0.004962292122326805;-0.03361067826369647;-0.0004467400911365665;-0.003879340498470651;-0.004242381895465104;-0.04089264011685583;-0.004246798080706134;-0.0011169434616953623;-9.019739043287306e-05;-0.7138655085346077
Kommunanz;-0.6181028961263211;-0.002405357132280654;-0.009104391088633161;-0.0010243157751640682;-0.033880672239048656;0.020461794570594813;-0.00044793222563185907;-0.0034768347303463926;-0.0004540456441750426;-0.761488367147472;-0.0006442190723335082;-0.6760611748646843;-0.0004104668643228738;-0.0009925082753182257;-0.000728211352662877;-0.002932515859894801;0.04861564998959837;-0.6015850280985178;-0.7791870936659036;-0.7959109051566357;-0.7505917284662996;-0.4085437237271651;-0.43925226555359365;-0.0646462197423132;-0.2629725608336473;0.00037096727194974364;0.002363231494172941;-0.5079068674242063;-0.9968742333587024;-0.9310119153216131;-0.3388414534564605;-0.1367888476099812;-0.9904382246821638;0.003407935710340425;-0.0017330949453297439;-0.033977881685448186;-0.21115595997460218;-0.00423609081727119;0.0023891077281823518;-0.015514808404733496;0.10938681501721385;-0.03660024376480956;-0.8239284964673675;-0.03180426336487243;-0.9977147331657962;0.005250614269070199;-0.9937870005638679;-0.0032057663965058343;-0.2017507877338705;-0.8697448974090323;-0.0013871896572962533;-0.28378133152057416;0.5;-0.46847977930474605;-0.07378808968413364;0.09419635425564556;-0.3119519055795914;0.01194598770127633;-0.4594144697331024;-0.9937867549838283;-0.3805396353816803;-0.20836031801625973;-0.5096123261515586;-0.8324344265164662;-0.28485994185088354;-0.006506138496859312;-0.9991625225800375;-0.988525488706146;-0.02637725435237973;-0.0028798620419163375;-0.003194302827065486;-0.3917328537705743;-0.30713502218212535;-0.9929799658679354;-0.9950961432670588;-0.0009434412181728243;-0.40051542997064055;-0.033502312985771686;-0.0014982102468345693;-0.1639849007231304;-0.0023878028546569395;-0.955101705937125;-0.7775089950531962;-0.9987636188820521;-0.7297751942005346;-0.9952341547482185;-0.47128003009416786;-0.5339264759897826;-0.0029891242976356593;-0.7847810890753847;-0.34758254658841614;-0.6423679961160649;-0.16847913401439749;-0.16495721130745208;-0.7768565588879108;-0.6796145330636103;-0.0014634502135993318;0.13446664275143455;-0.02172112893548839;-0.9403397340172353;-0.001972076081539138;-0.01359312868282393;-0.0001770558467574285;-0.0015406873264533208;-0.0016852401615878633;-0.016612718240084246;-0.001686998953002724;-0.0004428558199903594;-3.574010384815344e-05;-0.497112804578148
Kraftwerkareal;0.08653371912086656;-0.002728148210700792;-0.010316873551369475;-0.0011619914824040497;-0.03826532985208695;0.009630538352193066;-0.0005081770785325841;-0.003942846302070106;-0.0005151123004153825;0.03242202464946037;-0.0007308443132121611;-0.7030735787475685;-0.0004656751435910434;-0.0011259136349014269;-0.0008261213213878363;-0.003325814074136118;0.07040367269114935;-0.6314220049512683;-0.8001422602105249;-0.8156544655225145;0.02469758386489135;-0.43936476633119886;-0.4705469011955213;0.003230753106506218;-0.06840962606110179;0.012484258739913942;-0.03479852324509147;-0.5393878222094582;-0.9972439401361803;-0.9386925465087288;-0.36767291862162166;-0.05261951764306551;-0.13278439344072282;0.0022342557656728724;-0.0019658484092697766;0.005257483672980637;0.0030487417381357203;0.0008531026852582152;-0.035895865447762215;-0.01756586788079466;0.0046564649381156155;-0.041321800626182376;-0.8415013935910534;-0.0359301967892567;-0.04515830621408067;0.004973578301961032;-0.017512511359864993;-0.0036355783389884363;-0.22284916018031098;-0.8833922299652305;-0.0015735615044694439;-0.31012537228151593;-0.5315202206952538;0.5;0.014802226513071918;-0.006582342887238133;-0.33967083894667083;-0.003102077353781515;0.0325036091659254;-0.9945196323258854;-0.41071507617650505;-0.22995077789462698;-0.5410827573973556;-0.014960149764640737;-0.31126059709741466;-0.007375172625296292;0.17144933410275706;0.11483000982281052;-0.029820832371281133;-0.0032661216525621127;-0.00362258338144282;-0.4221909484366072;-0.3346341088545986;0.13184756091380417;0.1328044504405064;-0.0010702584253969411;-0.431172338255832;-0.03783992316157831;-0.0016994725593549793;-0.18203448690950022;-0.002708244601567188;-0.08222105586684515;-0.06654991796762623;-0.039601902297626806;-0.7539387436396341;-0.11029656755971579;-0.5028104274572986;-0.5651679421132402;-0.0033899888139365154;0.030647913970404436;-0.3767339730323154;0.027201807380987864;0.08484276675902176;0.07655415691738653;-0.7979755498810316;0.11221212157498256;-0.0016600507947389502;-0.06553316394584684;-0.024572186089675745;-0.019827148880513266;-0.0022368526319337598;-0.015394114325396393;-0.00020087637670503566;-0.0017476458169217895;-0.0019115790676420218;0.00970212402085148;0.0004242699452387902;0.00014366947868389734;-4.054923470313203e-05;-0.5286434520670495
Landesgrenzstein;-0.9530869143741492;0.012697579532063496;-0.1034053990441269;-0.01270717523672235;-0.30564969817951126;0.0045568666319698555;-0.005593644631058052;-0.04195712189909954;0.0022813414641280113;0.05597233005476278;-0.008026709073157523;-0.9632308739931835;-0.005127996355716556;-0.012317059473395986;-0.00906448855992297;-0.035603724748175324;0.11896686262180513;-0.9498830454311327;0.12746721323897234;-0.9799807052030926;-0.9742109125993477;0.15407767320571955;0.03856195560324521;-0.46453727416290724;-0.02181266368069477;0.010193160258554455;0.11263042547527165;0.10930727536575605;-0.14242658517717832;-0.9941313457789175;-0.8654652112088477;-0.004629007507560515;0.05217106199774129;-0.007765700204648553;-0.021327365962150253;-0.30627946228580755;-0.7706409859449385;-0.050692076437291206;0.12772584266701925;0.038277514033079524;-0.0654111887319728;-0.322893107615571;-0.9832604406547634;0.06918350192713393;-0.061579321627515005;0.00405915798746876;-0.05850406598370473;-0.038802789814989073;-0.7603351963080809;-0.007532514467633444;-0.01713781420007012;-0.8325940071559287;-0.9262119103158664;0.1637654185624383;0.5;0.033329150864462254;-0.8505467836846009;-0.7463476804689225;0.03653839613085415;-0.008783295466847769;0.04790221760351692;-0.7676462925857869;0.0809543791174613;-0.011815607723103356;-0.83333153152224;-0.07595806474061016;-0.007070105989251493;0.0059767555037950155;0.1126042941375347;-0.034985037032562956;-0.03866897216667041;-0.8899148534914572;-0.8476591339864789;0.0005545238051528916;0.00026934856388058305;-0.011714700792794396;-0.8934606390258044;-0.30318881722578017;-0.018486065163561244;-0.7111618206839442;-0.02916788541892928;-0.9962689358694237;0.0902873632247801;-0.06653089061377285;-0.014853131205647957;-0.06711098376250886;-0.9179564125223961;0.05675800766071163;-0.03626806809190234;-0.9786193162647061;-0.8699167943288069;0.08368099810098265;-0.7177769674897091;0.14428390309870323;-0.9776286035262948;0.10982433635131526;-0.018064299730174278;-0.01634727055314031;-0.2179584230350547;-0.07042800889336367;0.007973593014565053;-0.1474680963529793;-0.00221792555881773;-0.019001014559778966;-0.02074971375295234;0.04001430590997944;0.007960490405872989;-0.00553057465157823;-0.0004484361646026347;-0.9254187229736317
Landschaftsname;-1.35966391768577e-06;3.763180806288434e-09;-8.548984066421214e-09;-4.700072805958104e-10;-6.849719454022075e-07;0.10161767446812218;6.868176969271272e-10;3.840966583032262e-08;-2.1099454609740794e-09;4.176098442118934e-06;-1.132418312301343e-09;3.4522080791724703e-07;-1.0379320209439573e-10;-3.0571359010698353e-09;-1.1453996965192434e-10;9.73533130037509e-09;0.0001806839959207312;9.668956647099587e-06;4.089498248312818e-05;-1.4225403116315929e-05;8.373399185168496e-06;-6.368656710196659e-06;-1.481326845277126e-05;4.886137346490625e-08;0.007153379116088974;0.0748431693989587;1.2892198859667e-07;-5.013637446883196e-06;-0.007584046478447844;5.2016373932776e-05;-1.5931705618707328e-07;-2.0795653304317023e-05;0.00031954528695299193;0.02458065808741454;3.967171379006361e-09;-1.492314490648879e-07;-8.74277690958845e-08;-9.484654472202098e-09;7.499131158241456e-08;3.248949989098962e-08;-0.04342231885942241;-9.177236622802679e-08;8.53110210897312e-06;6.132047834546672e-08;-0.006479594884719952;0.034297058211490435;-0.00646559315441536;5.6882497606517615e-09;-4.1905231165873154e-07;3.2915300333376054e-05;1.3835564595096838e-08;-2.131415656335939e-06;1.7576519409407858e-05;-1.0825559339396767e-06;4.954489798330685e-07;0.5;9.111059605962765e-07;6.993370309448905e-07;-1.619564660202953e-07;0.0014928439628958462;4.6545255197872544e-06;-3.444104254420845e-06;-1.8067875517796793e-06;-9.390420121900897e-05;7.200208706668571e-07;6.862841536529577e-09;-0.0016975595158482152;-0.001480829721712;9.78603576114515e-08;-7.41961619145676e-09;5.904456048399958e-09;7.71786374225956e-06;-3.547668933497181e-07;-0.0024550466657801305;-0.000860499112773227;3.564769421485143e-09;1.1061643114726915e-06;-1.3944811952238015e-07;1.0733105337367525e-08;1.546952975244287e-06;-4.466170581169118e-07;-0.00013055432792958373;-1.0217738475336185e-05;-0.029687914461307925;-2.367006660689237e-05;-0.008635459688407024;4.5278293308881254e-06;3.6911805340044837e-07;-5.510037156085308e-09;-1.264752353006947e-05;1.2319952250884372e-06;3.403638619818191e-06;-5.714650453031822e-07;3.047764373406348e-07;-4.604547378100496e-06;-2.7134412660557065e-06;1.5315371348290985e-09;0.05098566540726454;5.82074618990023e-08;0.0001034700701461144;3.5622525667805025e-09;2.1649591340793033e-08;-3.458885313768032e-10;3.6047741984392427e-10;4.5211111490452006e-09;3.8112851466862476e-09;1.392678952444007e-09;-5.772083544184646e-09;1.6520864413917555e-10;-1.3826784654491873e-05
Lehmabbauareal;-0.7811727045413421;-0.005289968788444449;-0.019862824997582768;-0.0022564671679931266;-0.07179532306773316;0.013568187980807103;-0.0009874360750880807;-0.0076365737757934475;-0.0010009053166122888;-0.8756500247543714;-0.00141980124468786;0.30596604630960345;-0.0009048870893418402;-0.002186482109559298;-0.0016047503462715516;-0.006445235343734243;-0.04812543295950117;-0.7690728656019671;-0.8861440164234122;-0.8958499539031245;0.02473222757391553;-0.603727515441252;-0.6333957427504368;-0.13227571931020515;-0.10455019585434369;0.012252797186936016;-0.06549761179100555;-0.6947964130206773;-0.9985803932282294;-0.9674959953749003;-0.5305988030242308;0.05931002320083845;-0.9956420402579341;0.003145605328389515;-0.003814582532496136;-0.0719932098054313;-0.3712257518680521;-0.009295742050704164;-0.06749532804792856;-0.0335914795254036;-0.04418733875321429;-0.07731472066957203;-0.9116704025338133;-0.06755776382407606;0.09875938794221129;0.004846444938191323;-0.9971735091643567;-0.007043487324994398;-0.3579258576588347;-0.9364170032159002;-0.00305450806761566;-0.46635794887470894;-0.6880480944204085;-0.6603291610533293;-0.14945321631539912;0.010769641769848732;0.5;-0.3408139777938025;-0.6521060777377705;-0.9971733970614658;-0.5753593040245232;-0.3672976003852194;-0.6962415318013777;-0.9163678159117211;-0.4676773715978561;-0.01423839923300123;-0.0018784897341994281;-0.9947647723723404;-0.05638515688901347;-0.0063299104646144366;-0.007018396992179885;-0.5868541525322256;-0.4943657466435399;-0.03700912933139672;-0.1953058541930195;-0.002078510866196969;-0.5957269165212894;-0.07102468252858399;-0.003298527951223664;-0.3019851346588778;-0.005251473457329011;-0.9791315538833467;-0.8851589517886782;-0.9994390620596967;-0.8562506535916795;-0.9978335851268676;-0.6628460789872126;-0.7164509084561156;-0.006569205543876131;-0.889412967636009;-0.5402445701730602;-0.7984550950537739;-0.30886417050642945;-0.30347865937708696;-0.8847754080273118;-0.8239019564365673;-0.003222133466083037;-0.13896747745839236;-0.04668601830301594;-0.972038985316945;-0.0043393379584423354;-0.029497891651210143;-0.0003904349892135588;-0.0033918740362000356;-0.003709466604259104;-0.03592191463810435;-0.00371333011029251;-0.0009762514563487879;-7.882577523503778e-05;-0.6855638930018704
Lokalname swisstopo;-0.8734907829293121;-0.010181291263758404;-0.03771787064631668;-0.00435517019924257;-0.13013519125677744;0.005506184596275468;-0.0019080913645365643;-0.014665673303161311;-0.0019340946032129268;-0.009116687697221635;-0.0027424739853337174;-0.050346746913098164;-0.0017487109459960776;-0.0042203685213693205;0.001009851622493741;-0.012391457704468544;-0.04244230486055752;0.011727635040798868;-0.028135173405712508;-0.05144626347941509;-0.005842844426859705;-0.0021128296883776727;-0.7696757866198405;0.03855792218946976;0.0213503930890759;0.01149975257564665;-0.11937821133712581;-0.8149210557867514;-0.2012101688413975;-0.020860833409817196;0.00808004047251968;-0.016128268582351658;-0.05657559498497777;0.0029377145015055408;-0.007351784922824702;-0.130471275435882;-0.5331281585567949;-0.017824595389780675;-0.12280335939967499;0.011236962684732137;0.015169754118930814;-0.1394656904490986;-0.09028376621674757;-0.12291021373970677;-0.08652361147870363;0.004387236512576467;-0.14543793554453185;-0.013534124486159994;-0.518813874589842;-0.019396902727931074;-0.005891073317897279;-0.62829216595842;0.05096168843325548;-0.011663944047681766;-0.25365231953107753;0.015988564994808194;-0.6591860222061975;0.5;-0.009322375934974904;-0.0031007518728491798;-0.7238060828001877;0.022966454181680772;-0.017758833887072525;-0.012145453632797384;-0.6295292670695715;-0.027177741268594676;-0.10421480520965191;-0.11663824699096705;-0.10360058023079147;-0.012171040158061332;-0.013486227211604347;-0.7331462834061626;0.011900800197104674;-0.11664018782838798;-0.14275861352249422;-0.004012365271067104;-0.7402677658708374;-0.12882525079906215;-0.0063602562677078315;-0.4555690953618726;-0.010107563253546389;-0.1364938435901023;-0.04594863787854996;-0.10894377997673418;-0.0019380475437866746;-0.11619649787721711;0.01515135020725805;0.03533219977587929;-0.01262834619362557;-0.04812121882231664;0.03077498528392944;-0.014088529489150773;-0.4636229363875461;-0.45732453888289715;0.026706301698754195;-0.0030934448528742143;-0.006213393669328443;0.023623595165811532;-0.08652436721781642;0.05883655857395036;-0.008359054732451384;-0.055523428308958254;-0.0007548852725731462;-0.006539678665466688;-0.007149896233289942;-0.0672226817780936;-0.007157317294059592;-0.0018864982405252394;-0.0001524498017725665;-0.01618617808324648
Luftseilbahn;-0.6557031188701133;-0.002829142244063866;-0.010695783620534019;0.00029892494592888795;-0.039629606367230376;-0.011655876370900597;-0.0005270328498786451;-0.004088623205317391;-0.0005342252637285294;0.021147584936667956;-0.0007579558259084734;-0.7106265467238552;-0.00048295465429697203;-0.001167663574457047;-0.0008567642142161823;-0.003448856741466213;0.05874672974424855;-0.6398639873713837;-0.8059077161518915;-0.8210724966884844;0.0061150695592342855;-0.44836258262747564;-0.4796369774008894;0.010081964785925792;0.021450742120850387;0.012245510526610886;-0.0360438298178258;-0.5484302317918165;-0.03740960662059326;-0.9407570619552568;0.054950540314133836;0.00278586453052622;-0.010842147655641402;0.0033504718854192516;-0.0020386803550535744;-0.03974263195850322;0.0036551794568708425;-0.00498081124901272;-0.037178929074297956;-0.018206115707791598;0.030485092343511804;-0.04279020122317948;-0.846302912635072;-0.03721444018931915;-0.17476785891303984;0.005162080701370509;-0.9947149766281476;-0.0037700377749659746;-0.22922586498857594;-0.8870949850443787;-0.001631883530752052;0.024450639185781067;-0.5405855302668976;0.03371028264020302;0.0034251936696432983;-0.001021313929324771;-0.34789392226222937;-0.002571370247459243;0.5;0.049699085167019326;-0.4195652585952761;-0.23646885983783225;0.03693662348997735;-0.061333475662319045;-0.3191282938469754;0.0015224847045185756;-0.00844874522831233;-0.08377682956785326;-0.030893707934430407;-0.0033869634285265404;-0.0037565640196266653;-0.4311075076734486;-0.3427985580764825;-0.0909324240603237;-0.016125016447246242;-0.0011099469105218852;-0.44013409375687723;0.0078044591627384145;-0.0017624530785260032;0.005801789492484445;-0.0028085038930233098;-0.13225837747466365;-0.11432273687741966;-0.09996965456658476;-0.7606383428566201;-0.16016287651299607;0.038993428336863256;0.04510513716507493;-0.003515397332143298;-0.8109889870538587;-0.38533072641701993;0.013081242739382045;0.02161452525886599;-0.18860551045791238;-0.8037881831410132;0.035787958495502516;-0.001721572907544236;0.030888276760095305;-0.025461184769035933;-0.9488396535609864;-0.0023197015703046685;0.008860232799356738;-0.0002083322163331387;-0.0018124083410974024;-0.001982404403578096;-0.019490706144968464;-0.001984472712291529;-0.0005210604659880878;-4.20545330210409e-05;0.04555323088006038
Massiv;-0.01001767939337912;2.2495076148874874e-06;-5.744117695936078e-05;7.340877476109965e-07;-0.00021920543303061564;-0.0009709109666418265;-2.8017600938358817e-06;-2.1812851913880664e-05;-2.8400160241778553e-06;-0.019570209834831626;7.828075580099063e-08;-0.012880069005877433;-2.5673233139438756e-06;-6.211378146277232e-06;2.2056877902299354e-07;2.0502524613981685e-06;-0.019468840507339297;-0.009352032293057772;-0.021585662402691785;-0.023801700085584312;-0.0011663075172279316;-0.004300012084189875;-0.004873601392526318;1.0460353444297812e-05;0.056907294553939926;0.02817437360737825;1.9128026006463734e-05;-0.0064116315215335265;0.1875807496263309;-0.07780858248801711;-0.0002261344815166164;0.04884494637665823;0.05677448448584614;0.007243398654713122;1.0051703242849737e-06;-1.4328583201359768e-05;-0.0003835063135992267;-2.6596384687229975e-05;2.2075033015725e-05;4.170143172892913e-06;0.07802394094679414;-0.00023746498455597259;-0.0036552448793824915;-2.2569543456854524e-05;-0.7318728047653043;0.011105399386448474;-0.5000099432857109;4.244193936243499e-07;-0.001577670488104106;-0.04007377689192599;-8.684807831419771e-06;-0.0024710922081179094;-0.0062132450161717125;-0.005480367674114633;-4.3748047398753835e-06;0.05001967991853009;-0.0028266029385342808;-4.544337157966335e-06;0.00026406687331894003;0.5;-0.0038260165569158596;-0.0016428528412706098;-0.006455250307267688;-0.030123602091384587;-0.0024841930252772603;3.585426027386594e-07;-0.3137835944324807;-0.11695612979013428;1.6569385181506865e-05;-1.805683502085757e-05;-2.0034667962231965e-05;-0.004010289858183786;-0.00276378369110349;-0.14518017489205118;-0.2019310246775676;-5.904015416032088e-06;-0.004159644734412586;1.7075976587688225e-05;-9.380913192631775e-06;2.3830665418140494e-05;-1.4964268556603197e-05;-0.11738589611287345;-0.003238936230957885;-0.2543483301902147;-0.01660418318997793;-0.5662736868905719;-0.0003899328970322312;0.0002374209982528431;-1.8743954202480217e-05;-0.0054054828045920775;-0.003319812007293531;-0.011105111599070813;-0.00013686462437032692;-0.001233535928597662;-0.021302494793863126;-0.0009389415213814995;-9.162949281836324e-06;0.04942392600171408;-0.0001387984806422931;-0.010324950317295726;-1.6398810204093167e-08;1.1070087110976344e-06;-1.1071640327604405e-06;-9.64728756709097e-06;-1.055394922980161e-05;-0.00010560768452103151;-1.0564982295949726e-05;-2.769993831019188e-06;-2.2345831052621332e-07;-0.006142339786529735
Massnahmenvollzugsanstaltsareal;-0.7248726917846858;-0.003909649436447282;-0.014736321911103484;-0.0016663578676036602;-0.054003793648726414;0.012004892731771761;-0.0007289601935991407;-0.005647427653273855;-0.0007389062713074578;-0.8386361505964844;-0.0010482661937418743;-0.7725888246844715;-0.000668005167333073;-0.001614645621052691;-0.0011848750508042943;-0.004764914587228392;0.04206730638296811;-0.7108122422517359;0.15236826414124693;-0.8639143299395293;0.0031944434315999315;0.029880776100155656;-0.5604678788197899;-0.10112952552864073;0.013135720479923424;0.012626035645804128;-0.04918401693416472;-0.6268878207904097;-0.9980774979149154;-0.9564615716115663;-0.4548228017810456;-0.2274807853808373;-0.9941043797416953;0.0021422337152736974;-0.002818147205502892;-0.05415550336329477;0.015735325099570166;-0.00687741710573199;-0.05071115989020175;-0.02501209576158947;-0.024990176823498602;-0.05824125611934677;0.19956768928384094;-0.05075891478980416;0.007353957981612382;0.004994079971542046;-0.12852315429874803;-0.005208015387568428;-0.2914960349223642;-0.9157506666340338;-0.002256167749924249;-0.392092926835667;-0.6194603646183197;-0.5892849238234951;0.006212196019101541;0.04060600447481636;-0.4246406959754768;-0.2761939171998123;-0.5804347414047238;-0.996173983443084;0.5;-0.29994094694973905;-0.6284825488447011;0.009291827459372624;0.012320142135189685;-0.010547912321678598;0.18477775365233665;0.15963767203099796;-0.04223862952537453;-0.004679514154001886;-0.00518942920784042;-0.511803886944649;-0.41914376671478865;0.1564859047513875;-0.004841568029366982;-0.0015348689478708927;-0.5209727962751187;-0.05341313541185255;-0.002436565346977192;-0.24202416319297904;-0.003881159556622335;-0.12891937820928592;-0.8504922311793749;-0.06488167591347194;-0.8146844311663652;-0.0901912151029529;-0.5920030064642312;-0.650939882214249;-0.004856722822136332;-0.06895708855394257;-0.46445405073078877;-0.7451509084612533;-0.248022655182767;-0.2433245148438216;-0.850012526650814;-0.041268523950591135;-0.0023800863953397137;-0.05305906933107917;-0.03488295996407745;-0.9624870127337438;-0.003206268567015576;-0.02194028856065629;-0.00028818782114256033;-0.0025055798005530782;-0.002740413851905301;-0.02676381299643929;-0.0027432708433454646;-0.0007207012008189497;-5.817812105981088e-05;-0.6167342182537499
Messeareal;-0.860126519833624;-0.009077736837091434;0.006725532791444338;-0.00388063566455221;-0.1175741897831716;-0.02572009675873525;-0.0016997326530823935;-0.013082479158777976;-0.0017229013059114702;-0.9238394207928433;-0.0024432258532028177;-0.8880092959250613;-0.0015577290073898534;-0.0037604663538763025;-0.002761121795293436;-0.011051017033424548;-0.02277987443102425;-0.8515627957248164;0.3528681265332978;-0.9367764654421346;-0.04347815087445447;-0.7240915336307252;-0.74850225886937;0.021251137579028384;-0.24265729928116284;0.011636835318056519;-0.10772691712765887;-0.7968088365802292;-0.9991753961302331;-0.9808698796169446;-0.6606912333951185;-0.23650895869514757;-0.9974654756374003;-0.013331448786770035;-0.006552891486904458;0.030630560053860955;0.05599945700101919;-0.01590589297994758;-0.11085985493393813;-0.05649303207750425;-0.026950112735391357;-0.12613467606359818;0.10511624000883722;-0.11095763146596113;-0.9993975011164078;0.004602803156098617;-0.9983572123915108;-0.012071587182015266;-0.4898638461384686;0.042305035510939344;-0.00525007091995694;-0.6008614848403145;-0.7916396819837402;-0.770049222105373;-0.23235370741421318;-0.0701277733268227;-0.6327023996147806;0.020454305968191557;-0.7635311401621677;-0.9983571471587294;-0.7000590530502611;0.5;0.18971308056592046;0.29407777772006205;0.07910393616558065;-0.024277119120566508;0.22145070430529692;0.3686287038161361;-0.09332598632504673;-0.01085418101177686;-0.012028802713521145;0.07928791695733532;-0.6274493109213182;0.34931529290258406;0.26139642269918845;-0.0035750482646825393;-0.717383461165429;-0.11637377284617392;-0.005668493593574772;0.10679993525740125;0.004395585075361703;0.18269569710362904;-0.0801505474840932;-0.030563344010636918;-0.9111954692415941;-0.9987412047701892;-0.7720338052576573;-0.8131716909720554;-0.011262572439000456;-0.9326788559988878;-0.6693297138741562;-0.8721935409196547;-0.43496870766425966;-0.42874842104144245;-0.9297123015576709;0.17039631298150054;-0.005537515242591685;-0.1509576082054617;-0.07779633003943863;0.05903261108347021;-0.007451526375170003;-0.049752250793015214;-0.0006723688943595946;-0.005828515882314582;-0.006372800508353113;-0.06031312316145716;-0.006379420184017107;-0.001680493473117131;-0.00013577659245184325;-0.7897283155816106
Normalspur;0.008061560341539377;-0.002314827312723492;-0.0087639463984305;-0.0009857125019443781;-0.032644278510662844;6.281427853235588e-05;-0.0004310416815763325;-0.0033461132425854924;-0.0004369246772503426;0.030007502595381687;-0.0006199315713163293;-0.6675832920344363;-0.00039498849879510714;-0.000955102581681885;-0.000700759505483371;-0.0028222016293143076;-6.4310126292185e-06;-0.5923333443271649;0.17571577003345742;-0.7895934483086641;0.016679502854755918;0.008461488647494308;0.08796802547998037;0.002284606823467268;-0.016542716209108806;0.009099152777201016;-0.029671022866612516;-0.49829402263240496;-0.19127457769829848;-0.928500750058555;0.06791345895986377;-0.016869738499384886;-0.060193766314370636;0.003124976812183917;-0.0016678245874531066;0.005538981571305559;0.010818952314509977;-0.004076939726014368;-0.030611801768031157;-0.014938269745479313;0.01830983293084066;-0.035268228722841466;-0.09745954268218254;-0.030641239971101217;0.06141704027188398;0.0052719833626018375;-0.011831493305383252;-0.0030852049406829524;0.03290655157804771;0.013049883568142356;-0.0013349290716196743;-0.27603096243204045;-0.49038767384844145;-0.4589172426026445;0.006206058619965301;-0.009317682924136459;-0.30375846819862223;-0.004005828217399585;0.030206267690092155;-0.9935447496927323;-0.3715174511552988;0.04804900001841209;0.5;0.13230466147416234;-0.27709151151262523;-0.0062622374482468705;0.08035139730778817;0.2134195630260597;-0.02540747879983755;-0.0027715230162626745;-0.0030741711599679474;-0.3826092016217847;-0.29901311912565076;0.17002809254597892;0.14785872763391103;-0.0009078830852876138;-0.39131882155724446;-0.03227926524954792;-0.0014417731419549338;-0.15878096983644055;-0.0022979321991459653;0.08685452484520229;0.02586882805045713;-0.009910445213706666;-0.7221252774452505;-0.013594718603438844;-0.4617099861832045;0.0011627510493030656;-0.002876686736910032;0.07828731487603985;-0.3389142385883835;0.016628164914733;-0.1631604167293995;-0.15972832014102487;0.03471297032386772;0.3301495276453523;-0.0014083206613272267;0.0232422115830578;0.0027080158757941;0.020716493456609253;-0.001897822528616448;0.0019993661800913054;-0.00017037771716850632;-0.0014826524994041004;-0.001621769142218836;-0.0159960435646139;-0.0016234618001829176;-0.0004261566144717762;-3.43918879512039e-05;-0.4875018658526627
Oeffentliches Parkareal;0.01104668646935274;-0.00048512034306992736;-0.001846100217603852;4.714111089190619e-05;-0.007009725440176449;-0.021321186461557725;-9.01991564099896e-05;-0.00070182124180053;1.8521096108480963e-05;0.04052087698702882;3.697554378631861e-05;-0.29582667244691147;1.7125389117764407e-05;-0.00019994627222566188;-0.000146671211702751;-0.0005916890568573767;0.024861006278206196;-0.23309695306537798;0.0009529644925200456;-0.4397814490816847;-0.0003711359222693585;0.027199018473996105;0.02432864007348102;0.0005661455691235098;-0.10380942171281615;0.01597057561513092;-0.006355935811850701;-0.1720240825144636;-0.9846620048209971;0.06840222472575495;-0.012646225550141344;-0.2559178580151287;-0.07431371433771522;-0.0018700055958121933;-0.00034934835293766464;0.0009667125785862808;0.004292029941748388;0.00013335095309077315;-0.0065624630755382095;-0.003162251947035227;-0.02726562762729954;-0.007589333432933437;0.1707296870379215;0.0005288106762324829;0.01824570032408951;0.006317147875715861;0.13050609040556424;7.10687347381259e-05;-0.0484127888952163;-0.5733972238850736;-0.00027954520784252685;-0.005431414260413746;-0.16756557348353388;-0.0026542496271545995;-0.00018948146507238197;-0.10130269598656928;-0.0836321840882789;-0.0005730951851011614;-0.010492345750780023;-0.9698763979086155;0.0011490059432581422;0.015580608974356792;0.02767644397548524;0.5;-0.07422979158720569;-0.0013164996714182147;0.25973006661314185;0.4244994138246143;-0.005423899817014711;-0.0005810406868904013;-0.0006446445018779369;-0.11476020837965842;-0.08192105273816522;0.4194575275649638;0.3374281784399452;3.174379776615262e-05;-0.11854329455984834;-0.006929292730232848;-0.00030194478078250463;0.007439977578843302;0.000168202109587367;0.22782737004663942;0.0962843071079479;0.16459326020345325;0.04468070963658405;0.1731097617658895;-0.15213073997600116;-0.18738913735523774;-0.0006031381851742024;-0.016115172124170362;0.020247577210666983;0.021216120650517978;-0.03918739774854526;0.003207018819873065;-0.4120399318662749;0.03278187223560389;-0.00029493115039717015;-0.13170057075299965;-0.004449566992543745;0.07319508315539124;8.439930509067236e-05;-0.002766273153187495;-3.5645643334634874e-05;-0.00031051603085578087;-0.00033968903057391434;-0.0033890387609486652;-0.00034004402344190473;-8.917656973882025e-05;-7.194539013531739e-06;0.034680839543567765
Oeffentliches Parkplatzareal;-0.8024986119788522;-0.006016781425416884;-0.022546484650592488;-0.0025675691740422333;-0.0809163035036082;0.010506296890868148;-0.0011237722091556816;-0.00868298266684754;-0.001139099039762283;-0.8890760152261652;-0.0016157378533400088;-0.8397285389188044;-0.0010298373644115025;-0.0024879592467868476;-0.001826163780437541;-0.007329605660405922;-0.039015853080568735;-0.7912628753695641;-0.8985682226780605;0.18914240224661202;0.031895478756181914;-0.6342497229903676;-0.6629087164351166;0.021065344214536687;-0.07467220273388661;0.012100320632234887;-0.07388220508950634;0.10645250077055618;-0.998752575213751;-0.9713301132556506;-0.562673486654829;-0.15973893670273384;-0.9961692435093293;0.0029831813912344213;-0.00433956955905116;0.014379126891457351;0.09263781770734662;-0.010567079172045624;-0.07611482693051644;-0.038057989747140746;-0.010442607278613712;-0.08707111727049267;0.060580710613882156;-0.07618458465964056;0.03215630652593328;0.004786133018899948;0.0773698840044313;-0.008009283882119913;-0.3881947535073839;-0.9437038300325925;-0.003475253753996167;-0.4986748132471116;-0.7151400581491164;-0.6887394029025854;-0.16666846847775996;0.009687373079540977;-0.5323226284021438;-0.37047073293042854;-0.6808717061530245;-0.9975158069747228;0.019000359417662403;0.05226913035025678;-0.7229084884873747;-0.9257702084127943;0.5;0.0031577426746640363;0.22701686411161712;0.15562039305317646;-0.06368272466701246;-0.007198571354054011;-0.007980780837307425;0.005460884573310716;-0.5267078305119872;0.19653921494735607;0.11280046711313213;-0.002365135969970077;-0.6264841040127214;-0.08005620369373179;-0.003752759827075141;-0.3299543489080081;-0.005973028807020105;-0.11431429418996207;-0.06755405358909933;0.047614643999291884;-0.8714637259349136;0.022405949712849812;-0.6911442693181924;-0.7420011235279439;-0.0074704582889412036;-0.9015201018230862;-0.5721915684358069;-0.8184880920620723;-0.3371627568858343;-0.3315205025723491;-0.8973316566182468;0.07609562604781128;-0.0036658839451822406;-0.08086070579258478;-0.05279852725820144;0.16958189860112236;-0.004936187295485912;-0.033438929296814066;-0.00044437934411016805;-0.003858910595123129;-0.004220048194530989;-0.04068524724238488;-0.004224441229727518;-0.0011110450380961636;-8.972058349817964e-05;-0.7127815409277233
Offenes Gebaeude;-0.9959701394303315;-0.26910525656953;-0.5838575525101413;-0.13537773481220045;-0.842644704321642;0.0067213347466486785;-0.06404755474186627;-0.34758575393174324;-0.0648653522033291;0.0957395390972788;-0.0896149469380891;-0.9968719441669353;-0.05900458948578618;-0.13172404271345278;-0.10013648577902694;-0.30992371196469515;-0.9998561250183551;-0.9956816558271586;-0.9981475965345006;-0.9983235724628705;-0.9978286932499321;0.16708936362752272;-0.9917092087708209;0.513187538219001;-0.001722571072351291;0.008674399565838554;-0.8291296640013511;-0.9936951536553279;-0.9999794663866778;0.11203261728811183;0.1814534938757459;-0.021098661252500768;-0.0710997451061479;0.0021049035690972324;-0.20955164190464104;-0.8430375388708463;-0.9761192051391298;-0.39379504480527505;-0.8336412114073997;-0.7064403391018809;-0.00135672097025706;-0.8529675542062513;0.17848477724253498;-0.8337786800890581;0.03455891672483973;0.0031808180774780563;-0.06086994155348908;0.14052667856478407;-0.9747435818242901;-0.9990202049446391;-0.17499883421232543;-0.9837407469217888;-0.9934938615031407;-0.9926248273747037;-0.9240419352593899;0.005616258275519506;-0.9857616007669987;-0.9728222587314053;0.1975764032734406;0.008757040839029541;-0.9894520876783214;-0.9757228808794335;-0.9937377625517532;-0.9986835003285818;0.1920697169327084;0.5;0.10734020240254186;0.08129438036590039;-0.8053321338883431;-0.30605091774448934;-0.3285599892134732;-0.9899337293888782;-0.985441777443572;0.08063592398497493;0.08933117748261835;-0.12602727211256678;-0.9902930984361211;-0.8410975752676679;0.08663317618508266;-0.967692327373575;-0.26766355798439556;-0.9996922453253543;0.1287445856293856;-0.03327631246183129;0.10355512990935178;-0.03007122083822294;-0.9927066722008739;-0.994315981124044;-0.31403989395354026;-0.9982072870656158;0.2775734379836901;0.12310272729853654;-0.9686909152058051;-0.9679128034615134;-0.9981224771081061;-0.9969222767392095;-0.18287156929541049;-0.01438253115616738;-0.7722346398873308;0.11466105622320939;0.10429608949536873;-0.6778649629813717;-0.02632940898731203;-0.19069462323043587;-0.20494351359288476;-0.7206417864112539;-0.20511381762673842;-0.06336739925495707;-0.0054281194060536945;0.2145283369789984
Ort;0.00031302582417937176;-2.0209778397528916e-06;8.026233383197517e-07;7.800971971425199e-11;-1.8152861739513617e-06;0.03498393195325923;-2.2487655156067725e-08;7.451342305333839e-08;-1.0793349893143508e-08;0.0006804262199365187;5.0653224746039656e-08;-0.00012588112314714883;3.316573557419142e-08;1.159863363326283e-08;-3.145068908786327e-08;-2.465197485663338e-06;0.0024899645192622616;5.753499447417631e-05;0.00045306933682455816;0.0003856509483732216;0.00023289521604344632;0.00010809200737754803;0.00016101323737779561;6.565101589209531e-06;-0.13759121790249246;0.047610295773680505;-5.402453437373555e-06;0.00014982272561572343;-0.21092922156382443;0.0005951844201733641;4.096295048101022e-06;-0.08863366295077327;-0.025371078065798598;0.007810789064661428;3.1596541066013864e-09;5.296479086453232e-06;4.673696753685125e-05;4.4335563698025494e-07;-2.7505311498351136e-05;-9.310114924662188e-07;-0.014017430353925182;4.718079965244695e-06;0.0008496169558414965;-7.025990142333162e-08;0.0405598802909761;0.017852904017194044;0.0016289461591800613;2.620014098352097e-07;3.9950508681787734e-05;-9.093441997621519e-05;1.7367733145461056e-07;7.484480112389514e-05;-0.0008374774199625163;0.0001266612683691608;-4.721052181209378e-07;-0.0076254099421662665;-7.138626225924074e-07;-2.047597764306098e-05;-6.018239095198191e-06;-0.04206703747230136;9.514216453225222e-05;4.88541534802692e-05;6.998916022712834e-05;0.00108149479373718;7.579409412672654e-05;5.891928885434786e-07;0.5;0.032095852062588776;-2.5373667236917673e-06;2.640016603132531e-07;1.638034866385543e-07;0.00012038858021235096;5.7725943295388077e-05;0.05604898686350439;0.08351942169615986;-2.500783021798032e-08;5.632720926964602e-05;1.3220230239651002e-06;1.5859018097752235e-07;5.074981421878509e-06;3.0974934875447437e-07;0.006493762898240394;0.0007593127920427221;0.002021188610903278;-0.0002352069758486014;-0.0003844176197139767;-6.787189818477417e-05;-5.456032259893985e-05;2.481418039453919e-07;0.000879954941067217;0.00010574170983477951;0.0003782483259833262;-6.032379440144545e-06;-1.808337974737649e-05;-6.608522981547035e-05;0.0001362440488758197;7.072689018139079e-08;-0.16085563356000346;-6.724539129654325e-07;0.0011543991208763649;1.1726853946611404e-07;1.0021082832943886e-06;1.5933577843615156e-08;1.1036595347053785e-07;-1.3101507729232454e-07;1.5823617455214772e-06;1.8658229193463515e-07;4.3505505509609885e-08;2.9796516480248824e-09;0.00015344486966857048
Ortsteil;0.003842310835282222;-2.7987211482365597e-05;1.5943546097345773e-05;3.158472775226323e-07;-0.0004069029349946929;-0.0094669816196092;-5.201767691268218e-06;-4.04972363003597e-05;-5.272793750483529e-06;0.004529941251768596;1.2326637187528524e-06;-0.0020838515516195502;3.349516636351949e-07;3.201063099938891e-07;-8.458950250463024e-06;-3.413872643173006e-05;0.009592431860123984;0.0007575064518519156;-0.03934861368437738;-0.043307522590522035;0.0011648538714502158;0.002066402812725194;0.00399522971544808;5.626901087899746e-05;-0.19835937459114703;0.02484612613723207;-0.00036872285490183003;-0.011838886741271978;-0.7873221253759359;-0.0012116188672783028;-0.00044271296414439854;-0.16030334650442504;-0.1635113699510266;-0.007591456233346554;-2.0151772709342086e-05;0.00011024351122220988;0.0005612625857988241;8.008110932841526e-06;-0.0003807785423166752;-1.340081691301871e-05;0.038074577315144575;-0.00044079057164744356;0.00943248874734588;-1.464374981452137e-05;0.12892423657486504;0.009353562347581482;-0.0352886637564586;-1.0656304804583558e-06;0.0008175098477623923;-0.009970760039857526;-1.612419465100134e-05;0.0009813531233489184;-0.011474511293854007;0.0011748239383761858;5.526977818014656e-06;-0.09211973175337379;-0.005235227627659608;-0.0003173697754726429;-0.0008264384216707148;-0.21714210245819443;0.001138329748632974;0.0011262192103293398;0.0025744290693849865;0.02447871727342326;0.0007195369642967904;6.179665487568175e-06;0.44448618245215665;0.5;-0.0003143754679079369;8.933323764824106e-06;-3.719595776401167e-05;0.0003726427780564565;0.0002989484664947519;0.45896351108916256;0.38430927548053617;-1.096140782886434e-05;-0.007695424161497814;-0.00040220326206532697;1.9578308042754865e-06;0.0004117761478292027;8.9958791634168e-06;0.07778759531543422;0.010642511079059816;0.0487580820738666;-0.006519599652612168;0.005435443398707559;-0.0011585199170835903;-0.0007189401094189121;-3.4799683278986956e-05;0.013627676520207492;0.0016222080425381845;0.0024457861909448876;9.98024946547366e-06;-0.0022877796555651098;-0.011576110378087732;0.003336163687642554;1.688635621431742e-07;-0.09595524081225222;-0.00025766422818018287;0.009751246864541827;2.2348256822340784e-06;6.4959758814886645e-06;-2.0555715913509556e-06;2.357169703500608e-06;-1.959440698672108e-05;3.5704659270781585e-05;2.4823891203406577e-06;3.4227051872602045e-07;-4.1487520285182057e-07;0.003608345145516644
Pass;-0.9835367693413423;-0.08172576276872082;-0.2532543120744953;-0.03646753594995869;-0.5641640580507031;0.008527879067797934;-0.016272077681279692;-0.11408995258872627;-0.016490597374068282;-0.9915857493504258;-0.023241375515918584;-0.9871851217570987;-0.01493084030133734;-0.03537410272938349;-0.026194326889605702;-0.09793028995016533;-0.9994050642376229;-0.9823739760437541;-0.9923809643673072;-0.9931009764226257;-0.9910781716117136;-0.9622588698724654;-0.9665707939843741;-0.7183975214784146;0.04696440417229025;0.009582118069057783;-0.5397935672282583;-0.9744229989606135;0.1173121647922936;-0.9979965119891646;-0.9497916111217447;0.03358266279933367;0.16125244838059388;0.002401064524181268;-0.0602228999354182;-0.5648931305809282;0.22034828265594822;-0.13571476491763726;-0.5477778671308221;-0.3677684756749462;0.03425444007626589;-0.5837309338283545;0.009202172216401776;-0.5480234840139874;-0.08420002722395832;0.0033322322231675926;-0.9998306546302752;-0.10611332928185788;-0.9031857647069673;-0.995959052435751;-0.04877348420127243;-0.9360004737428586;-0.9736227456476202;-0.9701791676287188;0.33112500830613195;0.019358385709671036;-0.9436148431109864;-0.8963994197692086;-0.9691062920655695;0.09782328485244186;-0.9577613704746254;-0.9066740136749534;-0.9745925212001624;-0.9945761001829854;-0.9363172753329875;-0.19466786611165687;-0.11173967231798526;-0.9996856245320921;0.5;-0.0963367400157972;-0.10577292482456602;-0.9596310430776256;-0.9424036322951806;-0.15458929003010685;-0.9998665084953889;-0.03368260651886459;-0.96102964018265;-0.5613043595011742;-0.052477664153258566;0.14213818259708091;-0.08117643348163149;-0.06239682254602408;-0.9923070661960812;-0.21117742701800624;-0.9900679251632564;-0.9998702829087446;-0.9705026976662987;-0.9768974027594894;-0.09963745442576809;-0.9926251018041471;-0.9516089544294747;-0.9851409943388951;-0.8820593027816612;-0.8793962262265783;-0.9922782517549736;0.13348263930948237;0.03862005682131525;0.06946877501359536;-0.45041663560878337;-0.04905218837722003;-0.06797798221418347;-0.33715852154900217;-0.0064940966808083355;-0.05388750078711504;-0.058654899998104644;-0.3840690241312658;-0.05871261814049844;-0.016090553485405987;-0.0013175280913913401;-0.9733245244707468
Personenfaehre mit Seil;-0.9982187064847389;-0.45499221630785347;-0.7608374914396215;-0.26200437124899345;-0.9239091855124618;-0.025142644144971207;-0.13431983689403246;-0.5471045974316754;-0.1359046238687851;0.17302107146512283;-0.18247050809903576;-0.998618023674046;-0.12447967358112029;-0.25594481794355817;-0.20148128853989944;-0.504542656567635;0.16540599513742463;-0.9980908813725674;-0.9991821915664628;-0.9992599551781376;-0.9990412294487526;-0.9958361394060367;-0.9963265054676668;-0.9598877150847969;-0.05947736368403396;0.0066102910889325435;-0.916683729112847;-0.9972095525670039;-0.9999909439993608;-0.9997860313683026;-0.9943960703337387;-0.9999965925150047;-0.9999721180445786;-0.035297762457518346;-0.37543196119796013;-0.9241174143078723;-0.9893254109416104;0.43798106523842395;-0.9191090910681768;-0.845116983966483;-0.013464186077269128;-0.929347900393851;-0.9993831837837995;-0.9191827811142754;-0.999993384664804;0.003247783147661775;-0.9999819438831289;-0.5268580467547311;-0.9887017094027925;-0.9995676462376828;-0.324765120777268;-0.9927634463039697;-0.9971201379580836;-0.9967338783474379;-0.965014962967437;-0.013767606995622102;-0.9936700895353855;-0.9878289598419386;-0.9966130365714735;-0.9999819431649791;-0.9953204858459981;-0.9891458189882231;-0.9972284769837373;-0.9994189593131095;-0.992801428645946;-0.6939490822555106;0.10905497720114896;0.2664664598011053;-0.9036632599842027;0.5;-0.5259620959393955;-0.995535372239859;-0.9935267403849875;0.2309289909335488;-0.06458412854327426;-0.24640032540411377;-0.9956956304068548;-0.9230881268349213;-0.34189611907412043;-0.9854893656526532;-0.4531721120411111;-0.9998642482442502;-0.9991742046268547;-0.999996424701612;-0.9989316929249522;-0.999986169660073;-0.9967702719906831;-0.9974851989534095;-0.5093358299538286;-0.9992085704771646;-0.9946080756870965;-0.9983946160851588;-0.9859458594023403;-0.9855901985764712;-0.99917109006445;0.3835047273145827;-0.33662629792805115;-0.07534176892934229;-0.8848945242815023;-0.9998167917525768;-0.40623168583192587;-0.8267296111694531;-0.05777219815832995;-0.3482237944115724;-0.3688783628367819;-0.8539962392755277;-0.36912164743577974;-0.13299946611901542;-0.012223784934427492;-0.9970867833478916
Personenfaehre ohne Seil;-0.9980239763615512;-0.42936028935828674;-0.7414147295177281;-0.24240876161555974;-0.9162723490508616;0.012743282063281023;-0.12268633815957364;-0.521246433442225;-0.12415355138710557;-0.9989972880841105;-0.16747345004828051;-0.9984668796628775;-0.11358660977544872;-0.23665707887141635;-0.18527585684665684;-0.47857045129129894;0.11314692904517845;-0.9978822071179216;-0.999092693419258;-0.9991789602206932;-0.9989363213135213;-0.9953821531476174;-0.9959257651458503;-0.9556886702120762;-0.06457826156003377;0.008267143987628746;-0.9083936137790907;-0.9969048443058195;-0.9999899520517002;-0.9997625996750975;-0.9937860528953696;-0.9999962192743118;-0.9999690640626009;0.0021223791773389298;-0.35139228284841995;-0.9164995878996841;-0.9881699919461816;0.3881125445852292;-0.9110368829230061;-0.831018539861186;-0.10448454215065277;-0.9222109606675926;0.18995081407147987;-0.9111172154588578;0.09047426700179746;0.0032699589379855524;-0.9999799661288477;-0.5008984567592546;-0.9874796352306373;-0.9995203106751066;-0.30239894104408543;-0.9919771429445742;-0.9968056971729344;-0.9963774166185572;-0.9613310278333296;0.009874509592909671;-0.9929816030078202;-0.9865137727883956;-0.9962434359803732;-0.9999799653320377;-0.9948105707921596;-0.9879711972864789;-0.996925828840032;-0.999355355498122;-0.9920192191626926;-0.6714400107865268;0.060984658570429166;-0.9999628040422359;-0.894227075175434;-0.4740379040606045;0.5;-0.9950487563419141;-0.9928227747920831;0.08550781589759474;0.0461703886955395;-0.22761182173627117;-0.9952263978701029;-0.9153764327646563;-0.3189073529732307;-0.9839254789670167;-0.42756228076507524;-0.9998493807864619;-0.9990838332178436;0.0780061844426391;0.13804101745210856;-0.9999846547639054;-0.9964177679578103;-0.9972105062302662;-0.48335759902609;-0.9991219566105553;-0.9940209973943533;-0.9982190820034095;-0.984430394143715;-0.9840370031517237;-0.9990803781251519;0.3723208165084581;-0.31382290033145216;-0.00045708368982093047;-0.8738765251434901;-0.9997967279424962;-0.38142424359780164;-0.8113310854487913;-0.052367466289296005;-0.3250196880424525;-0.3450265053449307;-0.8405535516509275;-0.3452626648203748;-0.12146427961816644;-0.011030335647445946;-0.9967687125062047
Pferderennbahnareal;-0.7153553374048869;-0.00372998325612716;-0.014066146736777339;-0.0015896166258294836;-0.0516414215579844;0.0195547651748914;-0.000695359118383053;-0.005388334652057654;-0.0007048470597251316;-0.8321428597483823;-0.000999961587959072;-0.7641851139342924;-0.0006372119935356211;-0.0015402822234007714;-0.0011302825663805187;-0.004546124460931978;0.06033684438552112;-0.701009122826965;-0.8456613124320658;-0.8582663234414871;-0.025971738636113812;-0.5175041541936528;-0.5488033265447546;-0.09691685822549856;0.1192962809330909;0.012686111109366913;-0.04702200381212693;-0.6157775662718996;-0.997984718542524;-0.9544520735406091;-0.44314020055052417;-0.9992407636113464;-0.9938210459252105;0.003256852858808782;-0.0026885051356187566;-0.051786858099961225;-0.0017151722260252383;-0.0065622669884953105;-0.048485440347078516;-0.023885930536910325;-0.038675619519575245;-0.05570443326918916;-0.8790248086008196;-0.04853120643158626;-0.9985270567819449;0.0050178430607358835;-0.9959898690008653;-0.004968981026310303;-0.2818398536646432;-0.9120349833400433;-0.0021523223902197414;-0.380895862556668;-0.6082671462294257;-0.5778090515633928;-0.11008514650854284;0.06422478908365718;-0.41314584746777444;-0.26685371659383744;-0.5688924923265514;-0.9959897101418163;-0.48819611305535104;0.03240401524160772;-0.6173907983782152;-0.8852397916203416;0.003377595492100798;-0.010066270611121777;0.22302455710708294;0.04984834529453575;-0.04036895692237441;-0.0044646277601409975;-0.004951243658085959;0.5;-0.40769228030661614;0.20338146175287253;0.068519881032319;-0.0014641743207430028;-0.5091779977699301;-0.05107520638276327;-0.0023244361129133514;-0.23346677630310952;-0.0037027977490304933;0.08654277759097487;-0.009891766062202417;-0.9992034020396736;-0.8074486150664231;-0.9969255105255744;-0.5805490222448308;-0.6401346944889097;-0.004633736773190128;-0.8498956897243106;-0.4527294988828759;-0.7360796277281514;-0.23932014126085843;-0.23473538924908824;-0.843891807119294;0.05873801671924583;-0.002270550371924301;-0.14241960894054795;-0.03332755268582926;0.3680245800914898;-0.003058826677781019;-0.02094945911647392;-0.0002748983506457596;-0.0023902821739979633;-0.0026143383424743314;-0.025560844731828965;-0.00261706424006425;-0.0006874805580564219;-5.5494710982675194e-05;-0.6055118779678026
Privates Fahrareal;-0.7850009657680203;-0.005409895310625172;-0.020306381848050135;-0.002307782081276787;-0.07331184174463373;0.013112530093129023;-0.0010099208301459607;-0.00780928147860778;-0.0010236964634139502;0.003339153719291072;-0.001452117009862383;-0.8248092202212889;-0.0009254938755161721;-0.002236209041308535;-0.001641268775954353;-0.00659117885401538;-0.009299874379194098;-0.7730513088483066;0.09171781660851074;0.24161015302351224;-0.004084641630770172;0.287119012693726;-0.6386132772389396;-0.13488410865432662;-0.02392103705888352;0.012225979294615188;-0.06689069155110491;-0.6995545958837218;-0.9986119865083325;0.054452412104566694;-0.5362080870798236;-0.13975785446187786;-0.9957387473895705;0.003138720246588517;-0.0039011924114756673;-0.07351357735662659;0.017546205046649346;-0.00950561384624763;-0.06892776357876261;-0.034330872765130326;-0.04947362849505193;-0.07893790968352646;-0.9134685683630661;-0.0689914263783937;-0.05744645472301389;0.004835837136933967;-0.997236325927285;-0.007202879223017386;0.08055518807341916;0.03184819515222155;-0.0031239146164190627;-0.47197095084833257;-0.6928649778178747;-0.6653658911454015;-0.15234086601352115;-0.004289074299349894;-0.5056342533564602;0.00629323120120023;-0.6572014419235175;-0.9972362163088965;-0.5808562332852114;-0.3725506890786818;-0.7009868808743492;-0.9180789472618348;-0.47329216948801284;-0.014558222556427986;0.15536505251037333;0.05809908228975209;-0.05759636770481934;-0.006473259615012571;-0.0071772252079169195;-0.5923077196933839;0.5;0.08663910383938586;0.12990652648546322;-0.0021257874508356684;-0.6011429641679364;-0.07252619501970857;-0.003373460518507384;-0.30675700954064994;-0.00537053198087849;0.15366305477132086;-0.8874301823543415;-0.99945155620191;-0.8590025381211048;-0.997881763329657;-0.6678642597221117;-0.7210070546950551;-0.00671793720873812;-0.8916103680130847;-0.5458372494917552;-0.8020576223078438;-0.313695894568465;-0.30826371192908025;-0.8870532560997806;0.2074682864026811;-0.003295336319805165;-0.11660111421791973;-0.04769941359778725;-0.9726450754316495;-0.0044378093025265256;-0.030149990669189775;-0.0003993309582862161;0.0009015093135712632;-0.0037936989209856452;-0.03671065529667401;-0.0037976498227607937;-0.0009984817827207928;-8.062237455586807e-05;-0.6904018750642202
Quartier;0.002860287695974201;-1.7045776623121675e-05;9.061969315788273e-06;1.9833180040154177e-08;-0.000247863356536942;-0.004734518754540833;-3.16813914491409e-06;-2.466520183596415e-05;-3.211397690032402e-06;0.004114532088152262;6.946499424862856e-07;-0.0012400249242498777;1.3491845750213877e-07;-7.0236211581278595e-06;-5.151934328868764e-06;-2.0792443177965778e-05;0.01009072548396577;-0.0006218258172493094;-0.003717003774911107;0.006218785532717778;0.0005370931002558249;0.0011926216482187986;0.0024917405031910827;4.03665432237811e-05;-0.19165651978453227;0.02745693932225928;-3.651035877934443e-05;-0.0072439933258960365;-0.6927489772620977;-0.0021164989582845876;-0.00015973076058697425;-0.17115446520965985;-0.1575848480182004;-0.0045078492916040625;-2.817256885601271e-07;6.158782721052204e-05;0.0004059661379459737;4.256261813518906e-06;-0.000231947413962014;-1.0862010145178595e-05;0.007892467787886145;-0.0002685094378439412;0.007092794309551927;-4.8143445124285185e-06;0.08635736856377554;0.010837359939129544;0.008909901184292949;3.61748077026618e-07;0.00043199367872536084;-0.0015812081061903653;-9.820490537329578e-06;0.0005307119636094545;-0.007020034132064718;0.0008215649384051433;3.123164342695041e-07;-0.09301643816490918;-0.00011862506187268379;-0.00019329703954835617;-0.0005463334086419697;-0.16416507775589245;0.0006796109011051646;0.0006499856858789235;0.0012491649746104994;0.014731669449308975;0.000553462537839113;3.733235783742191e-06;0.4727478184815023;0.2795313814151606;-2.9608541575599825e-05;4.715213820651406e-06;1.9371806628042593e-06;0.0009259888092711066;0.00027151474555858074;0.49999999999999994;0.3128265972148506;4.0936056502562986e-08;-0.0001257978267306839;-0.00024500011864244097;1.253753841350389e-06;0.00019975551308011564;4.9381876970682795e-06;0.05341072731206155;0.0067818653441060915;0.056581309371903234;-0.003489102776385928;0.0060482016177343;-0.0008694557984392315;-0.0010188870482006752;-2.1195009298627748e-05;0.009330691947358012;0.00114233545644482;0.0018111187379623484;-8.09874876925436e-05;-0.00010393308317411051;-0.0014210182395732198;0.0020569897719120607;-1.5163631840713428e-07;-0.13455327881876655;-0.00015694601428438667;0.020895263197992234;1.1969419976817481e-06;-7.109824390954079e-07;1.1002653271721437e-07;1.3651870818383156e-06;-1.1934050265857872e-05;1.9931071083064818e-05;1.4326169800999645e-06;3.666149730899732e-07;-2.5267947140897043e-07;0.0017867099270705111
Quartierteil;0.0015304577472032952;-1.1882095232338175e-05;3.279368169259442e-06;9.842014601422736e-08;-1.5182910699933974e-05;0.011713891894540931;-2.2084046743751845e-06;-1.719340573875646e-05;-2.238558800129799e-06;0.0034512485320885196;2.918206081257266e-07;-0.0018865774305031476;2.0726292138734242e-07;-4.8959389734355535e-06;-3.5912446300423727e-06;-1.4493799597776095e-05;0.0075370753592237565;-0.0003465087199998989;0.0008306435685692498;-0.00019544517031490455;0.00040506148913249613;0.0005677447887426136;0.0012542072989332764;3.221792968668895e-05;-0.15979064225748982;0.029679574129054396;-0.0001565736305860529;0.0001441813799663772;-0.6111449857881313;0.0009905169656716257;2.9368576518603257e-05;-0.16102664960188978;-0.09563013192211803;0.006857701555683605;1.1455201621696917e-07;3.485317488700574e-05;0.00029278299640154054;2.010149168038468e-06;-0.00016169405212940985;-7.607980315625308e-06;0.002825359901352676;2.6714947820397758e-05;0.0033951853361864543;-7.492051931640973e-06;0.09564625584878764;0.011134669606452078;0.0010748662710481811;1.8517837894989875e-06;0.00023177623777781596;-0.004204464402418069;-6.84555189048886e-06;0.0003898407770449984;-0.004903856732941287;0.0005768413957916641;1.0574584222986989e-07;-0.022726071766733143;-0.00043637196211652167;-0.000164912398073953;-6.753255014390728e-05;-0.15916607391750426;-1.4657001865228775e-05;0.0003390469379290602;0.0007572165086311137;0.008260746854788795;0.0002214235985494662;2.88292872239608e-06;0.49104719951472164;0.16315758608322284;-0.00013349150461108386;-9.192269123339454e-07;7.291247420378395e-07;0.00021746279587580856;0.0002837817305677954;0.2180608315879567;0.5;-4.653668898080425e-06;0.00017091070263759533;-6.62699219040536e-06;9.404457276179104e-07;8.721770112526156e-05;3.1679027811536264e-06;0.033847741805305;0.004070388819029291;0.051702672323442195;-0.0019493164423703834;0.01855512628557561;-0.00041677966711075074;-0.0003403116231319333;2.7145784155978794e-06;0.0051147629468225875;0.0007235158248488977;0.001995554754640355;-0.00016867092525110522;-7.18013310169163e-05;-0.001239285772875371;0.0007447071405837056;-2.216187613219808e-07;-0.16886493803186034;-4.833656200983046e-06;-0.0020205221115228806;5.09207756197125e-07;5.084778410991348e-06;9.300773958082901e-08;3.526245711707857e-07;-8.318852541544995e-06;8.983875363055052e-06;1.1006956641816988e-06;2.6638729915850595e-07;2.606313134104294e-08;0.000911146736182078
Quelle;-0.9994168812069834;-0.7185709296848698;-0.906800512000878;-0.5205701394258705;-0.9737781370938812;0.005389560953922975;-0.321827067113887;-0.7869910251259739;-0.3247941373574965;-0.9997043059224927;-0.4056941155428749;-0.9995477221575292;-0.3030592242278422;-0.5126848785137479;-0.435570665992691;-0.7569582508645284;0.16111322822285978;-0.9993749829342213;-0.9997324584324875;-0.9997579110511609;-0.9996863136680916;-0.9986347394461316;-0.9987959208159446;-0.9865208100477928;0.006797397953617743;0.007652895394942717;-0.9711402329009999;-0.9990859060747208;-0.9999970389914167;-0.9999300297813885;-0.998160777159882;0.02959183179909841;-0.9999908834198789;0.001964686422890666;-0.6476945657687649;-0.9738537574444401;-0.9964845320950825;-0.8183432997358688;-0.9720287209593975;-0.9434654987156434;-0.0010333663145010385;-0.9757459601347733;-0.9997982392480814;-0.9720556679763347;-0.9999978370107401;0.003027001026797799;0.0008771757152483163;-0.7730193719915378;-0.9962775542557906;-0.9998585945296176;-0.5953062462826033;-0.9976223236147197;-0.9990565587818271;-0.998929741574603;-0.9882852992072056;0.020230559275595406;-0.9979214891338031;-0.9959876347289329;-0.998890053089478;-0.999994095984584;-0.9984651310521291;-0.9964249517353175;-0.9990921169147123;0.16699341582353808;-0.99763486403003;-0.8739727278874332;-0.031594702514459345;-0.9999890385921711;-0.9663173934811354;-0.7535996745958863;-0.7723881782637287;-0.998535825679257;-0.9978742125491644;0.006131722542927196;-0.9999953463311019;0.5;-0.9985885350311018;-0.9734797436621702;-0.6137369713307995;-0.9952087457780152;-0.7170837302485032;-0.9999556099421003;-0.999729844095746;-0.04548127541223858;-0.9996504502038797;-0.9999954779280107;-0.9989416931978682;-0.9991763553244428;-0.7604687989289897;-0.9997410927483709;-0.9982306112381806;-0.9994745287223674;-0.9953609144209533;-0.9952423657739004;-0.9997288246094094;-0.9995550188382751;-0.6081490975069666;0.006746222523298701;-0.9592041397328943;-0.9999400900234903;-0.6766323575275104;-0.9358678278739346;-0.15791345359269224;-0.6203532454905577;-0.6412680463187826;-0.947059744157245;-0.6415083743477964;-0.3193434366022602;-0.036468061295978384;-0.9990456103633607
Rastplatzareal;-0.7078203932730028;-0.003595999959552364;-0.013565937717195898;-0.001532398360357966;-0.049872582359291734;0.017131193489569593;-0.0006703080495748722;-0.005195092976783231;-0.0006794544099152165;-0.8269515872568813;-0.000963947469137856;-0.7575045917972427;-0.0006142544505217695;-0.001484837109250583;-0.0010895799912126129;-0.004382953842496736;-0.10189373103737849;-0.6932572563753033;-0.8408081410091929;-0.8537409638595689;0.019593105066011814;-0.5083315103551929;-0.539696451608652;-0.09375053384227074;-0.01509125680109076;0.012733214386869677;-0.04540381519754025;-0.6070545960311863;-0.9979095076417411;-0.9528290026104128;-0.4340997653325146;-0.15638235202962988;-0.9935914433626465;0.003268946097536839;-0.002591835049821265;-0.05001330007033686;-0.0021009537833381244;-0.0063271924372891785;-0.0468193641116728;-0.023044680334836753;-0.002847482865540645;-0.05380432199590006;-0.8750657591251607;-0.04686363501825348;0.0036646989804058065;0.005036474981619276;-0.12639176836211785;-0.004790706177828764;-0.27446816144226527;-0.9090444473838659;-0.0020748916184504854;-0.3722763428677392;-0.5994845700293594;-0.5688276617441681;-0.10653936097419558;0.00887318663033156;-0.40427308347871066;-0.2597322341291626;-0.5598659062431227;-0.9958403552655875;-0.4790272037248813;-0.2826165388345711;-0.6086811784427555;-0.8814567054401516;-0.37351589598727863;-0.009706901563878836;0.10058657518309905;-0.9923045758385022;-0.038970359817349955;-0.004304369593145199;-0.004773602129897164;-0.4908220022300699;-0.3988570358320636;-0.026633801479926382;0.05191050887784952;-0.0014114649688982048;0.5;-0.04932475267052249;-0.002240827376937671;0.034160530365961;-0.0035697874735986595;-0.9695497025462418;-0.8395018795016442;-0.015420303608740419;-0.8016756456380933;-0.9968108959876473;-0.5715827027579742;-0.631633903613181;-0.004467435664539838;-0.8451512870590399;-0.4436492918059763;-0.72888536873429;-0.2327002228464665;-0.22820424509082832;-0.8389935874429979;0.13554174227009003;-0.0021888756250601914;-0.11129032794877579;-0.032164730839298966;-0.9593357946854396;-0.002948880380164426;-0.02020948869808311;-0.00026499082171077245;-0.0023043104604315696;-0.002520328319112925;-0.024662095319634914;-0.0025229564430290373;-0.0006627131347248677;-5.349421964312875e-05;-0.5967084854603075
Rodelbahn;-0.979032026558522;-0.06503495728785452;-0.2095255028377483;-0.028730598844513615;-0.5029054127375198;0.005328125221607096;-0.012763045491387041;-0.09144766574800721;-0.012935061592161656;-0.9892593533290216;-0.0182573249818118;-0.98366207466854;-0.011707600289394967;-0.027862439730369386;-0.020590373025182362;-0.07821191733577396;-0.03686250993604931;-0.9775583243176661;-0.9902722747433467;-0.9911897924865386;-0.9886130506144389;0.33971086490500463;-0.9576237615498757;-0.6659823256214703;-0.019068887379843528;0.009800013771546764;-0.478277235325321;-0.9675068916260084;-0.9998913216708477;-0.9974380023215184;0.13307255755570724;0.031893244459464794;-0.09073856923217473;0.002515905161380313;-0.04769551466583776;-0.5036468023806416;-0.8853493666838222;-0.10931035654001735;-0.4863131529931257;-0.3125425143056493;-0.010201143661436762;-0.5228966958128891;-0.9926469363011072;-0.4865608626005705;-0.04502887042124234;0.003876265983748942;-0.9997833354452162;-0.08490236996569335;-0.8793911142822242;-0.9948355021185847;-0.038530125001242414;-0.9195525401464476;-0.9664976870142282;-0.9621600768384216;-0.6968111827742198;-0.021559560622711263;-0.928975317471416;-0.871174749200938;0.19134146407738192;0.07879275796290103;-0.9465868645881474;-0.8836262271538261;-0.9677207347504521;-0.9930707072697672;-0.9199437963062682;-0.15890242473233207;0.045501747443125705;-0.9995977967379347;-0.4386956404988258;-0.0769118731650787;-0.08462356723534371;-0.9489247936172368;-0.9274738049802914;-0.9997549998813576;-0.03879446397418446;-0.026520256337829787;-0.9506752473294775;0.5;-0.0414902890146336;-0.8498202702573909;-0.06458992599749405;-0.9983731515974392;-0.9901781264987842;-0.9999570913365771;-0.987327240062584;-0.9998340349834366;0.29970531781609494;0.2029353074203329;-0.07960567660360762;-0.990583339950824;-0.9389106046254949;-0.981066756813181;-0.853912121782354;-0.8507210489050298;-0.9901414171825059;-0.9839215348406346;-0.04056536659774641;-0.02593505044280445;-0.3904443312292149;-0.9978055772486127;-0.053929982548950824;-0.28446097379218604;-0.005082766453356253;-0.04261822157288252;-0.04643756813353296;-0.3276638868200798;-0.046483857722844316;-0.012620164335992671;-0.0010300298075388702;-0.9661217129729508
Sakrales Gebaeude;-0.9990737951096258;-0.6164095341042525;-0.8596193921953607;-0.4059530445755118;-0.9589694408848074;0.010130955096852974;-0.22997792306641604;-0.6992722228735637;-0.2323883654348675;-0.9995302506906002;-0.3005158639894129;-0.9992815628242898;-0.2148693305869662;-0.39836135476349643;-0.32690738357541166;-0.6621806174690243;-0.9999670314952136;-0.9990072698885961;-0.9995749676457921;-0.9996153974168503;-0.9995016728844264;-0.9978324673506793;-0.9980881828791005;-0.9787514592720491;-0.1049467662721092;0.00787462751358031;-0.9549107707481985;-0.9985483689759144;-0.9999952952337235;-0.9998888282403119;-0.9970808033590585;-0.07067100274030778;-0.9999855146575839;0.0015340655312606516;-0.5364036788581743;-0.9590859731997927;-0.9944257801352279;-0.7392579666486176;-0.9562764098073953;-0.9130661471367157;0.0038572634740833096;-0.9620052230277454;0.266814826394001;-0.956317850338242;-0.0697003821625283;0.00311470422934699;-0.9999906194599049;-0.6818727381615218;-0.9940983084196046;-0.9997753382224105;-0.480733909296259;0.3097190553970704;-0.9985017897531654;-0.9983005274406449;-0.9815139348364388;0.03833563774570065;-0.9967014720487763;-0.9936397437322921;-0.9982375469214739;-0.9999906190868074;-0.9975634346530228;-0.9943315064064252;-0.998558226858045;-0.9996980552192175;-0.9962472401729249;0.378110238542371;0.12610009352404536;0.11240999179369894;-0.9475223358467413;-0.6581038809258796;-0.6810926470267693;-0.9976755638870867;-0.9966265394814926;0.11819241971301801;0.1271853506714496;-0.3862630286692004;-0.9977591726230624;-0.9585097109853663;0.5;-0.992408551097457;-0.6146719669501689;0.07551749625399433;-0.9995708150165279;0.001547328607862075;-0.999444711338254;-0.9999928148562771;-0.9983194937053629;-0.9986919376808592;-0.666456928567831;-0.999588682539412;-0.9971915279542406;-0.9991653320203887;-0.9926489960974716;-0.9924616710896502;-0.9995691956613508;-0.999293150465416;-0.49412296300780184;0.007645846462591769;-0.9366998626860822;-0.9999048118313528;-0.5683912017846878;-0.9018082948883126;-0.10556328062449886;-0.5069995295840853;-0.5294220161669343;-0.9184259629837578;-0.5296823191307017;-0.22796484969573413;-0.023266104580871784;-0.9984844131341595
Schmalspur;-0.891907593059865;-0.01214310510237905;0.01140474652545057;-0.0052002577273671455;-0.15166900663169022;0.004783728159032332;-0.0022794290183523274;-0.017476317880155415;-0.0023104810870831364;-0.9421182756301608;-0.003275659665641571;-0.9140878327079909;-0.002089096165117677;-0.005039431207223238;-0.0037014643477425607;-0.014772788310456095;-0.04697386912320188;-0.8850295708000058;-0.9473402913172084;-0.9521113256068263;0.013675971629596356;-0.7788338490309716;-0.7997407877303238;-0.2605478813225085;-0.04249202790105003;0.01132888334983879;-0.13941732744014357;-0.8403054362305532;0.026331146584036187;-0.9856734491136153;0.06781279712783468;0.000690967548726414;0.008423530574588313;0.0029084073108594246;-0.00877321898077534;0.054092731181595285;0.050610642088009056;-0.0212275980770925;-0.14332385372052608;-0.07436795990000422;-0.024000147585469114;-0.16225545744962688;-0.9597694285598468;-0.14344564361955556;0.02847139389782614;0.004480994740104096;-0.9987751991127585;-0.01613146049745164;-0.5630340142935216;-0.9714623268790012;-0.0070320861785691585;-0.6688726809347362;-0.8360150992768697;-0.8179655130904998;-0.2888381793160558;0.04226575082822297;-0.6980148653411222;-0.5444309046381273;0.02513694413680715;0.01943216338686186;-0.757975836807021;0.14330742926225024;-0.8412190301635595;0.18842873059074372;-0.6700456510919919;-0.03230767262642507;0.03086794701915561;0.1808527515595129;0.01963178974592867;-0.01451063434734679;-0.016074521032983295;-0.7665332236968905;-0.69324299045935;0.14404901634717782;0.09022817325116088;-0.004791254221984728;0.11635260404507829;-0.150179729742609;-0.00759144890254305;0.5;0.0074093057004780884;0.05091299908958982;-0.9468529327742993;-0.048337989513112405;-0.9322865015577232;-0.15274135364863292;0.06365575418202721;-0.853808193105759;-0.015054506945842311;0.057653512451650346;-0.7308992690389987;-0.9015466650450863;-0.5081062484355632;-0.5017688593237876;-0.9466630176957164;0.576874996954483;-0.007416369427540041;0.049624188611458536;-0.10168536565947607;-0.9877081074215942;-0.00997328311821644;-0.06564272067744018;-0.0009019978957852557;-0.007805330332084787;-0.008532631566317407;-0.07929517992658267;-0.00854147545676766;-0.002253643099837061;-0.00018218074127449642;0.0753870726293379
Schmalspur mit Normalspur;-0.9985233399555361;-0.5018355790754024;-0.7933337172216639;-0.29991249205185;-0.9361086965350794;0.0125036042149857;-0.15770161392616638;-0.5931109456136687;-0.15951144066516829;-0.9992508693884935;-0.21217972637096594;-0.9988544450393435;-0.1464382793388455;-0.2933246768333373;-0.2334020867566057;-0.5513268709000652;-0.9999474099564362;-0.9984173405946043;-0.9993221635172373;-0.9993866256733337;-0.999205308573172;-0.9965468254742277;-0.9969537520749552;-0.9665278312389604;-0.9999990300733104;0.008111654076568624;-0.9299538578072801;-0.9976863696378996;-0.9999924950182827;-0.9998226714978723;-0.9953513994588732;-0.9999971761168235;-0.9999768933054751;0.0020824610801059864;-0.4204026004333381;-0.9362858426387909;-0.9911374558832083;-0.6399441299789589;-0.9320215689116683;-0.8681462775023021;-0.999999466519176;-0.9407313688755327;-0.9994887725253477;-0.9320843651447543;-0.999994517673869;0.0032084569535384216;-0.9999850363265986;-0.5733170894564407;-0.9906186256622496;-0.9996416693778617;-0.3672352010801797;-0.9939954161599767;-0.997612197145343;-0.9972917553984327;-0.9708321145810708;-0.999999553382942;-0.994748526542671;-0.9898924367464537;-0.9971914961069765;-0.9999850357314434;-0.9961188404433777;0.48335635102083474;-0.9977020678008539;0.34910812557282245;-0.9940269711929799;-0.7323364420156044;0.1543962381462898;0.3237878668274164;-0.9188235665183685;-0.5468278879588889;-0.5724377192349247;-0.9962972022509695;-0.9946294680191216;0.29183148095054096;0.2685730293442432;-0.28291626975149664;-0.9964302125264014;-0.9354100740025059;-0.3853280330498311;0.6071982859351076;0.5;-0.9998874959716025;-0.9993155426453514;-0.9999970370448371;-0.9991145009588588;-0.999988538369496;-0.9973219494479659;-0.9979150134904581;-0.556065675373021;-0.9993440305111927;-0.9955274257861736;-0.9986692059332309;-0.9883248236128632;-0.9880286350088486;-0.9993129607856045;-0.9988729138741133;-0.3797750894228584;-0.9999993456560604;-0.9026903730294781;-0.9998481652536118;-0.4522203778374547;-0.8520141518936205;-0.06888930040345746;-0.39198075612508765;-0.41358381773984215;-0.8758991616508969;-0.41383725330544346;-0.15619286938602997;-0.014712870924490553;-0.9975845277672373
Schul- und Hochschulareal;-0.005906757795893863;-0.000113333018294494;9.568249981276018e-06;-4.819902243956368e-05;-0.0016458342731886482;0.010611745518239282;-2.106579999502394e-05;-0.00016398557379254252;-2.135343235124467e-05;-0.011168324799454926;-3.030264289488272e-05;-0.018774487854952927;-1.9303152409387317e-05;-4.670090839622714e-05;-3.425619801246948e-05;-0.00013824072221110673;-0.030239595126145397;-0.06627654444009504;-0.002054072045606614;0.0053030487473592226;0.008610699891041317;0.005416171618289846;-0.0011677182639824155;0.00015141822711720667;-0.16806127902968185;0.01955978046420846;-0.0014915775822048583;-0.0080893950861561;-0.9374693369790962;-0.03584709213914146;-0.001286452774541481;-0.22351224643267906;-0.3656119672955839;0.0018864090113626477;-8.160569335785719e-05;0.00011402966960987471;0.0016353001963900252;-0.00019994118331802152;-0.0015402893303103145;-0.0007402796818355201;-0.0037648241629630015;-0.0017827184097276177;0.04200591475055475;-6.332823889375344e-05;0.09328380878363497;0.007467447861812419;-0.02443241185825672;-0.00015116140538826291;-6.356420039364969e-05;-0.2389012290971325;-6.529660021618913e-05;0.004513203204692579;-0.04489829406287501;-0.003406703433529149;-0.003731064130576255;-0.03289066913522331;-0.02086844611665325;-0.0015040820821839746;-0.005283767054103589;-0.8826141038871265;-0.0037229293557730758;0.0022604556679864376;0.004243000143442623;0.05320486574979158;-0.0021405285971768163;-0.0003077546746457698;0.36419977750995625;0.31502443371883226;-7.946603967017725e-05;-0.00013575175574974185;-0.00015061921353806841;0.002620032541978758;0.003202066989764468;0.35514849110837426;0.32287705853674764;-4.439005789975376e-05;-0.030450297453758178;-0.0016268484025607518;5.326620024091815e-06;0.00046946004885718354;-0.0001125040283974021;0.5;0.007887134312269504;0.039601151150651465;-0.11265180926181476;0.031071254458372003;-0.008212543189039747;-0.009669120882730755;-0.00014091690451414896;0.05978733566504687;0.00412877861697445;-0.006330791376342831;-0.009434876549444013;-0.009200859870269073;-0.14064089255594928;0.001373852417749431;-6.889128497427596e-05;-0.12042215119891998;-0.0010426699975529148;-0.0740195379220856;5.746149278230188e-06;-0.0006473845223305006;-8.324607726363243e-06;-7.25325349162538e-05;-7.934874559589725e-05;-0.0007935084907383603;-7.943169081850406e-05;-2.0826960967681118e-05;-1.680160698435257e-06;-0.0027391962665849166
Schwimmbadareal;-0.017046643169580343;-0.0006894978965947617;-0.00262234405604512;-0.000293331409115313;-0.009935546312893043;0.009401892387035812;-0.00012822072628716993;-0.0009974021533729826;-0.00012997126145171533;0.16102955920553486;-0.00018443374236419682;-0.3739098466736698;-0.000117493112736692;-0.00028421629636931456;-0.00020849243310285407;-0.0008409254353289152;0.01659308449055223;-0.3017170450054399;-0.5024317017583705;-0.09941906548201883;0.010797610154091785;0.0427086925628626;-0.1831117342116929;0.002491009485379986;-0.08772588723239441;0.013463180568192379;-0.009011344935888585;-0.22801064702475324;-0.9891613230427871;0.03607041191660638;-0.12789838125051786;-0.15770880139135746;-0.29342100896352946;0.002061274126012779;-0.0004965546042879967;-0.009964761709452673;-5.42752238701587e-05;0.00018303341580727268;-0.00930334815001698;-0.004489419046164286;-0.021559217213330168;-0.01075445935515573;0.08591941798895913;-0.009312491678572593;0.0820539343636547;0.006047802182416544;0.23269482324386098;-0.0009194622213570257;-0.06744622694901421;-0.053007053435532255;-0.00039734993244854223;-0.10183590147565269;-0.2224910049468038;-0.016785165178092632;0.0020583058628581216;-0.015669784882552436;-0.11484104821132182;-0.003082179531271383;-0.02780224724522609;-0.1482464004912813;-0.14950776882062514;-0.006036719335603526;0.0076927951539082174;0.13687614984194274;-0.007700141844577478;0.0002412648895710285;0.2592332957908617;0.262364348641843;-0.0076929338039188645;-0.000825795373145262;-0.0009161667821563404;-0.0018229573535323452;-0.11256981764565861;0.2745095517774394;0.23635794290910056;-0.00027015590425412097;-0.16049812049835582;-0.009821873501215822;-0.00042918498347213586;-0.053147067225700804;-0.0006844573546486475;0.04801158603626063;0.49999999999999994;0.21354818531956993;-0.4359227324860688;0.2212473711133128;-0.2032320564198988;-0.03860382928080404;-0.0008571931279962058;0.013352425119313727;0.04367148442477188;0.07126608529109249;-0.0003568357678542128;-0.053504249908309716;-0.4990580977306745;-0.0031987411833720105;-0.0004192170330265964;-0.11966595297269973;-0.006313586099491415;-0.10656763012059021;0.00010647166190640334;-0.003927906558372198;-5.067248491141007e-05;-0.0004413665827313351;-0.00048282706220608904;-0.00481092677336374;-0.00048333156950620227;-0.00012676714421731839;-1.0227604505585058e-05;0.014250766048020247
See;5.5768958433259466e-05;-2.984790211793483e-06;-3.530279291440853e-08;-1.9158426979991106e-08;9.424157764420798e-06;-0.1326161635163405;-2.290130211536351e-08;-4.319012114962432e-06;6.646082147592585e-09;0.0006217349711961096;3.6311487197309714e-08;-0.0003918208638114204;3.160213707123997e-08;6.63904576206515e-08;-9.021174349910637e-07;-3.6408592028049796e-06;-0.009048970329177779;-6.737687334837637e-05;-0.0006836635034477276;-0.0006495526701012539;-0.00037799479998186465;2.436745542433776e-05;-1.3447530622204203e-05;-6.202595316228511e-06;-0.18884689760985093;-0.14485288448270842;-9.6535134062993e-06;-0.0001056648892909915;-0.14210137413197807;-0.0010090781680620645;-0.0006340231700056215;-0.19639691067041515;-0.040090943527436286;-0.11456008803152241;-1.5251044855004873e-08;1.1585250239544973e-06;4.173746483003417e-06;8.688456413652416e-07;-4.062221027281871e-05;-2.8481352665066e-06;-0.29461310628844933;-4.702693467829411e-05;-4.5103654768232646e-05;-5.234839369752929e-06;0.000840835520252078;-0.08523244063633904;0.10298856725746526;-2.497325661161651e-08;-0.00031277391975270284;-0.0026034162638871056;-1.7196006948644388e-06;-1.4831935411189395e-05;-0.001236381117947933;-4.3209252862973045e-05;-6.561284847197935e-06;-0.19695660784877708;-0.0005609379403033855;-3.161333724027315e-05;-0.00010517150624079024;-0.05036087468968487;-4.93398793062698e-05;-9.958134212895431e-06;-1.2749207603279133e-05;0.0010122013980541536;2.3478506479437764e-05;-2.697633580065991e-07;0.0029851043776303672;0.005199839488553862;-7.082327731471558e-06;-3.5752983879890737e-06;3.0944556268768403e-07;-0.0007965979603263813;-0.0005484437980900524;0.009907495999990036;0.01298763006072075;-5.31675998703494e-08;-1.275333644224411e-05;-4.290866342291976e-05;2.874061917059907e-09;-1.1737293719087471e-05;-2.962955162816545e-06;0.001042838943008724;0.0009238011516115119;0.5;0.0009417787689342639;0.13820733685522288;-0.00025308832164301946;-0.00042175654105653553;-3.7113517456345784e-06;0.00023760681986364715;7.749933830656474e-05;0.000332399337212921;3.0800752562727504e-05;5.238353928574743e-05;-0.00028001306931872125;4.528243960663857e-05;-1.8142738791843467e-06;-0.3076640702089873;-4.1308435303640416e-07;-0.006367667076180378;1.0274845860923155e-07;-2.368188827937416e-06;2.1449576714019562e-08;-3.07012188999555e-08;-8.586614038912916e-08;-3.766249450166788e-07;3.534804825513588e-08;-2.244624680243356e-08;-4.424467022509845e-08;-7.177582098190947e-05
Seeinsel;-0.37472981591157006;-0.0008920187906556812;-0.003390658657611096;7.356744343315048e-05;-0.012819000144568483;-0.08787227557407655;-0.0001659093809494634;-0.0012902446195819331;-0.00016817437442679978;-0.5417462143672647;5.116511647015774e-05;-0.43591604575377424;-0.000152029017765376;9.570835428809983e-05;-0.0002697694457314471;-0.0010878755517572522;-0.9439832600004545;-0.35860855617902243;-0.5664675422322776;-0.5908422557365247;-0.06471500198963741;-0.20367673280179263;-0.22484015097750715;0.001522456167028433;-0.0847179157092066;-0.09406047011963244;-0.011629731409585176;-0.2765075067909469;-0.9916031199448926;-0.8332524915957745;-0.15950125521286762;-0.9968239044188447;-0.9745904384370715;-0.0039041417334630983;-0.0006424401879991868;0.0002972945187816145;-0.006700283100153805;0.0002562407715902363;-0.012005552813996569;-0.005801581705235934;-0.3924149360886533;-0.013872244813216125;0.08660844814482149;0.00031015599308059134;-0.1908156641331596;-0.032854603890429324;0.30228768712656484;0.0001640486531405354;-0.08557752976010559;-0.7120216029568917;-0.0005141046064032308;0.02845693802562358;-0.27022480579946534;-0.24606125636036585;-0.0004381572874000486;-0.04697175776107457;-0.14374934640832054;-0.00016822045295566534;-0.2393616571433799;-0.9833958168100221;-0.18531556883363476;-0.08880453075840597;-0.27787472255474965;0.08219046053651365;-0.12853627406508644;0.0002511110649616683;-0.10390808564212832;-0.20797480143181826;-0.009932074836743687;-0.001068307075047893;0.00016379847053995343;-0.1925513849335769;-0.14099746187889522;-0.18274737240571187;-0.1464690051060045;-0.0003495497961203753;-0.19832435436190668;-0.012672759937416095;-0.0005552886617460979;-0.06771349844227681;-0.0008854990411411767;-0.8873481907381853;-0.5640772675139313;0.2817055234156019;0.5;0.1111179844540998;-0.24815273399934099;-0.29784780219180973;-0.0011089151895052134;-0.5745077379897844;-0.1647688749459355;-0.39943363979734003;-0.06978953536239053;-0.06816152969612856;-0.5631506109447814;0.07036021424602232;-0.0005423935046515912;-0.5144063423750229;-0.008154547048114951;-0.853721499444872;0.00011746625297752984;-0.005076787891439658;-6.556843426937828e-05;-0.0005710474292310437;-0.0006246820743932505;-0.006216472575584851;-0.0006253347136435499;-0.00016402860924328924;-1.323432210890268e-05;-0.26795337476818754
Seeteil;0.0004974295714882144;-1.1546094529644306e-05;-2.5875473189676624e-06;-7.839076206578632e-08;3.5675854642292306e-05;-0.04397786823053361;-2.1459550404396705e-06;-1.6707214837165074e-05;1.2653950617393065e-07;0.00172650005592374;1.2619946712999023e-07;-0.009895070223639032;5.5347426014453985e-08;3.7139714559958685e-07;-3.489690954776942e-06;-1.408394641994537e-05;-0.03177609774798635;-0.00034923425650636847;-0.016617076664060464;-0.003210465646526054;-0.0017092888048741044;-7.40354922657789e-05;-9.919390194924501e-05;-3.351748952146117e-05;-0.21745862990146395;-0.04919501170213376;-0.00015214667961897075;-0.004918245560990753;-0.6043065738392126;-0.006704793691480808;-0.002448167089066514;-0.3414747198587556;-0.11734326269665518;-0.0605902245794516;-3.4197555120905165e-07;2.4237299449830812e-06;-8.877103732856699e-06;3.405226400272986e-06;-0.00015712234950246009;-7.546040300423412e-05;-0.4008321387354258;-0.00018189179497173687;0.00044020238908442315;-2.867571756383816e-05;0.03608767486226541;0.01134543347733004;0.26641032736167103;-6.91008837451752e-08;-0.00120883241840585;-0.030984364539345784;-6.651973110172371e-06;7.114062102241774e-05;-0.00476584525178148;-0.0004655300515934318;-2.5602606147977768e-05;-0.22161611748009294;-0.0021664148731323747;-0.00013043254203111456;-0.0006518036342259702;-0.43372631310942816;-0.0002653171213580936;-0.0012587952298108215;-6.765272054664327e-05;0.004118143339847735;4.27384037452395e-05;-9.430263775120728e-07;-0.002196245978902444;0.002242349564037987;-0.0001297170912552871;-1.383033992691591e-05;-1.5345236094712204e-05;-0.00307448947442545;-0.0021182366703431637;0.004096775705347308;0.0180304202186754;-4.522071989250282e-06;-0.003189104012352729;-0.00016596501656343762;-7.185143722816913e-06;-0.00014346998068402958;-1.1461630504016128e-05;0.0031651422496426318;0.0037024205539261897;0.5346334330692036;0.0014370203016734362;0.5;-0.0042502862325473414;-0.005455891659422534;-1.435663002897945e-05;0.0012205633493996611;-0.0002441582215189237;0.0009673232362315667;-0.0009693184088361191;-0.0009450757195841019;-0.0022641845870009585;-0.00035557578654706924;-7.018197781390542e-06;-0.4585685356583544;-2.4296579058159044e-06;-0.07017996793969808;6.134047157781651e-07;-6.598562673066953e-05;5.7949905359382685e-08;-7.3891689010915914e-06;-8.083612045391201e-06;-8.089015083307465e-05;1.084633670611229e-07;-2.12162425774482e-06;-1.7115355431708453e-07;2.2333574985993362e-05
Sesselbahn;-0.6448574908054534;-0.0026977328573388687;-0.010202719201816167;-0.0011490166503249834;-0.03785375896336767;0.01353982108977503;-0.0005024990851174167;-0.0038989415681688704;-0.0005093568574690966;-0.7817447932957385;-0.0007226802003038247;-0.700721376966848;-0.00046047181646196797;-0.001113341200132866;-0.0008168937585068046;-0.0032887574865990803;-0.029163933706192278;-0.6288018704135082;-0.7983384601905195;-0.8139581171591422;-0.012203153981706363;0.030069452168474366;-0.46774715275884143;0.0031887441973395946;0.07866789346966042;0.012179271879771565;-0.03442290570118457;-0.5365935979021291;-0.08260444703797555;0.003519363410413972;0.05296000792744767;-0.00663798735719933;0.04726430437801621;0.0033671154815154117;-0.0019439151550721184;-0.03796191995397852;-0.23094815231191904;-0.004749936148806303;-0.03550883887835777;-0.017372912700096138;0.017336055482281777;-0.04087875255543588;-0.07311202512544444;-0.03554281370816676;-0.9979624978483232;0.005169621870752963;-0.9944582379320915;-0.003595082773391794;-0.22090828463625062;-0.8822292043394274;-0.0015559982281305599;-0.3077253580217658;-0.5287199699058323;-0.49718957254270135;-0.08204358747760387;0.027223122749199472;-0.33715392101278746;0.003984522358848445;0.03717734313740048;-0.06996990385714244;-0.40799699353576885;-0.22796619474234267;-0.5382900138167954;-0.8478692600239988;-0.3088557306818077;-0.0072933277991260636;-0.09084472223992615;-0.11197056130933289;-0.029497302333701236;-0.0032297280093168184;-0.0035822320421896032;-0.4194509777551692;-0.33213574027788834;-0.1379734257279193;-0.09488126569597287;-0.0010583068021317171;-0.4284172972420259;0.01165507568733202;-0.001680506294637021;0.014007933926692284;-0.002678050552033955;-0.1959946081086706;-0.7967679435801012;-0.22936604861967674;-0.7518472660006591;-0.9957497137674526;0.5;0.042566375765167856;-0.003352219589341055;-0.8035695923932121;-0.3740980105939656;-0.6683348134085131;-0.18521031445157948;-0.18141494594854435;-0.796157176307518;-0.040484760824568866;-0.0016415237569972882;0.004491203147299536;0.0023963281006940283;-0.9464742776941106;-0.002211902445697372;0.009421986540248133;-0.00019863125084120987;-0.001728142865032456;-0.0018902501575314818;-0.018599827594961642;-0.00189222250093671;-0.0004968045818727457;-4.009595805254364e-05;-0.5258413455585952
Skilift;-0.5855475123837347;-0.00210031927597839;-0.007956584075829517;-0.0008942591125510539;-0.029702906935566462;0.011782076050938008;-0.00039102993592630573;-0.0030363299055052675;-0.00039636705495780904;-0.03027128062205998;-0.0005623958547124987;-0.6456137821178813;-0.000358322215359201;-0.000866486685910575;-0.0006357269375313107;-0.002560797431165314;-0.03240076468680599;-0.5686043097226109;-0.7549188126168954;-0.7729450442434544;-0.01853655251013405;0.024986311937431487;-0.4060998857870936;-0.05689823095876361;0.05474549566993613;0.01274990708119447;0.001868976583484348;-0.473952442181102;0.030839828697483026;0.06880149892482332;0.05132643478513153;-0.0029188184061877008;0.021549137362609737;0.0032548759898585033;-0.0015131813993738289;-0.029788499246810284;-0.18940417011235391;-0.003699747600473687;-0.02784829188335617;0.0013953960625899993;0.0224784532799004;-0.032098274437708504;-0.8033363876009701;-0.027875148943566082;-0.09435517044694944;0.0049417173727890696;-0.9928889179450149;-0.0027995086587954336;-0.18074586090226905;-0.8535587870699045;-0.0012111150078160853;-0.25698542559098325;-0.4660735240102175;-0.4348320578867598;0.00394708086391549;0.0017267898177591322;-0.2835490915438845;0.007229727166269947;0.03346102470750027;0.03314872484763604;-0.349060117785751;-0.18682830902794456;0.0010547756480741059;-0.8126108626447623;-0.25799887647205616;-0.005684018875956019;-0.056821531482813034;-0.05406539292004307;-0.023102597240510517;-0.0025148010465905297;-0.0027894937697337152;-0.3598653055110904;-0.2789929453049449;-0.12580568891740726;-0.06028052523369341;-0.000823644675557133;-0.36836609638681905;0.006140511687180106;-0.0013080623191407846;-0.14619180689424108;-0.0020849865095418636;-0.17954765878990345;-0.11775960135911917;-0.29740286862464893;-0.7021521978081902;-0.9945441083405775;0.03312020177073793;0.5;0.0005824690480862917;-0.7609389850812818;-0.317432291638602;-0.006048820743834744;-0.15028605708544326;-0.14707717768786982;-0.7524135291681906;-0.015853320124216398;-0.0012777082700150579;-0.006395089066642489;-0.01901322761096639;-0.9322426533029831;-0.001721890369686972;-0.01188620666770216;-0.0001545585450158148;-0.001345155609900088;-0.0014713899900277365;-0.014532205282143497;-0.001472925927201729;-0.0003865981532110262;-3.119828769719725e-05;-0.030048174109193575
Skisprungschanze;-0.9981510467429107;-0.4457475705855262;-0.7539755196511422;-0.25484734699131417;-0.9212416857028439;0.006448821989828241;-0.13003612677732665;-0.5378353213990367;-0.13157805398393893;-0.9990618274171092;-0.17696509852659859;-0.9985655095957012;-0.12046611397486315;-0.2488974937243191;-0.19553948687165384;-0.4952060133720923;-0.9999341273516836;-0.9980183760254918;-0.9991510972268683;-0.9992318152580052;-0.9990047808500928;-0.9956783732522608;-0.9961872478508191;-0.9584247498547847;-0.14120133653514577;0.008231136100543908;-0.913786564482718;-0.9971036728566706;-0.9999905993869257;-0.9997778908469306;-0.9941840594998183;-0.08708228173550146;-0.999971057059585;0.0021131350637992514;-0.3667161389911254;-0.9214565937579499;-0.9889237010430635;-0.5865962116440671;-0.9162885621054786;-0.8401651390216596;-0.01249421056973105;-0.926855970000698;-0.9993597265817066;-0.9163645877887943;-0.9999931329275705;0.003255716492511099;-0.9999812567912747;-0.517539808678776;-0.9882768062762232;-0.9995512008971548;-0.31662924195047726;-0.9924901356440022;-0.9970108757023644;-0.9966100111860635;-0.9637319319080976;-0.00984944285107922;-0.9934307944561239;-0.9873716538063744;-0.9964846026678568;-0.9999812560457976;-0.9951432771778637;-0.9887374275609995;-0.99712331326309;-0.9993968618148258;-0.9925295417110589;-0.6859601060464597;0.09874585747981307;-0.999965200316721;-0.9003625455742319;-0.49066417004617124;-0.5166424009739101;-0.9953662632268099;-0.993282062791262;-0.9999788049907015;0.18373232969046505;-0.23953120107101036;-0.9955325643354602;-0.9203943233963924;-0.3335430714321691;-0.9849454930541577;-0.4439343246269791;-0.9998590830954859;-0.9991428068720039;-0.9999962886482543;-0.9988910848104947;-0.9999856433699711;-0.9966477804106589;0.22256445056559807;0.5;-0.9991784782798588;-0.9944040404154948;-0.9983336268496147;-0.9854188434762446;-0.9850500479608902;-0.9991395739920848;-0.9985886301154783;-0.3283377649204899;-0.008248502852921936;-0.8810354074262549;-0.9998098212996004;-0.3972556276420818;-0.8213141897420997;-0.055772454823905644;-0.33979597322797256;-0.3602269341085614;-0.849277648443141;-0.3604677717838224;-0.12875160225352944;-0.011780954337842363;-0.996976259452431
Spitalareal;-0.30741222543345414;-0.00066080037659524;-0.002513402082385676;-0.0002811180546492672;-0.009525688265274494;0.005589019447060358;-0.00012288119222844213;-0.000955901641006041;-0.00012455883841476452;-0.012718241789067183;-0.0001767537266773402;-0.36400566384710914;-0.00011260026158920994;-0.00027238236179265697;-0.00019981078835487202;-0.0008059304484638603;-0.03136792277508689;-0.29283072958608714;-0.4917973140800061;-0.516789061506562;0.0020567664298767876;-0.15926086247726737;0.014094371049921142;-0.018601355054026478;-0.14143256643952914;0.015369032852115605;-0.008639279077605205;-0.22060933307995859;-0.9886956163118737;-0.1085768687591809;-0.1232280228758087;-0.18258534755704325;-0.24975368705645276;-0.00037696605047713176;-0.0004758837327143151;0.0009873860169820243;0.012640397681305045;-0.0011652910380103997;-0.008919334399431302;-0.004303246458906688;-0.00720976652080131;-0.010311171585814488;0.22523553808702065;-0.008928103912360553;0.10745248404757243;0.006079157198443372;0.11145332831673561;-0.0008812018202802515;-0.0648192775718438;-0.646789336367046;-0.00038080723877154034;-0.09801028883061276;-0.2152189109246153;0.007408049564371112;-0.021380683735293803;-0.018588254605895447;-0.11058703236399108;-0.003093476162052425;-0.1890110129461414;-0.2371052194955657;-0.011617085636735682;-0.06732114400111222;0.02231123837730581;-0.021954931387490256;-0.09847989817691385;-0.0017927129343842253;0.2879090813136999;0.32196405644023984;-0.007374898195852896;-0.0007914295228353401;-0.0008780433894446554;-0.15010431027568943;-0.10838963198691537;0.3619486942356987;0.2846326261299581;-0.00025890725162918603;-0.15484871294096023;-0.009416660049175966;-0.0004113174605879743;0.003101325936821608;-0.0006559694888074258;0.3487874750291063;0.012796317750897204;0.05263821483731821;-0.4254922620102156;0.06990006190756883;-0.19643040760678784;-0.23906101491871826;-0.0008215217201412518;0.5;0.02056871683300612;-0.031658910872586314;-0.05264046310761162;-0.05139039928622217;-0.48842502218782635;-0.015377581874856166;-0.0004017643219451838;-0.11526000013790441;-0.006052226671532285;-0.8121171359461725;-0.000541598678773179;-0.0037649313775888074;-4.8562158619838916e-05;-0.00042299213880840977;-0.00046272738439050317;-0.004611483280582342;-0.0004632108992161827;-0.0001214881347566702;-9.80164514406885e-06;0.029996850090393084
Sportplatzareal;-0.7523501847089753;-0.004505385772197548;-0.016953703457388947;-0.0019209298369691587;-0.06175940161170603;0.014711367434337125;-0.0008404450854131539;-0.006506229919235844;-0.0008519109883288693;0.19312194846760483;-0.0012085256866394736;-0.7966377719856131;-0.000770174973115354;-0.0018613321629750382;-0.0013659908199537636;-0.005490254408473388;-0.009298738754167537;-0.7391887282322588;-0.8688259631288436;-0.8798079807362177;-0.024732768576915393;-0.5645609765193229;-0.5951953807942243;0.0250537751558011;-0.16668786702429447;0.012448244002098525;-0.05628863178863917;-0.659555172618804;-0.9983322778989103;0.10276927018167044;-0.49030648509084934;-0.9993718393412552;-0.9948829985412363;-0.0015788740240166531;-0.0032481072519887615;-0.06193147235149193;0.0014990975541690102;-0.007921773283685778;-0.0580229083558759;-0.028730590326009543;-0.08672935758956689;-0.06656259655554288;-0.8977871866809456;-0.05807712750549393;-0.998781197659736;0.004923754029227645;-0.9966803195911181;-0.006000399621858775;-0.3217578374566153;-0.926108085082264;-0.0026006111299366266;-0.42651136665082456;-0.6524174534115839;-0.6232660269676846;-0.13008320567119314;0.012393039982118218;-0.4597554298269399;0.013540781145517374;-0.6146692735829801;-0.9966801879927065;-0.5355459492692113;-0.3306702861258437;-0.6610857614116166;0.1888017038349791;-0.42780843156419324;0.0034119576371264694;0.23679742090892422;0.2623178440599778;-0.04839104557052522;-0.0053919243129034984;-0.0059790026056466975;-0.5472705011171242;-0.4541627505082448;0.3032930995542143;0.27557696560607653;-0.0017693887618194517;-0.5563507081940238;-0.06108939537450513;-0.002808472045759357;-0.2691007309610013;-0.004472574213826444;0.1648576054804822;0.2864563992531352;0.11751030536736454;-0.8352311250540646;-0.09570272371399705;-0.6259019894060345;-0.682567708361398;-0.005595959584505307;0.14078063155634882;0.5;0.12401055726538622;-0.27552636609618264;-0.27049464433291037;-0.8672803610478903;-0.7992612193886283;-0.002743396101240607;-0.05466250024216231;-0.04000871653059401;-0.9673039164947745;-0.0036952242148870595;-0.02521391420403964;-0.0003322847808264972;-0.0028879900676942486;-0.0031585518146990373;-0.030734522259152373;-0.0031618433496333094;-0.0008309240384209194;-6.708258775552415e-05;-0.6497939306432734
Standplatzareal;-0.025233123351191336;-0.0013405880339073804;-0.00508931785368068;-0.0005705366829926332;-0.01915032641073376;0.013418310451711964;-0.0002494313438785644;-0.0019386809970368304;-0.0002528362901511809;0.563253846250388;-0.00035876501987245035;-0.5374477628514025;-0.00022856493716939163;-0.0005528123316371962;-0.00040555534827712956;-0.0016347740770872314;0.00926833323871868;0.04616022648163085;-0.6626841202852413;-0.6846606183520516;0.015939485514178356;0.044808091389767865;-0.30367593039049745;0.0016731108418032345;-0.02861839053786875;0.014147705232161448;-0.01738401945101044;-0.36493068939032314;-0.9943995282586671;-0.04079803871931784;-0.019045943493496562;-0.14880590943499836;-0.9829551816517664;0.0034912739758634764;-0.0009656252076612535;-0.019206112165372914;-0.0029071501710570256;-0.002362838179149133;-0.017942418249013378;-0.008697529252054218;-0.028615697447582335;-0.020712855706441668;0.03589818611903513;-0.01795989851608868;0.055328344799808686;0.005596000448716783;0.17754795534478873;-0.0017873183693599612;-0.12335405968449749;-0.7880227972925463;-0.0007727792393662942;-0.18072572792985683;-0.357632003883935;0.013348156841388263;0.0037115493358949665;0.010155402470362415;-0.2015449049462262;-0.0018386387166640396;0.006189302910970635;-0.9888948884009291;-0.25484909153874674;-0.12780645908034532;0.009620489771231476;0.05867913357378866;-0.1815119079379278;0.0004488262728045286;0.25124216354713397;0.1173071931486371;-0.014859005661104964;-0.0016053839148413632;-0.0017809179965906094;-0.26392037227184867;-0.19794237769215617;0.14262664522286633;0.2254464486944618;-0.0005254712776326206;-0.27111463126571006;-0.018933243186819104;-0.0008346679796113163;-0.09845333495491364;-0.001330794066769013;-0.07497738052613709;0.13865270552482606;0.149493730736188;-0.60056636020266;0.11246294088955283;-0.33166518659148686;-0.0038578933632571685;-0.0016663731503852267;-0.06427122102650071;0.03678269362432127;0.5;-0.10136935333315376;-0.09908314207708284;-0.6596610522068781;-0.06753831945282027;-0.0008152902457751882;-0.11630824341008178;-0.012210587703271311;-0.8976992581029276;-0.0010988943680704543;-0.007613714261196029;-9.858182160232484e-05;-0.0008583485594528367;-0.0009389421167542749;-0.00931757827403118;-0.0009399227717259355;-0.0002466039891677217;-1.9898263191929298e-05;-0.35498324166717743
Staudamm;-0.8887413142359886;-0.011760203254126736;-0.04337999427519642;-0.005035164989675409;-0.1475436226679908;-0.013087004080825079;-0.0022068582106208505;-0.01692812855409545;-0.0022369238826155657;-0.9403243775897595;-0.003171472409420262;-0.9115068019007971;-0.0020225727525688465;-0.004879419190482689;-0.00358378243253016;-0.014308167131688716;0.11872027736873075;-0.8816885440714235;-0.9456989082858728;-0.9506109009061152;-0.06166043136750565;-0.7731976311413982;-0.7944967809459952;-0.2543489251790219;0.021289223378749424;0.011362044793984054;-0.1355719322145065;-0.835905706271232;-0.09554756831161834;-0.9852082399277213;-0.7166659259288302;-0.08525075076279277;-0.998047750001725;0.0029169208277087136;-0.008495664043667096;-0.14791702043267918;0.028821985324450128;-0.02056420307009577;-0.13938816118853434;-0.07216629416861717;0.027865536409230875;-0.15789571776693467;-0.9584984850970214;-0.13950715134056774;-0.02895109678246843;0.004228798086485133;-0.9987348815463531;-0.015624785202698124;-0.5550402614108969;-0.9705494445004927;-0.006809236390152522;-0.6616515873886144;-0.8315208659856025;0.36907354148061483;-0.2822230325102909;-0.0151153398982278;-0.6911358294935707;-0.5363770636124541;0.0906594299815668;-0.10804208686778859;-0.7519773448172331;-0.5650312923357403;-0.8368395832706005;-0.9608126022514548;-0.6628372431141657;-0.031309084794194884;-0.03552047057378783;0.004243479430591971;-0.11794069721833886;-0.014054140597659687;-0.015569605856284988;-0.7606798587391416;-0.686304105431535;-0.056538752245307626;-0.16892523307281124;-0.004639085579046798;-0.7672997771535336;-0.14608787821764604;-0.007351003902528399;-0.4918937515644368;-0.011675176387136863;-0.9905651234505559;-0.006154437626236795;0.12280009660941334;-0.9302104646376095;-0.9990306815911639;-0.8147896855484205;-0.8497139429145567;-0.014581156523755261;-0.9473595368923885;-0.7244736339038172;-0.8986306466668462;0.5;0.06150697900253793;-0.9450017498750607;0.1495873103260171;-0.00718142961577069;0.009614058603742285;-0.09876125584798505;-0.9873081165658434;-0.009658132141693013;-0.06368159465287133;-0.0008732423586747151;-0.007558162629175699;-0.008262624553696247;0.014059133586091786;-0.008271190922309891;-0.002181891450152333;-0.0001763687998089683;-0.8298967336869398
Staumauer;-0.8912235644435315;-0.012058522594250954;-0.04444433540358934;-0.005163782665129077;-0.1507608799831215;0.011212751425837013;-0.0022633942915422814;-0.017355239649912747;-0.002294228425648842;-0.06354924924200962;-0.0032526397645463714;-0.9135305569181529;-0.0020743975579626244;-0.005004078521889512;-0.003675463112368718;-0.014670160823237247;0.1427756153313167;-0.8843076626195348;-0.9469862006134151;-0.9517876832774995;-0.06081584035501741;-0.777612683835449;-0.798605209483301;-0.25918701421059;0.00949350883089447;0.011097953709418436;-0.1385705758100206;-0.839353676005117;-0.9993809726550552;-0.9855731902102077;-0.7217854774178838;-0.001969897479721159;-0.9980965290076544;0.0029102606469061255;-0.008711902326838356;-0.1511409762588934;0.06341282698177461;-0.021081088113315636;-0.14245730334321122;-0.07388236780671396;0.02474045503030874;-0.16129599581026255;-0.9594953396311944;-0.14257847944130123;-0.9995477311828467;0.0044838501736582485;-0.9987665130715118;-0.01601954770152214;-0.5612924910048891;-0.971265516067913;-0.006982852700380799;-0.6673037241419764;-0.8350427886925479;0.3415680664145304;0.05818770274846211;0.008268372392094952;-0.696521340622913;-0.542675461117103;-0.8113944895420876;-0.9987664640714023;-0.7566754851561784;-0.5712515789585575;-0.8402716798589751;0.08064996215760051;-0.6684794974276509;-0.03208719653848669;-0.1092144381028518;-0.9977122203444349;-0.12060377377342166;-0.014409801423528835;-0.01596299684827635;-0.7652646107509118;-0.6917362880709198;-0.07442048522677272;-0.07375597156907215;-0.004757634226099621;-0.7717957549091717;-0.14927895109497022;-0.007538328910349768;-0.49823114067621244;-0.01197136499115136;-0.9907991401297309;-0.9464957500916902;0.2142114161760428;-0.9318384703038715;-0.9990549242804159;-0.8185850540514555;-0.8529228223121301;-0.014949952039109756;-0.9486096007137778;-0.7295053556670896;-0.9009168579229172;0.0630862612712957;0.5;-0.946304631041931;0.12112230418432086;-0.007364465435795182;0.06427356873527752;-0.10104087298278364;-0.9876219084878373;-0.009903662930857109;-0.06521008714630244;-0.0008956440603422612;-0.0077507254260802076;-0.00847298202172813;-0.07878015332565835;-0.008481764615601002;-0.0022377893581696164;-0.00018089650929177983;-0.833445807143846
Steinbruchareal;-0.013752802219083699;-0.0006920987567354386;-0.0026322166150719844;-0.00029443832701101343;-0.009972676203099022;0.0033343998313472376;-0.00012870466132307984;-0.0010011632978479113;-0.0001304618025550526;-0.47836748430958015;-0.000185129799199185;0.06905267090181298;-0.00011793656402354925;5.1966691683635e-05;-0.00020927926893865047;-0.0008440970139323072;-0.05699698191581953;-0.3025114129002333;-0.5033735731200257;-0.5283420081672076;0.014135498115423119;0.0006577199173557333;-0.18367597371272604;-0.019465844243633176;-0.03581550955442203;0.01528279713195221;-0.009045052568844976;-0.22867450861747032;-0.9892016420267505;-0.7949291310366627;-0.12831921179516204;0.008718919829184785;-0.9674829475755758;0.00392357542111859;-0.0004984280246092637;-0.010001999676833103;-0.07139785542440269;-0.001220455108372314;-0.009338137751159912;-0.004506288980707727;-0.019563852441472684;-0.010794616218803127;-0.5734038878476807;0.00012799605026488463;-0.06353147822559996;0.006045040690907649;-0.015333891463860525;-0.0009229297304885151;-0.0676835859590231;-0.6572952830177992;-0.00039884921892266787;-0.102181024889845;-0.22314344111208917;-0.20202445011896844;-0.02237139647370517;-0.007088126366681953;-0.11522459197268818;0.0017981888280841287;-0.19621181685898686;-0.978697505206137;-0.14998747334918602;-0.07028769844232911;0.010361805710680499;-0.587960068133725;-0.10266834338175321;-0.0018775228918939536;-0.02264700225265467;-0.28645712085915;-0.007721748245026433;-0.0008289099355498617;-0.0009196218748479839;-0.156108192880706;-0.11294674390021955;-0.0577356692465859;-0.07223405950739999;-0.00027117539059060556;-0.1610064125570021;-0.009858582817494113;-0.0004308043386491898;-0.05333698230428369;-0.0006870392143955936;-0.8593591074440506;-0.5009419022693256;-0.06497285366388561;-0.4368493890552187;-0.13581272221976967;-0.20384282369248194;-0.24758647083180946;-0.0008604260079152832;-0.5115749778121736;-0.13271963895210967;-0.34033894779312196;-0.05499825012493936;-0.05369536895806897;0.5;0.016790910831578423;-0.0004207987940252058;-0.08545266572185105;0.0019801669559461215;-0.17622483210293646;-0.0005672543527943257;-0.003942674848426926;-5.086374962025065e-05;-0.00044303187985285684;-0.0004846487158415756;-0.0048289989803055626;-0.0004851551256685729;-0.00012724559379241;-1.0266210451621512e-05;-0.2211478353201887
Strasse;0.03261403919979223;0.00018624168964558792;0.0014693826464040704;0.00014756520371350126;-0.016263358910822447;-0.002056621663627233;-0.00021121526245741973;-0.0016420752994681825;-0.00021409863900384484;0.022181146776132178;-0.00030380270719610944;0.007748906918350077;4.800655251822606e-05;-0.0004681361565901382;-0.000343427283626412;-0.0013845996764420478;0.0768841422916714;0.012424175757539102;-0.6245566641522476;-0.6476966122148108;0.013025844988528195;-0.24564239441471084;-0.2696895632889761;7.415525138628181e-05;0.004257618911360413;0.012986946887090333;0.0014428798928554098;0.061374883586322274;-0.18468477095887667;-0.024656738905141504;0.025823403472698812;0.014403672762458122;0.032957690821998516;0.002469301166170386;0.00017999817368937612;0.002425562230726124;0.017097775212411726;0.000484466755941222;0.0024533126192471917;-0.007374503826409515;-0.008578625890439414;-0.017594557781910068;0.06422117319610966;-0.015249601356916932;-0.02219595057242245;0.005242370759042789;0.05476336624076425;-0.0015138350535390244;-0.10646316025379907;-0.010559669746761579;-0.0006544320350142771;0.013351592381877728;-0.3203854669363897;0.04662522958492805;0.0041246266503717635;-0.006855384087821048;-0.17609804356343275;-0.0003418462211991424;0.014337958801579759;-0.07079839610483735;-0.011951308583171378;0.021142571094910943;0.16174140414094185;0.07677311097003554;0.014289272571463263;-0.0030777232607905954;0.07662857001757048;0.13549122692972007;0.0017048014714131714;0.000522161765750303;0.0005624618138866982;0.017833026928309372;0.0433553405483892;0.13716507498779185;0.07123984039076281;-0.0004449811617249095;0.04268983309722805;-0.016078465159365448;-0.0007068495345840178;0.053343512156193776;-0.0011270861258867602;0.013777487112885902;-0.005269655405991396;0.017244488514073803;0.08957796402635762;-0.035004805189166696;-0.017011987369295416;-0.008561648695553948;-0.001411369884521662;-0.026434207714425534;-0.20073878061137176;-0.05718839651443363;0.014288211609672837;0.011279681858137313;0.02755758250804008;0.5;0.0001293276037469722;-0.03276131688674808;0.0005899468771718188;0.025800540852819954;0.0001614912459416321;-0.006454479996301879;3.6844447721064204e-05;0.0002297092824407107;-0.000795168164374116;0.0022715078733154745;-0.0007959987778221975;-0.0002088210042745839;-1.6849001345664117e-05;0.03315300456780387
Strassenpass;-0.9990952960491577;-0.6219528383064173;-0.8624324305358413;-0.41163471743806196;-0.9598845436917709;0.00795927827991218;-0.23416753025571213;-0.7041927148252531;-0.23660839162101663;-0.99954116032726;-0.3054807022315505;-0.9992982440275789;-0.21886192889848327;-0.4040090370623654;-0.3321012258754995;-0.6674193571203703;-0.9999677974951249;-0.9990303136470965;-0.9995848391902308;-0.9996243303167774;-0.9995132458997168;-0.9978827234301046;-0.9981325210738189;-0.979234918055483;0.007861009460788621;0.007863060884099216;-0.9559122323093361;-0.9985820498574799;-0.9999954045486613;-0.9998914110402758;-0.9971484375995735;-0.0007980651924257586;4.252457210339368e-05;0.002018641079800758;-0.5422445636680194;-0.9599985854040259;0.4169545516133524;-0.7437639504536709;-0.9572488975672981;-0.9149141930061401;0.023166982811721033;-0.9628552414776482;-0.9996869039863154;-0.9572894575561737;0.05734965088818772;0.0031101292021320464;-0.9999908374151468;-0.6869504700566433;-0.9942346438883091;-0.9997805571026547;-0.48660487950294545;-0.9963147042954215;-0.9985365497864007;-0.9983399492052611;-0.9819357002698257;0.005600344738123003;-0.996777866533917;-0.9937866063306715;-0.9982784270924558;-0.9999908370507181;-0.9976199136046603;-0.9944624847574083;-0.9985916793386729;-0.9997050688496029;-0.9963341160548177;-0.8171284307045895;0.05757495483508406;0.0099260311618492;0.7139006840722145;-0.6633737020719489;-0.6861770996685479;-0.9977294496280756;-0.9967046636801948;-0.014634925231548723;-0.03068455336864135;-0.3918509024930334;-0.9978111243749398;-0.9594346334022537;-0.5058770369921982;-0.99258363057246;-0.6202249105771416;-0.9999311087150258;-0.9995807829669735;-0.9999981857261209;-0.9994576064953483;-0.9999929818022187;-0.9983584762430028;-0.9987222917299851;-0.6716622350795101;-0.9995982356780548;-0.9972566038987594;-0.9991847097542248;-0.9928185703842293;-0.9926355345642048;-0.9995792012059749;0.1871832976966999;0.5;0.006559270960059908;-0.9380795725999627;0.09086412596402939;-0.5741490256444755;-0.9038704648239078;-0.10780368641226187;-0.512874448137634;-0.5352746551930797;-0.9201700313069421;-0.5355345609466573;-0.23212883921247474;-0.023806377283227313;-0.9985195757252602
Tal;-4.393202796322747e-05;4.027591754309399e-08;-1.9656578060947817e-07;-8.292873313292416e-10;-9.587088502412918e-06;0.05140614465444599;1.8663852609534172e-09;-9.538188172722155e-07;-5.022068146493039e-09;-6.910635214296653e-05;-6.097647653321939e-09;-7.873126330549078e-05;-1.229523884180292e-08;-1.0011982844815729e-08;3.2351583464347106e-09;2.8721329896457047e-08;-3.734794135728407e-05;-2.4370409617973708e-05;-0.0009637584337388677;-0.00020187123722738761;-2.3421670900021158e-05;-1.7629982209556127e-05;-8.109835336065432e-06;-2.10468163177843e-07;0.04965832651774529;0.07451204870091067;5.014554239861535e-07;-0.0002820875418294241;0.007232697493956085;-0.00041228133785985784;-5.980435845009446e-06;-0.0015980250160340383;0.003585409635098226;0.018985623605030887;-5.224894456886151e-09;-7.950152130212051e-07;-4.596134790795175e-06;-1.2199456629858715e-07;7.197878302622916e-07;3.339056467366966e-08;0.05231620677545688;-8.05710879990395e-07;-0.00015917122864557933;-5.662544840710506e-08;-0.023342799149269997;0.029480261274591472;-0.024949427800283273;-7.145544044862585e-09;-1.1775886440353625e-05;-0.0002640435097431403;-3.7975910586324134e-07;-1.2978597335385621e-05;3.676073734505742e-05;-1.5790716902256898e-05;-3.560334543297529e-07;0.07469971756682928;-1.7224700241926333e-05;1.5138885296504612e-06;7.176349553508659e-06;0.0021611336061687627;-8.910778615113879e-06;-1.0862057915470393e-05;6.60309401493291e-06;-0.00017886383763688355;-8.805366874847545e-06;-2.5749161505833372e-08;-0.05246491298023082;-0.0022599145890356757;5.145151517263273e-07;-5.948804010002221e-08;-4.004340050408891e-10;-2.5074661409466497e-05;-1.4130355363759827e-05;-0.005203136264919904;-0.009367774032832284;1.7416267447373042e-09;-2.032676736497269e-05;-2.4577104808054976e-07;3.1363111351703852e-09;2.66104862672225e-06;-6.543439397161569e-07;-0.0007003188462236025;-0.00011432289672340978;-0.06794488744565148;-0.0003797867861107433;-0.026179372934262788;1.094424167875371e-06;-2.002826243232767e-06;-6.760656334594511e-09;-0.00011489903139609377;-7.961438309896965e-06;-5.711203932454612e-05;5.32536508829534e-07;3.471080154001897e-06;-8.133022576279033e-05;-1.899856731947368e-05;2.628083804607605e-09;0.49999999999999994;-2.4718697788801105e-07;-0.0006265482929529118;-1.2085592766046994e-08;2.0707790521217736e-08;-1.7670853516327417e-09;-3.444205691292236e-08;1.8045133425770994e-08;-5.43257096954168e-07;-1.3302911544992546e-08;-1.2112236114027427e-07;6.318091910326879e-10;-3.422389162493477e-05
Transportseil;-0.9864671910134709;-0.09795649201037863;-0.2926924763323206;-0.04414205799252846;-0.6123180761410084;-0.0015873343464386346;-0.019783770043433988;-0.13579768161842065;-0.0200484875716977;-0.9930935294471912;-0.028213981396757872;-0.9894730946920796;-0.018158421928745113;-0.042828742239914154;-0.031778176019444236;-0.11696930193650182;0.017300472007530956;-0.9855083229456173;-0.9937471455772837;-0.9943387876542451;-0.9926762346213182;-0.9688567875996285;-0.9724364922482474;-0.7568550709121767;0.03652217430373006;0.009471484834130392;-0.5886770571877897;-0.9789409187066156;-0.9999303845449271;-0.9983574272201292;-0.9584750047072677;0.0036179013478233463;0.03873426409751041;0.0024315634486457966;-0.0725204212955045;-0.6130218496343688;-0.923405109813259;-0.1607902411175937;-0.5964473017531965;-0.41512593840815254;0.006647985531350254;-0.6311365598435625;-0.9952775921144973;-0.5966859472797321;-0.9999491456433046;0.0037463204063821736;-0.9998612070389336;-0.1265201062661341;-0.919244173683739;-0.9966857837730755;-0.058879513973262874;-0.9469357480154393;-0.9782788710645116;-0.9754278139103242;-0.7820415769649454;0.014049477041216948;-0.953313981696984;-0.9134756327821836;-0.9745388152309641;-0.9998612015193578;-0.9651170400359225;-0.9222036699605615;0.12674530028615066;-0.9955504330074563;-0.9472014727417984;-0.2277653601126693;-0.0361331508830936;-0.9997423357718198;-0.5495833643912166;-0.11510547571849773;-0.1261234748565098;-0.9666724473141707;-0.9523005864022127;-0.9998430539857156;-0.04417568647121904;-0.040795860267105646;-0.967835269160701;-0.609555668770785;-0.0633001373139178;-0.8983146343405239;-0.09730962697052194;-0.998957330002447;-0.9936864139005087;-0.015028975465533018;-0.9918454529518851;-0.02285129121435812;0.09620106590413523;-0.9809867723890335;-0.11896459257374503;-0.9939477733284678;-0.9599912834694059;-0.9877894122967287;-0.901238744152015;-0.8989591270172164;0.3104836961263432;0.05636156404221584;-0.06192042740003734;-0.040722667289084365;0.5;-0.9985932764595121;-0.08172138593880078;-0.3829619171059135;-0.007912567034281457;-0.06498078508321709;-0.07065630851559393;-0.4320909564767206;-0.07072494910921631;-0.0195638500298285;-0.0016071376663863615;-0.978032104263713
Truppenuebungsplatz;0.009046506666301761;-0.00015295350173419572;-0.0005825997651301246;-6.505056747266434e-05;-0.0022200176775892355;0.02218893133698295;-2.843118335165115e-05;-0.00022130994065410462;4.225032012874097e-06;-0.16844079439958282;5.312904539530061e-06;-0.01213230101169842;-2.6052264987724618e-05;-6.302870950843418e-05;-4.623321948813035e-05;1.0748448861715482e-05;0.025160281257413077;0.021781852610917533;0.012068879597438303;-0.007843637004090681;-0.004408209264099744;-0.041984485756502064;-0.04734587347638715;0.00037874658944222984;0.08013815329444875;0.018696217345929477;-8.40643231870455e-06;-0.06145965588736663;-0.9529059725507493;-0.09101382577743981;-0.0009404864013174798;-0.05316750974887153;-0.13767032944387037;0.004800363204744639;-0.00011013573281995554;-0.002226596645024755;-0.00012490524576141724;-0.0002698311451556579;-0.0020777278247008616;3.11412517642754e-05;-0.01691068505337081;-0.002404541664900774;0.0389423000012321;6.197537526311797e-05;-0.15572931978490226;0.007395778872685819;-0.9103000555268208;-0.0002040037478745423;0.0029659562834487437;-0.06376694407205385;-8.812534551864229e-05;-0.024522009583329764;-0.05966026598276467;-0.0011087451285190818;-0.0003559768155113851;0.03518166244615183;-0.02796101468305494;0.000875035988247317;-0.051160346439013446;-0.10477630827811496;-0.037512987266256195;0.0009857796456594105;0.0013658940815986997;0.023069997195484655;0.004285684207391377;4.764029603767547e-05;0.08738148365779097;0.05329840628461557;-8.431360542163142e-05;-0.00018320824742329645;-0.00020327205750385568;0.015037403728562278;-0.027354924568350546;0.18752082551000343;-0.026013049925853148;-5.990997650973976e-05;-0.04066420531456041;-0.0021944227513871857;-9.518816864727007e-05;-0.01229189257840585;-0.00015183474638826052;-0.09990024377817484;-0.02362754886598371;-0.32635562082309466;-0.14627850055512812;-0.929820032060302;-0.05352572230588941;-0.06775734669701695;-0.00019017870039961314;-0.1878828640538275;-0.03269608350522551;-0.10230074189707246;-0.012691883434156594;-0.012378091512162712;-0.038924604972309235;0.0034723145278268276;8.449029710605044e-06;-0.14540699414101618;-0.001406723540487838;0.4999999999999999;9.66635656942708e-06;-1.4148795904262371e-05;-1.1235248746070515e-05;-9.789083211523608e-05;-0.00010708982156904769;-0.0010706592641821556;-0.00010720176212125851;-2.81088397078748e-05;-2.2676224341221345e-06;0.009710346435926248
Turm;-0.9987806267334982;-0.5495978016794524;-0.8230051852551538;-0.3416362162768015;-0.9466599139098567;0.006369297224197665;-0.1848652633610378;-0.6384272244203548;-0.18691764870349709;-0.9993814731462071;0.1382525493005188;-0.9990540961680113;-0.17205815560583487;-0.3345698966993275;-0.26943395621602917;-0.5981437505680325;0.025940556450606504;-0.998693072063738;-0.9994403447868557;-0.9994935736160964;-0.9993438502075446;0.29410355622595824;-0.9974838278343494;-0.9722046940721323;-0.013511554152256262;0.007630669880219036;0.35257238969031046;-0.9980892073947949;-0.9999938042417535;-0.9998536016314508;-0.9961592254541655;-0.004633696050721158;0.020041889889928402;0.001307086665974297;-0.467690716499314;-0.946809467796475;-0.9926721827526965;-0.6828336983866709;-0.9432067982710035;-0.8885852148630164;-0.01603699082125696;-0.9505595021938015;0.32887026269789293;0.3508409436155944;0.0914698339687868;0.0027858737808124376;0.07208386940128055;-0.6194233220163315;-0.9922424951554861;-0.999704161066173;-0.41280228519400664;-0.9950377078776732;-0.9980279239184608;-0.9977631473680663;0.3214763266636133;0.009661508742408939;-0.9956606620415578;-0.9916409452675485;-0.9976802984296954;-0.0013274130729796106;-0.9967937314329844;-0.99254847362483;-0.9981021774713836;0.2121891305474753;-0.9950638127045142;0.3456568500171016;0.07080494217560519;0.09743530625866755;-0.9320220177858166;-0.5937683141680742;-0.6185757564021983;-0.996941173322219;-0.9955621906974735;0.08568274965861564;0.05229272892918659;-0.3233676424724896;-0.9970511196198356;-0.9460700174510492;-0.431608798215312;-0.9900267168817836;-0.5477796221625452;0.06186082560373122;0.1882981374913909;0.04200535822548756;0.16054471967724235;0.06482633551151987;-0.9977880975543026;-0.998278109630313;-0.6027443723579182;-0.9994584013212268;-0.996304775785113;-0.9989011056319295;-0.9903418678583069;-0.9900963370691428;-0.9994327456472056;0.17336357801527652;-0.42585097435552455;-0.022372644984347847;-0.9182786140611993;0.07710480451561443;0.5;-0.8745925322637312;-0.08224907659460484;-0.4384905479653204;-0.4607146130527886;-0.8952812714472054;-0.46097422658649073;-0.18315315071720112;-0.017766629418677744;0.20920998031759566
Uebrige Bahnen;-0.9915575817214825;-0.14891401059834736;-0.4000281402212736;0.03087863888158737;-0.7178986204791967;0.0054727867015859554;-0.03149526698290697;-0.20203148831216602;-0.03191158899281236;-0.9957022699899287;-0.04468843492138778;-0.9934403278781886;-0.028936156739017716;-0.06724639225220873;-0.05022623764409029;-0.17588883577275083;-0.9996972936650845;-0.9909560869136195;-0.9961099666156656;-0.9964788318801989;-0.9954418740278534;0.16951000679750167;-0.9827120640666118;-0.8337594776598677;0.03687229078354438;0.009143259285961798;-0.6975154119751613;-0.986824518664534;-0.07394545472415749;-0.9989799089389978;0.544935971152032;0.005737658090061974;0.09719510261595504;0.0023472997129687645;-0.1118872152213952;-0.7184988435480462;-0.9510390867123553;-0.23588663596217763;-0.7042625174949279;-0.5334949076208199;0.018219855008825513;-0.7338199923644486;-0.9970637986315579;-0.7044689963050105;-0.11763332238899543;0.0035537873560991134;-0.9999138542358427;-0.1892196484760688;-0.948295280311002;-0.997940457185192;-0.09157260948748779;-0.9663893217363035;-0.9864068713171761;-0.9846058856746036;-0.8525319036470207;0.00841952478751496;-0.9705021083487899;-0.9444765716910417;0.5464142871409997;0.012848795680972701;-0.9780597114393438;-0.9502477492069847;0.1507750151103687;-0.9972337268468126;-0.966561070703186;-0.3221350370186283;0.08675896091106343;0.04061016354983706;-0.6628414784509978;-0.173270388830547;-0.1886689145512088;-0.9790505408835262;-0.9698500093308103;-0.007297881333333359;0.07487484934250192;-0.0641321721260653;-0.979790511301917;-0.715539026207814;-0.0981917051116874;-0.9343572793225599;-0.14798584810637946;-0.9993526154776695;-0.9960720934416278;-0.13882361169344273;-0.9949232121085604;-0.9999340143732695;0.6094421163181675;-0.9881137933322979;-0.17868581025790037;-0.9962350686224112;-0.9747860857959604;-0.9923862857388039;-0.9363184053471286;-0.9347899128536976;-0.9960573251515731;-0.9935455200036981;-0.09612953517609212;0.0054966840161131385;-0.6170380828940866;-0.016182877435652426;-0.12540746773626876;0.4999999999999999;-0.01268756964800718;-0.10069914956630854;-0.10913025700537544;-0.5507422248714771;-0.10923188085741145;-0.031149296908156144;-0.002586920317720578;-0.9862511463759716
Verladestation;-0.9998905980041629;-0.9315801758799558;-0.9810907905787646;-0.8527284138355529;0.6222414741771466;-0.006297440298041664;-0.7167602511281207;-0.9516953994236229;-0.719505409841984;-0.9999445362310623;-0.7844924486804842;-0.9999151547895125;-0.6986891506848446;-0.8487186096097393;-0.8045026647046117;-0.9432090273995344;-0.9999961088753989;-0.9998827332541743;-0.9999498179864771;-0.9999545930012229;-0.9999411605373544;-0.999743693306119;-0.9997739822631584;-0.9974443074814743;-0.9999999282387894;-0.0009431268294146424;-0.9944580862608587;-0.9998284558603776;-0.9999994447314016;-0.9999868779912348;-0.999654581006277;-0.9999997910711957;-0.99999829038794;-0.001988872238261644;-0.9074388270607205;-0.9949904713349879;-0.999338868640271;0.7067478393469326;-0.9946326693433117;-0.9888878780657014;-0.0272449146681266;-0.9953602984829069;-0.9999621583305093;-0.9946379602562297;0.06843744550674581;-0.0010283271720018339;0.14128473709131617;-0.9478105913460636;-0.9992998255724675;-0.9999734796951587;-0.8869322127331869;-0.9995532599088633;-0.9998229441532426;-0.999799123623295;-0.9977820744411823;-0.010467674386618084;-0.9996095650107865;-0.9992451147274268;-0.9997916677836669;-0.9999988928359672;-0.9997118121788575;-0.9993276311056404;-0.9998296222828316;-0.9999643543566653;-0.9995556206558898;-0.973670591012688;0.10734681465636126;-0.9999979444284087;-0.9935059033191916;-0.9422278018416701;-0.947632533710704;-0.9997251016493542;-0.9996006690417139;0.08788434413126751;0.1065759432582418;-0.8420865464073077;-0.9997350091782893;-0.9949172335466436;-0.8944367193755011;-0.9990980021042148;-0.9311106995965426;-0.9999916753922736;-0.9999493275150885;0.09784573564748095;-0.9999344315657306;0.06833621059400322;-0.9998013687491588;-0.9998454414549842;-0.9442275451760944;-0.9999514378413801;-0.9996677152191735;-0.9999014181783977;-0.9991267576413252;-0.9991043559396577;-0.9999491362503796;0.44134145947343767;-0.8921963135877382;-0.0365006586236613;-0.9920874329657186;-0.9999887647512539;-0.9177509234053951;-0.9873124303519929;0.5;-0.8970514172140325;-0.9050558431502433;-0.9896260965678975;-0.9051455898967984;-0.714439608507907;-0.16793506237480899;-0.9998208878663626
Verzweigung;-0.9990475199882282;-0.609767764878579;-0.8562063858438129;-0.39921888555211005;-0.9578534567479408;0.0040331238623753695;-0.22505699287734324;-0.69335144883392;-0.2274310917075554;-0.9995169183065511;-0.2946631776106312;-0.9992611774200815;-0.21018344200774058;-0.3916700985850608;-0.32077641941550616;-0.6558889409238862;0.03718185724488692;-0.9989791094693037;-0.9995629038594743;-0.9996044807035095;-0.9994875298234239;-0.997771056082644;-0.9980340023552634;-0.9781612703026488;-0.0019518589943617341;0.007888448070246079;-0.9536897264181806;-0.9985072105305582;-0.9999951616395655;-0.999885671809018;-0.9969981597598689;-0.10272819014038966;-0.999985103343281;0.0010780590435756341;-0.5294341495750657;-0.9579730197024057;-0.9942684038649411;-0.7338247761295992;-0.9550906085535111;-0.9108177556539835;0.0010707798728796538;-0.9609684479631484;0.14596145277259628;-0.9551331202373939;-0.019418553719851496;0.003120170767652157;-0.9999903530961245;-0.6757682370409153;-0.9939317430986391;-0.9997689602834963;-0.4737485401246956;-0.9961206595015294;-0.9984593126735467;-0.9982523541830782;-0.9809989854402211;0.0012519735218854302;-0.9966081259638;-0.9934603213345333;-0.9981875916589026;-0.9999903527124329;-0.9974944201994469;-0.9941714841176854;-0.998517347500596;-0.9996894839691443;-0.9961410894048769;-0.8093053767695642;0.08533240989822019;0.13160136277298584;-0.9461124992128849;-0.6517762055884276;-0.6749803119575475;-0.997609717826002;0.2589803487339114;0.125143787440086;0.04637198665850945;-0.3796467545094423;-0.9976956895395684;-0.9573817784271175;-0.4930004704159147;-0.9921946696679153;-0.6080192438749124;-0.9999274674650838;-0.9995586334172687;-0.01607244064089871;-0.9994289525707689;-0.9999926108310989;-0.9982718571349676;-0.9986548443900999;-0.6602040267720274;-0.9995770078611916;-0.9971120099323058;-0.9991416514405471;-0.9924418373708244;-0.9922492745739198;-0.9995569681201472;0.31577973555090716;-0.4871255518623659;-0.08164607094240535;-0.9350192149167829;-0.9999021091678848;-0.5615094520346795;-0.8993008504336913;-0.10294858278596765;0.5;-0.522440972582892;-0.9163034868754659;-0.5227016557368109;-0.2230745154025195;-0.022638233739948194;-0.9984414441636852
Wasserfall;-0.9989580972933423;-0.5881958015454214;-0.8447898875042581;-0.37788264819131573;-0.9540743531803282;0.005721717030880828;-0.2097786693665393;-0.6739291874451183;-0.21203569725584304;-0.9994715413228114;-0.27634458408118506;-0.999191797526102;-0.195659896016258;-0.3704885104122589;-0.30152841908955436;-0.6353418333857693;0.3532318974115156;-0.9988832712960486;-0.9995218443389559;-0.9995673250983297;-0.9994393938596288;-0.9975620862052818;-0.9978496313149657;-0.9761577580859633;0.004293536937106437;0.00793311390698962;-0.9495569399143483;-0.9983671442956216;-0.9999947069232564;-0.999874928362601;-0.9967169670622666;0.07312170105921789;-0.005765764610643031;0.0020366254168698596;-0.507011702778785;-0.9542041242757471;-0.9937331128490975;-0.7159156620325304;-0.9510764252646254;-0.9032471675559863;0.016213008280946958;-0.9574562469038337;-0.99963939045451;-0.9511225423540495;-0.9999961334541857;0.0031378377484902326;0.027219771593308184;-0.6557851871760052;-0.9933652201321692;-0.9997472522004727;-0.4514220382619453;-0.9957576181045349;-0.9983147598384121;-0.998088420932358;-0.9792502862470476;0.014353310900023378;-0.9962905333957409;-0.99285010376671;-0.9980175955964219;-0.9999894460507702;-0.9972595861480947;-0.9936271994916469;-0.9983782308577812;-0.9996603109694261;-0.995779951805469;-0.7950564864071152;-0.09259552500842883;-0.9999804055930133;-0.9413451000018954;-0.6311216371632181;-0.6549734946550694;-0.9973856616575256;-0.9962063010790143;-0.9999880659497342;-0.9999916811474585;-0.3587319536812174;-0.997479671680887;-0.953562431866467;-0.4705779838330658;-0.9914673684336825;-0.5864161822601579;-0.9999206512544041;-0.9995171729377939;-0.041090174372149416;-0.9993753179256069;-0.9999919163879546;-0.9981097498424685;-0.9985286100099723;-0.6397730658914387;-0.9995372726156094;-0.996841448185301;-0.9990610578832458;-0.9917373754463037;-0.9915270179782718;-0.9995153512841584;-0.9992048318356259;-0.46472534480692024;0.039101744834885106;-0.9293436914844061;-0.999892910178431;-0.5392853869472114;-0.8908697429946246;-0.09494415684975666;-0.477559027417108;0.5;-0.9091521285900611;-0.5002612154558849;-0.20789467046968116;-0.020733747806975185;-0.9982952177030431
Wehr;-0.9896701934358345;-0.12490115566366743;-0.3522832620266019;-0.05722314759356395;-0.6748912484514633;0.007943690417893518;-0.025841655298875915;-0.17117599378428996;-0.02618526524535076;-0.9947365502604633;-0.03675644076801439;-0.9919704381286257;-0.023730666670591934;-0.0555432579937857;-0.04135385829225973;-0.14828406313639894;0.22067261836554322;-0.9889357288425118;-0.9952354198224941;-0.9956868533046042;-0.9944179701527341;-0.9761270246088131;-0.9788892725558264;0.18781112089014942;-0.04625209335812592;0.007424846252401763;-0.6529029893229398;-0.9838961910116474;-0.9999470325226891;0.03532524075670396;-0.9680889954590743;-0.10420835776767721;-0.9998369366237609;0.0005425845741542401;-0.09319127628858612;-0.6755416209545536;-0.9406356970432739;-0.201164049760818;-0.6601603716009181;-0.4826346255616465;0.00994218754803519;-0.6921991926272075;-0.9964029154108996;-0.6603827932219747;-0.0015219914843512387;0.003466593375503715;-0.06557328668581557;-0.15992869504796764;-0.9373472847424198;-0.9974763937500725;-0.07598075644922245;-0.9591073598831442;-0.9833872817599157;0.5061995667780113;0.18870138229892636;0.0012090842015911188;-0.9640780853618957;-0.9327773182219063;-0.9805092938550315;-0.9998943923154789;-0.9732361870035607;-0.9396868768385428;-0.9840039564353861;-0.9966109612390514;-0.9593147527576151;-0.27935821358874613;0.11175132789129244;0.1820800881806037;-0.6159309758687341;-0.1460037607244723;-0.15944644834907257;-0.974439155268171;-0.963289344703326;0.16688441804789242;0.10791327562456197;-0.052940255842754955;-0.9753379046803651;-0.6723361131799201;-0.08157403701624222;-0.9207048200734174;-0.12410083834910308;-0.9992064915092617;-0.9951890732266363;-0.018009569003825096;-0.9937835274244151;-0.999919109849167;-0.9814001724050384;-0.9854677947178565;-0.15072235155685904;-0.9953885167194176;-0.9692654777408476;-0.9906824217259688;0.16862245781724558;-0.9212198466743418;-0.9951710010196945;0.2852252595643985;-0.07982996869305789;-0.11763041914622029;-0.5679090435232793;-0.9989293407358179;-0.10471872855279463;-0.44925777512852294;-0.01037390343210262;-0.08369651312453401;-0.0908478714099389;0.5;-0.09093420819671229;-0.025556150422446994;-0.00211123876468915;-0.9831975531981157
Zollamt 24h 24h;-0.9989570092159809;-0.5879426902217922;-0.8446528359175635;-0.3776370457294419;-0.9540285492798409;-0.006740400920896312;-0.2096055134799549;-0.673699538748244;-0.2118611778462374;-0.9994709891601492;-0.2761356832548969;-0.9991909533083533;-0.19549551096476603;-0.3702448536318395;-0.3013084073777852;-0.6350997228565465;0.03302510991677678;-0.9988821051640252;-0.999521344710478;-0.999566872972449;-0.9994388081263909;-0.9975595438105357;-0.9978473881414875;-0.9761334280872768;-0.05890089181139317;0.0033991212207815725;-0.9495068690203821;-0.9983654400854373;-0.9999947013898611;-0.9998747976280838;-0.9967135462329119;-0.043610034072256616;-0.9999836863123627;-0.009684158493356427;-0.5067505367790914;-0.9541584435836009;-0.9937266024951531;-0.7157031096365665;-0.9510277848579447;-0.9031558167926147;-0.013540099977958985;-0.95741366537686;-0.9996390136065009;-0.951073945438872;-0.009462626639909969;0.00046644811140543626;0.00625832731266259;-0.6555492910996136;-0.993358330147336;-0.9997469880427587;-0.45116330162294455;-0.9957532019192938;-0.9983130010469973;0.22129175916706573;0.37529056207138545;0.0044167634712310435;-0.9962866698897076;-0.9928426827059403;-0.9980155272877084;-0.999989435017704;-0.9972567291566545;-0.9936205798159828;-0.998376538199817;-0.9996599559765581;-0.9957755587702726;-0.7948861823732616;0.13173020474153121;0.1265538749195861;-0.9412873818595017;-0.6308783525642203;-0.6547373351796251;-0.9973829357599358;-0.9962023501772392;0.11991769466122361;0.13217412345873517;-0.35849162565220366;-0.997477043556971;-0.9535161422771558;-0.4703176808692981;-0.9914585245432324;-0.5861627466945565;-0.9999205683091815;-0.9995166684304939;0.016897704205900508;-0.9993746652863564;0.013403565205362835;-0.9981077774990632;-0.9985270740727982;-0.6395322282161776;-0.9995367891007839;-0.9968381566503668;-0.9990600772282741;-0.99172880907769;-0.9915182353843991;-0.9995148448743315;-0.9992040012221778;-0.46446543905334264;-0.028795787852156786;-0.9292750508907837;-0.9998927982378788;-0.5390257734135092;-0.8907681191425885;-0.09485441010320166;-0.477298344263189;-0.4997387845441152;-0.9090657918032877;0.5;-0.20772266089490876;-0.020712543697622324;-0.9982934385514527
Zollamt 24h eingeschraenkt;-0.9997263336200982;-0.8447723867214331;-0.953997749554656;-0.6982793745421086;-0.9875238362035267;-0.07274151022597136;-0.5028506599303728;-0.8873219539086961;-0.5062408437194051;-0.9998612475188936;-0.5926656490657618;-0.9997877539830858;-0.4810137704345932;-0.6915852894871852;-0.6219028209431186;-0.869081919854372;-0.9999902649058717;-0.999706663607321;-0.9998744597735404;-0.9998864046022277;-0.9998528033669957;-0.9993589965645358;-0.9994347212242095;-0.9936303969305091;0.012204704282302258;0.007316202097182418;-0.9862492146228024;-0.9995709266272923;-0.9999986107823036;-0.9999671708740778;-0.9991362490761379;-0.9999994772840674;-0.9999957227561277;0.0018782489672098264;-0.7966863925448452;-0.9875603221906204;-0.9983475653365693;-0.9056766888904385;-0.9866789321168962;-0.9726550982262725;0.026935144553040385;-0.9884723230632688;-0.9999053298290255;-0.9866919586204662;-0.010733418675347906;0.0013202934698729022;-0.9999972301163379;-0.8789186992095054;-0.998250083429358;-0.9999336518574404;-0.7581816350412147;-0.9988830565383047;-0.9995571441800095;0.28581225489128836;-0.9944694253484219;-0.06981987961463079;-0.9990237485436512;-0.9981135017594748;-0.9994789395340118;-0.999997230006169;-0.9992792987991811;-0.9983195065268828;-0.9995738433855281;-0.9999108234302612;-0.9988889549619039;-0.9366326007450431;0.11715275867299092;0.06655312280035842;-0.9839094465145939;-0.8670005338809845;-0.8785357203818336;-0.9993125194419435;-0.9990015182172792;0.117046041891805;0.12200736704233536;-0.6806565633977397;-0.9993372868652751;-0.9873798356640072;-0.7720351503042658;-0.997746356900163;-0.84380713061397;-0.9999791730390324;-0.9998732328557827;-0.04092600521268497;-0.9998359713907566;-0.9999978783757423;-0.9995031954181272;-0.9996134018467889;-0.8712483977464707;-0.9998785118652433;-0.9991690759615791;-0.9997533960108322;-0.9978181085498476;-0.9977622106418303;-0.9998727544062076;-0.9997911789957253;-0.7678711607875253;-0.9999998788776389;-0.9804361499701715;-0.9999718911602922;-0.8168468492827988;-0.9688507030918438;-0.28556039149209295;-0.7769254845974806;-0.7921053295303188;-0.974443849577553;-0.7922773391050912;0.5;-0.0746488580387766;-0.9995520023350626
Zollamt eingeschraenkt;-0.9999779175463216;-0.9853931883436956;-0.996125084755212;-0.9663169068519172;-0.998981859564487;-0.009986691497390773;-0.9261349935536122;-0.989859757244291;-0.927057404740741;-0.999988805292191;-0.9474681720956112;-0.9999828745930065;-0.9199300200532302;-0.9652738619791119;-0.9532476693651648;-0.9879936863304034;-0.9999992146547072;-0.9999763299223197;-0.9999898713949479;-0.9999908352062418;-0.9999881239162175;-0.9999482592210764;-0.9999543747734121;-0.9994831320861542;0.02631937991202419;-0.014156396737185573;-0.9988765099343964;-0.99996537262959;-0.9999998879304922;-0.9999973515667573;-0.9999302651090908;-0.9999999578320441;-0.9999996549497681;0.0016384656480418751;-0.9798281576344168;-0.9989848715161428;-0.9998664938869719;-0.9916683902141304;-0.9989120547418866;-0.9977371786957933;-0.002367027902796437;-0.9990600916727065;-0.9999923622126229;-0.9989131318070981;-0.9999999181343286;0.002524391245074094;-0.9999997765505769;-0.9890087994451708;-0.9998586052838678;-0.9999946473128205;-0.9749158294516067;-0.9999098026095672;-0.9999642598961518;-0.9999594507652968;-0.9995515638353974;0.02477209011167586;-0.9999211742247649;-0.9998475501982275;-0.9999579454669789;-0.9999997765416895;-0.9999418218789401;-0.9998642234075482;-0.9999656081120487;-0.9999928054609865;-0.9999102794165018;-0.9945718805939462;0.09946200067823342;-0.9999995851247971;-0.9986824719086086;-0.9877762150655726;-0.9889696643525541;-0.9999445052890172;-0.999919377625444;-0.9999997473205285;0.1479730173982165;-0.9635319387040217;-0.9999465057803568;-0.9989699701924611;-0.9767338954191283;-0.9998178192587255;-0.9852871290755095;-0.9999983198393015;-0.9999897723954944;-0.9999999557553297;-0.9999867656778911;-0.9999998288464457;-0.9999599040419475;-0.9999688017123027;-0.9882190456621577;-0.9999901983548559;-0.9999329174122444;-0.9999801017368082;-0.999823631200191;-0.9998191034907082;-0.9999897337895484;-0.9999831509986544;-0.9761936227167727;0.06466137795652929;-0.9983928623336136;-0.9999977323775658;-0.9822333705813223;-0.9974130796822793;-0.8320649376251911;-0.9773617662600518;-0.9792662521930249;-0.9978887612353108;-0.9792874563023777;-0.9253511419612234;0.5;-0.9999638447592555
Zooareal;-0.620825292547208;-0.002433229429675442;-0.00920917246736011;-0.0010362017508480932;-0.034260741836810646;0.013791017131387938;-0.000453132984240004;-0.003517079100332877;-0.00045931735057846697;-0.7635795859405788;-0.0006516973516737714;-0.6785852543047574;-0.00041523280858740696;-0.0010040255334596673;-0.0007366639197132243;-0.002966478493190319;0.044804198525703054;-0.6043498020739434;-0.7811677281933327;-0.7977804625162892;0.023011089995311925;-0.41133727281684923;-0.442098839702916;0.007368667068948562;-0.02688801729531731;0.013258434039386617;-0.03114499814376453;-0.5107930772795987;-0.9969100139990704;-0.9317500049282036;-0.3414335273583697;-0.06931991149813388;-0.9905469796766977;-0.003025797425534536;-0.0017531910328049236;0.0037019750399089764;0.017435521690242744;-0.004285085787806931;-0.03213096479935873;-0.015692198174671282;0.03540291154003035;-0.03700965253165542;0.1467325088527673;0.002394951205970249;0.2219652327261801;0.004616059141889406;-0.022170742451866055;-0.003242883360330327;-0.2036171174973643;-0.8710476809780143;-0.0014032804412383276;-0.2861344914653922;-0.5028871954218521;-0.4713565479329504;-0.07458127702636827;-0.07496146113084645;-0.31443610699812974;-0.0038382936463470705;0.039162920009505164;-0.9938576602134702;-0.38326578174625014;-0.21027168441838934;-0.5124981341473372;0.17428919566970047;-0.28721845907227683;0.0014212105079999902;0.18519575594694124;0.3144686628798528;-0.026675475529253197;-0.002913216652108453;-0.00323128749379526;-0.39448812203219746;-0.3095981249357797;0.25566480151428284;0.18703859050778077;-0.0009543896366392094;-0.4032915145396926;-0.03387828702704909;-0.001515586865840394;0.014958989154712126;-0.0024154722327626127;-0.0589465727681239;0.05037868216477062;-0.058654879515501405;-0.7320466252318124;0.004718013837654892;-0.47415865444140487;-0.034822563495028803;-0.003023740547569026;0.11065202864428766;-0.3502060693567266;-0.6450167583328226;-0.17010326631306008;-0.166554192856154;-0.7788521646798113;0.07114237688710416;-0.001480424274739916;-0.12664130231322937;-0.02196789573628695;0.15482816076958747;0.00041819515756181765;-0.013748853624028518;-0.00017911213363745434;-0.0015585558363148478;-0.0017047822969569022;-0.016802446801884245;-0.0017065614485472697;-0.00044799766493730774;-3.615524074442982e-05;0.5
