;Abwasserreinigungsareal;Alpiner Gipfel;Ausfahrt;Aussichtspunkt;Autofaehre;Bezirk;Bildstock;Bobbahn;Brunnen;Campingplatzareal;Denkmal;Deponieareal;Ein- und Ausfahrt;Erratischer Block;Felsblock;Felskopf;Fliessgewaesser;Flugfeldareal;Flughafenareal;Flugplatzareal;Flurname swisstopo;Freizeitanlagenareal;Friedhof;Gebaeude;Gebiet;Gemeindegebiet;Gipfel;Gleisareal;Gletscher;Golfplatzareal;Gondelbahn;Graben;Grat;Grossregion;Grotte, Hoehle;Haltestelle Bahn;Haltestelle Bus;Haltestelle Schiff;Hauptgipfel;Haupthuegel;Haupttal;Heliport;Historisches Areal;Huegel;Huegelzug;Kanton;Kantonsgebiet;Kapelle;Kehrichtverbrennungsareal;Kiesabbauareal;Kleinbahn;Klosterareal;Kommunanz;Kraftwerkareal;Landesgrenzstein;Landschaftsname;Lehmabbauareal;Lokalname swisstopo;Luftseilbahn;Massiv;Massnahmenvollzugsanstaltsareal;Messeareal;Normalspur;Oeffentliches Parkareal;Oeffentliches Parkplatzareal;Offenes Gebaeude;Ort;Ortsteil;Pass;Personenfaehre mit Seil;Personenfaehre ohne Seil;Pferderennbahnareal;Privates Fahrareal;Quartier;Quartierteil;Quelle;Rastplatzareal;Rodelbahn;Sakrales Gebaeude;Schmalspur;Schmalspur mit Normalspur;Schul- und Hochschulareal;Schwimmbadareal;See;Seeinsel;Seeteil;Sesselbahn;Skilift;Skisprungschanze;Spitalareal;Sportplatzareal;Standplatzareal;Staudamm;Staumauer;Steinbruchareal;Strasse;Strassenpass;Tal;Transportseil;Truppenuebungsplatz;Turm;Uebrige Bahnen;Verladestation;Verzweigung;Wasserfall;Wehr;Zollamt 24h 24h;Zollamt 24h eingeschraenkt;Zollamt eingeschraenkt;Zooareal
Abwasserreinigungsareal;-0.012828927627020904;-1.0;0.07433974664094778;-0.08659003138027505;0.07175553861522861;0.011708948149752233;-0.008530009944041711;-1.0;-0.042215490354617156;0.06371914968776111;0.02368667323005662;0.053542195084378554;0.0430492712742043;0.02581373339126458;-0.01335031764158762;-0.12101543589963701;0.040573289739964546;0.06182780119956799;-0.01696198409483221;0.10408726017825536;-0.012749018015745456;0.0008588306597818999;-0.023075831098834793;-0.0029168470657290786;-0.055415736529205985;0.0045180255554415115;-0.21461905021986713;0.09603838679156741;-1.0;0.04421105364156605;-0.07459611216761179;-0.04714985380801377;-0.12055165965355356;-0.02427730931351119;0.01830215315941417;0.024480837675942765;0.04074811838107796;0.06889430705555365;-1.0;-0.051461814577998845;-0.03942841327233295;0.03329250968856141;0.04544343485763437;-0.013972506431205518;-0.016875988055274495;0.013162894929296535;0.08818681773650193;-0.010674361877421741;0.13831096113431793;0.042503100639512764;-1.0;0.0364323643742714;-1.0;0.055807989324093955;-0.05686660575851065;0.0019329311580632083;-0.03215990384542271;0.03247252479786435;-0.05012090915744726;-0.1453592070715991;0.04984282822701909;-0.033698765403860687;-0.002653479660332863;-0.022080217134943916;0.051305902989486486;-0.0007927217377696361;0.012951788200189643;0.013951089499603598;-0.19530784600500656;0.06911201133783956;0.04685561964885022;0.13116105004031856;0.11027495270073313;0.016347219701905905;0.03369105892814593;-0.034739999056008004;0.038131718333428856;0.008834472703895778;-0.011099795523851498;0.007583363698717616;-1.0;0.010202186740383335;0.06804375242894112;0.029049725390141338;0.03450538953710593;0.09704062306225923;-0.15351109403540822;-0.06922373940077785;0.06619384042886978;0.017140289904182607;-0.055554614820210874;0.07528031550391351;-0.03348929770350659;-0.055086483139463294;0.03169191351362025;0.05343232392691285;-0.040890802064169104;-0.09015667964430261;-0.009558418449499917;0.07695414940985584;0.001036457217921873;-0.10023794735785528;0.018481570681340976;0.062289018329720065;-0.03541199318965932;0.08545006527837957;0.0375150112011069;0.023843838018549068;0.09506381230838284;-0.03084478944289281
Alpiner Gipfel;-1.0;0.42112004407794523;-1.0;0.09164137942484334;-1.0;0.04751285000052168;-1.0;-1.0;-1.0;-1.0;-1.0;-1.0;-1.0;-1.0;-1.0;0.2006090271017627;-0.00481879773489918;-1.0;-1.0;-1.0;-0.20636199311471076;-1.0;-1.0;-0.006786698672547039;0.11190072971927699;0.002690390070460399;0.06138783623003399;-1.0;0.4645819204258779;-1.0;-0.08376267085380781;-0.004396305582500796;0.20362369106021744;0.12012979522920868;0.002311926301643035;-0.18988397051575134;-1.0;-1.0;0.34447402609723876;-0.09132665469462549;0.10945427835448303;-1.0;-1.0;-1.0;-1.0;0.010017838671730672;-1.0;-1.0;-1.0;-1.0;-1.0;-1.0;-1.0;-1.0;0.050607401987428434;0.06821913654616117;-1.0;0.018402278783063112;-0.025439138286258097;0.22945489649382733;-1.0;-1.0;0.00156476757884844;-1.0;-1.0;-0.1609019580841911;-1.0;-1.0;0.3674197221407124;-1.0;-1.0;-1.0;-1.0;-1.0;-1.0;-1.0;-1.0;-1.0;-1.0;0.11869182793680245;-1.0;-1.0;-1.0;0.04466398990250506;-1.0;-1.0;-0.07666934406816825;-0.00289300061515297;-1.0;-1.0;-1.0;-1.0;-1.0;-1.0;-1.0;-0.05758194750765909;-1.0;0.1432415736307167;-1.0;-1.0;-1.0;-0.01906723738950238;-1.0;-1.0;-1.0;-1.0;-1.0;-1.0;-1.0;-1.0
Ausfahrt;0.08072773883606592;-1.0;0.27524492847668947;-0.08197658781771688;-1.0;-0.010053444069331213;-0.07679326699842869;-1.0;-0.025243394361990357;0.038880423224317055;-0.02600916753953289;0.06682649302355435;0.16584446373335723;0.04695174683024515;-0.0882923828305495;-0.1615761435478728;0.0054382156069806295;0.06218038516649123;0.1806293287600501;0.12871963827296282;-0.034070572488192966;0.05185940442559569;0.10840929649403783;-0.004151737381921747;-0.042067212009099464;-0.0016863563772334343;-0.25266868603732245;0.14147479539921948;-1.0;0.06676830321054812;-0.10146037573473932;-0.09051836663828018;-0.18360495883013958;-0.02533985200356033;0.019631482885614185;0.11544866043363324;0.08333371882255597;0.04667418115313151;-1.0;-0.11386792279754374;-0.01096313507755525;0.08975627169194052;0.03025168220951233;-0.009400599482118917;-0.030466957495501063;-0.0017374804467409069;0.029223308678936775;0.0068377947374856675;0.16386287810469882;0.03535580382200603;0.06145922688111265;0.019282432549127586;-1.0;0.048542562929239676;-0.057395575893837335;-0.018412990606185755;-0.03515573059913502;-0.07401962425768534;-0.05514869102663775;-0.21912684832016366;0.07739482951431757;0.16100221418612187;0.07133782840449511;0.08689956882570231;0.08544792584927827;0.012083891691806738;-0.0014264667876892434;0.05859241886525197;-0.20985055413375653;0.0637928254649578;0.005184541525161466;0.1545977731516908;0.1121640503257806;0.10018798128929966;0.05233562548496196;0.026499569128294306;0.11099040762526007;-0.05409554094804319;0.027637415637728046;-0.011956304193075003;0.09077898115310504;0.08703630230504415;0.078421073766565;0.022807966066958067;0.021767308470339922;0.01839025977816121;-1.0;-0.17961803444753746;-1.0;0.08030167092006588;0.14692240419375838;0.06589653725072578;0.0076108602260036295;-0.004413124913203365;0.046501164972953424;0.183108562505404;-0.09508569391764218;-0.12309335444148349;-0.08599714375039694;0.12129549914631647;0.001926272124519775;-0.1201227873555329;-1.0;0.23834537974664052;-0.06090209424302056;0.07660542328727919;0.09246956614881804;-1.0;0.0767535334417025;0.06314580908034015
Aussichtspunkt;-0.08178620783034983;0.12853540085682758;-0.10139413870376308;0.26817652641262774;0.20027252892633335;0.026107906242758033;-1.0;-1.0;0.17059138608557217;-0.05369103820870107;0.11818875544313709;-0.0005528234815379471;-1.0;-1.0;-1.0;0.0788235938501241;0.002582613632908758;-1.0;-1.0;-1.0;-0.050889986482160046;0.07532962234366282;-0.06023565780447917;0.1253340302116348;0.05429351818822647;-0.005836376153803908;0.12388048761316621;-1.0;0.18761357529337128;0.040528089358675586;0.11592471555668996;0.031086325231551398;0.11579559016009836;0.06247267734167007;-0.02617670276768576;0.01636234628696393;-0.06621512599063663;0.10603517857013349;0.12327079353287682;0.1354894058208283;0.034185350808326825;-1.0;-0.04823233279503611;-0.0838142644238014;-0.047007405239080625;0.03798942822458955;-0.009412279788498134;0.09159187382496278;-1.0;-0.06729650622054698;-1.0;-1.0;-1.0;0.02931381973081738;-0.05416153152455034;0.0011409270375638675;0.006393953359436261;0.0865970045232878;0.17011499418544554;0.12027610739528558;-1.0;-1.0;0.037713171491916296;0.010367266781804848;-0.05013676196571377;0.10858791642818219;-0.08370758896657193;-0.03086733812954313;0.12430831528863416;-1.0;0.12853170187737006;-1.0;-1.0;-0.08027956605089932;-0.07416954566661485;0.07034030444980495;-0.07607057052970195;0.2337489964135939;-1.0;0.09615880772683702;-1.0;-0.06060967132851776;-0.01829940411508282;0.06538497580641878;0.22988240279063132;0.01412220369560298;0.15649490238767252;0.14106380170552932;-1.0;-0.07118318176291606;-1.0;-0.00960572360469609;0.07927117975031928;0.02247605027548237;-1.0;0.13898978242992555;0.08247464427964063;0.010007531433529419;0.11845307730618455;-1.0;0.01318357909734601;0.20835832520613984;0.09567711955358701;-1.0;0.05471916078869662;0.013424699109139659;-0.01786605432615517;-1.0;-1.0;0.04590282831557338
Autofaehre;0.03875382996823649;-1.0;-1.0;0.15026832852801647;-1.0;0.04426266466069209;-1.0;-1.0;0.22188326325506358;-1.0;-1.0;-1.0;-1.0;-1.0;-1.0;-1.0;-0.049266728135677444;-1.0;-1.0;-1.0;-0.03952210203859752;-1.0;-1.0;-0.024462433131618572;-0.1256923983875532;0.007232253354827067;-1.0;-1.0;-1.0;-1.0;-1.0;-0.05724025426282803;-1.0;0.022948106824672306;0.20910091150239477;-0.00913181912725227;0.03287064951029513;0.259209096251052;-1.0;-1.0;-1.0;-1.0;-1.0;-1.0;0.1002898403790133;0.10529638730092242;0.33375101097768034;-1.0;0.11403403960089747;-1.0;-1.0;-1.0;-1.0;-1.0;-1.0;-0.08087644316215722;-1.0;-0.131012988665373;-0.004166099479702735;0.07030711609365384;0.03369861903766717;-1.0;-0.0499682989341576;0.023307819481592978;0.06932264992084194;0.08562582667098599;-0.009102532468661382;-1.0;-1.0;-1.0;-1.0;-1.0;-1.0;-0.0437745738538163;0.05517675896002861;-1.0;-1.0;-1.0;-1.0;-1.0;-1.0;0.04979586839019912;0.1429445356440717;0.20024848300825945;-1.0;0.19629998592826983;-1.0;-1.0;-1.0;-0.037537829944549725;-1.0;-1.0;-1.0;-1.0;-1.0;0.004272849790080063;-1.0;-0.14224166568979335;-1.0;-1.0;0.15961770582853632;-0.026444466912558574;0.4015249956267653;-1.0;-1.0;-1.0;0.07540319100868444;-1.0;-1.0;-1.0
Bezirk;0.005509765565840554;0.08396146897628047;-0.0035009554066086105;0.007999829170863226;0.15429282843118636;-0.04197390970018767;0.016156395826227524;-0.08120453941559116;0.06516601672716332;-0.018615203127650946;0.007031619948743063;0.009433470352119026;-0.020988704088955472;0.013127402006709884;-0.0014481626567935469;0.04837862613838085;0.013396614585553772;0.006422916388244297;-0.020253498852901283;0.004981037081088312;-0.013060926489633867;-0.011054883257308837;-9.489381565652207e-05;0.017391835194705302;0.013955563810532316;0.008541174062067993;0.03811952365827044;0.04362753231189091;0.09297154624912736;0.0015529712305716809;-0.012899426093359957;-0.0016528638074188734;0.020381807149223496;0.024429438438085815;0.020338351017197727;-0.019528205784224626;-0.015829622594686493;0.026483613525006073;0.07852191393780165;0.022579889542285774;0.021605063956592233;0.014954925342075273;0.00044745259616094427;0.02500714690136936;0.014342109396312721;0.040498734446429006;0.027403229291389913;-0.012084772364678606;0.00791990512989082;0.01730496849930746;0.02070594586449804;0.005407089838461595;0.07628279513189941;-0.025104362996957136;0.011747555116281323;0.03497674463233639;0.03199222155236916;0.042153627010291926;-0.02584563184357013;0.029486877662290016;0.007423343596305962;0.0016322242615968978;-0.011188325150161629;-0.02049343103877402;-0.010959999348113978;0.010744523730948679;-0.002946864001305304;-0.02408519668548448;0.073442906052527;-0.006361444193593366;0.02258659003059187;0.029750018262948808;0.0058123176041420055;-0.028071796352774948;-0.011117655773967563;0.022282059260486094;0.011368045015753024;-0.017931314955578388;-0.02907803014918513;-0.03521531051674899;0.024230511705185684;-0.018333443697421275;0.012519318740610418;0.03834812805663519;0.07131468030607704;0.08492493876535029;-0.00863087006695431;0.01351792285035883;-0.024030373864040135;-0.01291560645768874;-0.0004578174448457364;-0.008966720995571933;-0.01952804915036874;0.015782161826594743;0.0006984686429512193;-0.010656675611275186;0.0336144152009374;0.0005459364403927348;-0.051617238615212634;0.012216635416223314;0.041456505823496956;-0.01513798795146076;0.027960115178954057;0.01967307102011319;-0.036602991433311693;-0.0009604452528300456;-0.0008844710782191339;-0.05177101615928538;-0.02148155502239031;0.0015747413820546936
Bildstock;-0.01931231146916238;-1.0;-0.06649903748554511;-1.0;-1.0;0.015119186470426815;-1.0;-1.0;0.08269834437322761;0.05080643674595561;0.03567190961000349;-0.037031655581554766;-1.0;-1.0;-1.0;-1.0;0.030370052245561337;-1.0;-1.0;-1.0;-0.005682193383068951;-1.0;-1.0;0.002873973146806754;0.056197600055084465;-0.010948242565024484;0.04360393295666535;-1.0;-1.0;0.01767227121030879;-0.007835186928130487;0.03606064702011043;-0.06036025806081927;0.02319139384388911;0.1244917119115815;-0.13010584023460936;-0.04372882638010645;-0.03075646617142106;-0.11114023988375762;0.048615164426019104;0.048877482202980736;-1.0;0.012352838091902992;0.004033751246747194;0.026885547499410783;0.015285848814480493;-1.0;0.04795412397662138;-1.0;-0.025914008336441103;-1.0;0.12611045569280666;-1.0;0.018597693910024995;-0.11889890902289559;-0.0005524702267526815;-1.0;0.06902073775403594;-0.00967141337639645;-0.05124881467738721;-1.0;-1.0;-1.0;-0.08209954961810753;-0.08227270083244863;-0.03935835897753956;-0.009926863352064734;-0.06310773348458468;0.01217471786245521;-1.0;-1.0;-1.0;-1.0;-0.10422254555590553;-0.04911911565613894;0.10248220913470013;-1.0;-1.0;0.01941991308107901;-1.0;-1.0;-0.0623822899166426;-0.10936196676018169;-0.0557090751749193;-1.0;0.0023521113639676473;0.03617540186597939;0.03879266008608403;-1.0;-0.06668918662865356;-1.0;-0.0067090898253283435;-1.0;-1.0;-0.039502415363079364;0.006218963920772418;0.07535929684507753;0.029762131629470626;-1.0;-1.0;-1.0;-0.009753455938162887;-1.0;-1.0;0.008242594523818883;-1.0;0.023185223562765082;-1.0;-1.0;-0.019757915143579375
Bobbahn;-1.0;-1.0;-1.0;-1.0;-1.0;-0.04630276815744416;-1.0;-1.0;-1.0;-1.0;-1.0;-1.0;-1.0;-1.0;-1.0;-1.0;-0.016902362200501307;-1.0;-1.0;-1.0;0.0027303173013114223;-1.0;-1.0;0.04101002142859471;-1.0;-0.02687394477484525;-1.0;-1.0;-1.0;0.2426786160976876;0.09568863026865243;0.0012795271012832903;-1.0;-1.0;-1.0;0.06318189512206084;0.07946990944778015;-1.0;-1.0;0.024616412526079705;-1.0;-1.0;-1.0;-1.0;-1.0;-1.0;-1.0;-1.0;-1.0;-1.0;-1.0;-1.0;-1.0;0.12453789230775106;-1.0;0.06542158682821517;-1.0;-0.02321590146850339;-1.0;-1.0;-1.0;-1.0;-1.0;-1.0;0.12007380715410099;-1.0;-0.052363128093159704;-1.0;-1.0;-1.0;-1.0;-1.0;-1.0;-1.0;-0.017119129673938804;-1.0;-1.0;-1.0;-1.0;-1.0;-1.0;-0.001398137776297593;-1.0;0.10052296081237733;-1.0;-1.0;0.05927185571936754;0.025973552694543652;-1.0;-1.0;-1.0;-1.0;-1.0;-1.0;-1.0;0.015685758874775645;-1.0;-0.06703522186775841;-1.0;-1.0;-1.0;0.09634568738468041;-1.0;-1.0;-1.0;0.17118325294713901;-1.0;-1.0;-1.0;-1.0
Brunnen;-0.02450538700049897;-1.0;-0.009673240584569094;0.1302152214167606;0.2645794321397367;0.07128639151245876;0.1139954805166808;-1.0;0.22990472372072246;-0.05463859870065138;0.024227872427740788;-1.0;0.0425488437346523;0.07430536343029989;-1.0;-0.005416028624440931;-0.05085417028256747;-1.0;-1.0;-1.0;-0.04532404948108799;-0.009123441236079487;-1.0;0.06235365935073577;0.07106903243144673;0.051718448619953374;-0.06791455260705813;-1.0;-1.0;0.02185767898463658;-1.0;0.026079962213807;0.015433013018412657;-0.03325192152748948;0.11307552350982947;-0.04071579716120689;-0.010746529948403428;0.08159454603241781;-1.0;0.11212237600720004;-0.03011051990268263;-1.0;0.058328191359681106;0.04188380077592425;-0.040805368517881274;0.059739042852106294;0.0103295497085363;-1.0;0.07742361019895974;0.16562769089226922;-1.0;-1.0;-1.0;-0.010829194419928327;0.08120163642900378;-0.032740730426114806;-1.0;0.10762243645239217;-0.07761835038620875;-1.0;-1.0;-1.0;-0.03847020145572528;0.07760114606304026;-0.04585431513423659;0.06310125697198317;-0.02890231972814362;0.011563083904029057;0.020151453709932387;-1.0;-1.0;-1.0;-1.0;-0.0010355410294201914;-0.05015837088446426;0.10247485919013967;-1.0;0.09196223695240438;-1.0;-0.05852584432321256;-1.0;-0.003652120815421923;-0.016868478119610307;0.005928981857049274;0.11993991395017585;0.16409802499622758;0.0157380851025368;0.06030256166032172;-1.0;-0.07128669202799916;-1.0;-0.048951906112762684;-1.0;-1.0;0.14677498324941407;0.01019986123782519;0.19532260013127883;-0.024722182589066395;-1.0;0.06672590211204363;0.08102353118802015;-0.0374783665939283;0.1816453440212109;0.044049200857748654;-1.0;-1.0;0.05705195326524156;-1.0;-1.0;0.03824666311125029
Campingplatzareal;0.08473375374793642;-1.0;0.04376548698760922;-0.02373354772249558;-1.0;-0.01919310541356465;0.054722160721743913;-1.0;-0.09979712101154659;0.15977167880591478;0.024102063494590723;0.0417480402917514;0.010584862568419909;0.006042749556773265;-0.03816720742959627;-0.03478904204167298;0.023244340857287066;0.008127378063060978;-1.0;0.0927315257028007;-0.015019402637542107;0.049215028727576104;0.014382772208378275;0.012022314060847238;-0.023009725084710084;-0.03550687456242942;-0.184965500896364;-0.07475268485644206;-1.0;0.07521684156244392;0.021406381749365655;-0.049531546173902305;-0.09595252469085573;0.009467216422548818;0.036293049635879954;0.019327535999690452;0.05006361918291665;0.14051811456331767;-0.25990629332809134;-0.018893396042958515;-0.02212298846909399;0.04214812938887616;0.0077660943702517506;-0.060782713518049744;-0.04518936491466735;-0.005735716207606041;0.13717828724173828;0.021021178300938526;-0.007769560267045976;-0.04440205703570641;-1.0;0.024537965960006198;-1.0;0.04721714954046451;-0.04781818306263617;-0.014558450741827744;0.03431352061767014;-0.018029446691895067;0.016283223266190302;-0.07944605551730947;-0.016798453243934936;0.02936856920411323;0.010553707170871523;0.017254135912725947;0.035458330456821535;0.04404255266485189;-0.00447249266694481;0.008660948037583506;-0.12016560559490193;0.05182220071427849;0.037868635756110776;-0.067094367600092;0.06908025869082314;0.021300254203830044;0.04200872732996771;0.06205248427408739;0.03464764035425789;0.08473846984397164;0.021252639909329792;-0.01834915316226212;-1.0;0.005029531891830029;0.16707933307565223;0.10419945103734848;0.12622054168587835;0.14752360253865324;-0.023681671274970482;0.03490879272115333;0.055802644823971743;0.02014708368683543;0.1422269178461221;0.348351859257575;-0.021661890162287374;-0.02554850937541811;0.003089896687525741;0.04961688058495637;0.036931429606850426;-0.07408634086439582;0.014457229359828738;0.02072298441819514;0.0450333907146191;0.01444364956184387;-0.04553376637002417;-0.05845761573267194;0.02991785483861087;0.033004637695007194;0.04062938041674772;-0.024885226612370824;-1.0;0.051324222585794735
Denkmal;0.03488885691623942;-1.0;0.0007969418604970461;0.12819347782981141;-1.0;0.006456114745705408;0.08183652306864293;-1.0;0.011389219654412135;0.015065059833378509;0.22729278551303717;-0.03624090113418024;-1.0;0.13369833189815347;0.11036373152742163;-1.0;-0.025938734942104295;0.05178638773065177;-1.0;-1.0;-0.03163563959117436;0.16018768461707641;0.08615208057729767;0.030002638548260952;0.01436696727941352;-0.011915340666076846;-0.06487336860765097;-1.0;-1.0;-0.09266493289649129;-1.0;-0.016006837338754985;-0.02589241001520302;-0.009578913647520278;0.09609255811038087;0.10714916842567236;0.04942087835595066;0.1603286993109588;-1.0;0.08752711602842884;-0.0031407291125703893;-1.0;0.07715463848457424;-0.03105191798996073;0.015098682002236906;0.019694832138845174;-0.0054690852024307885;0.056716812259347084;-1.0;-1.0;-1.0;0.11909664560267261;-1.0;0.018109247645237133;-0.02629806265855153;-0.008367092982604704;-1.0;-0.006504943864920837;-0.07115653029438661;0.007010100000269664;0.048457983586441704;0.07379390457164582;0.02836510902952325;0.17999106692388853;0.03578516218471716;0.009240635183634573;-0.012207050179747794;0.07720031504770267;-0.044279925634183995;-1.0;0.10235948207222369;-1.0;-1.0;0.07912011953075186;0.030690728098067842;0.004139023972086259;-1.0;-1.0;-0.021024239214077332;0.03675036859288215;-1.0;0.09930672660778546;0.029107681499404726;0.06365251991605908;0.20098192714316077;0.10572557510013203;0.025274416275879934;-0.02054268195786951;0.11844460647467156;0.10128020167361765;0.1253648739895302;0.01176690312728699;-1.0;-1.0;-1.0;0.03473800754790518;-1.0;-0.0753035732065237;-1.0;0.10612640846334744;0.12880653628021135;-0.0007137109353129855;-1.0;0.09517004370535766;-1.0;0.029891973798967197;0.08567847642665417;-1.0;-1.0;0.024045721613377164
Deponieareal;0.05289797236211635;-1.0;0.06292037523911724;-0.01724496232753778;-1.0;0.012615355538873371;-0.0022436357764723637;-1.0;-1.0;0.02813056660811789;-0.09917261965376542;0.1729731906644778;0.01957433967538609;-0.12344604161165057;-1.0;-1.0;0.009177139405351371;0.07241325801746082;-0.014389795221192854;0.01917743601070099;-0.003436347527820734;0.0013706907801773617;-1.0;-0.006534512895854528;-0.016540632497456877;0.020422345396622042;-0.15313797201288454;-1.0;-1.0;0.04989175543244439;-0.13300224002568195;-0.024227819080157087;-0.08285202005809049;-0.0016312922723714244;-0.06001739565006713;-0.02854562050582832;0.004023574406052425;-0.047945439395352035;-0.20715840239431696;-0.05949935191079952;-0.016393782298948372;0.17003254873448173;0.027975018134654975;0.00880384780469215;-0.0010454361282923952;0.00382433613395208;-0.03364079993327498;-0.016423177571028614;0.14188142547697358;0.20258266608154035;0.05710345495871024;0.000575835418017315;-1.0;0.03724481522070273;-0.0699890536430725;-0.001267990478647216;0.2713754582455313;-0.016990330150446813;-0.035435304884109654;-1.0;0.032995681673572266;-1.0;0.026385225277604542;-0.08442970476146046;-0.02043385559681921;0.04361563729210786;0.024937564259315963;0.01037779066010908;-0.14021465417375908;-1.0;0.029725410662368047;-1.0;0.07991153597269568;-0.009061767587282546;0.0027641348145727913;0.0029197151365223605;0.050772442828248436;0.016718344713827552;-0.07016449298602909;0.005654616916204859;-1.0;-0.028583127705432757;-0.018054602193083868;-0.026066665922191628;0.0004303280919224997;-0.05340497724856129;-0.09279725449302043;-0.11211996817997479;-1.0;-0.04630895501586648;-1.0;0.01867859196252125;-0.04734942130106427;0.018615703739535985;0.15640997528934547;0.02674143341889;0.0003201880169629483;-0.03966627580589962;-0.10629999428829323;0.02861544437132315;0.02765491311746032;-0.05810478112547965;-1.0;0.018842724170794047;-0.05637747749501463;0.014730555564040546;0.021857558516049123;0.05899650815337478;-1.0;-0.0829408519627752
Ein- und Ausfahrt;0.03289558471830801;-1.0;0.16725200963981082;-1.0;-1.0;-0.01806501990679028;-1.0;-1.0;0.07228544000306017;0.01141988773865672;-1.0;0.06395440577280968;0.1777435267012946;0.17195971649516947;-1.0;-1.0;0.0044246049656652174;-1.0;-1.0;0.10118800645632797;-0.008505682835196681;0.04906983912281241;0.0022916211321734646;-0.03558252065568085;-0.0358502059777284;-0.030265259242106945;-1.0;-1.0;-1.0;0.0646442609423844;-0.060721675359700446;-0.05999102502887659;-0.115623342948729;0.008796257779736813;0.015761761195320852;0.0517440269098244;0.014525012311689109;0.07965394701486246;-1.0;-0.01122396708244744;-0.060800511889168365;-1.0;0.042580296207001114;-2.6417504315213357e-05;-0.10943430812505324;-0.01371453141141586;0.1455789011681197;-0.014555993439199768;0.20126288959377583;0.11479000472575594;-1.0;-0.008776811791715963;-1.0;0.056277469585562255;-0.16549650692266596;-0.0012390889444330855;-1.0;-0.026887168745953267;-1.0;-1.0;-1.0;-1.0;0.11033479637632779;-0.0016681662399470403;0.04763305042664308;-0.01131240211951241;0.024014746297249596;0.04211808070433124;-0.08845745029384995;-1.0;-1.0;-1.0;-1.0;0.050338044975654944;0.03403202545064323;-1.0;0.11875994094773668;-1.0;0.029009168682665218;0.04961371919060138;-1.0;0.03040394925296344;0.02962159910248792;0.07368757072322085;-1.0;0.045483549280482136;-1.0;-1.0;-1.0;0.02191536025704056;-1.0;0.0262320610914519;-1.0;0.05136079959312745;0.10034143865227142;0.1387579039976131;-1.0;-0.1350890275695332;-1.0;-1.0;-0.0010540519616200521;-0.12252574604823674;-1.0;-1.0;-1.0;-0.02226012941529846;-0.03130189530147778;-1.0;-1.0;-1.0
Erratischer Block;0.021667587709840078;-1.0;0.07451766326808981;-1.0;-1.0;0.027858047987660606;-1.0;-1.0;0.10848567063482668;0.00633151834867317;0.11259110308834408;-0.06072681287137322;0.11554441052707924;0.35693097180613875;0.13543880346464154;0.08467295045885201;-0.028591982311436375;0.011281552618225507;-1.0;0.013335407409812169;-0.01999265738933549;0.0177198812623993;-1.0;0.001878308678262928;0.011302588857336343;0.03596184925810483;-0.05240821433319952;-1.0;-1.0;0.09304445760585343;-0.01058777716205558;0.017137107225518273;-0.08434294127422001;0.01230230842563308;-1.0;0.02737426274659227;0.008157543155595342;0.14642066068438336;-0.0893165379810375;-0.04320842573255342;0.008825333459035975;-1.0;0.024578330657560713;0.03606681420622138;0.031588283679512566;0.015377098323146435;0.06836830434653945;-0.0097232093493905;-1.0;-0.06874033476806603;-1.0;0.0007279741186908591;-1.0;-0.024356071474804047;-1.0;-0.029974263758703254;-1.0;0.04634041833284356;-0.003993224140460068;0.038399765894856885;0.03315977175131946;-1.0;0.02027328473724338;0.04159085192194723;-0.03334746633231086;-0.059375818132532884;0.0029322613619905866;-0.04612310080220733;-1.0;-1.0;-1.0;-1.0;-1.0;-0.03057153273643569;-0.0021423594484936983;0.10568290134130912;0.05368949053910115;0.016758487418138766;-0.06191278932490991;0.04678197797342528;-1.0;0.020910479135249734;0.07591085484315604;0.04536334700591101;0.2389880362452157;0.15027721323152518;-0.04645468010898526;0.005163522532427657;-1.0;0.05371075957338855;-1.0;0.020057683137259738;-1.0;0.00520814623872402;0.09512317010777689;0.05346417922741039;-1.0;-0.03981482424540724;0.03752275466132481;-0.0889414914286242;0.012900293596623072;-0.04815572237380628;-1.0;-1.0;-0.02006067940742611;0.018870876393222453;-1.0;-1.0;-1.0;-0.014855718474013482
Felsblock;0.043102795320975634;-1.0;-0.07921225972237042;-1.0;-1.0;-0.002705042005697985;-1.0;-1.0;-1.0;-0.034538591827155844;0.019862514212629346;-1.0;-1.0;0.13570918679219815;0.3730985134355801;0.16278166043545414;0.02783584733859952;-1.0;-1.0;-1.0;-0.03975820203836127;-1.0;-1.0;0.06399937629928927;0.08640351788563944;-0.006066079224729903;0.14799566123768743;-1.0;0.03390590431135244;-0.06838744271323492;-1.0;0.03294538535493791;0.11769990590688582;0.07883059729657511;0.16870586934872903;-0.05592684584632379;-0.05766292416147437;-1.0;0.10616697792382572;0.004274124834054223;0.01845146485277766;-1.0;-0.00644679542138016;-0.028586280614580826;-0.07328757121986834;0.026932942041478412;-0.04188170639763807;0.021706319740878693;-1.0;-0.12178264243675262;-1.0;-1.0;-1.0;-0.006089397856083659;-0.03801870213672236;0.0058459556815874435;-1.0;0.12128030505394519;0.057024225709111684;0.1871879714675895;-1.0;-1.0;-1.0;-0.07378320449472364;-0.16313614751815508;-0.03630728426074563;-0.07223808152713836;-0.06039183755349486;0.11693254219410261;-1.0;-1.0;-1.0;-1.0;-0.12919604272640883;-0.06745840007147759;0.1649827277336;-0.06806777890846828;-1.0;-1.0;-1.0;-1.0;-0.07149789953604874;-0.06759799584448575;0.021793751296161172;-1.0;-1.0;0.08604420001022536;0.06491475136685847;-1.0;-1.0;-1.0;-0.06036787505024097;0.09227458192702953;-0.00568242703931927;0.010886590261134638;0.03876397550203292;0.09086055304279644;0.028106806251887124;-1.0;-1.0;-0.06743665584282166;0.023073318974966495;-1.0;-1.0;0.04964853041899697;-0.026327246163203685;-1.0;-1.0;-1.0;0.09468544128298532
Felskopf;-0.1393579421100541;0.2314276545742755;-0.172297518115068;0.014427128532731653;-1.0;0.026975414477002586;-1.0;-1.0;-0.03282815215262692;-0.06392377426048969;-1.0;-1.0;-1.0;0.030477553472552005;0.13477550412455908;0.29200086845017686;0.008222634539926216;-1.0;-1.0;-1.0;-0.07148403849754686;0.006993682449138304;-1.0;0.0401227076700341;0.12404638284554023;0.0032465324215143745;0.166559892075029;-1.0;0.2348055812876502;-1.0;-0.003659118007821927;0.07560131518047737;0.14949619064438285;0.09792005883314972;0.093118982623634;-0.21136712600467847;-0.13830897923658012;-1.0;0.21533655454653167;0.03660024049476594;0.050944662362135885;-1.0;-0.10461777441489789;-0.12952733244635625;-1.0;-0.0009109045428506463;-0.08956005720596265;-0.02821202183293794;-1.0;-1.0;-1.0;-1.0;-1.0;-0.07840677033281428;0.04368360667746591;0.05441854070860657;-1.0;0.12563662856652497;0.09532254802177484;0.17867123275918484;-0.08544634037824402;-1.0;0.0011579643683580225;-0.1568165698296454;-1.0;-0.051554707942027864;-0.14711508703577267;-0.13407049977940874;0.20374873621561546;-1.0;-1.0;-1.0;-0.08343930587321222;-0.13414887150692628;-0.16675449093590164;0.11792621863342276;-0.0720143460548646;-0.007435803484774329;-1.0;0.08362863199621405;-1.0;-0.2300015739865394;-0.16198937501734995;0.07224779029295185;-1.0;-0.13388390873508538;0.11833900992346187;0.06165532189900192;-1.0;-1.0;-1.0;-0.09028419176056826;0.11562344934393635;0.02757418177205277;-0.04873155796073775;-0.027890628975734296;0.003224714459782767;0.08930979199495163;-1.0;-0.027802695609344803;-0.04972764335328286;0.09686037095872371;-1.0;-1.0;0.00013057121821237862;-0.03834886953425044;-1.0;-1.0;-1.0;-1.0
Fliessgewaesser;0.0025208709210918097;-0.009647644582209519;-0.023107744633501254;0.0023060896446646575;-0.07060494514497798;0.021110640527086475;0.029026749276360633;-0.10073532908980647;-0.05121096538663325;0.005670887619499384;-0.018776526366528032;-0.011514617307806882;-0.011810349515064296;-0.02127585060068455;0.031185628633992324;0.033164037804248515;0.06813537849104226;0.03715700070533797;-0.00880940597369;0.010482772335253432;-0.03218315521548779;-0.024829247415195047;-0.06181530906605705;0.03144473766154507;0.07720654335052948;-0.0013393790801878795;0.04950829746938525;-0.03228289053474516;0.056851850793038394;0.006954851505160041;0.020297650407928615;0.01188134809415721;0.05668507332787686;0.05358200282168861;0.009770902052438475;-0.05561966057155085;-0.03754632321878292;-0.03179329219560747;0.06354031827099393;0.029486398791149393;0.028771983979267227;0.00041713045802059464;-0.02471227065581186;-0.05227268948378582;-0.030650821938295297;0.013882346546457421;-0.017002729187924854;0.007186225308794966;-0.021843210319923433;-0.024049276990006887;-0.2198232668027179;-0.008987253871112735;-0.09313999764653826;0.028624607061307566;-0.08739306621819687;0.020004557241618207;0.007379611192686516;0.10990405990021143;0.04478716672059945;0.03307164345308176;0.009819845588905127;-0.04949337314337387;0.007083942762033272;-0.08165052102319706;-0.04018303345405798;0.00033844998700240125;-0.018337309898128294;-0.040932942074441515;0.04461199755852588;-0.01982453692575313;0.000499324796416351;0.003806094570267102;-0.014535828814851524;-0.04780193206783122;-0.02754190144453399;0.05769400284537139;-0.0070221703078115335;0.026333187646362485;-0.04396568267144757;0.00799222852097105;-0.06791342550252473;-0.06852018436575309;-0.03169449536565021;0.06720467720708631;-0.07591536577500546;-0.034695760604878514;0.03164290507810423;0.03749842236327059;-0.002839536169507555;-0.052719483731425154;-0.045993776396574655;0.004094574013722117;0.0764913824427438;0.09208676034972794;0.0119656878917108;0.013698108169695982;0.03868473070429388;0.04139263596083413;0.01997220125104162;0.0035518198241616963;-0.015258656135158864;0.03287590930983387;0.001371660199748456;-0.027824664171199262;0.22377033435017707;-0.0181162406923573;-0.023221451788461973;-0.03386526752352731;-0.06799930142602127;-0.01587089075988963
Flugfeldareal;0.06274972666298922;-1.0;0.04504620416868704;-1.0;-1.0;0.011085722750751759;-1.0;-1.0;-1.0;-0.013978997971639736;0.011201065259383513;0.054504676974464934;-1.0;-0.02477780784940908;-1.0;-1.0;0.056599354308581554;-1.0;-1.0;-1.0;-0.003947761234586763;0.11924831364773048;-0.009216471546061101;0.02027310794116387;-0.04647204919937721;0.015032811435300893;-1.0;-1.0;-1.0;0.04712235474078444;0.012976799903027197;-0.06438799462505229;-0.1508385368801308;0.013376641704645406;-0.08765555868966628;-0.0029970347786896275;-0.0010115617907046836;-0.15742770240060058;-1.0;-0.04112252606148295;0.003792727124704875;0.14625721522373283;0.0004658679094716402;-0.02500040602644748;-0.016153958158230845;-0.003508872101494086;-0.004672990874218589;0.05862936081645615;0.09882978652495011;0.08003422506661055;-1.0;-0.13320187820208743;-1.0;0.0490837740628033;-1.0;0.02597010760073837;-1.0;0.0035111083718170856;-0.15653681540021944;-1.0;0.10693077730529765;-0.057083898367898366;-0.07584265375217086;-0.054567056708879264;0.046035544688142555;0.00012076219012911812;0.012373623773963472;0.017948008492052202;-1.0;-1.0;-1.0;0.14667185404652228;0.1056355801435536;0.033829464520929275;0.004117165504842671;-1.0;-0.08664335049682248;-1.0;0.032943845029885746;-1.0;-1.0;-0.01687882232013668;0.021374184794256016;-0.008010142626033103;-1.0;0.06670856904348027;-0.1810101715087651;-0.16106907123326056;-1.0;0.007178198829678245;-1.0;0.10630337304199886;-1.0;-1.0;0.08769363084287354;0.013681077505551456;-1.0;-0.06731249553761667;0.13030851958121276;0.09420109311952238;0.004862970591482342;-0.05384188910620583;-1.0;-1.0;-0.016636757944197264;0.013766932386543465;-1.0;-1.0;-1.0;-1.0
Flughafenareal;-0.028630108823371712;-1.0;0.16731782351150007;-1.0;-1.0;-0.007480242075396812;-1.0;-1.0;-1.0;-1.0;-1.0;-0.1097488888707537;-1.0;-1.0;-1.0;-1.0;-0.023806077702152425;-1.0;-1.0;-1.0;-0.013160183399821713;-0.1106041102532854;-1.0;-0.0936789313034907;-0.2285280566638785;0.03383242709251093;-1.0;-1.0;-1.0;-1.0;-1.0;-0.10402789893084975;-1.0;0.018382314409504524;-1.0;0.09360898183816856;0.04279939385377406;-1.0;-1.0;-1.0;0.0042532074130693445;-1.0;0.013385330833647586;-0.013019590974427427;-1.0;0.04439736571539609;-1.0;-1.0;-1.0;-1.0;0.07334642987111967;-1.0;-1.0;-1.0;0.11174522620840613;-0.011837503041626358;-1.0;-0.06812325401360503;-1.0;-1.0;0.1445309393797113;0.25884221548595676;0.2145952002552619;0.124855009076542;-0.027349939864979286;-1.0;-0.021561647975529525;-0.014774479177451727;-1.0;-1.0;-1.0;-1.0;0.1264158152842886;0.04417193260844076;0.019808439507273713;0.13378517196141204;-1.0;-1.0;-1.0;-1.0;-1.0;0.0032165433932475696;0.030061311013081363;-0.09020061588204724;-1.0;-1.0;-1.0;-1.0;-1.0;-1.0;-1.0;-1.0;-1.0;-1.0;-1.0;-0.10797862600018329;-1.0;-0.17034312465011728;-1.0;0.15351697931050434;-1.0;-1.0;-1.0;0.03358621650350483;-1.0;-1.0;0.12204043396430743;0.08195852176891291;-1.0;0.07624647975247745
Flugplatzareal;0.10096302959077372;-1.0;0.11545282152644777;-1.0;-1.0;0.01374522261500715;-1.0;-1.0;-1.0;0.07048768833272069;-1.0;0.04569039816278941;0.049098525279643826;-0.021244763889334713;-1.0;-1.0;0.017204152953666313;-1.0;-1.0;-1.0;-0.021119862976655603;0.04882851723453782;-1.0;0.005355059503341665;0.044665048813744175;0.020615429537160373;-1.0;-1.0;-1.0;0.013282569940813092;-1.0;-0.051293564906300965;-0.09215020132174338;-0.015282732528129053;-1.0;-0.007633138438727127;0.05540715777254303;-0.003253649173792472;-1.0;-0.13877507534047392;-0.012254677639387227;-1.0;-0.06347899047515809;-0.03617149599506428;-0.21851647771721924;0.03401964565900655;0.04140586750381491;-0.060345696708176834;-1.0;0.013224350550273352;-1.0;-1.0;-1.0;0.020911404741336348;-0.13683097562926988;-0.0215654208218121;-1.0;-0.05153619264811241;-1.0;-1.0;0.1123043432766609;-1.0;-0.21130003057578003;-0.021931128520178925;0.09697939415103843;0.03255571100301842;0.008375237400406505;-0.1254685716133881;-1.0;-1.0;-1.0;-1.0;0.21103835861095246;0.07841558607722673;0.03519790215752904;0.11050919744709464;0.08419772756477405;-1.0;-0.07963984313940205;0.02442499214043444;-1.0;0.02919690898012824;0.08588995093442109;-0.008475221145889698;-1.0;0.0734725023975413;-1.0;-0.16945672565362263;-1.0;0.010815376153822366;0.21406962040364763;0.11130188309659156;-0.029151883545562873;-1.0;0.06619532633250673;0.049585421452473924;-1.0;-0.11620971769241928;-1.0;0.1139811379229951;0.02019324322487155;-1.0;-1.0;0.09282005178530042;-1.0;-0.03755606916246255;-1.0;-1.0;-1.0;-1.0
Flurname swisstopo;-0.009472867817790364;-0.18484220379018873;-0.028551124269316597;-0.0467850727555488;-0.036259615284985613;-0.01339459606087305;-0.0006364067556673801;-0.007619904599012183;-0.03640473163101986;-0.012729927064916373;-0.0300904276293877;0.002763144642186313;-0.006935518601733278;-0.01633845300057106;-0.03334427217852405;-0.057875866331864055;-0.017825691896686813;0.003293713437554558;-0.005292378715400792;-0.007852096385600275;0.12645611297671358;-0.05375798305290126;-0.028559386741152375;-0.03087524017675105;-0.047047864400464316;0.007283899647170698;-0.07576636653860457;-0.044436826637738604;-0.2335552644632194;-0.006400908622095637;-0.02458136225601196;0.0034855020382709664;-0.03902076394838746;-0.030649494790239828;-0.02322874749788862;-0.07390429972754174;-0.04108413325479823;-0.043464577753329715;-0.18492222437464753;-0.008266479949829852;-0.017364935748602747;0.003354614851880485;-0.007052474922758235;0.023084735863402633;0.014567855085663816;-0.02188172878730532;-0.01035613106086044;0.003146286876176196;-0.03510230455458178;0.0036437814617744754;-0.009739613648440107;-0.029551601342771964;-0.05415160651527192;-0.006372871465870762;-0.162532803311646;-0.007998388692846171;0.012049850523165413;-0.15653098585685984;-0.021373492851622523;-0.03876097521965922;-0.032091780458377364;-0.06683252967943121;-0.03702606276718751;-0.11113645833644994;-0.022167749145807346;-0.023575293546502698;-0.00505201419431866;-0.02735820788850352;-0.14999039050127158;-0.04192179977462514;-0.015705623180647662;-0.005122649563037971;-0.014066425641934903;-0.058484457115531484;-0.03083226997578645;-0.015148938253828789;-0.0029160256573348927;-0.02459696069486524;0.007317672958951845;-0.020597219335519744;-0.05421224208640864;-0.06582513382167622;-0.030203880083062063;-0.0499745679499696;-0.05583506655920296;-0.05950008558447028;-0.05678963815155657;-0.059232601889246825;-0.017690674123864825;-0.06078016416320292;-0.05461651313166636;-0.020737078504956645;-0.02519714966425564;-0.03850340033907234;0.005709565729139341;-0.035678840200594954;-0.04014083901596584;-0.021272768953646264;-0.001414664318972779;-0.017271931069816386;-0.011512698325185944;-0.04530563417869766;-0.015121256425101086;-0.03766107417917036;-0.020529778510794863;-0.009452043437938474;-0.05932091032767191;-0.057467973087677336;-0.026687347846845018;-0.03525116954617191
Freizeitanlagenareal;0.0028498695329218244;-1.0;0.057059194068787386;0.07476317418274121;-1.0;-0.01848336887376852;-1.0;-1.0;0.005595704324934372;0.04482128663893259;0.18695847766162385;-0.007490107592687138;0.0011802507693264408;0.046375629033775886;-1.0;-0.02241482109376744;-0.007775142205832453;0.09380196950094992;-0.044624142981731355;-0.00030321931365907573;-0.058154587545111894;0.26653964003996533;0.09020198814363213;0.013452530942381394;-0.06923634660336017;-0.04024101398464832;-0.07920588593745737;0.14272924675001017;-1.0;0.10759191840860402;-0.030700193152408833;-0.07180782243979786;-0.12862537234115634;-0.037201910795546904;-0.0017528013393210244;0.16442807560746137;0.09113220150796152;0.164430324171287;-1.0;-0.03757585125254757;-0.042909438267894506;-1.0;0.05374573548465302;-0.034452768353898613;-0.02592320846526128;-0.014237095931755706;0.002352745391151759;0.05436018071906527;0.0712883373850226;0.025121517617919545;0.2926883132189155;0.12621453649508113;-1.0;0.0455624151350597;-0.024487160217078766;-0.027559785062426782;-1.0;-0.05510529271422989;-0.09656501691784128;-1.0;0.15378459346934129;0.11412223475715703;0.06384448235445075;0.23460296701936328;0.058214153519689144;0.01384858979884161;-0.024245292551156174;0.13776364062036295;-0.09058354211942747;0.166549239681501;0.10474698050297546;0.028803397191998908;0.12528989124951645;0.16390860004753402;0.051222006259163254;-1.0;0.040382703958446044;0.1572130315409594;0.06916055772284789;0.06636670280745074;0.05863727727766505;0.1605999925329132;0.11939278884667949;0.06343233836797198;0.1099614836150039;0.12939734276737383;-0.028070510159698102;-0.015345713412844922;-1.0;0.13628348727574505;0.14070729143298624;0.044469831856680166;-0.02571234156730245;0.014003822905642189;0.03505043350468714;0.07561764381393485;0.08658728631588256;-0.09326615361036189;-1.0;-0.00839403884295144;0.07335699937330918;-0.0002613080580037613;0.009398081812726654;-0.005352897710268105;-1.0;0.11437779175073536;0.021204552634419404;-1.0;-1.0;0.1354833203462257
Friedhof;-0.02728009132809984;-1.0;0.10587547990174097;-0.03609208698591286;-1.0;-0.01379659074942801;-1.0;-1.0;-1.0;-0.008670590435101062;0.08535261448281523;-1.0;-0.00047127534927296033;-1.0;-1.0;-1.0;-0.046998341697343;-0.006031985712803411;-1.0;-1.0;-0.024848047726208588;0.07995947257811876;0.25140528761200276;0.002001072172098407;-0.1519032927312477;-0.048240361597867355;-1.0;-1.0;-1.0;-0.022075453605639957;-1.0;-0.052322422822670335;-0.16695745525889585;-0.08296645035527368;-1.0;0.1326416012220294;0.0907937022100776;-0.05142073977733144;-1.0;-1.0;-0.04208840257848472;-1.0;0.01481053084471393;0.007601009050915764;-0.03933327805913666;-0.009357738924870015;-0.03483639712059462;-0.028604245088724015;0.10719545819549295;0.003987856579789456;-1.0;-0.12632071650313503;-1.0;-0.013405922330339888;0.00704937412246144;-0.04557858073338268;-1.0;-0.16727745039316808;-1.0;-1.0;0.044863045308661274;0.09061291379561498;0.08378837414373302;0.15947404897177983;0.02862924071218211;-0.01787520927691616;-0.01824625819163998;0.16446879911660303;-0.09805141669686714;-1.0;-1.0;0.0856791682180808;0.015236121744988519;0.16580112812337064;0.05228075944386653;-1.0;-0.06342219064455089;-1.0;-0.030752999972844256;-0.057492028316800614;-1.0;0.11522014362828718;0.05156985690580765;0.0159457329197651;0.018404651120647895;0.026232839933287053;-1.0;-1.0;-1.0;0.1755207850124888;0.10873601438059999;-0.012115130586779972;-1.0;-1.0;-0.14104311779269177;0.014490478842593885;0.052405500756722685;-0.05480594723105229;-1.0;0.07704991767404056;0.04924826681241947;-1.0;-1.0;0.16995513189520187;-1.0;0.0014384630653538574;0.030967232835978062;-1.0;-1.0;0.07802257734156476
Gebaeude;-0.0006115570092010477;0.027070223630787833;-0.007816014480913581;0.13382649207255812;-0.026696592313106806;0.021362900210091886;0.017222396628880723;0.049100537528862766;0.08650088765639541;0.0011883175421648347;0.01896594667361616;-0.013789339792931564;-0.02236625449963832;0.02102619488089899;0.07617068023105258;0.05672212929076358;0.023483536980237352;0.003735354879545406;-0.06007633278422288;0.0041342694660823865;-0.04059352314988365;0.019967670348823928;0.005585247652981181;0.10559659965322453;0.06795953696712899;0.0007669314761187799;0.0823301441510416;0.01511391818657104;0.08483393438106562;0.012769131558993006;0.09678379104953871;0.01153448596934523;0.0473721736201855;0.04177742531313503;0.05151670153530067;-0.006390422792392315;-0.01385298306849376;-0.016704450201613187;0.019229903522739053;0.06299346735920584;0.03426548405215348;0.040797828866644924;-0.008924206207598788;-0.02399759921472378;0.004240061685473359;0.028654855994569642;-0.023619852214389902;0.013207633954246317;0.01784813896410686;0.005533330423202107;0.008738440479917486;-0.029483799867238574;-0.020935975149942318;0.004094966291172759;-0.04041330874768858;0.014456455350384702;-0.015980597043335605;0.10149825530687676;0.07648170984780274;0.07296866450522828;-0.0027620066309085637;0.05513165199946814;-0.0014465881712262814;-0.0033155109414458378;-0.02330718472259238;0.18186427352856926;-0.016387520189127928;-0.023408288233748704;0.055933955735281475;-0.02365322548499177;-0.011151122303962611;0.03774326419159347;0.0261121875041125;-0.010701308902971461;-0.025454676305665936;0.03639039740638837;-0.03482391288392261;0.1076510709963865;-0.034472993792347376;0.021707195691997;0.06167798791526742;-0.020966408134879138;0.005286215198887874;0.031059628328568678;0.013801171899471703;-0.026878409615683833;0.11941547420488345;0.1267404131027867;0.034545091606841195;-0.018895766959497694;0.054964611621775614;-0.004328069854379078;0.07015264907087296;0.052649501429885226;0.016029951101993206;0.021117055326377022;0.1048752842298378;-0.0005527983857267983;0.037930078659843394;0.0573592460645262;0.03751518699816011;0.12482479309584064;-0.035465197214780274;-0.0008242403313600499;0.04640061549538116;-0.012772257529944772;-0.05209917792367919;-0.0020605329567474533;-1.0;0.045661161009649176
Gebiet;-0.06648719403807331;0.12143721434023821;-0.07924165457221895;0.04066359759867657;-0.2010913436486254;0.03660526628621089;0.03762664567894925;-1.0;0.08301107342885969;-0.03529123165478731;0.009905222339688156;-0.049044867111662435;-0.06096626433012062;0.02083617168428643;0.08063404174108194;0.11355764707157524;0.05408435906461213;-0.05201101380548535;-0.2639635753691252;0.02098908438925724;-0.07527828586054602;-0.06976107484660928;-0.15053060628729817;0.05591217662090713;0.1556116235114531;0.019868986054545106;0.17033140015377538;-0.06403365425638592;0.15775328033246655;-0.03112227288926728;0.07122225184457197;0.0678208498098925;0.14449254392516733;0.09419758345686463;0.06346697768297459;-0.12603597766879657;-0.12184068714763038;-0.09803550777868192;0.20551069081124138;0.053633631097566775;0.08576015115795811;-0.02034498051689834;-0.10102762683092383;-0.12282225440790634;-0.03537875942202032;0.018407696376092957;-0.07483343069290327;-0.023665773718029227;-0.07170866749392672;-0.028516972941647407;-1.0;-0.08285686261657252;0.03446566071655559;-0.04076365610201443;-0.056202783853523806;0.05576190546639834;-0.07820521902283455;0.14544351624693505;0.04784921950011956;0.11013343737943769;-0.03810216429797118;-0.1179196527846607;-0.014724217801998342;-0.13792046487755452;-0.11262718640427415;0.003983825598766492;-0.08861203662313617;-0.10092841273560642;0.16397507851300933;-0.11017397179308773;-0.08644201002818845;0.007277008542962204;-0.012344581823169649;-0.12320922786712585;-0.134766859776587;0.06918702137769049;-0.06095746120881945;0.004209625087509518;-0.12446370275302515;-0.008890524821586776;-0.07629782665796268;-0.1736204480971605;-0.11574024002389258;0.08611670024011352;-0.10102949835587231;-0.10332908312628933;0.10166572500573985;0.09600002502187024;-0.08475778743701178;-0.1219154030967717;-0.04976192632298742;-0.02784432889750548;0.05219393111578985;0.0747379969434796;0.015026950609195965;0.00047697983405783754;0.03596440184686206;0.14063599527697063;0.010543221982522591;0.021731242619934053;-0.023173494619739173;0.08121645706399166;-0.0695549963963764;-0.05642297776821402;0.03143608402984671;-0.06916306654930648;-0.058902782368442666;-0.05691107783932439;-0.11929551094550732;-0.06135676177579945
Gemeindegebiet;0.03500129955946284;0.017932298004645048;0.014145847900244955;0.006622862569229793;0.030523555030186503;0.04308478787777386;-0.02242357648068485;-0.05872495443119366;0.06482777470567903;-0.011223680862096672;0.011076727628566917;0.029794387352461916;-0.019811400326905804;0.054616408069035886;-0.0053395437868483265;-0.007255910782746018;0.0039720914979970105;0.012251898490676127;0.04329526128754794;0.014020902412320494;-0.008200880361837594;-0.012793888215161153;-0.04522078569984062;0.011160025925851134;0.006775000562761298;-0.016156418944941738;-0.004193394405933368;0.05805173767098374;0.020621874213831114;0.017132678956848554;-0.04635307338030084;-0.012975361651911509;-0.020716951958044908;-0.011590267754967803;2.5942505270417005e-05;-0.02289979870673437;-0.004334266083188374;0.024827233661686838;0.010866591311028644;-0.0022814667844215904;0.0036178441440482263;-0.017243374446592907;0.01982853075557131;0.03214424158956168;0.03939309214616458;0.03413464253239052;0.027894542891740814;-0.03225589523326072;0.012219007739971062;0.044847745613758774;-0.012843527674893586;-0.02162815869404461;0.06044012601693202;-0.024142941300881744;-0.033288972221469336;0.011480163291562913;0.03272215707378051;0.048555326332650674;-0.05554095559283121;-0.023837978754035767;0.013257701263291535;-0.0405949967651271;-0.009415983128457291;-0.023085407442750557;-0.001596212491985001;0.010441080990080545;0.017271073840149736;-0.006586943545203784;0.007221390483887381;0.01116242646608311;0.018136961455807322;0.018718158588703866;0.033239831922673053;-0.014148619298191271;-0.001876328964834892;-0.0006603560441768473;0.02426932403587129;-0.0306841483359752;-0.02190847799884714;-0.07991270036247676;-0.07670689442141991;-0.01464036266433163;0.012902927840863429;0.026582486315272207;0.049425078558691764;0.11841256274986064;-0.037292935962954465;-0.017948930502340425;-0.0811774517367531;-0.014810718405014855;0.016501675482605737;0.0007181124734673461;-0.04670781741478972;-0.03003440994362659;0.005897256703882378;-0.01046156240909514;0.002656454612531755;-0.02198424333106654;-0.0313828261605311;0.0338269791136173;0.017321392783955676;-0.0468823602384347;-0.05266327707364443;0.03528175446934095;-0.0630648131778784;-0.002760247266080538;6.148727332024224e-05;0.039022277458556166;0.03313260501153023;0.004177634054588641
Gipfel;-0.21108023405291365;0.058914687813675655;-0.2734769269896865;0.09524179197332958;-1.0;0.021696749069189683;0.02737251847518401;-1.0;-0.062356555656661046;-0.15194676485544972;-0.05758613545244905;-0.14965665442086734;-1.0;-0.0428866763879812;0.1317981798825826;0.16200041392961445;0.03229868800895329;-1.0;-1.0;-1.0;-0.09546688636478065;-0.11824071251389191;-1.0;0.06500328508188277;0.17024058901907765;0.007817649722563628;0.3092400631484151;-1.0;0.1109850437647053;-0.1416125412174474;0.05300425398108154;0.09028764912228208;0.191708675818497;0.12212872506980016;0.08613641323644516;-0.1845452800470738;-0.2517027220429083;-0.30470375139055716;0.15179038157102723;0.040164851844575834;0.09831805432002007;-1.0;-0.2407482781450334;-0.3995288335691726;-0.18423087471711944;0.0340550004027149;-0.25083255675165594;-0.09209662840682445;-1.0;-0.10587750656078188;-1.0;-0.22764632035578736;0.07429931686133999;-0.15302261902727965;-0.026306033155418955;0.06630090320707384;-1.0;0.21161612091955317;0.044977399056192864;0.16863827615818824;-1.0;-1.0;-0.05698385744673039;-0.19195903664657163;-0.22667402998196845;-0.018394720573438446;-0.2717496913854807;-0.22043327165201174;0.23221688153510273;-1.0;-1.0;-1.0;-1.0;-0.2807704735152746;-0.31024969933039404;0.07970609009780415;-0.15904492853396834;-0.0324105238367398;-1.0;-0.04917712295693799;-1.0;-0.3644116917593504;-0.21636811209861895;0.08118006450326956;-1.0;-0.2428713804741263;0.1365595011689339;0.11720459434227797;-1.0;-1.0;-0.15062543300234335;-0.19647849468757847;-0.0064747938716539985;0.07335327571421232;-0.09287504418108741;-0.036578903252607174;0.023656616750810846;0.1622249646419715;0.08305765169349469;-0.03690324310032404;-0.07084580116114264;0.11005962909508468;-1.0;-1.0;-0.008080764415408235;-0.18853079385502494;-0.09862283124189644;-1.0;-1.0;-0.08661039517130176
Gleisareal;0.05202391364523128;-1.0;0.1238304172244056;-1.0;-1.0;0.03677242890787972;-1.0;-1.0;-1.0;-0.0592516929696449;-1.0;-1.0;-1.0;-1.0;-1.0;-1.0;0.005716717302448232;-1.0;-1.0;-1.0;-0.05030408478120215;0.09226158020955597;-1.0;-0.012843984986647825;-0.07511386056007835;0.023906217625321753;-1.0;-1.0;-1.0;-0.068536706266178;-1.0;-0.17068359215525386;-1.0;-0.023455789962801187;-1.0;0.1174997265157223;0.09944669498279744;0.03056687882068684;-1.0;-1.0;-0.02725407067856843;-1.0;0.039316796722127983;-0.025037124702975873;-0.02495738341057484;0.025578328199337988;-1.0;-1.0;0.2719862510337668;0.09749586877925988;-1.0;-1.0;-1.0;-0.05528278354632887;0.0317559637139536;0.00288860958377861;-1.0;-0.034448098843450334;-1.0;-1.0;0.17795348953159865;-1.0;0.037871884809283274;-0.010555614502522995;0.16219533461161806;0.0027376790824060197;-0.0027161062806459737;-0.03804901654553074;-1.0;-1.0;-1.0;0.12927567240812468;-1.0;0.002186411209623149;0.05644030321163968;-1.0;-1.0;-1.0;0.09287224232571023;-1.0;-1.0;0.08854922989020275;0.05873229525373178;-0.053927514143743804;-1.0;-0.0048314673116301365;-1.0;-1.0;-1.0;-0.012950413843973304;0.048055687227927996;-0.054220240672056684;-1.0;-1.0;-1.0;0.03450373840388136;-1.0;-0.11531340154075811;-1.0;-1.0;-0.13099623747185254;-1.0;-1.0;0.12087547609703356;-1.0;-0.039959712094264056;0.11742396561502016;-1.0;-1.0;-1.0
Gletscher;-1.0;0.42651882426553656;-1.0;0.13002341236728396;-1.0;0.053913309168145546;-1.0;-1.0;-1.0;-1.0;-1.0;-1.0;-1.0;-1.0;-0.004223259393830497;0.2026801277065108;0.022208170045762886;-1.0;-1.0;-1.0;-0.24505775060365464;-1.0;-1.0;0.022210834284705536;0.1355668061292958;0.015981544493327848;0.09685194460228758;-1.0;0.5044561818305483;-1.0;0.027170406046850133;0.001542650732030893;0.21921277800594538;0.15716205202306022;-0.05831026253164254;-0.2086452457824663;-0.3973316561958335;-1.0;0.4283326540988404;-0.09312740472190663;0.12152522888328902;-1.0;-0.2151666014906385;-1.0;-1.0;0.014762848918232619;-1.0;-0.23075014197976157;-1.0;-0.18886057234256204;-1.0;-1.0;-1.0;-0.34407081959323227;-0.07086854394996142;0.060574824792291225;-1.0;0.025597900032184824;0.051051313365831845;0.2708836061308482;-1.0;-1.0;-0.0019425132515074753;-1.0;-1.0;-0.10180111224627852;-0.4327631438695486;-1.0;0.3690835410634287;-1.0;-1.0;-1.0;-1.0;-1.0;-1.0;-0.03610125873671256;-1.0;0.044865996275583075;-1.0;0.08999761199885485;-1.0;-1.0;-1.0;0.06869323821912329;-1.0;-1.0;-0.008729326833148346;0.04870738968603595;-1.0;-1.0;-1.0;-1.0;-0.013951167092784234;0.02251110883569967;-1.0;-0.033680312823800386;-0.04786480050784471;0.1731784352880007;-1.0;-1.0;-1.0;0.033987596685301;-1.0;-1.0;-1.0;-1.0;-1.0;-1.0;-1.0;-1.0
Golfplatzareal;0.04761874117125494;-1.0;0.05830084456455673;0.03331845826264829;-1.0;0.009679417388691585;-0.007521960939506042;0.24404629023617624;0.013382062333847667;0.07774863427210205;-0.12258122504203237;0.03559146004688281;0.050365844306442774;0.07776953127043981;-0.027799740296366435;-1.0;0.01546672013816359;0.05917671151458389;-1.0;0.01474504967650159;-0.014143302357421629;0.11965342669930665;-0.05330471952072786;0.01946810544895065;-0.018928878286852906;0.006238105302788143;-0.16628053806099677;-0.00012081333889849539;-1.0;0.30456648251639734;0.0846524106954858;-0.0449142147482126;-0.08622936390482086;-0.013576146582674128;-0.19959530668503547;0.015990035080564468;0.03083150457187327;-0.042030834795133254;-1.0;-0.04478304453356546;-0.011063801513755207;0.015208148644899052;0.009915918783819838;0.01484896054701195;-0.01680862770341214;0.005606106465092797;-0.001989051004067999;0.050071794255489036;-0.14345972645558272;0.015069358178289442;-1.0;-0.02828983896652821;-1.0;0.05635111246487178;-0.11190379540090105;-0.008343301344134125;-0.008783957307887455;-0.019353650135116387;-0.004146670083222539;-0.07966542663866097;-0.0478370684939389;0.0019964047968353596;-0.0072509045591510985;0.04681134956607536;0.012795410168056865;0.07472623924452364;0.024291223406162136;-0.016941157987603053;-0.10670407932666988;-1.0;-1.0;-1.0;0.05052246502700256;0.019458356311963482;0.01681980345058158;-1.0;-0.01745018529873279;-0.13173066126799196;-0.019982807798991566;0.05376410764954062;-1.0;-0.001671124947130837;0.07678317050412313;0.03922500996171409;0.060769711704602214;0.09723247611231348;0.03168541691857642;0.04057262869240538;-1.0;0.10008461434665288;0.052378454942745636;0.07185969738171402;0.02281834598305343;-0.052516003130047575;0.029985048048295063;0.008825796948850951;0.03976239514104271;-0.08680507432124125;-0.0469540551975535;-0.006446136583013569;-0.16705794255435377;0.05800090493355506;0.09312483194446221;0.08474772266911448;-0.013555292082270111;0.07566777039038623;-0.009402310306489872;-0.05014673752000567;-1.0;0.014550101522930015
Gondelbahn;-0.07255357949531901;-0.07328747543935206;-0.07237738901472564;0.14138852527040338;-1.0;0.004065367033169787;0.03041742768465424;0.0863411279466679;-1.0;0.010614245861681752;-1.0;-0.1485391958102952;-0.11132734904014778;-0.009454249426644619;-1.0;0.013283114994970003;0.01448968052845319;-0.024028379558301633;-1.0;-1.0;-0.03167920833791121;-0.025097573148835716;-1.0;0.09296944163944132;0.08949651418067844;-0.025092734439975745;0.06366790231523173;-1.0;0.09604189473188542;0.052544148470162186;0.24098296939819916;0.0144880797086996;0.056695221732161356;0.08736602821334091;-0.01004415189713753;-0.05440208777137716;-0.03290350389330377;-0.15005599488334773;0.03836635306239533;0.02414106427465083;0.02888130253404555;-0.07832818977842827;-0.1292899612336808;-0.15434930667844463;-0.11205363749180619;-0.04508304426168227;-1.0;-0.05036873037946102;-1.0;-1.0;-1.0;-0.16239271665365396;-1.0;0.014692765911439901;-0.14810992204956336;-0.007570871134246759;-1.0;0.07545933880652889;0.16857945780740982;0.01545474683742153;-1.0;-1.0;-0.049543945517969264;-0.06747149116465746;-0.10720100938835131;0.06105491385395253;-0.07461810366446982;-0.10206702658368472;0.05594534683740513;-1.0;-1.0;-1.0;-1.0;-0.05947658052648919;-0.025704622175098966;0.0069908091239838125;-0.03754598258660043;0.18157290283113922;-0.097790993101211;0.04493441586455929;-1.0;-0.10768009071193617;-0.010571013022542666;0.02220692887364119;-1.0;-1.0;0.25152552134631884;0.23601867315632155;0.16329657417848695;-0.06279699788065567;-1.0;0.02710271205839963;0.1373731819208957;-0.030938373269153312;-0.007259833520964285;0.04743755339698351;0.038133953699641523;-0.022947661629065943;0.15564498217594008;-0.08342674016632977;-0.02801270233340841;0.30782169404152;-0.0883061933091833;-1.0;-0.10288214519986312;-0.06480801778594618;-0.09363685556764723;-1.0;-1.0;-0.024359530708578787
Graben;-0.04150019441163874;0.004032393393299716;-0.08361450403350945;0.026661305651981167;-0.06969608632742241;0.008643844659297096;0.035463860695182904;0.017911163609421604;0.04248996975194389;-0.04300808785979745;-0.047309688631545145;-0.016467523863636663;-0.04858334317907666;0.03228430987751175;0.03271349165181793;0.07034015755326443;0.006671803449047751;-0.046180904447589634;-0.08176749506036567;-0.0560347610090838;-0.0045413483770844415;-0.06734406537629131;-0.04273644079466569;0.006230414984451734;0.07333514804166635;0.003164782885814476;0.09487271590258439;-0.16230092518867673;0.013148443828339539;-0.044877548282596415;0.004955208228301825;0.13426325513068704;0.10952602791984953;0.04503665705451915;0.06430494441752542;-0.11102013225637508;-0.09320548819363494;-0.11211557068287825;0.05734021397953616;0.07383064051675298;0.026423535598123896;-0.040713529860973166;-0.03855729150386822;-0.015453437438287462;-0.008818746109395691;-0.004768343733504322;-0.062144284463081186;-0.0457473311939703;-0.09963022569910158;-0.01984892831848967;-0.15579449427041014;-0.08891167563562284;0.040898484103367154;-0.010113043649175238;-0.06687940184047153;0.031122822288998465;0.0005298919788117622;0.04935287883816356;0.02181660320951238;0.07722029319914929;-0.08603143724059131;-0.08141208270813516;-0.018128312525369117;-0.15006887850263365;-0.09524614622757614;-0.01963612694936241;-0.03685938100454911;-0.06332745478207072;0.030781449824002573;-0.09847942940984446;-0.057315438404115744;-0.01108696935046247;-0.05849274098695298;-0.09329224227024623;-0.08870120492606891;0.03594845767630058;-0.0830273262600505;-0.0010013691992614236;-0.08655445421817537;0.03784624138514768;-1.0;-0.13241896433831088;-0.09128075230536536;-0.0211809658429594;-0.10752961089434501;-0.09105978152964603;0.014909361043692386;0.005785087702912413;-0.07317957298577844;-0.09795127970255652;-0.15635900549307033;-0.049515919537342086;0.009762706016351206;0.02006269763771671;0.021677696283187473;-0.008379383947729952;0.0004304672775262721;0.04416675311452596;0.028549306861867234;-0.015328333212471986;-0.01901551426778645;0.007838244813770677;0.01226843339082231;-0.10617127794872289;0.016011621585003657;-0.030239626285931853;-0.06058290749363791;-0.08015482707907878;-1.0;-0.039534754222854566
Grat;-0.12242676732456595;0.19687030920465048;-0.18933380497275085;0.08389127231244714;-1.0;0.00419175736200485;-0.08465399503361852;-1.0;0.01300555464209248;-0.10736706682231634;-0.04169154439591064;-0.079311652225086;-0.15219748523627377;-0.09456544529104187;0.11007615069200531;0.1315640672796715;0.03378051654836648;-0.1484622835514682;-1.0;-0.12185229530304585;-0.055788589500157845;-0.154298750988163;-0.15964456136364477;0.02766815894293732;0.1408726561613882;-0.008552321558414603;0.1850986032064468;-1.0;0.24531663811839957;-0.08958337568492074;0.04819492895965875;0.11383845622129779;0.21299676040266857;0.10631295593213767;0.07437536692493822;-0.14646038344362086;-0.17579681863284166;-0.140289417053558;0.21965609366514086;0.06763627188377683;0.07533912597038159;-0.07953766826041107;-0.1280254468731025;-0.1344894301423188;-0.08045611790013958;0.004762671514532438;-0.15443066477368322;-0.05565790120542796;-1.0;-0.10870294645750464;-1.0;-0.12429925996802044;-1.0;-0.05560821613565984;-0.09651020191708373;0.04346077014176029;-0.20361799923334808;0.11333960195317778;0.0631249233959764;0.15972248047861887;-0.3074972470768657;-1.0;-0.005515359766520443;-0.1949702030128278;-0.143168896241991;-0.032426514090148066;-0.13252076897478376;-0.11714478667691962;0.1980215218229037;-1.0;-0.14556732057719593;-1.0;-0.11789604369303124;-0.15563908442928442;-0.17777685536294785;0.07136595745613457;-0.2064211606989371;0.04000999878048674;-0.14484103520722316;0.04227819279430309;-1.0;-0.22362894590119717;-0.15539087498744245;0.05234619662787352;-0.07398349762558;-0.11213475552995064;0.08201209682525128;0.06249259216336507;-0.01800311326146689;-0.17352890140337043;-1.0;-0.1144585845464747;0.03732103368317765;0.0371929239474369;-0.04928663734009211;-0.010799802819341819;0.002136459957076593;0.1363381039008132;0.043623229825624416;-0.058764544307850594;-0.06598587299584054;0.07037687358318608;-0.004660000777187458;-0.12468761081708189;0.01550823028637822;-0.07182878601850361;-0.170831220352661;-1.0;-1.0;-0.1131098993547308
Grossregion;-0.01863300787227856;0.13141755864099777;-0.024725678703937038;0.02201233645032384;0.046196843060978016;0.0002807756613474058;0.03178397355377334;-1.0;0.012075132439553597;-0.0081181632304648;0.008309400762210529;-0.010536074871756661;-0.023563331936713075;0.008269181994273634;0.08131882065050694;0.08216231322871403;0.029191296182353884;0.013051124456693161;-0.06851612803210519;-0.02451620408897318;-0.02816382639512832;-0.020789070551176153;-0.04295048292405683;0.0311910292403961;0.05831202252279446;-0.034304417827990284;0.09760700134126582;-0.06747277545097652;0.16483852237627195;-0.03346308652358132;0.03756844595042084;0.028127972605459652;0.08457034313346037;0.10138547680325663;0.05020436667802794;-0.05326411065882963;-0.04841463347963756;-0.020525791750543323;0.1425775215389829;0.02646187876338357;0.010985059771099646;0.021317710186483086;-0.033974595857922854;-0.027832668787287154;-0.08823654909395562;0.03464299438095601;-0.018784393774757244;-0.01026748427239481;-0.040744664988214815;-0.007829267622728063;-1.0;-0.03402277234740542;0.07615104885780988;-0.00804470807839;0.02454966600431377;0.00739485739180663;-0.0184487707417939;0.09233398089975055;0.05109721546385799;0.07836651796644938;-0.045636472112099126;-0.10664109319788546;0.006687280702677286;-0.07475866605318998;-0.05668790820096924;-0.006133828740431569;-0.04983204858220955;-0.06354732677557859;0.12282880102990687;-0.06594434552911153;-0.0055008987970802;0.024892311248624337;0.004498455698015092;-0.057412158338114465;-0.05373130116202835;0.061902556046289844;-0.02158750859627065;0.005947094549357702;-0.02744845299907312;0.0015776580899972592;-1.0;-0.08086199767169393;-0.028092698372901483;0.03760426453956281;0.049228462771365666;-0.007775844608948093;0.050155557649222755;0.05178951097501697;-0.02737407151756334;-0.06527934773930061;-0.03439665481860262;-0.014383203388471925;0.03343839107618141;0.054827783040943046;0.003917195438097725;0.025391676000615503;0.04252825421915603;0.03389077990221062;0.014959634075184372;-0.022680057017543834;-0.011174507866430728;0.040038922872883756;-0.006427834745259017;-0.05544222539304217;0.02030317137850335;-0.04962946424171268;-0.008627338146358564;-0.025371972563087864;-1.0;-0.032102279812753494
Grotte, Hoehle;0.03889394554908317;0.031332157022762805;-0.0023699237198215694;0.017812217617986476;0.18077059776190726;0.015527135594353461;0.15810742152694934;-1.0;0.1491771427118631;0.016555833545849448;0.14537895447662674;-0.003976674457276961;0.0017888648394466917;-1.0;0.12371558368819834;0.12305881331295476;0.010403824145485185;-1.0;-1.0;-1.0;-0.030625643876582283;0.013982459879736987;-1.0;0.04628894110883485;0.06771794062139061;0.0025622786973808413;0.09512666172527753;-1.0;-0.0050828818510038325;-1.0;0.0005450321717377169;0.06042909083771144;0.08114068948407804;0.05001276607730424;0.3324251915645471;-0.04911368865961674;-0.04124146887871847;0.03198899507974618;0.03980588715621996;0.07339526828925103;0.019548102626856072;-1.0;0.038159546582465405;-0.02222150114040088;0.019699399375971993;0.0509660714165922;-0.0016966986805577295;-0.03398600487763275;0.013148610068277214;0.004964660617634524;-1.0;0.01688670760656819;-1.0;0.0625338728944018;-0.00600471601628953;0.028638228408534583;-0.02335062966805271;0.09753874465367662;0.009586132507772164;0.12542212784058582;-1.0;0.04045503137007131;-0.09117162698891229;-0.026599730225688404;-0.02718748126038668;0.009740640699559622;-0.03240143131299477;-0.06345472002090688;0.057830701042857306;-1.0;-1.0;-1.0;-0.027338479788741533;-0.049365341370599114;-0.04863106493324218;-0.01864758430663702;-0.05024021250212272;-1.0;-1.0;-1.0;-1.0;-0.07713354832112779;-0.04387555040660153;0.056228805050452975;-1.0;-0.060908929301798545;-0.0513156203921184;-0.0058926071880220565;-1.0;-0.005969665007575334;-1.0;0.015949579862626507;0.027625189901672734;0.017949317134165643;0.03277004371332757;0.01883154961760012;-0.019828542720360894;-0.0062198955385501095;-1.0;-1.0;0.07750026142133574;-0.008001214985581621;0.12305802681331794;-1.0;-0.05453649204967114;-1.0;-0.0030572215878823055;-1.0;-1.0;0.10580244663069878
Haltestelle Bahn;0.03559669671892683;-0.11710010092046177;0.11685419926520954;0.02955951200281751;0.04047722132286769;-0.035783685122754656;-0.10775825967937742;0.06838887801262974;-0.042148213784231725;0.0179084454476809;0.09990557761106024;-0.024799536923387717;0.050069746477421025;0.03564727914516684;-0.0518099511001339;-0.15139943719168028;-0.03611868092610718;0.02098871987718051;0.11766406990449942;0.005522034050984833;-0.07194841412843345;0.15814398260270626;0.14692480698421967;0.00366566427589793;-0.10818748686302132;-0.0640867186687827;-0.14806327462245328;0.12625953391125744;-0.14182562122161096;0.012197764610091321;-0.03285548458132936;-0.11675435154674604;-0.13840282483497496;-0.05370851593173628;-0.04461659595403281;0.3504699128356125;0.10183751270301074;0.1560898181658925;-0.21960186360096126;-0.09116509140854581;-0.036814486473382695;-0.011157269169157895;0.05226262519342536;-0.06333048742793958;-0.005686128594082172;-0.006317736032037973;0.05639070076667557;-0.02955486547132361;0.13252594275829074;-0.01784694253624969;-0.05999934683203585;0.038832692743278836;-1.0;0.0657717194731366;-0.1015936200323992;-0.054748722504048455;-0.02272538022664362;-0.07902408544746009;-0.044067863716849745;-0.10241190248665617;0.12166925469279896;0.1828592753676958;0.1632388323708006;0.26506936295683253;0.16764066648718176;0.017724492913483606;-0.03103821167762003;0.17484962775860682;-0.17203061780221332;0.2258546191869608;0.0260619806187299;0.08375617721861629;0.047542460081615494;0.19304291267415835;0.0904408406618601;-0.05977269157869642;0.017546159450804788;0.02573099770065589;0.01167157935534163;0.1145779854043666;0.04827170109948339;0.23029483220522443;0.11611859817488646;0.007141496812524598;0.07660683348188739;0.09354828925002094;-0.051096153135528614;-0.046819190644048436;-0.003919755721032111;0.1869674638441052;0.11879779135418003;0.019856151425672364;-0.03535880801538647;-0.015673457484175243;-0.023007134326579283;0.07011729613170929;-0.04247242134549738;-0.15248557198014695;-0.07196891903691627;0.007015326701021527;0.05977792338492058;-0.02893878499653569;0.05957537261545183;0.11086156333899663;-0.015090796004375868;0.0921717572627775;0.07036516473391755;-0.055160631578975626;-1.0;0.13899213178719172
Haltestelle Bus;0.04484671113427239;-1.0;0.08585663462469634;-0.05836108549024259;0.049104558535396345;-0.02208980708299357;-0.027146666684423268;0.08017970746341509;-0.008748313641986825;0.04544632279090283;0.04950915061075036;0.001870099234046603;0.020888059719836694;0.011066254317252174;-0.041804037645645976;-0.13029247914724568;-0.018665667192190726;0.018508044120201066;0.04934088432190654;0.05982115768353038;-0.039434383186529975;0.09058413081703735;0.09445165606482744;-0.003676723154546526;-0.10473379302708422;-0.04779521574633433;-0.23263163708531287;0.10586492045641113;-0.3439358784411314;0.026379768324243876;-0.023397630697756713;-0.09779271265201313;-0.1625361396947801;-0.04402837027934576;-0.031931140476548124;0.1030735950943048;0.1604135099011763;0.0835159280183664;-0.3325527035743438;-0.0741253478631286;-0.04215908695267127;0.030586359381133757;0.05629956107582009;-0.029088053718839706;-0.009506370756618759;-0.01270187787117344;0.060978368869347876;0.020262737390091358;0.08517403918605596;-0.012808475727454628;0.04459096202212106;0.09618732984067974;-0.08117098624238776;0.037092895270453216;-0.13471820020865355;-0.041588260471413376;-0.010267740885023411;-0.07272967796790987;-0.04944520160664667;-0.18407324761643573;0.0884646312360007;0.11407610427275995;0.023441792477172655;0.14829395747425858;0.10556558820055745;0.020834879564280647;0.01209263614761766;0.0804819460465081;-0.20432890767946968;0.01588597679373942;0.030586703312131706;0.03935831536164744;0.05071070565195391;0.14459895475720272;0.12627207677796695;-0.03811000558783491;0.023896745403980894;-0.012008862858473827;0.048623863971689704;-0.013550816049985865;0.0934461398759553;0.16776574985580925;0.1027968165237553;0.019866944248866605;0.04783713485437762;0.08737804408498234;-0.10260290052429642;-0.037761555225721055;0.02818792812820817;0.13870351662083188;0.10262560883607089;0.04814991589170674;0.006826412554645695;-0.02171615839050836;-0.008077640139904972;0.03082580230716637;0.010232667603392682;-0.1275042227965947;-0.06661277427120606;0.0380185239657824;0.02683748078316626;-0.04691782251780102;0.03886495852749673;0.08271628194016899;-0.04987949150338671;0.04643462523086348;0.022083724155875808;0.03842660906740644;0.017419246645576005;0.08788315889111438
Haltestelle Schiff;0.07667987568255673;-1.0;0.043827950799738856;0.09982683827058463;0.2925789573006094;-0.010660658787538933;-0.006000148950506973;-1.0;0.09357472329336423;0.13572469193011172;0.16172388130712642;-0.06321768337216802;0.05990698268825297;0.11436736077392401;-1.0;-1.0;-0.021575615126042464;-1.0;-1.0;-0.021913938571038755;-0.03899582302260744;0.16200409147159925;-0.05548810666803414;-0.013226121669295727;-0.08846676920746013;-0.035071601202208945;-0.28924653041874765;0.043042973132604814;-1.0;-0.045989769692275646;-0.15435095973404828;-0.11467356288525525;-0.1374651184692961;-0.043698614221378135;0.06740568356258568;0.14474654107267762;0.08469136371933995;0.22883880317123834;-1.0;-0.0806550008074441;-0.08560944000636324;-1.0;0.0917101421277221;-0.05942860917324769;0.019012134834469882;0.03803010302597327;0.23210612775434336;0.038791776738401965;0.07956575216136445;-0.1029187666888684;-1.0;0.07548189301762256;-1.0;0.026301193329870187;-0.018752849246322464;-0.034118032942146506;-0.05278612840496292;-0.08677184662792;-0.06729926608206116;-0.1046564001113072;0.062125191996890504;0.10653368515255496;0.05128532507335618;0.18416309860952615;0.10552481780902473;0.018599113177648254;-0.021192513814000197;0.09443526169064477;-0.22293975977611985;0.3362892603008307;0.3371493997416416;-1.0;-0.01652777035407399;0.106134059399775;0.06477767193203199;-0.05884294760623232;-0.002734754741510579;-0.06880235309748342;0.016859441832759326;-0.053310776991951254;-1.0;0.1099557120732494;0.2118541064056027;0.18194387223586353;0.2792493240111969;0.27197691944979735;-1.0;-1.0;0.010247176216820576;0.11221164542980216;-0.02584615221524353;0.15257584005553745;-1.0;-0.10041081854677673;-0.06802382486545899;0.0706159685319859;-1.0;-0.12115493346166178;-0.0005827566208811751;-0.07706331032573148;0.10925575225853475;-0.1181723042693509;0.22738442831107608;9.048202007813716e-05;0.04185956939797653;0.08407803197144276;0.08802447527660524;0.08325231864936627;-1.0;0.08297913571912015
Hauptgipfel;-1.0;0.33474025285173004;-1.0;0.09554066532959139;-1.0;0.05726447895894865;-0.024817970716175274;-1.0;-1.0;-0.22576898532937095;-1.0;-0.207364716756093;-1.0;-0.07470833552664796;0.08471779599185965;0.20920450578350835;0.045764644788702596;-1.0;-1.0;-1.0;-0.21052460861283895;-1.0;-1.0;-0.010608943334953862;0.18894207129803747;0.0009741609342656969;0.16210365804267024;-1.0;0.46184268545246;-1.0;0.026471703042985482;0.048313072679210665;0.22164787603729727;0.13612638110494935;0.017130354471253256;-0.24404576756822244;-0.34693733859863085;-1.0;0.4538671973177832;-0.10289817838981448;0.11830558034201774;-1.0;-0.2846289741704646;-1.0;-1.0;0.00305567132614024;-1.0;-0.2538408120781529;-1.0;-0.15668401571370885;-1.0;-1.0;0.04197040016728635;-0.19830815453626313;0.02995863196092771;0.08966592390994452;-1.0;0.1019984396203999;0.01893194406465867;0.22576602158441833;-1.0;-1.0;0.011392987569076916;-0.31558894119840875;-1.0;-0.10463321916824635;-0.4403752238458336;-0.35017935045700005;0.4218370761240421;-1.0;-1.0;-1.0;-0.189300617588241;-1.0;-0.51187061211199;0.049173663810915424;-1.0;-0.012852426681841164;-1.0;0.053297025584506885;-1.0;-1.0;-1.0;0.15879442112107867;-1.0;-1.0;0.08373193143247584;0.05966760762101146;-0.1237440401685435;-1.0;-1.0;-1.0;0.014532518166994983;0.0658968981724894;-0.1571927889826257;-0.03871491184086378;-0.02233662068771293;0.2264843685321791;-1.0;-0.2200519711519553;-0.22845752771860453;0.059729436571701384;-1.0;-1.0;-0.06475120235037075;-1.0;-0.11588037911004803;-1.0;-1.0;-0.182844654554337
Haupthuegel;-0.06121730058603889;-0.11647001339925628;-0.13822524332515432;0.15128644632588353;-1.0;0.02210627856033369;0.02578022861470779;0.013760418352046774;0.13241924196206767;-0.014053602370567854;0.04435089756475511;-0.0419794190287274;-0.034038872339528;-0.04992614616152955;0.035849244034742066;0.017462143349987694;0.023233068420732046;-0.042121569013774174;-1.0;-0.13274341253491329;-0.020104039390569768;-0.06717193829616344;-1.0;0.05596868287731512;0.07103943077252281;0.011460467354611887;0.045952726790201355;-1.0;-0.10878240755939174;-0.036323605288101295;0.039043753947918584;0.08756443920597444;0.07219221280460962;0.04533621470486945;0.07741838568517387;-0.1013506700979894;-0.08544798914559859;-0.10123079695083374;-0.10122098531759201;0.19890791209091044;0.0343564700422242;0.054225247087629054;-0.03035991935780771;-0.10611027560486215;-0.0017252845424628775;0.041427686182164275;-0.13067115867543969;0.014663264828494737;-1.0;-0.0871543945698008;-1.0;-0.06938386626694419;0.11382266338608868;-0.03533325817636796;-0.05005757397948961;0.02709150091552265;-1.0;0.07341469318643833;0.007929454422211036;0.10139377322038744;-0.13489522691104233;-0.13722491916515323;-0.029613709409381715;-0.16977065638804067;-0.1405722724208867;0.040906879027054005;-0.007246191906689218;-0.04948576723972457;0.02633151363327562;-1.0;-1.0;-0.09614622726521241;-0.008400284767076955;-0.08399111108804559;-0.09617455432826293;0.03288371291702762;-0.13482498398009635;0.06142129290495161;-0.07073947981131046;-0.002825706567138975;-1.0;-0.15257605287762618;-0.10465582907200195;-0.035405280411087585;-0.11940724057308534;-0.08157986366177367;0.008510173112230136;0.09527782704989533;0.011482989256399796;-0.09685972805538302;-1.0;-0.01942448187511442;0.03223105971572085;0.05418510873514882;0.03220189319032488;-0.011929077912860022;0.1228124413183388;0.043249657231370274;0.03945529805723678;0.028530969262178917;0.05270442028997231;0.012265461761313764;-0.053956438790891625;-0.09974050752874129;0.03520151930353866;-0.03968005103325651;-0.06810726212285609;-1.0;-1.0;0.001918648487006865
Haupttal;-0.039442675547009344;0.16243038009247807;-0.03176233718894448;0.02365859073049382;-1.0;0.02244256707992045;0.013511418371932473;-0.12190765258433152;0.013227732693586174;-0.026289353210473605;-0.0162767426932596;-0.03376220264190445;-0.06694557122771348;0.0021751244136096917;0.021169789280932768;0.07892593642534955;0.024277353585429012;-0.010977740389948936;-0.029336401012188117;-0.037767409632863506;-0.03151947461903196;-0.051334406331863834;-0.0650586608868643;0.0306003731337379;0.07861053187960758;-0.011196830419159406;0.10647544293158694;-0.05801013531680314;0.17054480422550625;-0.04893547439763655;0.004743702032458027;0.021303188693039;0.09407216317819628;0.0519032400323957;0.017487283532013807;-0.05012098217321317;-0.055669187643910406;-0.09587432215733396;0.16237730793689545;0.028653193294903723;0.06781763210741834;-0.01449244808024328;-0.05614914659945094;-0.053479371751634315;0.00819056988721248;0.007021991175264366;-0.13843945089619197;-0.013336225478773821;-0.043255721663909605;-0.03569786420308695;0.008056318740109774;-0.047352778604831794;0.10408685507332893;-0.012262943199542806;-0.027239024360661866;-0.01078240126232172;-0.07772777789419476;0.09738795616450957;0.021083902900477073;0.049435678729438125;-0.03173817237429091;-0.07418381141934051;0.002266722548499456;-0.06344047565513988;-0.06445704414587536;-0.013089824433251355;-0.05381139474783247;-0.032273397857429977;0.14943342622229774;-0.06297009527666554;-0.08881026674490469;-0.08220151252521103;-0.01955905984330433;-0.0567491691471365;-0.070394758681355;0.04441536784449365;-0.0211448307878698;0.018492586170254826;-0.02780766222304455;-0.03464809346554256;-1.0;-0.07570993210513498;-0.06890769658749495;0.04081059163129895;-0.1135618852439674;-0.04177321165714248;0.029890999245309056;0.05601157665403654;-0.05123744321918271;-0.05575045155976042;-0.08878969667525047;-0.03015073125224756;0.011434840963566985;0.05441128573516621;0.001857871053920207;-0.003696367487024809;0.042693673241915704;0.06637637448578665;-0.032437220684133676;-0.0009984618717519915;-0.03649064735892863;0.016914757873778143;-0.04715014496524342;-0.023663932351224975;0.005620536368486384;-0.03583443412245678;-0.014123954502857798;0.04060813247981497;-0.0032739160755317588;-0.06515283229117297
Heliport;0.028716606719499046;-1.0;0.09046805224787648;-1.0;-1.0;0.0005139648968024293;-1.0;-1.0;-1.0;0.058955121270823654;-1.0;0.10447769719887288;-1.0;-1.0;-1.0;-1.0;0.034130562236914665;0.1990609899388935;-1.0;-1.0;-0.0043549705572827535;-1.0;-1.0;0.034549522758701864;0.0020884314991296248;-0.007292760793264622;-1.0;-1.0;-1.0;0.03921384909225401;0.00941025722096395;-0.012720918702798156;-0.08877241948219505;0.026493042451736074;-1.0;0.003766615466872544;0.03688356679547617;-1.0;-1.0;0.029540575161456202;0.022114593538467706;-1.0;-0.03979703330040413;-0.005853913449499386;-0.019946574743859292;-0.014843918643115498;-1.0;-0.02664875872576661;0.1637135963667806;-1.0;-1.0;0.022252246894869175;-1.0;0.028039161791879437;-0.1858054217627376;-0.04170493034716147;-1.0;-0.05408551115780764;0.030047825496541846;-0.046095805483774975;-1.0;-1.0;0.036365879894497154;-1.0;-0.0015758277801589098;0.026297563347918013;0.014437094505872279;-0.006205313848891874;-1.0;-1.0;-1.0;-1.0;0.15331977869666022;-0.08124444590407406;0.020079257591572367;-1.0;0.10596441897304675;-1.0;-1.0;0.011740628536022646;-1.0;-0.007659271674327449;-0.06689454944175517;-0.05807676201681041;-1.0;-1.0;-0.019191551704160252;-0.04911678803000428;-1.0;-1.0;-1.0;0.08287327596701066;-1.0;-1.0;0.10336071572245269;-0.0134557052685219;-1.0;-0.046198118207415165;-1.0;0.09778687250189841;-1.0;-0.04458337220934256;-1.0;-1.0;0.024543445887116204;0.04277928706710336;-1.0;-1.0;-1.0;-1.0
Historisches Areal;0.045551336794574425;-1.0;0.031473328608974345;-0.01018265733391205;-1.0;0.0036543582068263762;0.027636071205369057;-1.0;0.06557191642180495;0.009280139448116306;0.06846939411589245;0.029791642771818626;0.04702693610215326;0.04759913211808013;0.012084121668339387;-0.09411027388969716;-0.0078006758110212866;-0.0003894373566864365;0.003972926838982939;-0.0050055596055798846;-0.005983563267825247;0.050370958862934946;0.00689060271499927;-0.002928459416276361;-0.08074941368136075;-0.005424181046931844;-0.2058368226591043;0.061092371405883764;-0.2277624183025307;0.029533273061943872;-0.13068847691743704;-0.038344442212886916;-0.1134223229452974;-0.03649386023302781;0.04075024070660237;0.05078738695771456;0.05651749210547872;0.09607536722451344;-0.23415199204601198;-0.02691315299325805;-0.036198872615888576;-0.007301526394296405;0.12020754937697811;0.05350482115804174;0.0053843490364261755;0.005637533664197574;0.049001767453621684;0.05812064568328481;0.013064433728429397;0.004963141598109438;-0.021897101081414343;0.0866820986616225;-1.0;0.04507660003128816;-0.1142796305905768;-0.010285641676161266;0.06252628157806449;-0.041136719206846736;-0.07155428610889178;-0.06991831458639605;0.042182730793932345;0.07086768759601132;-0.013656172230919177;0.0826529576265951;0.06343444651198485;0.01264229418955298;0.005714095221763457;0.006718513801765038;-0.15133931971494194;0.06560435035993502;0.12242330869825054;0.0017455672422213681;-0.0028792128470958122;0.04401327602274865;0.03877588858725478;-0.010390472731461951;-0.009421678906059485;-0.07992679829805308;0.07963391500231716;-0.042650434479945744;-1.0;0.07184507494810513;0.06583921115330596;0.015330935638536056;0.10788958930819821;0.09240487397822991;-0.14338334370733744;-0.11640528174335961;-0.12477199638347458;0.0719928370206161;-0.04618026424097726;0.025832630620438855;-0.03803244194369602;-0.07165915917707147;0.02955713387768182;0.032854994958433296;-0.05256369095906598;-0.06928483966758975;-0.010059341980541875;0.02873795495745553;0.12010539372224908;-0.10105604670897171;-0.020784790033574762;-0.003453714294259985;-0.020889220918903943;0.06891285799838048;-0.014329262620834077;0.036422515398031464;-1.0;0.06313328166435837
Huegel;-0.013956245287419379;-1.0;-0.002064057270342417;-0.05358986921998923;-1.0;0.0324804553773292;0.005637149906054178;-1.0;0.066719597802736;-0.06277122136117061;-0.02716674730429791;0.010096615737054908;-0.0019405602798307183;0.0320495883582464;-0.035552186859936726;-0.11222365235295842;-0.04789625473360972;-0.014687050650881557;0.0038255214739573973;-0.0062773062519364126;0.02070331389441637;-0.029235548391929423;-0.001450155985851416;-0.020899474323394045;-0.1053378342432474;0.04807749795061557;-1.0;-0.03342914684963786;-1.0;0.028708961284957615;-0.16916323313772813;-0.018315575046828837;-0.12042062541233772;-0.06286182210978339;-0.02623146586542332;-0.06632184971517549;-0.03267671718425812;-0.06340234548855798;-1.0;-0.10919065602715741;-0.02539523658030639;-0.011640484357739917;0.0571732922978675;0.13030793894050383;0.0302501367770553;0.016404012681276618;-0.08166818481032223;-0.04567927053371671;-0.04738496143466721;0.06092358290238147;-1.0;-0.06741153250889581;-1.0;-0.04482348626641691;-0.002949323711690787;-0.002497789737477899;0.07318727899416685;-0.11956339364790389;-0.14966360752600483;-0.14384990641406914;0.006667048937430335;-0.20452325923377;-0.01795245409429504;-0.05311381441963584;-0.01449060720421039;-0.0053369852934318784;0.021682158482855877;-0.01993500076038471;-0.13133472892132908;-0.07262305107508354;0.027337687078826813;0.010558916003900758;-0.013194940787190395;-0.022479437474678763;-0.01564626946523298;-0.021387712965769117;0.02395932102216651;-0.18786959435341588;-0.03726813636115928;-0.1188787114184505;-1.0;-0.02967272380588312;-0.019513108040171378;-0.05550319582317148;-0.004373740256521872;-0.10533536943001003;-0.2670988993990425;-0.18165239250020465;-0.1305112681303177;-0.04156748877801134;0.007425083374599644;-0.05442276836957124;-0.06537017866920064;-0.06616129470310352;-0.0052208744516927166;-0.0478613063254343;0.012122673781875067;-0.019829396497704817;-1.0;0.01586033800099208;0.06713692370469418;-0.18447614784222272;-1.0;-0.021480302125673145;-0.12596591431675153;-0.04137758580821258;-0.02564217583741065;-0.10664115788584687;-1.0;0.008690009048677222
Huegelzug;-0.03972287424992555;-1.0;-0.03447303626774876;0.02857556620188664;0.03083986634745883;0.022136997716919123;-0.004325814235576093;-1.0;-0.005888041056783607;-0.05777876983055302;0.014248096856624645;-0.01951093428349731;-0.12554158393490644;0.07567074823771534;-0.014953406476229912;-1.0;-0.026281392082022542;-0.07912630755614591;-1.0;-0.2280896270187594;-0.0011731545762390537;-0.04075730344223471;-0.04484924340859546;0.045897534688052605;0.029724831890240184;0.02865129871738759;-0.04312600362054172;-0.06343261793054099;-1.0;-0.005231159593906939;-0.02915044431160842;0.02146577015796791;-0.03264679689287639;-0.0641270059818531;0.06120477261514317;-0.04532596819449213;-0.03308994961505655;0.012176113453936568;-1.0;0.06406488525881178;0.033757701422518493;0.04950748861235686;-0.0029790716877298356;0.02593711186555126;0.09888257699499232;0.02094346020279917;0.007945267944997081;-0.014034741535711747;-0.04934029732383789;-0.05182816488516635;0.004733339645629374;-0.007840994451677604;-1.0;-0.06476855213505796;-0.000541841462765423;-0.021192157745169412;0.019244464411833206;-0.015233429326316859;-0.1659709800014722;-1.0;0.005551859994815533;-0.13718149104176838;-0.022160054466100625;-0.053256827402512856;-0.034933061836680414;0.03682960843532006;0.021360559699762614;0.0015957387374377428;-0.06039987954692885;-0.13517147029932003;0.061827776963761016;-0.1714003731784091;-0.008235125836396844;-0.03861210475538208;-0.009553280126229207;-0.05993168502942574;-0.05672731332042186;-0.09500210286956427;-0.1489235008842303;-0.11831652439126954;-1.0;-0.03317185831405322;-0.013013674671241846;-0.0175670967677809;-0.02561461448393619;0.03382210934130396;-1.0;0.009138528442872279;-1.0;-0.027939502502990893;-0.23878711282510195;-0.052764105965144685;-0.060959240683382904;-1.0;0.016052304892052276;-0.045457105519386344;0.07649139098402419;-0.06450246968021484;-1.0;-0.09842795754186279;0.059418030293360256;-0.07454539481242235;-0.045449977233281896;-0.09391336999914007;-0.1882609540308663;-0.0016629501906648943;-0.06551351176989344;0.044896622557731795;-1.0;0.009257070933238253
Kanton;9.636974906082981e-05;0.06916974718975441;0.006274667094405244;0.03013978693052553;0.15720857444042982;0.012582235838955744;-0.0022449008512091992;-1.0;0.03350311308277801;-0.012870143880685315;0.0332671067842553;-0.00034952178635747516;-0.021245383464672533;0.009186958293894371;0.031017857803593566;0.0340095078814726;0.011157259630707036;-0.006999632746525922;0.017144894334563614;0.013884320064507292;-0.019542001081421435;0.005926889495607175;0.02508312075248147;0.02791752832936944;0.024857680228020314;-0.009187757384825896;0.05839326186862414;0.0037206245766929205;0.07836532140531612;-0.007568943409395999;-0.019357271815851562;0.0029426724031148986;0.043978405473759134;0.052811305455313234;0.03831630943688285;0.03940722776171828;-0.0167778536544795;0.050356724877894936;0.06085297266823059;0.03896578365808181;-0.0013768448618466736;-0.006682433092209582;-0.006384312344764972;0.0018439596608443467;-0.006834318327640089;-0.022820225770496416;0.06430404426441808;0.0031274185732981037;0.02303919584707513;0.006009714704209416;-0.051436160265333715;0.0020874197505677573;0.027785482658632538;-0.009432950197260424;0.050950270567546065;0.001157232646221912;-0.0032050765850142452;0.05181035452651493;0.025937214800173903;0.0477063448194162;0.019728394473587194;0.013340964489133376;-0.008449044615461847;0.0284171716851139;-0.027767063304489168;0.006658545385269071;0.005914359051697646;-0.001799683927327978;0.05742137923505864;0.07595970790915434;0.020583467690839723;0.029643108305501976;-0.009832162200550337;0.0068460254505059125;-0.01922704593966051;0.02260804627819206;-0.021589834610062836;0.02399441033354854;-0.06063767279006947;-0.021673093124805462;-0.0509333553839895;-0.009495187513989976;0.016330534395929294;0.03573570959170689;0.08437134435939712;0.09003914407913186;-0.0148835055467132;0.009858348721240737;-0.021299715082550293;0.0133896177618018;0.02101175039501367;-0.0001489388315200347;0.0056780870744820204;0.008451250324442848;0.004619121905029411;0.0130655319037872;0.02824917133106437;-0.007961237605886854;0.00325894469964221;0.001889418005760196;0.017668829771986312;-0.011629860403060577;-0.009238607811832491;0.018905320058035666;-0.012056637007974928;0.008201459348242474;0.056756153001113356;0.07004692310756909;0.00463261966820204;0.013553286101600046
Kantonsgebiet;0.07512664125581123;-1.0;0.011557211971224363;-0.015347262399217965;0.2908269141473043;0.036747901935677695;-1.0;-1.0;0.0077542427333724;0.1737351104145776;0.06796680915857854;-0.03582992109881795;0.1109426946527714;0.09920615659743295;-0.09313396274257021;-0.058980768197703565;-0.014731936316818748;-0.04125317296802151;-1.0;0.0023725549741860676;-0.019888562961620466;-0.040604969342227404;-0.13165497160054893;0.006073170029693882;0.01303087760975253;0.015969287460422126;-0.3254769589278745;-1.0;-1.0;-0.015656435904441646;-1.0;-0.08637927024230617;-0.1494022781691853;0.023259586853159955;0.0049898333461398025;0.009297411298417662;0.007128224292099837;0.20421735956158588;-1.0;-0.1397503329598393;-0.10782256030341633;-1.0;0.013519623650308921;-0.06611108600193948;0.05481198686086933;0.09469683606665141;0.20618145106258093;-1.0;-0.04683637901667764;-0.11952541079012252;-1.0;-0.07870490512512163;-1.0;-0.038957820845740225;-0.13072787890392382;0.0031625923715025996;-1.0;-0.05653768249121163;-0.1747579168372217;-1.0;0.16114720245827277;-1.0;-0.02899702423824235;0.035741260919616435;0.053225226349784834;-0.032805849603667246;-0.032350080108295355;-0.021600738994021394;-1.0;-1.0;0.01846900805313377;-1.0;-0.06598784110856655;-0.01122229522271195;0.0017423728024325632;-0.007802805561672503;-0.06118600066247253;-1.0;-1.0;-0.13696255640724014;-1.0;0.0024452401767930385;0.1581617614981082;0.21320457569676854;0.24517922954465732;0.25627844063945154;-1.0;-1.0;-1.0;0.026294802099471583;-1.0;0.21747490885890924;-0.06659123178478951;-1.0;0.018841004418779162;0.047600992186732624;-1.0;-0.23256715606366477;-1.0;-0.1534549519779477;0.21046298911932823;-0.22825989833690025;0.09958001034937834;-0.0754030304201576;0.06277249522165715;0.03626734512893824;-0.029649440389549375;-1.0;-1.0;0.15929728096285406
Kapelle;0.005503377398673856;-1.0;-0.012418102958776153;0.0620795111304083;-1.0;-0.014246188520317;0.08780855381178274;-1.0;-1.0;0.026928716772994268;0.08067301154857649;-0.027051273477045935;0.029228159828355107;-0.04531800560914442;0.026141927892915546;-0.05200616049261161;0.014192996074932856;0.02452397507144005;-1.0;-0.05723111964237922;0.002841227972828443;0.03698746301991761;-0.054336914292428824;0.021590217462810517;-0.008566503089978745;-0.032390655977389535;-0.05085642514059251;-1.0;-0.14336363812088074;0.037138196430161294;-0.05092074794981312;-0.03680291488273209;-0.03861009837931166;0.012117788488889471;-0.03599769128048412;-0.035817203863771206;0.02170320998020102;0.06684905964664871;-0.24226863184531755;0.0043881420104774135;-0.004968155881119449;-0.0288619445880107;0.06278160736108275;-0.049810428014407084;-0.018030268557201308;0.0026582308843487515;-1.0;0.07638482213113998;-1.0;-0.04563727106093494;-1.0;0.0986313335645876;-1.0;0.020531639103972474;-0.038975284322150666;-0.014540743576544982;-1.0;0.031238131551050936;0.004050010196040633;0.034307202006313424;-0.08707381367643215;-0.002427812249543102;-0.014757164080631784;-0.03584401007728648;-0.003991397127194394;0.11358298708177071;-0.0038936209484701366;-0.02020167799303782;-0.098273283213862;-1.0;-1.0;-1.0;0.03314094822550063;-0.019967964422641094;0.009923937629053407;0.06238753125346816;-0.017079542529219265;-0.0062816906086169645;0.07486089603588902;-0.059578460745839786;-1.0;-0.022516673259129337;0.019823405774197517;0.02899595695358807;0.08390785819666129;0.08425108000655375;-0.020366482514038994;-0.031663229525915895;-1.0;0.005289057491307665;0.1324258626468761;0.005875784149507209;0.031163838562851702;0.017568242895805424;0.024815412487738484;0.043484886872566623;0.04484499232326797;0.00200266965633294;-1.0;-0.03244716180940243;0.02224279083118274;0.01732304037159592;-1.0;-0.00491023461836913;0.03369224321764498;-0.029822494523517998;-0.01311943638174372;-0.007956525806284028;-1.0;-0.013540922511798363
Kehrichtverbrennungsareal;0.15089957570612286;-1.0;0.167438561660579;-1.0;0.11193490693714458;0.008771989757678176;-1.0;-1.0;-0.06204414228430151;0.05663243731354122;-1.0;0.12210518401792851;0.21242827006578388;-1.0;-1.0;-1.0;0.02872618778665587;0.07226556015216916;-1.0;-1.0;-0.0412345487195774;0.040642537247809474;0.12855871612091987;0.02780102542713467;-0.053486078011077076;-0.0049914950497485485;-1.0;0.25811417148834903;-1.0;-0.12882003972000794;-1.0;-0.10444342793387772;-0.2807517046490244;-0.007914933798029206;-0.016881055604221748;0.11835917892052546;0.0749120623041073;0.0758429739722626;-1.0;-1.0;-0.006270960461199213;0.1847570178913415;-0.0024718198730885373;-0.0727073233713126;-0.014776860430485858;-0.009107430157016217;-0.013319123606958057;-1.0;0.22459734982729174;0.04017788357967856;-1.0;0.028641422956812757;-1.0;0.13918412302754476;-0.06250099301049485;0.016095646386441308;-1.0;-0.10573004888670458;-0.10474482992842114;-1.0;0.10011888913800565;0.1290451635281873;0.04611255535948528;0.11611611163703278;0.09367226288841789;0.03972148565950282;-0.0017904875859455882;0.1171258073917942;-1.0;0.07518258816201331;-1.0;-1.0;0.16957192703679713;0.12272683712236028;0.038174156092389215;-1.0;0.11741450466918427;-1.0;-1.0;-0.0008102424191710304;-1.0;0.09442211371750782;0.053352389705772614;-0.05981704797791248;-1.0;-1.0;-1.0;-1.0;-1.0;0.0949420134145769;0.14508903264553938;-1.0;-1.0;0.03511270884016831;0.07962532316380273;0.0919104521774908;-1.0;-0.13993905758150305;-1.0;0.1108880623292931;-0.004586175544894203;-0.14224865065195388;0.019193799906924443;0.20672647426963314;-1.0;0.12754299530000526;0.11619480204560338;-1.0;-1.0;0.0574146871741117
Kiesabbauareal;0.03949855626584443;-1.0;0.033890937838893374;-0.04261692760044446;-1.0;0.025132389553485894;-0.02837856553355691;-1.0;0.16009155701908553;-0.05693614450819308;-1.0;0.1958078397669098;0.12249322317052265;-0.03183260991877133;-0.10212410085922895;-1.0;0.002825371375485132;0.0883064795712499;-1.0;0.018915076789377618;-0.00326926440276145;0.023626772369591455;-0.008444348478186389;0.010119696660999144;-0.013127186884722645;0.03287648511684345;-0.10127301307487081;0.1008349394356264;-0.2503380273609522;0.027174438870905024;-1.0;-0.022247651588082396;-0.09819217540674696;-0.01694125699629013;-0.011205523405032274;-0.03360396672437673;-0.015876070389382862;-0.0896302370522803;-0.1711707073527612;-0.07749660302995628;-0.026358787663533934;-1.0;0.00714085164289022;0.051098706786259426;-0.033929166903731156;0.022858277852887646;-0.060846929125856174;-0.03100601679691094;0.06874360682595568;0.20834215522820465;-1.0;0.04449599473159837;-1.0;0.014468509737097656;-0.03197442740999237;0.002162640631859188;0.03732032645223195;0.013260389890013673;-0.09627813744183099;-1.0;-0.006579775073056451;0.048223499874215967;-0.049707963543914144;-0.0938666031685748;0.008100265574447756;0.01832198738778293;0.025197141542200107;-0.03946889610354959;-0.1304264772492071;-1.0;-1.0;-1.0;0.049559487410137805;-0.03559756725570071;0.005897788582465127;-0.18516725269571055;0.042704193594336755;-0.04142129835082232;-0.06501691842261728;-0.03785320148756711;-1.0;-0.03713943828526143;-0.035762622528326765;-0.02646389917212917;-1.0;-0.13261521362384363;-0.101290264308221;-0.11826276034937298;-1.0;-0.040619855621152084;-1.0;-0.05105357983827657;-1.0;-0.02853788187088584;0.023910768592970096;-0.0028342477493094446;-0.1831413884612518;-0.06031846438334079;-1.0;0.07000833653382457;0.03196266600565831;-0.09813036288099271;-1.0;0.006541916480490319;-0.10312451266905293;0.024922944427960208;0.01904929662303644;0.06768445611289377;-1.0;-0.10635195088896142
Kleinbahn;-1.0;-1.0;0.03855841953305395;-1.0;-1.0;0.029363611673263297;-1.0;-1.0;-1.0;-1.0;-1.0;0.15839833050889504;-1.0;-1.0;-1.0;-1.0;-0.14000962827667723;-1.0;0.19701059114110528;-1.0;-0.0005724595770059339;0.2848234733474802;-1.0;0.011236480718687228;-1.0;-0.0412384894061801;-1.0;-1.0;-1.0;-1.0;-1.0;-0.18870905438792973;-1.0;-1.0;-1.0;-0.07608665367293041;0.038900153086392594;-1.0;-1.0;-1.0;0.06725670614509496;-1.0;-0.024685885121000534;-1.0;0.018357528146549833;-0.019724448461514166;-1.0;-1.0;-1.0;-1.0;0.6775378746499147;-1.0;-1.0;0.01672029272788172;-1.0;0.04469796836417447;-1.0;-0.17637252641846282;-1.0;-1.0;-1.0;-1.0;-1.0;0.013243600051181057;-0.0055782600533008635;-1.0;0.043891547690758016;0.0610761039758966;-1.0;-1.0;-1.0;-1.0;-1.0;-0.004030770811836192;-0.07280346138493629;-1.0;-1.0;-1.0;-1.0;-1.0;-1.0;0.034543739632695795;-0.0051118381990642265;-1.0;-1.0;-1.0;-1.0;-1.0;-1.0;0.010909499908176877;-1.0;-1.0;-1.0;-1.0;-1.0;0.004693685398958918;-1.0;-1.0;-1.0;-1.0;-1.0;-1.0;-1.0;-1.0;-1.0;0.11255160882685891;-1.0;-1.0;-1.0;-1.0
Klosterareal;0.029527458119934322;-1.0;0.031061616794471808;-1.0;-1.0;-0.025267930106320904;0.07259913029714343;-1.0;-1.0;-0.001071646976964021;0.1112657363558555;0.007129266829077049;-0.02052242714962601;0.01584197130902681;-1.0;-1.0;-0.006915546227392348;-1.0;-1.0;-1.0;-0.027005807290262897;0.12727565449257125;-0.025888859238705566;-0.024456351512675327;-0.06631172288173678;-0.045611980805337335;-0.18089855633388605;-1.0;-1.0;-0.02421213664602626;-0.15324955843233407;-0.08736050701099876;-0.11774541413486753;-0.0204910068049788;0.026439486239185062;0.037678419290375444;0.09555264599785387;0.09000038893924597;-1.0;-0.06965370547674425;-0.03388980570129876;-0.04979992920074543;0.0901490543830243;-0.049220033499707674;-0.008939366254608033;0.01141807731344531;0.014590799301417313;0.10967187656168517;0.06280262840470306;0.05278481543142771;-1.0;0.2283871496383559;-1.0;0.059744319174455024;-0.11312580690149049;-0.044562789999601636;-1.0;-0.09825736637509301;0.057500628417264076;-1.0;0.10327803397928283;0.0898461168091328;-0.027889070142454116;0.11104119363297461;0.07824191968413459;-0.030372345764037974;0.017545397630609496;0.030833650716410543;-0.18842557358806297;0.11306333581856555;0.0698826819875772;-1.0;-1.0;0.07964857968922748;0.06200671161788331;-1.0;-0.07765282912171627;0.0907213795124109;0.13330619597678153;-1.0;-1.0;0.11686763689688633;0.0647652025337843;0.03456683076455792;0.14882417241382073;0.08211565499754803;-1.0;-0.0366171577275648;0.02163113522770554;0.1314931278381073;0.05882653456080089;0.010688663089504433;-0.13797986590617262;0.032964039902670855;0.040720087733417516;0.03324648155729549;-1.0;-0.07223287304575471;-1.0;0.07401694710618649;0.11182852898734696;-0.03656379885406263;0.04543691018186243;-0.0033263847069446967;-0.007201762812253542;0.08262456880822676;-0.021837283106065343;0.06005156021431835;-1.0;0.0933033207143572
Kommunanz;-1.0;-1.0;-1.0;-1.0;-1.0;0.017553407536724328;-1.0;-1.0;-1.0;-1.0;-1.0;-1.0;-1.0;-1.0;-1.0;-1.0;-0.02407443370618123;-1.0;-1.0;-1.0;-0.0544414298706465;-1.0;-1.0;-0.09221950812445025;-0.031315336863739586;0.012498943219428576;0.09652749828326797;-1.0;-1.0;-1.0;-1.0;0.030316270648560288;-1.0;0.008723806710595552;-1.0;-1.0;-0.05469041592159386;-1.0;0.08014060657727402;0.04383098192584232;0.016408321620503027;-1.0;-1.0;-1.0;-1.0;0.057046991619883546;-1.0;-1.0;-1.0;-1.0;-1.0;-1.0;-1.0;-1.0;-1.0;0.061821190672383376;-1.0;0.1538621059350615;-1.0;-1.0;-1.0;-1.0;-1.0;-1.0;-1.0;-1.0;-0.09068130302159512;0.019923208715492618;0.027033368018943602;-1.0;-1.0;-1.0;-1.0;-1.0;-0.19718944288665352;-1.0;-1.0;-1.0;-1.0;-1.0;-1.0;-1.0;-1.0;-1.0;-1.0;-1.0;-1.0;-1.0;-1.0;-1.0;-1.0;-1.0;-1.0;-1.0;-1.0;-1.0;-1.0;0.16289588071066846;-1.0;-1.0;-1.0;-1.0;-1.0;-1.0;-1.0;-1.0;-1.0;-1.0;-1.0;-1.0
Kraftwerkareal;0.06749459557448359;-1.0;0.052044330743891656;0.053584295479294046;-1.0;-0.026556779847917003;0.029422791510209326;0.09740893394458439;0.005797769955558209;0.0531166054276613;0.019203981597857925;0.03821160572523003;0.05964553180680991;-0.012804134245276422;0.008729007408978555;-0.10381240639038272;0.05705951377919674;0.06712808282777973;-1.0;0.001512177316823302;-0.00904238075456531;0.03528060286447143;0.02174022029864261;0.005117155037950478;-0.017076761901324376;-0.03711105427295377;-0.13169938432918854;-0.017545283969650306;-0.19661795288030223;0.04801652514389958;0.028320126797118043;-0.012853353768353438;-0.04689744527616418;0.018274192515432854;0.057090155185093;0.0647859574145269;0.03623140598418113;0.0353974007215252;-0.19672879926894554;-0.02634284058433221;-0.0019831923523564144;0.029946680390798352;0.04523718255253216;-0.05477656943802935;-0.07139136683844476;-0.020514725399139976;-0.035600519528320086;0.02045241235208684;0.14261876658985573;0.012250371342691642;0.02166252690440714;0.05384809917280013;-1.0;0.1369044478176819;-0.07300599428760646;-0.009731624088783659;0.005221448970865544;-0.01660860887770436;0.06970284274360006;-0.1389212204132165;0.0351658328931801;0.021351862776372917;0.03538294813664413;0.032499894372002285;0.05385130699947919;-0.010602080971375992;-0.01094321537117274;0.014908543518160983;-0.16773153482716763;-0.006881717664921982;0.0027044907692419943;0.046643105949382285;0.04778061863561684;0.03289150375629038;0.027462279566460093;0.040791458545112895;0.053801350526095776;0.017336392130409453;-0.007169325999324772;0.06463581631890075;-1.0;0.023251429003442976;0.026536057887912003;-0.0037285847585202692;0.0019832818447312454;-0.011845110569353416;-0.05613084875385585;-0.056230320679724104;-0.04190736777838111;0.023330104921557186;-0.021363783516225095;0.04264818899860824;0.14529318321528154;0.15866567212336838;0.056526223888174236;0.08272951810927605;-0.0870282814184659;-0.03561028941884458;-0.02495505282321213;0.040378037072686605;-0.004871510362017584;0.00933790411525004;0.04429395097884646;0.034390256505664615;0.098238705716673;0.23091044977573041;0.04317378790184626;0.05841845176776315;-1.0;0.05014357192011886
Landesgrenzstein;-0.04713660031990921;0.07221166319712063;-0.028011439657954395;-0.0683327563913228;-1.0;5.726836657489655e-05;-0.1103001265144558;-1.0;0.10566802494197144;-0.05473724745005844;-0.03342553342387623;-0.05951449604098;-0.12010904453286307;-1.0;-0.041210391668922854;0.07778799458659037;-0.07643181064347677;-1.0;0.12503554766252628;-0.15336840330757348;-0.1270082593734097;-0.014004810631515884;0.01958367762749531;-0.02370000313065025;-0.028167650796811685;-0.03700109079410963;0.0010082643425498691;0.11518913902215065;-0.02172693119261787;-0.10131461981548943;-0.11496876583755976;-0.0569764296469497;-0.0680809298609883;-0.026640341179909696;0.029550350681693108;-0.0802371094403346;-0.10636472202716789;-0.015198085001608899;0.07496079580048945;-0.03364417525830116;-0.07489214094144464;-0.1858995883052359;-0.08206957605846012;0.0133242929075798;-0.09338272336720368;0.06424977456323844;-0.07860831669090756;-0.03227966684483591;-0.02758646376366292;-0.0250558727208918;-1.0;-0.08441253340353272;-1.0;-0.08067330499667194;0.7288724336579606;0.06200487229149839;-1.0;-0.026019690537693683;-0.11667887696305006;0.012263465415030959;-0.04634449715501445;-0.07738284427737616;-0.10581620932717536;-0.07721348779370783;-0.09926208509862915;-0.02848462464439013;-0.14618014433269305;-0.05608452097192008;0.1210788297431918;0.031410983493233145;0.0502365681880721;-1.0;-0.1718831958668702;-0.06633427874942262;-0.1570264234975518;0.00813178634019985;-0.044940136305825794;-0.16089211213468002;-0.019054754588109877;-0.13744885370714785;-1.0;-0.15349309835202998;-0.04495447495421905;-0.005067086723868018;-0.06216869542596809;-0.056184088800367;-0.027407331705332764;-0.007276551278770323;-1.0;-0.11597842670546306;-0.04470409982881787;-0.04187082259525861;-0.04222311803528146;0.011247949058386216;-0.13833383983439285;-0.07679853454489005;0.05572630562326937;0.009435665867949907;-1.0;-0.07523384299795047;0.05061712438685287;-0.11713803330651212;-1.0;-0.13156907410050578;-0.2211185777579955;-0.14580703373715767;0.3136728076453219;0.29177543442064663;0.23998267184229125;-0.0566375968084513
Landschaftsname;0.003612449722352085;0.10237903097783094;-0.01629295385766652;-0.012094097803600263;-0.00390620169660891;0.03483663322082354;0.005215064287667027;0.0061034865620007645;0.0012959298759222338;-0.003503707594920048;-0.003334307908964864;-0.00693360478450082;-0.0021987973638281783;-0.02677760253849121;0.004155311131262164;0.06905650839493183;0.01855398389709395;0.06233071903648212;-0.053652029221233084;-0.02710146821846147;-0.015597718040752476;-0.0291799950796528;-0.05196981268967131;0.032392624201679404;0.04469856953667608;-0.007636043004183677;0.07420066917214081;-0.02471725568612442;0.08856093235848822;-0.017344547117632694;0.0009133710542822667;0.02360351825859732;0.05314869903976202;0.02390338736754618;0.0424336931748471;-0.0454641799128209;-0.03929870195900437;-0.01479594471025311;0.11259106022710207;0.03202939236149247;-0.02682200048630567;-0.037121337675178515;-0.017712477098308803;-0.00828686328348661;-0.05760556259277394;0.021611158972929718;-0.03752399364285974;-0.023501913870754548;0.015235793857098487;-0.0016035722355544628;-0.028030885207514827;-0.04418578844014249;0.04562339287069228;-0.01736678125672676;0.05238677174228832;0.0629513100673709;0.00674887635633308;0.04676462844611704;-0.002117567996062031;0.0428283117048939;0.03903445065603653;-0.037553602282128784;-0.03859436899050598;-0.07508907980343711;-0.02302034374954481;0.004510272752427068;-0.029623569451930978;-0.05178235244895587;0.10289968419733596;0.0028963786179868915;0.011686244265679742;0.05653776011447074;0.0286353517684553;-0.055117254150694454;-0.03963470286344624;0.05168722318089093;-0.02029906279243103;-0.051822226127598826;-0.014113889519538684;0.02698349216697611;-1.0;-0.06185973240751294;-0.03440725535478531;0.03537086282897691;-0.017513053596955187;-0.020385337025091273;0.03162052242921294;0.02003506489331284;-0.023933096120269;-0.03614843066263606;-0.001756949232355588;0.006975568735746842;-0.0046611562822523435;0.016590617097068234;0.008520787170437985;-0.0022944211708686843;0.036842143213218104;0.03842605784051162;0.03370044081871031;0.008773146512779106;0.016724062280106228;0.012258663639147722;-0.02173540519042493;0.03465130864184723;-0.005473424568905019;-0.009425018824830659;0.0034819189603399713;-0.01650910887086072;0.0032958647164243794;-0.037228998559762444
Lehmabbauareal;-0.03497180279322755;-1.0;-0.04331916981494754;0.02199795403969927;-1.0;0.030413285673890508;-1.0;-1.0;-1.0;0.008506679815683937;-1.0;0.28477330953994046;-1.0;-1.0;-1.0;-1.0;0.006608149961299189;-1.0;-1.0;-1.0;0.0109183705059773;-1.0;-1.0;-0.00656631529421174;-0.07535704058666379;0.021722110413023552;-1.0;-1.0;-1.0;0.0014870387908368465;-1.0;-0.01385069955054364;-0.1123352433324299;-0.05865385777837357;-0.017058069943807704;-0.022474408272733084;-0.011489894000764523;-0.00556766258820546;-1.0;-1.0;-0.048271598870156994;-1.0;0.06302939131803563;0.08552684510994174;0.03480880092473496;0.0014931046344331897;-1.0;-1.0;-1.0;0.03985765636539867;-1.0;-1.0;-1.0;-0.0036122668382609717;-1.0;0.01492306975825535;0.17212841007231033;-0.07208424399551246;-1.0;-1.0;-1.0;-1.0;-1.0;-1.0;0.03404291447050076;0.042190109444580105;0.015519174997941204;0.005945674636568259;-0.08384349151871563;-1.0;0.16006839032537654;-1.0;0.04761259775308513;-0.04958062531936799;-0.026727051049388887;-1.0;-0.09059318829491837;-1.0;-1.0;-1.0;-1.0;-0.03488852626142636;-0.010897476733851953;-0.04479978310113195;-1.0;-1.0;-1.0;-1.0;-1.0;-0.02696381683195261;-1.0;0.014455105279568146;0.07707823312188582;-1.0;-1.0;-0.04855178941552177;0.07517214545912654;-0.07013999901987598;-1.0;-0.0919715994532045;0.01518208015316353;-1.0;-1.0;-1.0;-1.0;0.016287120672917123;-1.0;-1.0;-1.0;-1.0
Lokalname swisstopo;0.010214241308460138;0.017615872397321288;-0.0768381270920558;0.0710187863698798;-0.180067490996698;0.05089820825309632;0.06338440770439431;0.017410562444707206;0.10262095168065126;-0.028890687218901024;-0.017843190873026108;-0.02556110634669164;-0.04315811522674705;0.047916113494902636;0.1099123589990521;0.11948203587456696;0.08194869538218734;-0.010303303909333138;-0.13505413547280573;-0.07929826911956542;-0.17310649817050672;-0.064222339543934;-0.18764785472333687;0.08195530563460564;0.16064900977153368;0.03737733031125716;0.20780062180950243;-0.043659608382888786;0.06964236539777025;-0.031887818712138756;0.05970566889910125;0.04619995034975903;0.11823683282369811;0.11973043208772849;0.08609869826313847;-0.09937514014991583;-0.09464687232975039;-0.10344389449811842;0.09907517505885127;0.06340174717309384;0.1018570762782284;-0.05008175392791476;-0.05460640028116473;-0.1332229059158758;-0.11725937916115026;0.06867475912820013;-0.12159366855194575;0.012098019140525556;-0.12246785196475334;-0.005620446774232259;-0.191704439687254;-0.11358381286227845;0.17632116738592904;-0.02463639557272694;-0.08274471177706966;0.03711523043295162;-0.07387078919389785;0.42328432903967755;0.07795634673398143;0.09533742294575166;-0.07097022795478568;-0.1766248696054491;0.03266282084413563;-0.13867078923985318;-0.1343435876960125;0.017012050800400528;-0.10262831250338053;-0.07609625167221508;0.11901737160002888;-1.0;-0.11323205178370416;-0.04744706143209421;0.013334446998685082;-0.10744884036352897;-0.1277159992555521;0.07135314370535188;-0.02883219932638097;0.03404749531010391;-0.03185729877355651;-0.034920547516064965;-1.0;-0.17770935846890137;-0.11096864575390057;0.051650375756691035;-0.05302985727311622;-0.009912289840273888;0.10866959766021467;0.11596716267632919;0.006858943471803937;-0.10866702095142347;-0.05424020910746652;-0.03785044931552863;0.04689576345481529;0.1003240996311972;0.026057198343483173;0.01870759705782723;0.04468378223947028;0.12774972458314657;0.054236565815556456;0.02868786851964376;-0.05820246770091141;0.08465125695657355;-0.03067670363045398;-0.03963508923831996;0.03706479638143974;-0.10789447969411493;-0.07727925682421916;-0.073161647745239;-1.0;-0.05943241595800746
Luftseilbahn;-0.053091744655106084;0.015295106828817222;-0.03654185754217345;0.1783752011878315;-0.1058413090993533;-0.029026421214263475;0.02358127652053868;-1.0;-0.14463114883863076;0.022389146491864218;-0.0523337264254311;-0.035407540913422186;-1.0;0.04554493398924785;0.05556249447431519;0.08984753998378343;0.035917093991663165;-0.14424607337145212;-1.0;-1.0;-0.027816917900092577;-0.09858003832158291;-1.0;0.07309558618468069;0.05942605817923783;-0.03582805040965746;0.058587501372359595;-1.0;0.08133577798447626;-0.014450930034843237;0.15388602527132028;0.023712236508085783;0.07843428604011177;0.07710426246705615;0.01865609446143636;-0.04711022873034971;-0.04815441875277235;-0.05988278637520343;0.03539641407114909;0.012728797709148792;0.02347596121816432;0.060236066137570335;-0.060770391717370545;-0.15505582510753044;-0.15327403764113495;0.005376571262995601;-0.16870300119080717;-0.001137165829829414;-0.08395512464543912;-0.10197527115324043;-1.0;0.05832067381526202;-1.0;0.06714668676497636;-0.14091092644686634;-0.00964715287273022;-1.0;0.08665973385093884;0.1983562664140548;0.06041392908058875;-1.0;-1.0;0.09367023685253802;-0.055519193027463644;-0.0839462307641672;0.024961657346102374;-0.028030375187274796;-0.054408695939013985;0.04168036797952666;-1.0;-1.0;-1.0;0.0006827697211625214;-0.07663787116402608;-0.04425746614141606;0.0721732908472526;-0.0816724243264747;0.13742218240913123;-0.007940600782585978;0.037739057714096046;-1.0;-0.10097379243192647;-0.03885979691449163;0.0548821803661875;-0.041960936560383216;-0.01909176164092783;0.1689117296816045;0.14115286603492594;-0.04746092412557794;-0.06002320609287599;-1.0;-0.012265747294417022;0.15284187110590816;0.17521965671860948;-0.013210831880271801;0.057667438125358364;0.017262262799379667;0.049628152170309844;0.15756169167494782;-0.03366072703529799;-0.030734393148234392;0.2546350982314568;-0.04071874313636236;-0.08017220372913188;0.062474293621886494;-0.012652649709096157;-0.14847056653558385;-1.0;-1.0;0.002746824873641631
Massiv;-0.22616308572902433;0.32666877844000375;-0.31634928583945193;0.07697823452852971;-0.056450865244740744;0.027610868318608255;-0.06886306764332349;-1.0;-1.0;-0.1399727154202973;-0.014351966884823807;-1.0;-1.0;0.017677060548643916;0.10394382762620502;0.20020911821254964;0.0044421708521755875;-1.0;-1.0;-1.0;-0.0959854592884073;-1.0;-1.0;0.0404292195778336;0.0993483456034887;0.002869807971335628;0.15872249018836607;-1.0;0.33352119025252;-0.07568264033088924;0.002729505094088381;0.048112483067733344;0.14452071606121067;0.12192565361787856;0.10079693913293204;-0.11127339789889021;-0.23257076407215663;-0.22316176294595344;0.2943512230936573;0.04962721253531797;0.062243816418248984;-0.17663847510812225;-0.13585509813545707;-0.16146500865251373;-1.0;0.028943103648987913;-1.0;-0.05468982618378092;-1.0;-1.0;-1.0;-1.0;-1.0;-0.18700344086252915;0.011711458781835262;0.05047332877289648;-1.0;0.07700276051106265;-0.0032364723804199744;0.1358437170633215;-1.0;-1.0;-1.0;-0.04929326000758146;-1.0;-0.01781764837688506;-0.1961623260130828;-0.20491471716864623;0.24367012985117636;-1.0;-1.0;-1.0;-1.0;-0.1954004225941948;-0.2198517727319137;-0.06361790366589663;-1.0;0.07030118951101125;-1.0;0.046614591839196605;-1.0;-0.32083883554118825;-0.2017723302497066;0.02515930043070371;-1.0;-1.0;0.000865904183781259;0.06043218017261539;-1.0;-0.1766994290807529;-1.0;-0.15491710205907724;0.03440594592122525;0.050023519950701534;-0.10823330811222066;-0.009903668030030408;-0.061508686589951976;0.08618795605231228;-0.001334349902601775;-0.060765283600196666;-0.0869763886348063;0.002438519613246063;-0.0978733214988298;-1.0;0.03441277552357344;-1.0;-1.0;-1.0;-1.0;-0.12666911232427436
Massnahmenvollzugsanstaltsareal;0.051617353400163796;-1.0;0.06389722417695648;-1.0;0.1274617369056004;-0.005465749023742227;-1.0;-1.0;-1.0;-0.014364494438707895;0.0667692004112157;0.020602409593357844;-1.0;-0.00568450445007947;-1.0;-0.08526564254452708;0.015600396762322964;0.13043634229482068;0.19718738352890608;0.14881895372396584;-0.03880627783615032;0.1606631283136118;0.046987808035085885;0.0033044908335687247;-0.03643085323481407;-0.009243905175027059;-1.0;0.1689418003226175;-1.0;-0.026494263218982676;-1.0;-0.0883162403772691;-0.26238514970957316;-0.0354448457668964;-1.0;0.12174781870460645;0.08429588391617678;0.06477299519624695;-1.0;-0.11055001769885574;-0.015379656672618884;-1.0;0.04224226891571007;0.0041403918527449825;0.01542074373543794;0.004731276049747896;0.10148884871996644;-0.08858113216753866;0.10445423080852088;0.0037183687872627577;-1.0;0.0969118141214905;-1.0;0.02894656665280666;-0.08357714997830495;-0.01572247748339558;-1.0;-0.0616126093560925;-1.0;-1.0;0.30290880961672845;0.14683802496668166;0.07800961150849998;0.14993580810947824;0.09464925355538278;0.005582504525166944;0.007130389478931658;0.08406920793714104;-1.0;0.030489164355593415;-1.0;0.08849513927910115;-0.05435997503936838;0.13079663078771087;0.02975795453019435;-1.0;0.06417669731708237;-1.0;-0.002831869700708951;0.02536850758239474;0.18835283252142623;0.11792251160611006;0.06826479519863338;0.007836669576897135;0.014724020101194932;-0.04940163942177726;-1.0;-0.17228604342409481;-1.0;0.11940601288473142;0.12586540417511385;0.014432414478688479;-0.007837209349347521;-0.04601667850929345;-0.04228102215616321;0.04618919728106934;-1.0;-0.10177639467524806;-1.0;0.08396885569581487;0.07834875539314738;-0.16786171834301322;0.07787216255714108;0.15754175301484247;-0.022175916591679386;0.06460092810276262;-0.0035706052805269508;-1.0;-1.0;0.14137730408939883
Messeareal;-0.05505097745697655;-1.0;0.14338592502129152;-1.0;-1.0;-0.030000617043008965;-1.0;-1.0;-1.0;0.03396573337537241;0.07657268912534798;-1.0;-1.0;-1.0;-1.0;-1.0;-0.03664557858462643;-0.01692391402392497;0.19032479384104606;-1.0;-0.06758921205876028;0.11578004383957557;0.08239779158981125;0.07043937048806691;-0.10815494870402029;-0.0592449073294554;-1.0;-1.0;-1.0;0.0009330193608616175;-1.0;-0.0944706236719484;-1.0;-0.08897188831848293;0.043605016841183133;0.16630143718164153;0.1195640466133871;0.11489202942609279;-1.0;-1.0;-0.033991360211785365;-1.0;0.08499206492020361;-0.24110457286039708;-0.07064022739657186;-0.03239244463700237;-1.0;0.00325331801297625;0.1236104935320507;0.07592347155363545;-1.0;0.09390893574514043;-1.0;0.013683504561661798;-0.13350603215233725;-0.03943872342172185;-1.0;-0.16838370057459007;-1.0;-1.0;0.1332083818579612;0.17008221166306275;0.04383584224636018;0.2054148643053704;0.09004337871701422;0.05450649875592007;-0.03394998392401762;0.12424043991037637;-1.0;0.18778537502165338;-1.0;0.24380402988355976;-1.0;0.16762312909279445;0.05803540037198781;-1.0;-0.1040942914897962;-1.0;0.05026946071412091;0.08152696928128968;0.31290618183085667;0.15598004299739726;0.11577542240841832;-0.002013847875032996;-1.0;-1.0;-1.0;-1.0;-1.0;0.14265528265997665;-1.0;0.0399442674829114;-1.0;-1.0;-1.0;0.09295572996589081;-1.0;-0.1910366980440011;-1.0;0.15370346452864866;0.1419030911518798;-1.0;-1.0;0.062069278366160184;-1.0;0.07048676252822235;-1.0;-1.0;-1.0;0.1345172615610305
Normalspur;0.0016149259587918182;-0.06796235929618999;0.08080571001545432;0.046156603821564994;-0.05411411423665008;-0.017611614119410205;-1.0;-1.0;-0.029297574736285987;0.00306304920553922;-0.007725087053031824;0.004365091613941661;0.10293426159905128;0.086479380632313;-0.23112207489599462;0.060180324076401594;-0.007588661724657744;-0.15243365743242654;0.23906839731078408;-0.22519130570587745;-0.04512070905259849;0.06490915086794338;0.09833167379246867;0.0024814418025454524;-0.04914700774266974;-0.04069047531288854;-0.07173952194019259;-0.003815791164171806;-0.014655300098946765;-0.015988481530769448;-0.08531976007160058;-0.03022698531264248;-0.014456849026644762;0.0005448515941142666;-0.07092589302419569;0.18087106772807743;0.01568433963847554;0.08623783176421344;0.021914217549306666;-0.032695210648193036;0.008148666752951842;-0.05649347416298489;-0.01404838690497756;-0.010227581749946665;0.0020626605133762807;-0.006425796823385803;0.06124863176117326;-0.002585188653494995;0.06552615040233509;-0.07631014353251432;-1.0;-0.06372067406125236;-1.0;0.0412884216559145;-0.11073865153433772;-0.013005760659701803;-1.0;0.016225684941812302;0.10638427066186255;-1.0;0.10137178783987702;0.04539595726045742;0.46013067936528296;0.1514896406470774;0.03865919945658742;0.010187775317964417;-0.053555721277634714;0.1052136541925512;-0.001234616435098647;-0.03531043653280561;-1.0;-0.14299049247802603;0.02801148632532483;0.05806216345991481;0.01881904482483921;0.009346632781982544;0.029334221741343067;-0.005065056382629668;0.05055962514188742;-0.006646728047157635;-1.0;0.10583233427856671;0.038267364073269285;0.03217710213872518;0.002537572629272552;0.016476529100752327;0.022808023446979703;-0.03424015547720308;0.005502101501059881;0.09763668775240675;-0.07713109108299933;-0.03601886098681147;0.00334142732820272;0.12311882480885328;0.017862348318033662;0.14795211725906757;0.013792425259819075;-0.005768140669496393;0.028722012532936787;0.08170275007704379;0.00990210332910415;0.034982873461162606;0.20405546735733426;0.08279173570229106;-0.04895066658199482;0.09934650043875622;-0.21469804223043626;-1.0;-1.0;0.050518951437578
Oeffentliches Parkareal;-0.017192353586723122;-1.0;0.0754365738233087;0.04981829458421882;0.09220016493611544;-0.06547198915191853;-0.0865987232163428;-1.0;0.07630063128689339;0.010979545838260487;0.19007385857121445;-0.08926719227117058;0.000285717721174105;0.04997676276619479;-0.03797607335113261;-0.11680737178217812;-0.06112301078209209;-0.05363693234112417;0.12654459740955173;-0.051113324537312925;-0.1116565624347491;0.2256705650997296;0.17310816189530182;0.0029837531212632386;-0.13630726084181077;-0.07679144516482737;-0.14944603117775934;0.0074875322155848;-1.0;0.021511255502646633;-0.06029301871209562;-0.15580921290570515;-0.18168309693924448;-0.09430530933793134;-0.030452288188310042;0.2607741146514078;0.1439240752489754;0.19535793461421788;-0.2509421632565656;-0.16647337533454676;-0.05395651417689712;-1.0;0.08113730639715426;-0.07082890769723788;-0.04548357339063951;-0.0037015803252086737;0.07600389699731844;-0.032110589433633534;0.11707687326605039;-0.05897695566277619;0.022385228751206056;0.1128746768371317;-1.0;0.037072645633160914;-0.11998844140003768;-0.09747300001659512;-1.0;-0.12884076016228146;-0.05166557206966908;-0.09158297616117234;0.14650853914849826;0.21312776005766615;0.14067565109137845;0.3340368028319606;0.08145401479566929;0.015770289682846248;-0.05994416038468425;0.1958014182834793;-0.17663657921908996;0.16980006352828794;0.08756833093876426;0.12090144460782341;0.03070286483578917;0.23301794226464687;0.10558096884700341;-0.05201561326641831;-0.015038082559226283;0.029568303222685305;0.07471188193012447;0.06267368832813612;0.16533839369603304;0.24527330377587972;0.15301669008654203;0.056249364712413194;0.17813196326307743;0.17739256453298471;-0.10909688516409527;-0.08920447011380081;-0.028017695031964652;0.20747748850864217;0.16757172565482775;0.006892589197942855;-1.0;-0.05420627842793848;-0.08699789946485922;0.05306001490911575;-0.09561127613034029;-0.14822610284459617;-0.1428377838231739;0.0582855171549337;0.124942535761173;-0.03987641411728381;0.0477805028841426;0.022158617700440586;-0.13799538804710768;0.09503454360875856;0.06893879800907929;-0.0017154766514860258;-1.0;0.18166549514849978
Oeffentliches Parkplatzareal;0.05648713388386414;-1.0;0.080656762531822;-0.03311583116391298;0.12300905099500074;-0.018390198282439388;-0.07212232664116702;0.12188548780800394;-0.07783284697976847;0.0352449778861179;0.02805324144720771;-0.004561142432216338;0.054579248356917846;-0.04377953007654797;-0.206770283460833;-1.0;-0.012636230036200598;0.0591996568629748;-0.014326246475987101;0.09482231787725579;-0.016173537782180614;0.05866889025016075;0.03101062804832602;-0.01679124591151878;-0.10010600751048859;-0.036210681950857984;-0.19906466608190393;0.15679280687479066;-1.0;0.015495292836139788;-0.09568802304644687;-0.09736335771011163;-0.13408676130694744;-0.06017503294074623;-0.018323099277444865;0.16719649680613544;0.10735218559088691;0.1110968143655006;-1.0;-0.13388498699469759;-0.03996785883718598;-0.002454533946131683;0.061377740313178136;-0.010915486710329589;0.0037900595769933217;-0.015267150926141025;0.08867639289929984;-0.003063322226639419;0.08463032932640895;0.024572457027788843;0.014350551191330618;0.08463099909744973;-1.0;0.05378746003223861;-0.13785053182181614;-0.018294413574468354;0.05796486715307852;-0.11254085368346228;-0.08367338765877051;-1.0;0.08770075880010356;0.07892520419108257;0.025280300280514405;0.08013954927814898;0.20356695180488416;0.0016982306092446146;-0.009095666708349064;0.019848546740704107;-0.2396130233191621;-0.06277750289094655;-2.872935749982958e-05;0.02182407236642594;0.05931702403842529;0.04855229190574508;0.06250091846316089;-0.082054725754662;0.029535745723337763;-0.057579733021489;0.040306257019925816;-0.019828930663941417;-1.0;0.11974692470458895;0.1011411496727631;0.028849622335921615;0.047744735569765946;0.0813495353468419;-0.18434392313550257;-0.10784629499832024;0.03715281783372623;0.08781075160418982;0.08067005265970148;0.04554575966437026;-0.07408205181108275;-0.047686511026381606;-0.04363600162411218;0.02863981364912907;-0.08400722799513649;-0.09472878099701974;-0.05446696179225442;0.035639583744108895;0.06549360904825739;-0.1185207756746375;0.1632682334404877;0.03577296130034959;-0.02599628618980274;0.07808953965629924;0.004211569267132749;-0.02195904845130292;-1.0;0.08802202866969107
Offenes Gebaeude;0.006886142390271234;-0.09122583270805996;0.0159818939098598;0.1451654389224289;0.07021412403701514;0.014983433847929757;-0.0040052446075928855;-1.0;0.11678165238409316;0.021347544776952145;0.05284804325848854;0.049768187271400255;-0.012268010243092426;-0.019639090405616937;-0.01753527504404132;-0.025416541077629844;0.007467733304716914;-0.009483483028792273;-1.0;0.04567559926869083;-0.024828845318613464;0.01629054843297276;0.013164876996943017;0.18324968003001;0.017748089221068655;-0.00866099365299155;0.00812573144399932;-0.025127162324590915;-0.05492663884627702;0.062173947596162044;0.059764381084313256;-0.017058196670368512;-0.007445792632412945;0.0029589297170358143;0.03681930424876406;0.007852159562892248;0.013153469215448183;0.016992949808113278;-0.07587153171759863;0.05119424251101364;0.0011050509792026094;0.0006265382839804387;0.01727749331045492;-0.012256710192496977;0.009733826742933509;0.014176568138011865;-0.0031087613444312403;0.1073899174398059;0.05578738775579977;0.006709333319410531;-1.0;-0.00619006137604352;-1.0;0.004523105632336746;-0.04795729041226125;-0.0017105494675499922;0.021548697442965503;0.04466292960748182;0.03142550820701741;0.021796089421088016;-0.008727151610134798;0.04214027427045064;0.014678633866960451;0.01633524806058513;0.00033393249058435027;0.09205010832874296;-0.0025238568167830623;-0.008486935675147267;-0.022048587003069088;0.05857375292523037;-1.0;0.04486944811636221;0.01819796933958821;0.008298412932737117;-0.006356638069131356;0.04392322852232438;-0.008651240754116742;0.059483055077738684;0.13181191670958733;-0.08042438283827691;-1.0;0.009221226120863355;0.034839011496549645;0.0005680092545820411;0.08697441913805046;0.0314571075295087;0.09054818623398225;0.10509272424256884;-1.0;-0.007026636552343143;0.12855451548143884;0.03833550047018411;-0.03271792401316346;0.021494059016811666;0.04246499338989672;0.017958097787098483;0.056156285522772534;-0.024882470648103935;-1.0;0.07967855729562912;0.04178470397274669;0.09456505973028241;-0.06117299025993165;0.04715360594030286;0.07759156696676223;-0.0009174256588157895;-0.028241243986766928;-0.049379508182923686;-1.0;0.06958410842149028
Ort;0.004619188669341188;-1.0;-0.03096410294334874;-0.06295026281011216;-0.00024832962336212693;0.019772703162139915;-0.008732646684843321;-0.12745682625929955;-0.03351074864387223;-0.014006462837205698;-0.00967225894320347;0.030304237183571885;0.01241409245360099;0.006293484840638715;-0.056390138176401976;-0.12816517085336024;0.00830873856749099;0.007576334143434767;-0.09327033987578445;0.0033057362216754663;-0.016624555007192395;-0.04507196266126621;-0.08133273038354014;-0.005260452073332573;-0.03742732495850476;0.036256773348199184;-0.2504913498896729;-0.06113205305806118;-0.3882794767117225;0.028622961168115926;-0.0828049917576127;0.004843708678697882;-0.09958618176334433;-0.04152635797372481;-0.027323857546715184;-0.08306724841525115;-0.030424570154011815;-0.052296038547923154;-0.3985443281124935;0.023520054311707;-0.02984870760723346;0.010449161036837814;-0.008650733597821963;0.02748316134587528;0.03730178036943283;0.03347587950541613;-0.058958253554789765;-0.014335001195146746;-0.03443284048800631;0.030557889327985983;0.03218666116286693;-0.0036842197038370727;-0.11540848617248817;-0.023137234311711902;-0.15718734998507208;-0.021004764023756416;0.024257150172036692;-0.07203217583837604;-0.013329073900347639;-0.1293252625469539;-0.014718237571040937;-0.09201950069031241;-0.0642536188046776;-0.1399319313419828;-0.048690318925944776;0.0010254770417437884;0.16312074162412843;-0.014729583307278974;-0.18256490476274248;-0.050513438356775686;-0.033391794586507186;-0.06012560022068792;0.0035297564709918087;-0.03800553444626618;-0.009308432404874008;-0.05095896050574174;0.00036453458014738365;-0.001290075276957744;-0.05613464022492714;-0.07199604748463104;-0.15838376575854088;-0.07237532630781898;-0.05332696449043961;-0.053268914631473284;-0.0344263526050494;-0.031012381026587994;-0.12230484756254484;-0.03272519896872664;-0.0050247608672535716;-0.06278739381095096;-0.04816531082364442;-0.009503839786931577;-0.04562566097520235;-0.045066180755407054;-0.01442558702341529;-0.02817673145663316;0.01109925693891472;-0.11260494726891265;-0.05749639327478778;-0.008206737110278502;-0.022145323074619912;-0.09039045371436895;-0.05659528572636136;-0.013634560590311097;-0.041891003386607326;-0.02358004613911754;-0.06591323757878143;-0.02753841284221622;-0.11671156314286654;-0.056517897956302
Ortsteil;0.03396040972569619;-1.0;0.006319218111492431;-0.039083538824695084;-1.0;-0.011385703684250181;-0.0494016953029924;-1.0;-0.056274512137173126;0.026728274837066923;0.05406559740003716;0.02267120695297634;0.035421119382989155;-0.009329183016435488;-0.0298089832340614;-0.13572667366615335;-0.01177772973175339;0.011674865417716286;-0.05243128861796721;-0.05053914342898401;-0.0130136684902552;0.08350786932720036;0.09056290452578977;-0.015113045193844168;-0.05778740570804983;-0.019245287097175146;-0.18338385875254273;-0.05929961476417082;-1.0;-0.013549198411780037;-0.08356781919221651;-0.04047582304700297;-0.09128791051102918;-0.03423409604576224;-0.0349612476796521;0.07770716222062692;0.05727177827014042;0.06352746127459738;-1.0;-0.007134926040386547;-0.011298436255842391;-0.007999049328685877;-0.0007610303402245569;-0.01977410648269354;0.013570126226438774;0.007978292580181722;-0.018562424330864195;-0.0016683468613403886;0.07537917134510747;-0.021273306095538295;-0.1186113415467728;0.008845496462138213;0.04514393176482318;0.015586967291828522;-0.051451602078300275;-0.014277414912726667;0.028019673032575812;-0.012346089382401036;-0.019401732152427142;-0.185825609245643;0.02567440521957369;0.026286789374018824;0.04125529920611815;0.09536237857665326;0.007732237196304201;-0.009219036767494805;0.03591140270285026;0.13390977364374412;-0.14454055602736698;0.04768520091851766;0.0180793205026306;-0.09479593446746994;0.0770594965907056;0.11288392691644236;0.023908414704281126;-0.09777578135619552;-0.06615659040799839;0.02736824295412027;0.011741101831945006;0.019872575671905927;0.0892410165801868;0.052837332186723755;0.022984836546211668;0.009986184929433345;-0.04572489202177813;0.11397107065330248;-0.054605243663801054;-0.035645643882641034;-1.0;0.036916114321881036;0.06914206915092144;0.03403124455912014;0.023708881785990735;0.00509077245855458;0.014087892054068412;-0.0037606104239474047;0.011419550259748492;-0.07193211708678442;-0.014439045100287424;-0.040288372404219834;0.030480419070499185;-0.037503782515721354;-0.013868183817217628;0.02728348834932287;-0.057085664860893566;0.01635359198558643;0.047234479064599696;0.0886101595196096;0.08795208773723917;0.019513599120084758
Pass;-0.2171906144630418;0.3537634626151661;-0.23296090756711324;0.07205307871897516;-1.0;0.05225145583904965;-0.00673005499962439;-1.0;0.00995619007454691;-0.125994178759106;-0.0733549891313105;-0.16411461627074003;-0.13605928724903543;-1.0;0.10771397849666257;0.20640991230513694;0.034017752945554945;-1.0;-1.0;-1.0;-0.1714013677176231;-0.07244338304415614;-0.13738582251218126;0.03808007328505529;0.15701298122300458;0.005378777092169842;0.22992243549161642;-1.0;0.41587899354309865;-0.11496449465515496;0.03348561540721196;0.027431019432481357;0.20400692174201662;0.12078824835369045;0.0705789765362561;-0.19033241395409115;-0.22219465178693415;-0.22281904744617576;0.42485433414328017;0.002703826766667264;0.11078566625938081;-1.0;-0.1709131714450526;-0.15566970880992265;-0.14502546259265728;0.017326579858943807;-1.0;-0.10656583303011222;-1.0;-0.16174342421222995;-1.0;-0.16832865755034235;0.07879625490371094;-0.1881855496203249;0.09825626735246888;0.09020063655871143;-0.11249521652654881;0.12076288962086751;0.015985634957051045;0.2008675143719539;-1.0;-1.0;-0.007134791718968132;-0.2179237118107118;-0.2583274423172998;-0.04611952853730838;-0.23097547780055463;-0.21967648907626658;0.34646575182163264;-1.0;-1.0;-1.0;-0.14564711088108884;-0.24951408305073566;-0.2773956312733313;0.049939703954211705;-0.269202640855422;0.033750887348863015;-0.2368204754618691;0.01334860268336465;-1.0;-0.31007207467662634;-0.27493800619765685;0.14771001749013338;-1.0;-0.20655166164739225;0.09229713536991055;0.09725614058993502;-0.06574135062072922;-0.24072744068395407;-1.0;-0.10880719344538096;0.009035892394562662;0.08847298592828912;-0.13105523249098494;-0.03095779598423058;0.22802639085879578;0.18912669915786617;0.04232896630490805;-0.06416770571687422;-0.08605720769475664;0.07176767766909048;-1.0;-0.24222677003010545;-0.10592291173742585;-1.0;-0.014240598993704116;-1.0;-1.0;-0.09089757129077311
Personenfaehre mit Seil;0.07184162604045764;-1.0;0.03270051902220411;-1.0;-1.0;0.019071341595475362;-1.0;-1.0;-1.0;0.045773583782513436;-1.0;-1.0;-1.0;-1.0;-1.0;-1.0;0.019996924720133372;-1.0;-1.0;-1.0;-0.02787471241674534;0.1431358100290374;-1.0;0.0044901103118071255;-0.09261239228448803;-0.0352204209636129;-1.0;-1.0;-1.0;-1.0;-1.0;-0.08118707821859539;-1.0;-0.06227371378743345;-1.0;0.20500106061833331;0.02068554637352312;0.3356312183683489;-1.0;-1.0;-0.018099878435394127;-1.0;0.08509512858781028;-0.01780032378702735;-0.07944355134728373;0.027289342442810297;-1.0;-1.0;0.06633536609892961;-1.0;-1.0;0.12744460265186025;-1.0;-0.02780858468926548;0.03119466437582583;0.02289340610114561;-1.0;-1.0;-1.0;-1.0;0.026068896645505664;0.1879116585371953;-0.013706116622933633;0.14448903602974908;0.0009386348119176329;0.08269931755581623;-0.029278058255584983;0.12092511819311055;-1.0;0.2560201755378674;-1.0;-1.0;-1.0;0.12617234738002164;-0.03265047622304137;-1.0;0.11465941191450595;-1.0;-1.0;-1.0;-1.0;0.13085004002241296;-0.011671193614133255;-1.0;-1.0;-1.0;-1.0;-1.0;-1.0;0.1408645544796392;-1.0;0.08216283294366222;-1.0;-1.0;-1.0;0.06305027100113518;-1.0;-0.12764280375330725;-1.0;-0.005995223319576265;-1.0;-1.0;-1.0;0.07830018601244058;-1.0;-1.0;-0.03412913275921399;-1.0;-1.0;-0.052237713286720444
Personenfaehre ohne Seil;0.03781376396793135;-1.0;-0.018052862630846836;0.08701077410841782;-1.0;0.027322968869649043;-1.0;-1.0;-1.0;0.045711249064285274;0.1060273898658796;0.011644248898604381;-1.0;-1.0;-1.0;-1.0;0.028562749186064825;-1.0;-1.0;-1.0;-0.010848521249240897;0.09248430880853747;-1.0;-0.00146490547039484;-0.0690412608768756;-0.00875205691789466;-1.0;-1.0;-1.0;-1.0;-1.0;-0.07722029026543543;-0.11503190776069719;-0.01326142883964035;-1.0;0.009771094077965151;0.038750652498017624;0.32078355029388866;-1.0;-1.0;-0.04310458023420753;-1.0;0.11255194287953493;0.017032043509629585;0.04822523147122596;0.03323205713821027;0.07575992332891839;-1.0;-1.0;-1.0;-1.0;0.055623300459155305;-1.0;-0.021786588160400522;0.025284389042516623;-0.0069553160349212625;0.11379463105850726;-0.12041952880683353;-1.0;-1.0;-1.0;-1.0;-1.0;0.08965385203552223;0.02301702535059378;-1.0;-0.029242935680678067;0.028005506355229425;-1.0;-1.0;-1.0;-1.0;-1.0;0.06562688248239482;0.015897443137233326;-1.0;-1.0;-1.0;-1.0;-1.0;-1.0;0.06291837864722283;0.10843128100598005;0.04711390553939593;0.26966283487996684;0.0733114256570966;-1.0;-1.0;-1.0;-0.0192210716705982;-1.0;0.08627433915841957;-1.0;-1.0;-1.0;0.009004467892593116;-1.0;-0.08095427859982851;-1.0;-1.0;0.10622676076090969;-1.0;-1.0;0.054315166522336165;0.06281029000607398;0.07537960947269429;-1.0;-1.0;-1.0;-1.0
Pferderennbahnareal;0.09364269010481165;-1.0;0.1684924274774767;-1.0;-1.0;0.03567307116397523;-1.0;-1.0;-1.0;-0.0797199751791564;-0.07798452683984942;-1.0;-1.0;-1.0;-1.0;-1.0;0.03297294848274351;0.13014454457878816;-1.0;-1.0;-0.017035014146536027;-0.010463392327105091;0.10607236943511916;0.03205612014444901;-0.010302482884837521;0.019720021437230114;-1.0;0.18545204655918496;-1.0;-1.0;-1.0;-0.003887672260052998;-1.0;-0.009031217352988908;-1.0;0.06945680838285971;0.03030747056668604;-1.0;-1.0;-1.0;-0.05977179322319341;-1.0;0.002998503604383206;0.014377524299285226;-0.11457998367196977;0.03332569793193146;-1.0;-1.0;-1.0;-1.0;-1.0;-1.0;-1.0;0.05849052223610949;-1.0;0.023223220675421964;-1.0;-0.062421228117233725;-1.0;-1.0;0.12557353471924684;0.25486982420854537;-0.06959052815058447;0.12072999571705001;0.028489751354041335;0.06889022489897981;-0.0255128235081488;-0.031224433513377475;-1.0;-1.0;-1.0;-1.0;-1.0;0.04185145807087562;0.025413014772516375;-1.0;-1.0;-1.0;-1.0;-1.0;-1.0;0.03526995202116577;0.1129337367340963;-0.012246428339234382;-1.0;-1.0;-1.0;-1.0;-1.0;0.07538752009217538;0.20977546949868586;-1.0;0.10085486176149275;-1.0;-1.0;0.033385462001253974;-1.0;-0.03021024917615482;-1.0;0.17008733041608562;-1.0;-1.0;-1.0;0.14612180851453463;-1.0;0.009306816292207344;-1.0;-1.0;-1.0;0.04898762506149924
Privates Fahrareal;0.10736968309457036;-1.0;0.1031515174093792;-1.0;-1.0;0.018455157947344397;-1.0;-1.0;-1.0;0.06978656278237359;-1.0;0.1103157773365056;-1.0;-0.07154891142725583;-1.0;-0.05946526108212884;0.01099791856212785;0.0896414893208022;0.14987386955386692;0.21419416898101043;-0.023188516487609296;0.1304658565723496;0.01527618858049001;0.03203791462270859;-0.0014953016873921752;0.018246715716079102;-1.0;-1.0;-1.0;0.045932930418679775;-1.0;-0.06156241687966617;-0.11039562982759947;-0.004268419166960261;-0.02180306506633171;0.042260095992125636;0.043892936105213456;-0.06768434430676408;-0.196617891461644;0.021789023416844813;-0.007441993624565073;0.16984116605305719;-0.010571688832598958;-0.013651525839263191;-0.017181585213563715;0.014128601087691971;-0.034357629470079386;0.034140483065827384;0.16548995635248845;0.0699289333155227;-1.0;-1.0;-1.0;0.05142395707746046;-0.21845006384558938;0.010374893283875012;0.05550701025290468;0.022767167770589847;-0.026921430653791455;-1.0;0.01927579471297513;-1.0;0.03797048797698919;0.032492917820879055;0.04968312591339843;0.012033940691399434;0.014910961992384307;0.05657875400191394;-0.16225748862712983;-1.0;-1.0;-1.0;0.13719846707631095;0.06756989279838091;0.032739149131981615;-0.07674881127017066;0.03964935312397607;-1.0;-1.0;-1.0;-1.0;0.041254219536739724;0.06481957205041941;-0.016716956616648335;-1.0;-1.0;-1.0;-1.0;-1.0;0.020442207586778848;0.0768342274674656;0.039618968551070326;-1.0;-1.0;-0.02839799077231037;0.027924356896465215;-0.007753937209244668;-0.10687561007591322;-1.0;0.08182141286679595;-1.0;-1.0;-1.0;0.1364800108270009;-1.0;-1.0;-1.0;-1.0;-1.0;0.002894834974947915
Quartier;0.02264555042250348;-1.0;0.07265584984642098;-0.07885636110254936;-0.13559801721631892;-0.025291363480309637;-0.09777182757974827;-1.0;-0.03007034766605967;0.026371664931957618;0.062101192113360126;-0.0020795967926365956;0.046432554686552725;-0.020994794881649983;-0.10885588541998475;-0.1247175663752932;-0.023385369011269693;0.032725907030084045;0.03174750895015581;0.0395484559539338;-0.04618154499078325;0.1349360852606009;0.13396920787994598;-0.00797179421064442;-0.09835220134916736;-0.03638741527192855;-0.2517801971065732;0.00022096357861949335;-1.0;0.002113385766303651;-0.051949947469364606;-0.0845129873095476;-0.1284271441629019;-0.04705006759165006;-0.04179934370342635;0.1440783395609516;0.11863958624254922;0.09736390544271872;-1.0;-0.04565126541442519;-0.029626016462431078;-0.06495734326924338;0.041031618270025876;-0.019622977581533082;-0.022518986918970772;-0.007447730321213881;0.015486497756636061;-0.016874346404058948;0.09755799414289847;-0.01933796680387396;-0.13680253915112253;0.07122763875117423;-1.0;0.02488128128054859;-0.09005894556883175;-0.051161242881706405;-0.041349616165756345;-0.0648595356224551;-0.061329394531160715;-0.1502245614545462;0.09551131914053307;0.14367591134945396;0.020440765979592043;0.19325230270953345;0.04371425596911186;0.014148034916885828;0.01995780492689284;0.16755729395458321;-0.1984488763718374;0.08982640428189755;0.0615379623633904;0.022911435578480167;0.06019499438441882;0.22825486796491792;0.06357214902270385;-0.012515488864383155;-0.018133024110254508;-0.055675560132643125;0.06855918929858108;0.06020947270180796;0.1545477599067051;0.15502400527074778;0.07338889010282236;0.008811255611522543;0.06846442431817275;0.11175663065020164;-0.11081108840760072;-0.047437819228348464;-0.2270898244497905;0.13144169673050485;0.11700751337390916;0.026912385362785965;-0.05654909525721352;-0.046268196702302665;-0.020307682821584374;0.03827763731329225;-0.05104968714920873;-0.10971208725156915;-0.05129697703892702;0.05274201273811402;0.004095927011656735;-0.06546528379672165;-0.07261238256839998;0.09332050452856712;-0.06640206683040353;0.04697497777950583;0.027701791130305943;0.07648303543995769;-0.006732458981920556;0.08042809241222464
Quartierteil;0.037533996097528534;-1.0;0.04745578148157482;-0.06170117113500912;0.0521269177821047;-0.011754362895993577;-0.056789489600990485;-0.01605166052235265;-0.053111086249257325;0.037747221722998985;0.026044170888478893;-0.00027639111450897225;0.029579708913020412;-0.007005335016528473;-0.0519561543925284;-0.16313166255778494;-0.01845007462850665;0.008592757981253907;0.006461922421822912;0.03260501679902293;-0.030249787939415226;0.04235117157815611;0.042828842091857576;-0.01692007683936499;-0.11421292556292112;-0.035606465807212426;-0.32144499895211515;0.0507277875643681;-1.0;0.010028603575087613;-0.01641364185800324;-0.09477727869086966;-0.1692026377605835;-0.04014854667191212;-0.04370583026374246;0.06836131102458587;0.11443172449882152;0.0617340427487581;-0.5360878294970898;-0.08868644952016619;-0.05762618482985677;0.014160381336880813;0.03726439884802731;-0.013008760998913535;0.01362524057800947;-0.0072563513930180125;0.052358800594853254;0.008301381232022701;0.0349721136355267;0.0060230720101107785;-0.13828953405862457;0.06001287366312683;-0.1710261323061502;0.028353229605818042;-0.1784472229760917;-0.03191503285980902;-0.036658036175363715;-0.10618731058226398;-0.04693903620359605;-0.1550012265941346;0.022096620179209586;0.035345150859223275;0.006303944640463115;0.08277864978883377;0.058168573420293815;-0.0031211386811827884;0.043521713821571315;0.05017840939533847;-0.2584388578365075;-0.033837882137468814;0.011429031219740463;0.018066412086108923;0.0332617942623262;0.07218194172063484;0.1779987635856071;-0.06899592236486082;0.028526315693443466;-0.03928149178624149;0.003831019395825417;-0.06722688987884705;0.1145181449430896;0.10651108676823282;0.07690117046863276;0.01442596804776158;0.04393865730843787;0.09381874170404735;-0.09770469568642036;-0.047717302840290576;0.048796883458716814;0.06664874091219095;0.03172093738745528;0.047354439103560235;-0.01848730266722146;-0.0701291046698873;-0.025152256759051216;0.0029711476395308284;-0.06737795267908461;-0.15376975339389848;-0.00884451420416273;-0.002454068174497474;-0.0039024789885211304;-0.046353573026770574;0.0012828275546497843;0.044173600412841914;-0.06652495866513249;0.03339868440770848;-0.036959641550558794;-0.015213397013165335;-0.005505820902542767;0.0282448243807957
Quelle;-0.018544644644299203;-1.0;0.00040364770030962104;0.085485902019299;-1.0;0.014759710398687011;0.12844599062374124;-1.0;0.08898535833805984;0.04622455764051404;-0.0021182806306552665;-0.049026648217013906;-1.0;0.07645058234550521;0.22241604181243768;0.09599706279208453;0.03931323406481756;-1.0;0.12122928024515373;0.03568055041728034;-0.025079245591367434;-1.0;-1.0;0.03940962078564932;0.07544813105963565;-0.0016345108893520014;0.08230523035542683;-1.0;-0.11689677295965059;-1.0;0.01891554795031581;0.03929937569421904;0.0628995346865438;0.051152140783538344;-0.0435096829405224;-0.05301529985622617;-0.03894106227364921;-0.038455696687029736;0.013805952228210598;0.03522426889287636;0.007613259137368928;-1.0;-0.03855568913588676;-0.018676533073913256;-0.06159738398555789;-0.00029627300043700514;0.0005362213144335391;0.040785905859134296;-1.0;-0.10990749548916937;-1.0;-1.0;-1.0;0.02679828175623432;-0.0032375457023783695;0.044020664515412346;-1.0;0.08540796754084437;0.04527842712167503;0.003380509541083499;-1.0;-1.0;0.024399670459724316;-0.08928099445040186;-0.07967176512813538;-0.011546033368707041;-0.06865288507713044;-0.06923057131767613;0.07478848079975466;-1.0;-1.0;-1.0;-0.01660918011528251;-0.0272637889049411;-0.08219669669192493;0.2420390806185863;-0.037884380619816554;-1.0;-1.0;0.03601638455039773;-1.0;-0.12101587201334926;-0.025845907588880446;0.05760257790789356;-1.0;0.0012825616685470278;0.07133030846103235;0.11449364798291928;-1.0;-0.016939758279514938;-1.0;-0.024691367743125577;-0.037423294459387094;0.014103826770419325;0.052440504683703884;0.061047325042103175;0.00612119312435195;0.06985801706378562;-1.0;0.023086285579411153;-0.1197180333620609;0.06764670596950911;-1.0;-1.0;0.09429250876653428;-0.024599592437696386;-1.0;-1.0;-1.0;-1.0
Rastplatzareal;0.047910552476239106;-1.0;0.11384502724430923;-0.06744599858516188;-1.0;0.013613730347479924;-1.0;-1.0;-1.0;0.028290166842668316;-1.0;0.057352464265340845;0.09915958548649602;0.10580875233264281;-1.0;-0.060366897796570305;0.024066498426129092;-0.06841190386405917;-1.0;0.06161699830695519;-0.007231818741791336;0.02005981897652197;-0.033555973448005164;-0.03337192891975836;-0.03361814577896786;0.011395362423690417;-0.19658045790326295;-1.0;-1.0;-0.010622055425127466;-0.0578727390652;-0.09281892348804989;-0.2114399210582298;-0.009977609108093087;-0.03128377917366649;0.01059823227031006;0.016720974675165833;8.499063034586799e-05;-1.0;-0.15640509315954157;-0.00590303839935113;0.08770089140926521;-0.020390577620294812;0.01922436013659495;-0.023825489022836988;0.004770025516988666;-0.03482202352980276;0.010973417229179529;0.1215305240698593;0.05120390554124124;-1.0;-0.10182189840734103;-1.0;0.04990705069171275;-0.06347611191944012;-0.01057545187324182;-1.0;-0.0164363338937168;-0.07253119897647278;-1.0;0.09705223557451163;-0.09594219639606905;0.032786673026332376;-0.01653539499382153;0.026536423187099718;-0.0023482763100186378;0.009100042845806003;-0.03856439025311444;-1.0;0.0940701099037527;-1.0;-1.0;0.06591744190855828;-0.023050141583960328;0.02785852198938224;0.0011639517525419277;0.3647282875445005;-1.0;0.05430646880268593;0.03147615072940742;-1.0;0.01430832638477475;0.013723052407848272;0.030402666745838317;0.0028729118254505115;0.004062143390178172;-1.0;-0.15285593014583326;-1.0;0.014530051791400439;0.10181673405149524;0.08866471939665777;-1.0;0.033269605009504884;-0.06540801482018908;0.11634774825448602;-1.0;-0.075153153307795;0.021217664978356813;0.014542829647944703;-0.08051490048930063;-0.12390955911080069;-1.0;-0.036802997571938896;-1.0;0.027618381481801686;0.029037014921284913;-1.0;-1.0;-1.0
Rodelbahn;0.005217176674947511;-1.0;-0.06937314206330421;0.17865593607589736;-1.0;-0.008374856129054184;-1.0;-1.0;0.0385481962360972;0.07850568279534513;-1.0;0.022874387876565008;-1.0;0.043022670376704944;-1.0;0.023677086644647998;0.01554768215983003;-1.0;-1.0;-1.0;-0.023382476610542345;0.14802059820090502;-1.0;0.09071806764234429;0.02686020343215135;-0.024968480123855996;-0.03539836621776882;-1.0;0.05182896920909488;-0.05607477845982853;0.18626448210450172;0.004865000717955272;0.016075622883582743;0.04109766365629075;-1.0;0.03238356768969825;-0.01858195546421058;-0.05050367304467003;-0.007887212999300449;0.0663479863467415;0.015471015587026002;-1.0;-0.0892287923378661;-0.16696484726318106;-0.062165043098464115;0.015877348542739943;-1.0;0.0076775646426927545;-1.0;-0.06963965335464149;-1.0;0.08571093482999897;-1.0;0.009166826021703536;-1.0;-0.028385188724435427;-1.0;0.04060268337572652;0.17098066891277772;0.08446346942921094;-1.0;-1.0;0.01962526517632317;0.022922418439528323;-0.03596067018204019;0.048968727848049606;-0.0042900637068850975;-0.031834040298502404;0.012554071817536566;-1.0;-1.0;-1.0;-1.0;-0.06739925907931824;-0.03676861169879973;-1.0;-1.0;0.20613528971017916;-1.0;0.1637029942334009;-1.0;-0.060735604912681256;-0.07615092883299884;-0.08117155422843945;-1.0;-1.0;0.1873135661498564;0.2357927827238676;0.18382125812561267;-0.06504696679316152;-1.0;0.09264047923129919;-1.0;-1.0;0.008708257754302449;0.05750145025142893;0.08965570082704062;-0.00472462811837151;0.21799968700007563;-1.0;0.12652344505408372;0.20264182706055034;-1.0;-1.0;-1.0;0.020123190045230333;-1.0;-1.0;-1.0;-1.0
Sakrales Gebaeude;-0.011426327908704908;-1.0;0.03362567412525528;-1.0;-1.0;-0.039252969497405386;0.05233194775053948;-1.0;-1.0;0.014894556763285511;0.0002538494922603938;-0.08025165001679549;0.04265708221524109;-0.04730868325173671;-1.0;-1.0;-0.005351179844409677;0.005272495211539141;-1.0;-0.013391915566860382;0.01035690847446223;0.06028895749686471;-0.01607157467881555;-0.02923988789844029;-0.11783278033190019;-0.04509962500218989;-0.20569739169351678;0.10730723252258798;-1.0;-0.024703458915786198;-0.09387982715689469;-0.09728734084826421;-0.13252105113188378;-0.05755109500059582;-1.0;0.014816847822455537;0.053312042480585194;0.024676987065777645;-1.0;-0.0637724642718311;-0.016461313138792774;-1.0;0.08258537732731448;-0.031509235746714534;-0.11263394572526071;-0.04840790008012671;-1.0;0.0749882929753836;-1.0;-0.08808410821301256;-1.0;0.12482104776967902;-1.0;0.006515100567535162;-0.03694818422622904;0.008416340703530272;-1.0;-0.017022581052310005;0.013612715836901395;-1.0;0.020628033190380445;0.04667019973047425;0.07308231478502578;0.0825099270760434;0.04255938363610666;0.14486108811754883;-0.0189309534976269;0.014335011364317045;-0.23764479001047054;-1.0;-1.0;-1.0;-1.0;0.0566169219051352;0.010370816237088047;-1.0;0.057310341842920366;-1.0;0.1398535076704461;-0.04416290769719574;-1.0;0.041224099255335704;0.022221466805404242;-0.01251264957746681;-1.0;-0.0071645481498927984;-0.06755068640374537;-0.13212273006889894;-1.0;0.012564079713220096;-0.00795786618930759;0.007917040039605605;-1.0;-0.03258882255068811;0.060258182391365066;0.02061362529886814;-1.0;0.03981653097910082;-1.0;0.007968248640517308;0.040606753522062645;-0.022689986908282486;-1.0;0.033411384929194356;-0.05042048785027512;-0.02272868076127827;0.03275051368990735;-1.0;0.1296010426817184;-0.017224587961610725
Schmalspur;0.03498118950086642;0.20788959229803228;-0.026618731405894408;0.14181351045922644;-1.0;-0.04233537455075553;-1.0;-1.0;-0.056826536385610284;-0.027971535390330145;0.0536710119947125;-0.047261369682021125;-0.012469921819388516;0.07462487958775427;-1.0;0.12869024331881143;0.0032542275073661137;-1.0;-1.0;0.02331951367554816;-0.022953687115497966;0.07402878237432188;0.012572239320792867;0.02267893756669338;-0.0072331775223202265;-0.05936436792311638;-0.0363043890295629;-1.0;0.17155096728431993;0.11432724076894477;0.043097998915990636;0.035595141768872546;0.043222762023193737;-0.007812603950696738;-1.0;0.10483123173906207;-0.013617945343485989;-0.03821647684591674;0.06384398720910829;0.006829554132826316;-0.03257125536810027;-0.048780014754666305;-0.045292586659704294;-0.11519621196522499;-0.10489607658936871;-0.06592322104072638;-0.11500226752959564;-0.053403726301628825;-0.052657239288063484;-0.0426473487966467;-1.0;-1.0;-1.0;0.0799181359311208;-0.1366437370736362;0.024511946955957643;-1.0;-0.03865427538290488;0.03194833993844464;-0.01256758459325755;0.04961025160494911;0.0675018802266849;-0.10076221330017555;0.06388807180039043;-0.023999486123310255;-0.07710400244636688;-0.07461221194525089;0.04261845744145159;0.01994942612653095;-1.0;-1.0;-1.0;-1.0;0.06926765757890821;-0.06119491116359357;0.033900235989290955;0.03351994264376559;0.19065099411884204;-0.0324258951706682;0.5615018155784146;0.19417992664197964;0.051832955808189266;0.0034988133788690953;0.007865701618274063;-1.0;-0.011362180260350772;0.023181379377228247;0.020477845605095295;-1.0;0.07746137822149417;-1.0;-0.0130369111099644;0.09809487872442388;0.09409014235803978;0.06153180268444828;0.0900323862205972;-0.009378110963312649;0.05686265715190034;-1.0;-0.14466019455556833;0.0788060055941812;0.034562746258925095;0.3739007934692935;0.04340227614819558;0.08194641750339691;0.02026598296317969;-0.049029143750928546;-1.0;-1.0;0.03604712318593919
Schmalspur mit Normalspur;-1.0;-1.0;0.111611923559955;-1.0;-1.0;0.005150470669363992;-1.0;-1.0;-1.0;-1.0;-1.0;-1.0;-1.0;-1.0;-1.0;-1.0;-0.07645424965201465;-1.0;-1.0;-1.0;-0.05560208829688295;-0.02484063333124213;-1.0;0.05846192837535935;-0.06176987507511182;-0.053099649672921086;-1.0;-1.0;-1.0;-1.0;-1.0;-1.0;-1.0;-1.0;-1.0;0.042414776115142536;0.08425937287278022;-1.0;-1.0;-1.0;-1.0;-1.0;-1.0;-1.0;-1.0;-0.04370920687168106;-1.0;-1.0;-1.0;-1.0;-1.0;-1.0;-1.0;-1.0;-1.0;-1.0;-1.0;-1.0;-1.0;-1.0;0.19423349874954218;0.3302401423321156;-1.0;0.1558089660170042;-1.0;-1.0;-0.047147481860084564;0.14506480063528454;-1.0;-1.0;-1.0;-1.0;-1.0;0.1562940526930254;0.12008387137246006;-1.0;-1.0;-1.0;-1.0;0.21832501661485307;-1.0;0.10377082055703264;-0.009228497171636381;-0.09881074068418463;-1.0;0.010230636505621109;-1.0;-1.0;-1.0;-1.0;-1.0;-1.0;-1.0;-1.0;-1.0;0.08457013741607913;-1.0;-1.0;-1.0;-1.0;-1.0;-1.0;-1.0;-1.0;-1.0;-1.0;-1.0;-1.0;-1.0;-1.0
Schul- und Hochschulareal;0.01829731783915722;-1.0;0.08652726642862292;-0.043062996593339266;0.09650835469937213;-0.034472766639381015;-0.0488675219509686;-0.0020253473806944662;-0.020545513189455175;0.002910640458271089;0.11128497892039364;-0.021887294689521823;0.03776133296177146;0.02817974932554299;-0.06829732410819606;-0.21794921178131763;-0.04807643497956956;-0.011894960811530256;0.021350477953669577;0.030837933972942523;-0.060892484515774184;0.15865180519865837;0.12586480175638912;-0.0073548872984482575;-0.15756198927461093;-0.070153796221092;-0.34673458512320926;0.07836595417806039;-1.0;-0.0027401344134030748;-0.097622259125366;-0.13819152971054838;-0.20984001058543356;-0.08477878025928577;-0.07180368410846176;0.23190641454936678;0.1746441705904721;0.1251430854432598;-1.0;-0.14375198345748422;-0.059177508857888264;-0.02112562142072679;0.07827211610995571;-0.027390398119966627;-0.008099445891633719;-0.017914048726776946;0.06798255373399033;-0.015259698468670731;0.10545787910303389;-0.030956150944995344;0.048587584521397914;0.12154723445572999;-1.0;0.03155805715677693;-0.17747117474322457;-0.06414349559461503;-0.032265956750937484;-0.15249063523124967;-0.10470276355066897;-0.27465193973445307;0.11957085907260896;0.16231342277376867;0.0953040844843691;0.2494479960351322;0.12651439350147722;0.02235023475598302;-0.028768718223412187;0.13235159244546435;-0.276905984592735;0.14583366278672893;0.05827560173827517;0.049297339918645246;0.04107609320011932;0.19602239076458255;0.12520522414503255;-0.1110232920989966;0.014853278924334436;-0.07235886145049808;0.03677485555879075;0.05323676283246409;0.12150142521577674;0.28566617352902507;0.11976642942633445;0.008259548277337618;0.054973140948327864;0.09114210068048671;-0.17770419411956231;-0.10886744215979725;-0.044573963713868424;0.18939994093712753;0.1459788621921652;0.016284889086595873;-0.048678292996813165;-0.08680515614426718;-0.05632196719596198;0.025038575040540547;-0.10918057379733706;-0.17401735505267152;-0.08504270647734959;0.03761030576710594;0.05056874173290328;-0.10769791148398065;0.04427868271595053;0.07531275018840224;-0.13566333442356127;0.06623376553581033;0.0070701184766095845;-0.007708932738316046;-0.05460034489793719;0.13089662416984707
Schwimmbadareal;0.07979590199184618;-1.0;0.07320161589105399;-0.0061788715888155205;0.15881204294324805;-0.01361898526070605;-0.04594019927808243;-1.0;0.033722722649804804;0.16363581690586307;0.02864724956280394;-0.007243678852416196;0.03268857615441723;0.0710483006491076;-0.07530854757466636;-0.16019625122631098;-0.01148136083343823;0.0011853665415277955;0.019758041343536585;0.0792792376267756;-0.0316192227576994;0.11430580490651104;0.057321222215800854;0.009273392956533169;-0.09584587760699814;-0.03456719157678067;-0.22868249227573334;0.07095524150335487;-1.0;0.06852222994024065;-0.00789430702998239;-0.10310718186331548;-0.14662539158884635;-0.034750358694569224;-0.02479502094537475;0.10994722089563382;0.10315618387036965;0.21327104559964274;-1.0;-0.09914181370177513;-0.0578693226352416;-0.05620791406455388;0.06493496596074792;-0.026136470866744407;0.003808074856749257;0.0063493792835308815;0.20225370746310967;0.015479976419823406;0.04381315801105607;-0.04022618602244776;-0.03120008661667741;0.06142167961694581;-1.0;0.022033054593518592;-0.06168907668400989;-0.04098423903115157;-0.0012271077009435496;-0.09392612869205338;-0.04665366528366267;-0.1134337956725288;0.06570261805207382;0.11289107484140352;0.03318802329834196;0.15746868386379867;0.10922692763150413;0.041671009164359195;-0.014275009672678442;0.06482613125277716;-0.2850158639311186;0.0033139877490334043;0.1117025582513309;0.10082091765244575;0.0669733893795354;0.08982313472035204;0.08314921377324104;-0.018899623934977187;0.0014199772584422299;-0.06769426763212141;0.018406827624592288;-0.0010441590101296246;0.012576499749132686;0.11488351606990403;0.10796465448747505;0.14715288177109578;0.18252858911968;0.2194469891899711;-0.09279123090676368;-0.043588149520418;0.0412411894902432;0.1224213761045449;0.15414496722286322;0.17215796129786856;0.024949633763197844;-0.05759799326793823;-0.016552515426971805;0.037918829497377904;-0.0694572786859456;-0.12011467311880537;-0.03343862622777443;0.02693770147380928;0.053837005736827;-0.036416010556058975;0.10310465370094114;0.018324735983693708;-0.023123412408536128;0.06197244157936029;0.057373978559995896;-0.002512665857887462;-0.07255586792734646;0.10214555305605638
See;-0.05167825749017351;0.09270031383573607;-0.019627125757540356;0.0636678227981068;0.08072962884028537;0.030293241717281028;-0.029150291848128253;0.10183112300862653;-0.035808126897431514;0.015409851352643738;0.0030605040419954916;-0.06162059528006844;-0.054668137573676875;-0.01837873647286465;0.017496789202286412;0.10872679790163577;0.058836109055503766;-0.07948451668157362;0.001791143483284318;-0.07926467841053697;-0.06992638234154126;0.02530418018771485;0.009574598818281542;0.04252010785029271;0.12754632118555304;0.003661617004390837;0.1405735831142253;-0.1102338583915461;0.12543926550006929;0.028066677952055603;0.04553763896949367;0.0051819792679053695;0.10965532819231094;0.05418940421340758;0.04465834175632838;-0.09032177175233651;-0.06050891333044246;0.015448863264260222;0.22438351751073693;-0.009212834658210493;0.051666527790865925;-0.01931007681015219;-0.052545521086219245;-0.04208604959997453;-0.034677728922482554;0.003479571569970684;0.06008845607791799;-0.018463391926310264;-0.055516795829524804;-0.023477258038903843;-1.0;-0.014717144238275186;-1.0;-0.03159895044830239;-0.011237183634309849;0.061341248844195034;-0.03996794943458238;0.09374113420473555;0.062277235831072135;0.07101355275314822;-0.01204934769424016;-0.09687995410838764;-0.005398967775863192;-0.05653245278854002;-0.05006253906686386;-0.022953589383110717;-0.09004979448423854;-0.03243892563724633;0.1962695928514393;-1.0;-0.0031415583620662455;-0.0018736220286990589;-0.04228640586472587;-0.05152349829739037;-0.07830918651200283;0.06715107621487013;0.007414679631413211;-0.06024049803974878;-0.09829237040105922;0.02562183836162635;-0.20114983697669608;-0.07966130637454091;0.03447039404771049;0.2266278808483782;0.10484567141742167;0.057895097567849274;0.09977886830239038;0.07768550365768336;-0.0830078112781617;-0.04467534844427823;-0.07556146320179395;0.007747362703542296;0.17604169019981875;0.20590237478407517;-0.051376087807345656;-0.0017598626118533046;0.09694925579468601;0.12024971301141371;0.04849093039027695;-0.03995602716481658;0.019279079187273684;0.09440270592818624;-0.03419947344006981;-0.03403331260323605;-0.036469925810706384;-0.03759304812634588;0.010618885925593395;-0.2093028947892143;-1.0;-0.003490736657353305
Seeinsel;0.01771761723803941;-1.0;0.01587990542769128;0.2832300984475977;-1.0;0.0425241752737734;-1.0;-1.0;0.15094813058769024;0.10073809781558374;0.14280771573989082;-0.025265465865969366;-1.0;0.200367533350549;-1.0;-1.0;-0.045477651103490696;-1.0;-1.0;-1.0;-0.07153659791046568;0.10857559854376532;0.025223668187728556;0.004214156271395695;-0.060164765628037034;0.019430833454575892;-1.0;-1.0;-1.0;0.11907727539127572;-1.0;-0.1352235336260943;-0.036634209561263995;0.0002705896107142089;-1.0;0.047974796267313234;0.038585268264957256;0.31571550228271167;-1.0;-0.06039634166369811;-0.10362213725387837;-1.0;0.08076809334437098;-0.011823537892877363;0.019197460076720456;0.051502968981912554;0.26157542533312556;0.08174447363438035;-1.0;-1.0;-1.0;0.11521138413810512;-1.0;0.04505899873620247;-0.028244713800009133;-0.010659519709726313;-1.0;-0.05714073235158118;-0.005598096639490723;-1.0;0.04258312287348767;-1.0;0.001499273264330445;0.1608613664864612;0.030109264698331244;0.05428763605448215;-0.016109559304954287;0.022978311861648688;-1.0;-1.0;0.23539859072199537;-1.0;-1.0;0.051518232218098745;0.04805065135529154;-1.0;0.03374117988281156;-1.0;-1.0;-1.0;-1.0;0.0409604427060591;0.19102923769758806;0.2116421574174448;0.5568611070789803;0.340667566646894;-1.0;-1.0;-1.0;0.11527388269611143;-1.0;0.11813220177646903;-1.0;-1.0;-1.0;0.12199194512872864;-1.0;-0.07925460065294246;-1.0;-0.0666008522408903;0.20933971982146266;-1.0;-1.0;-1.0;-1.0;-1.0;-1.0;-1.0;-1.0;0.08235152728235265
Seeteil;0.0934352654039999;-1.0;-0.05142331300607474;-0.04517042920322464;0.21664280392955065;0.03120490448706768;-0.10619422763626143;-1.0;0.1158854587862165;0.15637135525712398;0.08578262831749614;-0.054357643838916926;-0.04117674469922;0.08121586103920558;-1.0;-0.2316324564579566;-0.05194531861411707;0.004000805531864896;-1.0;0.043993663660921514;-0.06108604888496712;0.12681344888809407;-0.10260746204023602;0.010823943062808036;-0.0029040378964431423;0.038138040302872864;-0.1914850220567591;-0.1286368492604334;-1.0;-0.016838545949406095;-1.0;-0.059350436703515516;-0.11056961344852276;-0.03291948996699918;-0.06870252683347118;0.05172128758704006;0.035412600105738656;0.2573578321033692;-1.0;-0.013542381324984306;0.02704614307411717;-1.0;0.04573702215535093;-0.07677016568365982;0.030881051162727113;0.08694986146186386;0.28123087484724846;0.032300961759381776;-1.0;-0.22759887110135432;-1.0;-0.008950027696009132;-1.0;-0.043249490780188596;-0.12464260619806879;0.023473389542832866;-1.0;0.02809770351227306;-0.09445479404328758;-1.0;-0.13152115285198201;-1.0;-0.055689138707282204;0.10239336624153879;0.0003110887158657664;0.01581946287264355;-0.02039710316212462;0.08872880686783022;-0.2072761846213869;-1.0;0.1683461022523572;-1.0;-1.0;0.09164410724001971;0.036601678531564;0.15046016881760216;-0.11111950774989264;-1.0;-0.05520710792028191;0.003849126210577411;-0.04944625397190015;0.033018848601159424;0.15304781406047951;0.2331244446841709;0.30893144122609284;0.36982531897272364;-1.0;0.032399143344608146;0.13019677361128948;0.04601136422654481;-0.04251502792300189;0.09214218333739534;-1.0;-1.0;0.020935476620093797;0.030733367971409055;-0.10063158884528944;-0.12531067110727737;-0.00865489643774708;-1.0;0.07755473871444866;-0.17634799810637106;0.04677434133903985;-0.06645167092609146;-1.0;-0.1282875221997468;-0.009014430210463758;-0.045584409254688964;-1.0;0.06236348512605136
Sesselbahn;-0.15796472749547838;-0.04364668189643722;-0.26540106812760844;0.15443104696201987;-1.0;0.009673547546064889;0.05378119002161116;0.07665695292263702;-0.05562421911008433;-0.0327196210580526;0.01857541741252531;-0.09647701524809883;-1.0;-0.016668968745889513;0.08389949073107063;0.12894280567432348;0.0213181542006108;-0.19603216975698842;-1.0;-1.0;-0.06558938242378445;-0.0347562331478881;-1.0;0.10805413269256563;0.1169062251535022;-0.01409374456083303;0.14327307817516846;-1.0;0.038435245298350476;0.02081601897613495;0.25468332774205893;0.019214650248871132;0.09630506468027537;0.08270067825110991;-0.06472206802278395;-0.0668381643636391;-0.11072309846245398;-1.0;0.09680472038590276;0.01234220087138289;0.04007426660722252;-0.09666193215020484;-0.15714359037657702;-0.2900446522923944;-1.0;-0.04950063934713002;-1.0;-0.012866204254587973;-1.0;-0.11826026182891311;-1.0;-1.0;-1.0;-0.057679830285442005;-0.03194720478101144;0.0328237884305068;-1.0;0.11614684800910477;0.16795956256982414;0.010147330272747123;-1.0;-1.0;-0.007508165961180266;-0.09724630705182566;-0.2080470616195852;0.08031979012566774;-0.12363945505670644;-0.07399291530564957;0.10828796130528028;-1.0;-1.0;-1.0;-1.0;-0.13094630009493075;-0.10237115471917274;0.025477733399176326;-0.2241859407510768;0.19907865779440576;-0.08763990623085573;0.028335002402694584;-1.0;-0.19359408235934714;-0.09827125967517973;0.06893700806406952;-1.0;-1.0;0.32582814861024395;0.2888216672716656;0.08426870086368739;-0.15168539295873795;0.018013205340556802;-0.03003619610878846;0.15266981024679666;-0.024338591864171043;0.00531866383973934;0.008308619271851825;0.03082980907464264;0.04158346953165711;0.16121334073865898;-0.28873283990235005;-0.0384037432694068;0.3931180491115372;-1.0;-1.0;-0.09453042213167406;-0.19224738174403838;-0.0840657784698564;-1.0;-1.0;-0.029552640406733565
Skilift;-0.062001020327363016;0.03742771791956273;-0.1753637940097566;0.1178549779414801;-1.0;0.018834977628566445;0.06984944525920425;0.029402654805456237;0.04378379309039091;0.03440681682774907;-0.0036910376723288583;-0.12814424481972372;-1.0;0.029833774275450798;0.07998889603291112;0.06845871564090183;0.020400294885406768;-0.1648137659828327;-1.0;-0.18314673356672642;-0.06786467098926775;-0.017945137071663828;-1.0;0.11922499145064068;0.09879600077301266;-0.013445764508412715;0.11229333148167132;-1.0;0.08312445211739017;0.03539550192579522;0.23633878543309242;0.013523246757876159;0.06508472925367685;0.08728759520135648;0.010282740563201576;-0.038451577886921384;-0.03806718333097555;-0.2674670817395451;0.05506930230570236;0.08583097622708614;0.05175783388489519;-0.05536604835535289;-0.1215580254860448;-0.18597978533203444;-0.05879911784968116;-0.0006612153911963001;-1.0;-0.042424200672936514;-1.0;-0.15067218494282797;-1.0;-0.035323881331279;-1.0;-0.05366938893683796;-0.006260965177651294;0.008302127503447944;-1.0;0.1188642868836003;0.1476075216781283;0.04692079927101565;-0.1194550772951913;-1.0;-0.041178685826553006;-0.09904669718627737;-0.10494705569322292;0.09612129009345224;-0.04697973622580974;-0.06093199635386117;0.10060578378594777;-1.0;-1.0;-1.0;-0.245593958270025;-0.06467622804080615;-0.046764654739823025;0.08066660124361269;-0.15280890923784263;0.22207891242768435;-0.13194325123607256;-0.014300121732599714;-1.0;-0.11642837753863323;-0.037189928548393036;0.03476835720578159;-1.0;-0.05926634619433982;0.29007847223918237;0.36706519660670955;0.16409396479600646;-0.09512835359320523;-0.05889832720909172;0.025742779169863998;0.12691065564327272;-0.05285889418496449;-0.07443249010367334;0.01578474509177518;0.13708419270204833;0.009224033102662633;-0.04948674577127997;-0.09691086277466911;-0.006012998398121722;0.27794840706910345;0.005040208536786816;-0.09749152892937549;-0.03346527533806621;-0.07446133740570646;-0.07889666409309201;-1.0;-1.0;0.010278446340889912
Skisprungschanze;0.08168233650286319;-1.0;-1.0;-1.0;-1.0;-0.013446891600764482;-1.0;-1.0;-1.0;0.054461319850650454;0.12662038992540367;-1.0;-1.0;-1.0;-1.0;-1.0;0.003400605213268004;-1.0;-1.0;-1.0;-0.015250801241580495;-1.0;-1.0;0.027104064591592494;-0.05700831231992273;-0.057067117018360466;-1.0;-1.0;-1.0;-1.0;0.1592119159422629;-0.08802191891873995;-0.031047180748480462;-0.007085362262208153;-1.0;0.012894095610701947;0.045581059615383626;0.0237512523287151;-1.0;0.016919246961362735;-0.01206136326955073;-1.0;-0.0855736358133376;-0.13614385643653343;-1.0;0.0032677601827584817;-1.0;-1.0;-1.0;-1.0;-1.0;0.024647924273061433;-1.0;-0.018222165156109405;-1.0;0.004047471703316462;-1.0;0.011472975985732242;-0.04264095210904115;-1.0;-1.0;-1.0;0.05136758233316467;-0.0010520258744865418;0.05738320274259119;-1.0;0.0065376739173360855;-1.0;0.036341452624209986;-1.0;-1.0;-1.0;-1.0;-0.19018738085713666;0.05761556487348323;-1.0;-1.0;0.12836787215256557;-1.0;-1.0;-1.0;-0.04325673704090211;0.06997845326036978;-0.022827343913126973;-1.0;0.07627045883906158;0.10157357618139415;0.14174128255049445;0.608022500278265;0.049815018755603305;-1.0;0.08908552493533548;-1.0;-1.0;0.07086771664175527;-0.07648976547825853;0.13056251314601083;-0.10314593357327162;-1.0;-1.0;-1.0;0.10573220634886094;-1.0;-1.0;-1.0;-0.020348789587096933;-1.0;-1.0;-1.0;-1.0
Spitalareal;0.015970585335990425;-1.0;0.08463833126975362;-0.04191359148602671;-0.0008804802242894055;-0.035024013351061284;-0.12866822897074734;-1.0;-0.1518518366143859;0.014947961452590763;0.10125082428718907;-0.07109307921123058;0.016888150861086346;0.014217667782984335;-1.0;-1.0;-0.039660280565167;0.006843220387824978;-1.0;-0.0007203680220257276;-0.06172732741097036;0.13458462436399946;0.18497144834906362;-0.014966745054158714;-0.10851959233195521;-0.04873894192964473;-1.0;-0.0037831069041227273;-1.0;0.08005499728355925;-0.0677348976639679;-0.09896835363025326;-0.16368804492647293;-0.07066710948827817;-0.061594400387734206;0.1911950648718288;0.13683550119899085;0.1268049817343367;-1.0;-0.07796038973901062;-0.037192442759768095;-1.0;0.07161427654360482;-0.04738432857894572;-0.007016680730478434;-0.015424689825036827;0.06769637643045606;-0.009159542038125287;0.10692442815518728;-0.05163631521269005;0.07118995298131026;0.13175461802394872;-1.0;0.022881711382098123;-0.12027000047523137;-0.048678631336889905;-0.034102541604181004;-0.10259994544160556;-0.06849302884894094;-0.13082153723015663;0.13142349255544725;0.14179319365319037;0.09158829664834857;0.21223805316477953;0.09563369590434509;-0.01040571828393168;-0.015109103235492187;0.11475219178664395;-0.2310001646662183;0.14858295787098227;-0.02921899421938883;0.06332334504751784;0.013557743461652378;0.1651262787724121;0.0772805168173476;-0.009848176730472611;0.010538478211186619;-0.07305036048112737;0.020697030620349364;0.06526954497411724;-1.0;0.19004864356506915;0.12294479462896937;0.032487151326735526;0.11852000818460849;0.11088422838094415;-0.13992808260106537;-0.10022843648105685;0.053556569259602796;0.2194550182443875;0.1449079384895177;0.021459973398274487;-0.11059795637003596;-0.05243516669557248;-0.05061384073865103;0.03756217425136173;-0.07798981359688442;-0.1314314684141483;-1.0;-0.0010297989047924545;0.048220526806544636;-0.055910892642402545;-0.007488196947964769;0.0519062971363786;-0.07806586916785152;0.06292568102129;0.06860915037845794;-0.017065444077803867;-1.0;0.12772976392562652
Sportplatzareal;-0.08563949863208457;-1.0;0.13644110902322495;-1.0;-1.0;-0.005266118648408269;-1.0;-1.0;-1.0;0.12257741947176082;0.12900485960200828;-1.0;-1.0;-1.0;-1.0;-1.0;-0.008685651207690562;-1.0;-1.0;0.16384522367920687;-0.0556765857467527;0.1528323137708463;0.08874166193383107;0.0606992227762095;-0.03886936184534209;-0.009835623625339757;-1.0;0.10517088756036548;-1.0;0.03420594180282448;-1.0;-0.16566058503888922;-1.0;-0.05696431481331108;-1.0;0.094609866380601;0.09452765277175255;0.0004889871350593223;-1.0;-1.0;-0.04222986530317835;-1.0;-0.047043757993105416;0.006315990039622202;-0.17607445936982646;-0.000848943855418224;-1.0;0.04217026350695365;0.1565473849629484;-1.0;-1.0;0.07425822142958148;-1.0;-0.035084590307885424;-0.05932603712935019;-0.014582766806793206;-1.0;-0.04026965498282516;-1.0;-1.0;0.1469814993387841;-1.0;-0.06974406228572608;0.16973264738510654;0.06076012216299039;0.11145518269788977;-0.010264437974659271;0.14263102203059422;-1.0;-1.0;-1.0;0.18707777884766566;0.05779184622915236;0.15044568771640376;0.038746598855327684;-1.0;0.043625035996446536;-1.0;-0.0033419370085593235;-1.0;-1.0;0.13719001857787813;0.170320747726819;0.0044254375910502495;-1.0;0.07237311190880946;-0.005231716416123477;-0.0448808085913822;-1.0;0.13387607745838498;0.2979825777179765;0.1522469703368407;-1.0;-1.0;-0.13766049769441474;-0.019472101617822056;-1.0;-0.07260329247372137;-1.0;-1.0;0.043737193095601354;-0.030910620506749042;-1.0;0.0463055738182131;-1.0;-0.020098211462675056;0.07555443680332125;-1.0;-1.0;0.12414770433486089
Standplatzareal;0.09147448050093293;-1.0;0.07161891559171445;0.014566103133708217;-1.0;-0.011569157961627115;0.004309838932860932;-1.0;-0.09967424559471491;0.3471977366147767;0.020564943930578814;0.01524237722091447;0.022963822935334655;-0.010273247593175914;-0.03311370549580989;-0.09120511577962855;0.01705427504028573;0.11307753832441095;-1.0;0.1262894541985915;-0.022838335805735098;0.047793620921312334;0.015643294735931054;0.008230133422364817;-0.022649437258564043;-0.030355719464340108;-0.21702438617242067;-0.07462992588216505;-1.0;0.059537261347472475;0.013439211069578794;-0.05484313202056257;-0.10578215930735557;0.0026843475408911952;0.026631172892281306;0.025106997173156172;0.05380424994412353;0.16506695883788516;-1.0;-0.02987838042686967;-0.03210676693524731;0.0643699259132977;0.0247470034124171;-0.056688168642955276;-0.041661972044332314;0.0032069778521922796;0.18059117853596138;0.016537137189494115;-1.0;-0.04386333936741044;-1.0;0.031078521378241394;-1.0;0.03615454943868811;-0.03745373660577959;-0.011877878597327174;0.03182449139314234;-0.02941719951408082;-0.01828961940027704;-0.0857517120265403;-0.004379913216810808;0.032570303958458446;-0.040661878843300525;0.015460917318857821;0.045241040337317226;0.0504507283297166;-0.0018219778799779785;0.009304590913594854;-0.10622076204078525;0.07301461795542075;0.09119333896430508;-1.0;0.03684714099999332;0.018983860609614916;0.049459116749779236;-0.018959917901938433;0.0924912653181064;0.10004626281048118;-0.001345419468717885;-0.0075591513149267505;-1.0;0.015157658294546404;0.17501476565668703;0.11621634153709194;0.1559497018214375;0.1276207050765916;-0.026648189152049792;0.03072115617161802;0.09469167214922729;0.030440911043812576;0.18851340456741525;0.2793103352251961;-0.03346104491308448;-0.04624384411910956;0.014592749482608918;0.0486532241234237;0.06282901381178603;-0.09517683580316784;0.011973051498081479;0.015404777130729939;0.07245190468860851;-0.0010760049358414972;-0.045756476497667065;-0.016154987504885608;0.031190090025461557;0.0449601349143918;0.04241839098517735;-1.0;-1.0;0.004498310844642954
Staudamm;-0.013689842610150653;-1.0;0.010379293010033472;0.08544640038060408;-1.0;-0.012978943089332083;-1.0;-1.0;-1.0;-0.002719743513926346;-1.0;-0.007949147045177563;-1.0;-1.0;0.07463330281286912;0.15339922804138756;0.0636335430042756;-1.0;-1.0;0.05539164489120407;-0.033109347431960236;-0.008581330167998684;-1.0;0.07118554320266571;0.06574042418368929;-0.03422955214491188;0.00021724925958561164;-1.0;0.036571796516602105;0.04164405161572903;0.1162221749849479;-0.0013255080795750254;0.04505569516329788;0.053257198261170514;0.044849382298750205;-0.060854352213322215;0.0048870855285594195;-1.0;-0.0014203834253411493;0.035915749082591805;0.01596675724321435;-1.0;-0.06273679475077443;-0.07003594796994435;-0.03941469098600082;-0.004302493650535203;-0.06031609312588328;0.0008893871109507325;-1.0;-1.0;-1.0;-1.0;-1.0;0.15515957461503224;-0.05152888456797762;-0.0030578481190343316;0.03450613815143518;0.05235806639534629;0.15454993618542698;0.07836528784398905;-0.014851277794090716;-1.0;-0.03308545637582435;-1.0;-0.08863411671767814;-0.03309100122725106;-0.0448304063841785;-0.006861962803297854;0.013731353768197532;-1.0;-1.0;0.0272987807283071;-1.0;-0.05895116725244187;-0.009007421621623293;0.040904087573290365;-1.0;-1.0;-1.0;0.08128509825257685;-1.0;-0.05093846454052715;0.03283745190143686;0.17142906721766815;-1.0;-1.0;0.1397310042978948;0.1293655778867424;-1.0;-0.10550337107303827;-1.0;-0.02790709845908233;0.29901317896290397;0.19038543183406906;0.03019829353533329;0.04087874714617469;-0.031015691153317752;-0.0007689418603381049;-1.0;-0.11145679038619467;0.06272420078283168;0.17758962319096216;-1.0;-0.006565892901913989;0.05183612919196345;0.12680900662526295;-0.041546087596768026;-1.0;-1.0;-1.0
Staumauer;-0.07568134098946526;-1.0;-0.0022031336204346046;0.030332239459338713;-1.0;0.011358865248465645;-1.0;-1.0;-1.0;-0.027662767309269372;-1.0;0.002802657601912226;0.006171080021997187;0.012961182236853793;0.014965552279981571;0.03401287502939039;0.08129909648423007;-1.0;-1.0;-1.0;-0.047508073457123344;0.006707496653372335;-1.0;0.06027150199354668;0.07117693669054884;-0.03231493723819807;0.09325895780893106;-1.0;-0.003956607406559201;-0.10061953850173289;-0.025232050278234292;0.015336237084429882;0.044614090657480655;0.058960918287370156;0.019210919078525273;-0.02790005646554133;-0.03805965580776635;-0.016678303597773225;0.010649486097430003;0.05587311701416442;0.038817811786747036;-1.0;-0.06584712958016954;-0.10700773018781878;-1.0;-0.015018713720194985;-1.0;0.04069479464139023;0.11699321601971172;-0.029297136231852657;-1.0;0.052169113882072696;-1.0;0.1593014254677069;-0.011833819824475351;0.01668401520033566;-1.0;0.10772920371821336;0.16939344117858743;0.05356443661188591;-0.028768048346695173;-1.0;0.09336054926864143;-0.07391418265963932;-0.05671134147980345;-0.032970156628636615;-0.05961738439585164;-0.02448137261551748;0.07877998354085286;-1.0;-1.0;-1.0;-1.0;-0.06182922304399406;-0.08448352442002931;0.039930948601339306;0.012066690031737526;-1.0;-0.04804788047571386;0.11686669913618057;-1.0;-0.12003339439285456;-0.08447349354876452;0.20847076883951443;-1.0;-1.0;-0.03037958072332763;-0.07548401202192467;-1.0;-0.0809320925692371;-1.0;-0.08578436942221192;0.161267317978293;0.27078656113381466;0.04496954943965426;0.06519698378317845;0.04753134668383033;0.07411677492459956;-1.0;0.03371291826545404;0.014016255596579876;0.038400080754439674;-1.0;0.03368124643405546;0.08155739933016452;-0.06971780681414927;-0.014044999678753079;-1.0;-1.0;0.06633057210227711
Steinbruchareal;0.03165067143627406;-1.0;0.047722238613415374;-1.0;-1.0;0.0054462348049348006;-0.06845303328785426;-1.0;0.1399173243188353;0.00878823481583921;-1.0;0.15776766696798059;0.08648154626414739;0.08584186814372026;0.01816304444722742;-0.07883572570284798;0.023849880411969594;0.10464111183093923;-1.0;0.09966620455183664;-0.0007358295290789353;0.04448278768444279;-0.07248238278374411;0.018346427588369546;0.024293886920836078;0.0038926604599354123;-0.06866056928865145;-1.0;-1.0;0.019259761281184083;0.026306233598274827;0.02631096683868632;-0.03687619891929431;0.02125716636377565;0.052817129878240325;-0.02420011702831651;-0.009125377086538567;-0.05805981129054242;-0.12294609385561736;0.0351450159089621;0.013540872559337783;0.1279712712794602;0.01614492830978327;-0.019256824742034037;0.003147171197489871;0.005082184479063528;0.025328835249426154;0.02585733545589353;0.10337503394933571;0.024265015697714467;-1.0;0.020442985885565288;-1.0;0.049474693635365795;-0.17377150443358358;-0.0024151333656634404;-1.0;0.020191211067668406;-0.005973887770436263;-0.07445030735596132;-0.031714462157911585;-1.0;0.021021025193726825;-0.06347192475531611;-0.06184969506356001;0.039496458028930786;-0.011027170820142844;-0.01412320270961506;-0.10116033232800609;-1.0;-1.0;-1.0;-0.01669316299604605;-0.022568759850635216;-0.022018153377741493;0.028708732361765656;-0.03393143908525037;0.025477922546339755;0.03129874173186677;0.038587084461122564;-1.0;-0.056878267797797186;-0.015148361264746833;-0.0068783937864477195;-1.0;0.07356335202765538;0.0074214067727301;-0.06732335025422562;-0.03108342826081086;-0.062241942347919264;-1.0;0.027663765230167153;0.01308238613952043;0.06263536238772992;0.1612874527658524;0.06852940960616581;0.04211682465237388;-0.013503608718909576;0.13369154150507265;0.08410227460832512;0.0022368612451431685;0.009966639053916598;-1.0;-0.1111333475637713;0.006677510929704402;-0.006131036237798179;-0.10078643294865525;-0.008383714331526805;-1.0;-0.0162680516410651
Strasse;0.06957061038404753;-0.0390621110950302;0.1733467859813379;0.15471093252439164;0.04203940575358798;-0.013433475820267401;0.014280106000005179;-0.015342082360092815;0.013788644210858859;0.043353851409534815;0.054888960661475326;0.02513402986216807;0.1286148131336169;0.047831705700972706;0.04537558372866725;0.026428155841751604;0.0308893273857132;0.018725917143014352;-0.12987374897278903;0.04584398203250213;-0.04276241729210595;0.07134643496876324;0.024980897926569972;0.02627275795607352;0.01733469204146962;-0.028510006206692376;-0.021901772802734008;0.024862832979063894;0.008061026554806571;0.005676218357988058;0.059812838175005205;-0.008696927434156699;0.004924107594525235;0.043266181603442054;0.016347987533474856;0.0693786145905057;0.02516085821790632;0.08606470485756187;-0.011101952034169124;-0.007638795512438514;-0.0008186146377397751;-0.011527166594093778;0.027530580324589708;-0.05208069813315967;-0.05456676202413326;-0.010630982329125873;0.04619172421748276;0.044667481569355634;0.09610569881848333;0.002329308247287914;-0.00028153631225768535;0.035664902904550516;-1.0;0.07975341108743754;-0.09841149548920486;-0.013002754903573527;-0.04572696822508772;0.02950254853313236;0.04970318456207913;-0.005238479857304944;0.059273667081974415;0.08946663253520264;0.13051370291468367;0.05307401459066083;0.029902127178347653;0.021209900709859394;-0.02293689914090449;0.012433557133456358;-0.01037675652391842;0.09350004273410757;0.017447669523267133;0.04533324775165869;0.03015620775579949;0.04822691137724491;0.003020469007026616;0.06630919827933138;0.12012562157780632;0.050118680874877655;0.022853766986480447;0.03677713674692153;0.04799483381495174;0.023983187303517027;0.03393508658085131;0.06127169065424359;0.1612893689649957;0.0853222571446665;0.03388138960947079;0.019169294551496296;-0.05923443742264565;0.04406889637464005;0.012876520538052215;0.047346751828982035;0.04531947953782553;0.06952862122989147;0.055429346771145235;0.33626726826549813;0.004332307602391047;-0.020229425729069637;-0.016304179777855487;0.0797132045437829;0.02950055727831932;0.052351972523453055;0.08015141035066989;0.1424439841499297;0.0049721893413895955;0.06680387323231968;0.021858350871719265;-0.07722230283469286;-1.0;0.03803354328836518
Strassenpass;-0.05829813815925965;-1.0;-0.12581784876682203;0.12580406511355557;-1.0;0.03953934562989333;0.08261564269492819;-1.0;0.1612570215810041;0.00237466141492656;-1.0;-0.024797534050930773;-1.0;-1.0;0.07402470377052664;0.017384423847692437;0.024311517525718574;-1.0;-1.0;-1.0;-0.04769380788001691;0.10875912749781971;-0.0004948869499740085;0.11435168720417785;0.054978170338453536;0.00040723230368700793;0.033801966375956505;-1.0;-0.15275866593332366;0.012114004636315942;0.017888589336091693;-0.0006085233132284544;0.033998597529879306;0.03737638554542033;0.0663709944024157;-0.05641609343797266;0.003487184942038119;-1.0;0.06345430770394547;0.09787471605170649;0.06202674988328745;-1.0;-0.06912745535852909;-0.0003658360814913409;0.017306478635344503;0.028739574336644137;-1.0;0.03806970433148799;-1.0;-1.0;-1.0;-1.0;-1.0;-0.08065783818848002;0.1013683671029859;0.04859876627239801;0.045219033412640254;0.06135036260349769;0.014418693205625867;-0.03817831478750645;-1.0;-1.0;0.004546285523337784;-0.08393275231900407;-0.09860096554429144;0.038816025938762946;-0.026522760234002588;-0.05396811412654586;0.23237241420007634;-1.0;-1.0;-1.0;0.015531643217046339;-0.094407449228179;-0.083095568343878;-0.015307129132457235;-1.0;0.16952998454619503;-1.0;0.009627486740763426;-1.0;-0.13475849599849013;-0.10779108839689695;0.10599434091599028;-1.0;-0.055126045753357514;0.037249445567874635;0.13386146830949583;0.10472315157743997;-0.06053583752870166;-1.0;0.04161509627759716;-0.07284758678326739;0.07531322821253031;0.022385875850255373;0.04299727973800791;0.35182409989314606;0.021583060471231142;-1.0;0.09821229262652895;0.01805068969041335;0.04479312425446214;-1.0;-1.0;-0.046622333260819035;-1.0;0.16172001549098916;-1.0;-1.0;0.0782514479921571
Tal;-0.07569183039290985;0.12766121216695867;-0.11235977856658276;-0.0014653670753625623;-0.10218162101982217;0.006695494192759724;0.0034236672844300013;0.010185373612476966;-0.036901033057420686;-0.06155447986661828;-0.09646697204031429;-0.029679247267339046;-0.13322661440238284;-0.05165339679625391;0.03412686791040255;0.07868489820077669;0.00989733239390085;-0.09115101781543065;-0.1527772713683008;-0.10573885434016203;-0.030749074910514047;-0.10420185230774001;-0.10561635858086506;-0.012651292853144801;0.11041629777983543;-0.008892728612935745;0.149813983040889;-0.1448790132383419;0.1234970150930584;-0.07743837050495007;-0.03276808556919475;0.02510443756985491;0.12835759977632327;0.024795007451837145;-0.021599311977179805;-0.1486683658004054;-0.11390691905453626;-0.0984562331794388;0.2150923919558411;0.037873534958680996;0.06714676908627411;-0.04566380262385562;-0.058548098164836;-0.044052058580508466;-0.11370636356418576;-0.014692280944837138;-0.20938183823609666;0.010364507067459929;-0.2331731925484386;-0.06396271969543993;-1.0;-0.04474555362832939;0.17962123262374685;-0.04137815646244139;-0.00863325533290601;0.06797372537956443;-0.10908605518639909;0.09723477624059654;0.03823221393424682;0.06506728369143618;-0.0900892763686715;-0.18444259130595173;0.031235714418690146;-0.14932023416249;-0.0973286171549093;-0.03541302787476051;-0.13206955712596277;-0.08563055219951407;0.16382774662602384;-0.1209881925740346;-0.16807176275950578;-0.04879667604919349;-0.1294986514886151;-0.11787841962753973;-0.14324637589090697;0.07396978562499584;-0.062072704764033794;-0.021527724568637094;0.046410950330074995;0.054524121700378785;-1.0;-0.1688748360181933;-0.10544439612493504;0.05884938735857655;-0.09451924559470813;-0.12519082465426012;0.024747140031899355;-0.0005518047103420515;-0.19529858448451662;-0.10997939453466977;-0.09336486087236008;-0.0772509481927959;0.0019897819561759096;0.06447807532223408;-0.02521108280350871;-0.018559699334609152;-0.0023458063705092177;0.2262393879989537;0.011512934617525237;-0.07491980457312634;-0.040972523347340216;0.012089672481859234;-0.047355079652124175;-0.1251324831383145;0.003310666505119375;-0.0717388118814317;-0.021207529345902483;-0.2998674392669302;0.0391984352278633;-0.10040660507111951
Transportseil;-0.014531878488491566;-1.0;-1.0;0.12572244492804255;-1.0;-0.0295281787683806;-1.0;-1.0;-1.0;0.02411668785386612;-1.0;-0.11299847215451304;-1.0;0.054287748144252655;-1.0;-1.0;0.02657343452416543;0.17884665488939278;-1.0;-1.0;-0.009253226201306369;-1.0;-1.0;0.05016161207885139;0.026994194796041506;-0.014358445848148316;0.10208302228102471;-1.0;-1.0;-0.06920000508299796;0.14947159927718445;0.02827683329443602;0.06111153328722876;0.05106665490925747;-1.0;-0.0831476239691611;-0.0633946464248601;0.03049835568341153;-1.0;0.02295581862508158;-0.006765344932565243;-1.0;-0.007146851706127464;-0.22238575544172817;-1.0;0.01745018698061916;-1.0;-1.0;-1.0;-1.0;-1.0;-1.0;-1.0;-0.010001585159298767;-1.0;-0.0011403665410241065;-1.0;0.05415808053646667;0.14617148128118573;0.11085081569719499;-1.0;-1.0;0.09120113342029781;-0.17372695731589244;-0.05859040242015969;-0.1425738612720317;-0.05544723725645521;-0.0324268770865128;0.06380619626055231;-1.0;-1.0;-1.0;-1.0;-0.04360008239972166;-0.012259868465604366;-1.0;0.028361404696548242;0.25276436517966905;-1.0;-1.0;-1.0;-0.08570552088696257;-0.026476771740564016;0.04721673658865982;-1.0;0.06729701163510571;0.17581777781188526;-0.029587213832253215;-1.0;-1.0;-1.0;0.016096029172577932;-1.0;-1.0;0.18058557431403202;0.013508915332493165;-1.0;0.00910657725717331;0.3613488933158864;-1.0;-0.06650853041534154;0.18631196024417532;-1.0;-1.0;-1.0;0.06729840102350451;-1.0;-1.0;-1.0;-1.0
Truppenuebungsplatz;0.07510159488875949;-1.0;0.1240803951081026;-1.0;-1.0;0.01572558782527297;-1.0;-1.0;-0.009234743966846027;0.017482218500289193;0.1100569751330357;0.05435474017920169;-1.0;-0.20117278407429734;-1.0;-0.04151208810036147;0.02259826778886155;0.08832623687225304;0.16472346360434703;0.1536838292488056;-0.021150134085108536;0.009124695588597038;0.07870813159625689;0.0577519167849702;-0.003196848114756779;0.012330797868604238;-0.02158832914727184;-1.0;-1.0;-0.02234914460413108;-0.05125989673350203;-0.0362422754687544;-0.04641327193880985;-0.020786573630595273;-1.0;0.008217095630514207;0.03504658044374859;-0.04028177150312746;-0.2202330576058908;0.01372311290226196;0.010035642152457828;0.1078933715271542;0.015373119967354321;0.008115351332411574;-0.05479756325496346;0.012388845777159185;-0.08794984896454106;-0.025586604022184954;0.11756535147416938;0.05884829067321346;-1.0;0.10489276693356947;-1.0;0.024215068175630874;-0.1009348875638906;0.01487204581355302;-0.15153164067807076;0.010757047066023822;-0.04557948951059991;-0.06620475906487967;0.07254128376690953;0.13971960505372097;0.05902424518957519;0.07916862356264337;0.03656094918899606;0.0922584251036351;-0.004896736306125364;-0.004754863379445944;-0.041346072196560564;-0.057063430651515916;-1.0;0.17676866368017882;0.07681997518956445;0.08334235633565537;0.0025658808972226026;0.03646179035602029;0.02390429149182001;-1.0;-0.011476306591162739;-0.19639475313820767;-1.0;0.04456084005525558;0.035857284469580385;-0.04014208794570888;-1.0;-1.0;-0.28031382064016325;-0.11759836378468135;-1.0;0.006466173109368843;-1.0;0.012613778588167193;-1.0;0.013331285659372845;0.09731155047470066;0.08073749611649902;0.09743525112368231;-0.0883093717256543;-1.0;0.3257466938535879;-0.0018912148672404322;-0.08453870384566241;-1.0;0.0923095418357812;-0.029599997810818394;0.07360427390655692;-1.0;0.07917227333167083;-1.0;0.014958125791702
Turm;0.04664971439151216;-1.0;0.007123611636764068;0.056057972644024054;0.12109745244746088;0.012403081412157036;-1.0;-1.0;0.13610039174852262;0.03258441202248424;0.12204214717312024;0.03291330950698148;-0.049469893036006025;0.0381319170177317;-0.0675017213286528;-0.08644350617715081;-0.009633050094858627;-0.002052079352355756;-1.0;0.032772513176347766;-0.013196992558932684;0.07735431788995412;0.043435372180281595;0.0356886944768155;-0.014996297614681714;0.0006395619795785681;-0.07995145558330018;-1.0;-1.0;-0.11809535127966744;-0.026542890867897604;-0.02622718701015594;-0.06429253352542745;-0.020193622089133854;0.05729156045621271;0.05395243395398866;0.02725879191928769;0.13624207444118897;-0.20937684335264686;0.06334382267790728;-0.022328770310270522;-1.0;0.12267300819762907;0.06790264715020192;0.05770871619365925;0.025118985434256922;0.16749719773180427;0.007737280058723958;-0.015776745437619602;0.02849070584694784;-1.0;0.13757334518557568;-1.0;0.01836411949264317;0.040358743315249634;0.007901130502098591;-0.0276317320195729;-0.04663256446384632;-0.046475933234919095;-0.026621099470556464;0.11086012597499263;0.11606774901614748;0.001446410066911341;0.12251859234087518;0.05027036063010685;0.05304974279724801;-0.01670700706190587;0.034388180445519195;-0.07434060949322831;-1.0;0.1275574371416753;-1.0;-1.0;0.026292275944014714;-0.0012149337415135598;-0.04095575591516457;-0.06350763352916834;0.10089021517557609;0.031458048729968525;0.0646257004475519;-1.0;0.04579816041425751;0.06383775909069983;0.06484668404855713;0.23943474288677752;0.13225079892045968;-0.050895199282812116;-0.004926136778606359;-1.0;0.05345279970893482;0.050451697222799824;0.05321103542500175;0.03182107374578563;0.028575348147785885;-0.02781509701496094;0.027775262624615105;-0.0030489874977139013;-0.030800270552641666;0.006607104202577982;-0.016650046459263327;0.26254312139878194;-0.03158461505030205;0.09475965980096233;-1.0;-0.06514198295570416;0.009945290916477048;0.05200174517024503;-1.0;-1.0;0.14676345474577807
Uebrige Bahnen;-0.11273631221088239;0.01298338158425646;-0.11714894229674172;0.22688525164378356;-0.004999771869607153;0.0021494272863658358;0.03229970681891372;0.08112930597451265;-0.049849535645679004;0.009568725231266426;-0.029868681012652054;-0.10188436917447381;-0.13017779171363292;0.010559123265692258;0.043825716317489646;0.11917485408795987;0.024093550304175846;-0.07269286411591215;-1.0;-1.0;-0.05480536101738008;-0.020552820735086262;-1.0;0.12209497449030386;0.08575755418210453;-0.03500153245472542;0.1431611836615019;-1.0;0.08212711804463473;0.03891545216740644;0.3238483950502837;0.011556219747101804;0.09204877128655617;0.08924246487425584;-0.016000241099312373;-0.04529548428470559;-0.058536024535940194;-0.11506294286235408;0.09421353910589486;0.02637724274129618;0.03343224427834569;-0.05420811936386563;-0.11899298901991417;-0.18914096835337546;-0.16156774271527216;-0.03858172265004533;-0.20150848065307417;-0.011850156119538232;-0.1483360198003907;-0.132212894533071;-1.0;-0.047932272738786336;-1.0;-0.0060913471396775365;-0.11533375845473602;0.014316732274476853;-1.0;0.1071103024392994;0.27023867334982804;0.04605414189247972;-0.16663460142451983;-1.0;0.01196482822507805;-0.05160103515770663;-0.1300035584195637;0.07473738794546718;-0.10419464504028272;-0.0717693945749683;0.10329351638940786;-1.0;-1.0;-1.0;-1.0;-0.08920619954282515;-0.06142212788630424;0.04976159093383904;-0.15102337476267755;0.1999532555306147;-0.034487459846006874;0.0376118756114587;-1.0;-0.12632298208102047;-0.044003314652131455;0.06657940703093247;-1.0;-0.1464716553549577;0.4209787255245768;0.2867152222323471;0.09169463878436364;-0.06249141036842413;-0.08673544443006011;-0.005819833221077406;0.18301235851401462;0.05289784201873619;0.00016159483394976145;0.04074298534244109;0.0360625316160299;0.021411490103747762;0.1740378498382022;-0.09360299845703328;-0.020739152109200236;0.334886692394347;-0.040347367376506224;-0.18411229828200548;-0.009254004144476705;-0.09158206191403138;-0.07691671659495951;-1.0;-1.0;-0.023167783627640375
Verladestation;0.0478551647317179;-1.0;-1.0;0.15257611465381865;0.490782328353815;-0.001458760376737738;-1.0;-1.0;0.1069617735459933;0.010288271971493842;-1.0;-1.0;-1.0;-1.0;-1.0;-1.0;0.017087226535538104;-1.0;-1.0;-1.0;-0.019779113046800762;-0.013078784203640422;-1.0;-0.00534211166402947;-0.0614166271518535;-0.03373916112490164;-1.0;-1.0;-1.0;0.07263806292735454;-0.0008773758036597092;0.00883504332642205;-0.016563239983594553;0.01973863805617042;0.1730904557323343;0.0686768024639731;0.03610695797343279;0.2478729013690179;-1.0;-0.05169358855795221;-0.0259183740640122;-1.0;-0.06027646355183258;-1.0;-0.03118988203312875;-0.03612897881725692;0.1514609730638778;-1.0;0.10670123538868814;-1.0;-1.0;0.010027044778609733;-1.0;0.024284102168760157;-1.0;-0.021861308975369635;-1.0;-0.03478099191796614;-0.0489761208323382;0.048817649838362155;0.08652036255895766;-1.0;0.2186114917694145;0.012178848526188484;0.1633140205682084;-0.06246228830369117;-0.04427386274153106;-0.05542694436028376;-1.0;-1.0;-1.0;-1.0;-1.0;-0.07891235596728419;0.006567261091476567;-1.0;-1.0;-1.0;-1.0;0.32144592431439484;-1.0;0.04243703377458399;0.11033903153030364;0.1097148038058398;-1.0;0.11879370007390617;-1.0;0.0007086549712065047;-1.0;-0.01996216700808806;-1.0;-0.023111334886679793;-1.0;-1.0;-1.0;0.1476981407936172;-1.0;-0.04623819311577248;-1.0;-1.0;0.07249488221421972;-0.03047700145882957;0.31100342895139027;-1.0;-1.0;-1.0;0.18409266386927142;-1.0;-1.0;-1.0
Verzweigung;0.07611729837039692;-1.0;0.2416642902499312;-1.0;-1.0;0.009150340958720575;-1.0;-1.0;-0.038852658232325414;-0.04080938330139858;0.10350396320798949;0.016214156568125214;-1.0;-1.0;-1.0;-1.0;-0.001990997345375515;-1.0;0.0483426861220699;0.08967496849785297;-0.04431145078751466;0.02499362706741879;0.16821648376197323;-0.008459731258686229;-0.03975140810187281;0.014191635953431278;-1.0;0.2658951614000815;-1.0;0.0763730910479655;-1.0;-0.12761389156780983;-0.1406188463810002;-0.06335559085921379;-1.0;0.10894169555626379;0.07609500256604378;0.00668766848260016;-1.0;-0.12505744638102603;-0.009561975428471755;-1.0;0.0011158403618784498;-0.04644592840780804;-0.06883057859181371;0.007112142295438843;0.006544403102249502;0.0033370215023754072;0.20758502381102348;-0.002876265495493077;-1.0;0.002369813065446409;-1.0;0.031393372483256285;-0.16598297472040902;0.006601750382968863;-1.0;-0.042562137355338946;-0.14334703240477129;-1.0;0.09925668590707576;0.07212317643888427;0.05258386937410614;0.02969499308525362;0.040133109287312806;0.03119608648396937;0.009630377936023974;0.09866638836725428;-0.22102967393448672;0.08379777252400306;0.09204869567307745;0.14550534201796425;0.17410468752363206;0.1277029763797589;0.04715697486821256;-1.0;0.009494776589612893;-1.0;0.013319611212230255;0.04533262033405025;-1.0;0.07608572459894791;0.01642599143111993;0.00752275367359186;-1.0;-0.023849276111123915;-1.0;-0.1666851195156891;-1.0;0.06401998455502134;0.0784892654397078;-0.008361575712458684;-0.0282528806827939;0.03297232508202421;-0.11277171306693456;0.1448741668610735;-1.0;-0.12864144150965157;-1.0;0.08544879915508402;-1.0;-0.18702810406309645;-1.0;0.44210953508857476;-1.0;0.09759030921844519;0.08546563426265757;-1.0;-1.0;0.06060393155885778
Wasserfall;-0.02772391075019636;-1.0;-0.06379273823003742;0.08146132160366039;-1.0;-0.03042703835234374;-0.021923672896386144;-1.0;-1.0;0.04853928027643519;-1.0;-0.05421520798299306;-1.0;0.024834881399773138;0.035990758215116415;0.03153369762528585;0.12881862423632237;-0.011052092497866652;-1.0;-1.0;-0.014754157504879717;-1.0;-1.0;0.06813874645953483;0.04961443858053288;-0.05496154101306066;-0.0225050596627094;-1.0;-1.0;0.004943089578514528;-0.09400983298506922;0.010375303325034752;0.04581474133189009;0.06061768801895035;-0.04758526686481163;-0.01627160361910992;-0.03958295740795312;0.032544576214559494;-0.0800974561781219;0.050276417015914524;0.029660182414767207;0.02823682006878365;-0.009637272315681867;-0.13132142432518437;-0.14442270922968806;-0.017897663155386354;0.04144022976204515;0.04645277781775458;-1.0;-0.12327123395813355;-1.0;-0.00652687325351287;-1.0;0.09207012354084829;-0.24778502497850272;0.003448948158019583;-1.0;0.06530260837225797;0.071154691128516;0.05905187503647471;-0.05479874338948667;-1.0;-0.07600495045220548;-0.18167275452911988;-0.03154767927783527;0.05524832347632704;-0.05240749426682927;-0.0774527959940404;-0.1410461553518826;-1.0;0.1160286524993619;-1.0;-1.0;-0.09297909733046224;-0.06334494712028964;0.08047348583708185;-1.0;-1.0;-0.07598808704820473;0.08359558492421341;-1.0;-0.1462161625507106;-0.024760636664668403;0.019657569542771543;-1.0;-1.0;-0.11218818202987182;-0.02300049971416214;-1.0;-0.08726406229062365;-1.0;0.08098980733225594;0.07082368269556201;0.09100964951719626;0.08718339828886992;0.018853959998568048;-0.04424249244679135;0.023894321938543586;-1.0;-0.014837495088596555;-0.0727583354626425;0.013824688199299443;-1.0;-1.0;0.386496207555288;-1.0;-1.0;-1.0;-1.0;-1.0
Wehr;0.08564764063504542;-1.0;0.06851549470437732;-0.014791911901011893;-1.0;-0.011475979769546075;-1.0;0.1804428864856246;-1.0;0.03974067932391286;0.03210866853068952;0.011493258987622644;0.005663252631119923;0.0526402001829813;-0.039881724923876156;-0.04574738755445158;0.04760686446380195;0.03917122933197519;-1.0;0.04936754884150649;-0.010685932909137925;0.1002575785438888;0.011793837957281608;-0.0041954764547226815;-0.05352344656128857;-0.029558017594518846;-0.2211471084986446;0.023981166723980728;-1.0;0.06788283747572316;-0.0636005698651614;-0.036680426986363986;-0.09068544256269002;-0.05622121548832637;-1.0;0.08878304345007086;0.04841113460461695;0.09824418899488745;-1.0;-0.008659904007513354;-0.021493406091430547;0.07227430372729673;0.07288161332578538;-0.031583231569106154;-0.023617469321347388;0.014071200261505873;0.0024852518261655257;-0.014910700595351089;0.11509211323750765;0.031144423576333787;0.11549556687954943;0.037834066300714765;-1.0;0.22725645921846385;-0.14117179015386003;-0.004304597550061385;0.020391123012730234;-0.10310396813140946;-0.01656248377300114;-1.0;0.06456875432587918;0.07353226221925617;0.0720701074134903;0.09550673845736;0.07655090816195748;-0.00025624347896235406;-0.013386445155363262;0.05078007236995796;-1.0;-1.0;0.11563300689486943;0.07423368067407167;-1.0;0.058818260365716434;0.035430766844417635;-0.01111446084241028;0.018059928777706322;0.02022714842597108;-0.07437426116231843;0.01217788380088077;-1.0;0.056790439436801725;0.06994317671544738;-0.02402832221465029;-1.0;-0.07913181755126374;-0.17753811886731014;-0.06882856440145953;-0.004629585165090729;0.06521560362394523;0.0018941871392104623;0.049273648971280525;0.16643995909606;-0.06510221389386081;0.007870731978819946;0.05984984977180182;-1.0;-0.07168417002689084;0.041798077936630325;0.07329231120858881;-0.0012615193694904573;-0.08623278607231398;-1.0;0.10713648483200963;-1.0;0.21900620058142506;0.06146886931835577;0.14813959823248699;-1.0;0.03782662055741068
Zollamt 24h 24h;0.061574331030945055;-1.0;0.10649370244385391;-0.038608751100268957;0.20578495151013598;-0.010062731063941214;0.047473915468315704;-1.0;0.0011167736226748869;0.02512637621388894;0.11932955203779877;0.010718737513285411;-0.03897474919537773;-1.0;-1.0;-1.0;-0.0195319017063107;-1.0;0.0997061303854697;-1.0;-0.0457992333504171;0.019268397578889096;0.03550517244295227;-0.044652234568314284;-0.050148182192036955;-0.05016680701555899;-0.0656417062810984;0.1378784133530771;-1.0;0.009873333985899346;-0.11847609583701756;-0.06158316500407483;-0.15183722492253895;-0.060295691265400034;-0.007885706677521072;0.09757817657756598;0.0354377322062711;0.09308930928938632;-0.10518164831606497;-0.09293469306556672;-0.02385356393354173;-1.0;-0.010882341596071307;-0.016798696914760578;-0.02928995177657186;0.02999298491498055;-0.01202735881213217;-0.03351541755872665;0.18977959766793115;-0.02158207473442486;-1.0;-0.030194494926155797;-1.0;0.062461967375413964;0.3181380829408062;0.00717464023764291;-1.0;-0.05471912882443749;-0.1065500949240117;-1.0;-0.03806583885317495;-1.0;-1.0;0.10762888571167187;0.029297001863279958;-0.0313279280002633;-0.04893917463342298;0.05594856504165218;-0.07274764234223136;0.05816918749547466;-1.0;-1.0;-1.0;0.05956220453062172;-0.02052742089693705;-1.0;0.020162917107569137;-1.0;0.024145750495372202;-0.08628129717294682;-1.0;0.028061386820453622;0.06511968216758877;0.041699400319115544;-1.0;0.04883438831961972;-0.06813300291197888;-0.13662634145314406;-1.0;0.08349630463262646;0.06315308811489548;0.02203416004300356;-0.005267453385069943;-0.0001886977054437494;-0.10746155799887656;0.0461887819578255;0.10294879647540418;-0.03951465202399631;-1.0;-1.0;0.044678861729834325;-0.0964492351301357;0.15061344851781208;0.09725099299612885;-1.0;0.06203598571866412;0.3967541633827833;0.20181713855979866;0.26449544986833723;-0.0045596718054955465
Zollamt 24h eingeschraenkt;0.011350825077503682;-1.0;-1.0;-1.0;-1.0;-0.07752472972541026;-1.0;-1.0;-1.0;-0.028665424765393882;-1.0;0.10365867690492313;-1.0;-1.0;-1.0;-1.0;-0.010883818095652175;-1.0;0.17158366160313132;-1.0;-0.037825429311337776;-1.0;-1.0;0.004003148282088064;-0.03432523299192611;-0.021151896309202726;-1.0;-1.0;-1.0;-0.04171323189268221;-1.0;-0.11163941646441249;-1.0;-0.032709655375143205;-1.0;-0.06144792228833643;0.055433781167346624;0.04255733188297241;-1.0;-1.0;0.04344030893319583;-1.0;0.03850146976786048;-0.16125439512843337;-0.007239363829382239;0.08241770268948725;-1.0;-0.027374429141883143;-1.0;0.07588371139224268;-1.0;0.013175184972995245;-1.0;0.08281242350423908;0.28643854637069177;-0.07218564974542685;-1.0;-0.07244810884418078;-1.0;-1.0;-1.0;-1.0;-1.0;-0.00038312371225877504;0.0070064836171652755;-0.05900663833817542;-0.02020492762465066;0.07763805024962904;-1.0;-1.0;-1.0;-1.0;-1.0;0.07682932619772982;-0.007042667465252013;-1.0;-1.0;-1.0;-1.0;-1.0;-1.0;-5.4435298885922044e-05;-0.012831209521233063;-0.040344800552314375;-1.0;0.0503646232546402;-1.0;-1.0;-1.0;0.04901308207958541;-1.0;-1.0;-1.0;-1.0;0.048659052612241405;-0.07403902621408574;-1.0;-0.2124270954864125;-1.0;0.09892587826818929;-1.0;-1.0;-1.0;-1.0;-1.0;0.11656203483024066;0.1377595988538339;0.36236800596789975;-1.0;-0.02421316434853197
Zollamt eingeschraenkt;0.058931245312140036;-1.0;0.060796243192956415;-1.0;-1.0;-0.07409941733516878;-1.0;-1.0;-1.0;-1.0;-1.0;-1.0;-1.0;-1.0;-1.0;-1.0;-0.04795424402615966;-1.0;-1.0;-1.0;-0.0066418469988068765;-1.0;-1.0;-1.0;-0.05878992090974338;-0.026064217671570085;-1.0;-1.0;-1.0;-1.0;-1.0;-1.0;-1.0;-1.0;-1.0;-1.0;0.03648658883708927;-1.0;-1.0;-1.0;0.02417608091567729;-1.0;-1.0;-1.0;-1.0;0.04361901434994095;-1.0;-1.0;-1.0;-1.0;-1.0;-1.0;-1.0;-1.0;0.2160267335417329;-0.003707170460252302;-1.0;-1.0;-1.0;-1.0;-1.0;-1.0;-1.0;-1.0;-1.0;-1.0;-0.04502489474667415;0.11006102243208676;-1.0;-1.0;-1.0;-1.0;-1.0;-0.010099044889306902;0.01703122934390395;-1.0;-1.0;-1.0;0.15829212701020695;-1.0;-1.0;-0.009376145015091491;0.03587647031947287;-1.0;-1.0;-1.0;-1.0;-1.0;-1.0;-1.0;-1.0;-1.0;-1.0;-1.0;-1.0;-1.0;-1.0;0.029702307013850775;-1.0;-1.0;-1.0;-1.0;-1.0;-1.0;-1.0;-1.0;0.2240457528108382;-1.0;0.4187319583385912;-1.0
Zooareal;-0.02800178084031037;-1.0;0.05279722120941046;0.03784922210153391;-1.0;-0.009512908506208036;-0.07351233972143005;-1.0;-0.038562576299341164;0.022634509402515428;0.017302124194425995;-0.12180570659675234;-1.0;-0.0075085443856490975;0.10578781481015558;-1.0;-0.016256600357464894;-1.0;0.1218173521983768;-1.0;-0.036121826104384996;0.13517513404345466;0.07909840829451391;0.046414750950827546;-0.06098818996222001;-0.02140731243669981;-0.05718689018757581;-1.0;-1.0;-0.0222678596069374;-0.012954876483211912;-0.057278808762912706;-0.07164677904932615;-0.04076378180643937;0.14360305510644442;0.13728710083666582;0.0900403122580488;0.11196068924355207;-0.16917174282918782;0.0018389873646554888;-0.05175737217981226;-1.0;0.07655551190693409;0.0035451479504073507;0.02101264123618807;-0.003268328995924463;0.13354945708463034;0.0051652290742669965;0.060443942538609664;-0.08433175338084609;-1.0;0.07532799363931163;-1.0;0.03631467774948744;-0.08664517701735264;-0.030875432083480116;-1.0;-0.04063795373863437;0.010381063046092145;-0.12188404084653251;0.13865177572167475;0.15475657695597825;0.041483410053021474;0.19541615536000673;0.08774692167183251;0.042217412814257914;-0.026243539285401123;0.0757784984473293;-0.042795316189102414;-0.10287433867593464;-1.0;0.03655098688318466;-0.0023508290273687154;0.1146515374896684;0.03396115152557964;-1.0;-1.0;-1.0;0.0009570259293856891;0.02587034309813458;-1.0;0.13270702300850545;0.10234786163796034;0.05737625106182656;0.09925201519164381;0.10794695276559525;-0.008497408895050957;0.02810922029183443;-1.0;0.13228695698833645;0.12727183369711836;-0.020446672088601986;-1.0;0.050091790303617496;-0.048250458473327644;0.04171369698365623;0.11937103504239875;-0.1115277145399941;-1.0;0.035073195547044966;0.13450556528380883;-0.0036510429804059168;-1.0;0.09040755956770603;-1.0;0.04902769409748518;-0.04738132716548929;0.018587531588332356;-1.0;0.2654193965503645
