;Abwasserreinigungsareal;Alpiner Gipfel;Ausfahrt;Aussichtspunkt;Autofaehre;Bezirk;Bildstock;Bobbahn;Brunnen;Campingplatzareal;Denkmal;Deponieareal;Ein- und Ausfahrt;Erratischer Block;Felsblock;Felskopf;Fliessgewaesser;Flugfeldareal;Flughafenareal;Flugplatzareal;Flurname swisstopo;Freizeitanlagenareal;Friedhof;Gebaeude;Gebiet;Gemeindegebiet;Gipfel;Gleisareal;Gletscher;Golfplatzareal;Gondelbahn;Graben;Grat;Grossregion;Grotte, Hoehle;Haltestelle Bahn;Haltestelle Bus;Haltestelle Schiff;Hauptgipfel;Haupthuegel;Haupttal;Heliport;Historisches Areal;Huegel;Huegelzug;Kanton;Kantonsgebiet;Kapelle;Kehrichtverbrennungsareal;Kiesabbauareal;Kleinbahn;Klosterareal;Kommunanz;Kraftwerkareal;Landesgrenzstein;Landschaftsname;Lehmabbauareal;Lokalname swisstopo;Luftseilbahn;Massiv;Massnahmenvollzugsanstaltsareal;Messeareal;Normalspur;Oeffentliches Parkareal;Oeffentliches Parkplatzareal;Offenes Gebaeude;Ort;Ortsteil;Pass;Personenfaehre mit Seil;Personenfaehre ohne Seil;Pferderennbahnareal;Privates Fahrareal;Quartier;Quartierteil;Quelle;Rastplatzareal;Rodelbahn;Sakrales Gebaeude;Schmalspur;Schmalspur mit Normalspur;Schul- und Hochschulareal;Schwimmbadareal;See;Seeinsel;Seeteil;Sesselbahn;Skilift;Skisprungschanze;Spitalareal;Sportplatzareal;Standplatzareal;Staudamm;Staumauer;Steinbruchareal;Strasse;Strassenpass;Tal;Transportseil;Truppenuebungsplatz;Turm;Uebrige Bahnen;Verladestation;Verzweigung;Wasserfall;Wehr;Zollamt 24h 24h;Zollamt 24h eingeschraenkt;Zollamt eingeschraenkt;Zooareal
Abwasserreinigungsareal;0.5;-0.0017959153303572413;-0.006809210202868155;-0.0007645182330207334;-0.025500227032502633;0.004859093337920803;-0.00033427411292995826;-0.002596620850936073;-0.0003388368413606544;-0.6651181445151922;-0.000480779183564357;-0.5636127952148783;-0.0003063122815642592;-0.0007407720974710667;-0.0005434740139040636;-0.0021898018129159623;-0.11053813664382134;-0.4691405141306191;-0.6878168256493316;-0.6934273457119463;0.023838180223983752;-0.2947347449102597;-0.33183423906338155;0.0009758304984452014;-0.07550349830241258;0.0038110708020782087;-0.023162075057827698;-0.3350585052792335;-0.9946683824112643;-0.051529536522990714;-0.2766268636083827;-0.10712128964861821;-0.9839620815683752;-0.002477931105740671;-0.0012937623279064235;-0.025574028038044375;-0.1664823036646167;-0.003164269998516671;-0.0239015584190685;-0.01162254181318094;-0.005643663391699653;-0.022317099760505315;-0.7439722574429642;-0.023924702897692697;-0.04787173275163218;0.004716851808365177;-0.05715904494976307;-0.0023940127484320937;0.01181960153837816;-0.8039755053049212;-0.0010354516911278149;-0.2018217128565501;-0.3870655537309735;0.03322372266391382;-0.056109765665194614;-0.008537823220244187;-0.22087742391409249;-0.148872340349701;-0.3880552276651345;-0.9899086381538035;-0.280147560598875;-0.14520049189123205;-0.004989464659360946;-0.7534408774628781;-0.14959640689403148;-0.004862752372143859;0.23264962738553857;0.21048082152753397;-0.019814727553426243;-0.002150454789306318;-0.0023854449997798444;-0.29295785748184405;-0.21775929311016973;0.2490348915086369;0.1962138591357698;-0.0007041414578095662;-0.29053008156529114;-0.025213013239730037;-0.001118353253369492;-0.12767583321919515;-0.0017828008057518118;-0.23056223838789824;-0.6875122921721177;-0.039589490302946964;-0.6181525070560532;-0.06033192098414655;-0.39943957449120104;-0.4608603543314266;-0.0022321052096672023;-0.6984191448453789;-0.24875002301435012;-0.5249423067126161;-0.1047890297072938;-0.090412219336274;-0.6825473893428277;0.03657253998300158;-0.0010923966549852477;-0.10886482305704019;-0.016297631483036774;0.040972468317265816;-0.0014722520495631206;-0.010177978001538444;-0.000132120694281328;-0.001150073076977794;-0.0012580232523520243;-0.0021348798158430837;-0.0012593367436151998;-0.0003304853661758034;-2.6668636167145116e-05;-0.3781569507317793
Alpiner Gipfel;-0.9982040846696427;0.5;-0.7921273070241089;-0.2983731241881015;-0.9356681477785356;-0.0054133326326227665;-0.15672876575006228;-0.5913378096367535;-0.15852952912598786;-0.9990949634754303;-0.21095497674618033;-0.9986089167575901;-0.14552290931333844;-0.2918050285481453;-0.23209092529737074;-0.549509950057429;-0.999947022421457;-0.9979682984899537;-0.9991840778621168;-0.9992052076953127;-0.9991994568859692;-0.995713310955972;-0.9963904000518227;-0.966289477763503;-0.0020448329082003902;-0.0053323387278578155;-0.9294740670424718;-0.9964422009407943;0.09636875471437324;-0.9997768954790832;-0.9953173026159876;-0.029807092319052767;0.1129729995828841;-0.0025278033119236327;-0.4186145853901747;-0.9358464316450641;-0.991072727565257;-0.6382506053522734;-0.9315548988106106;-0.8673035369381743;0.02601797635528728;-0.9269401972076737;-0.9993812317943567;-0.9316180945084866;-0.9999934737812105;-0.004730020351596254;-0.9999805233978647;-0.5715200108434911;-0.988801404681023;-0.9995615262766744;-0.36553070283156197;-0.9929348838591914;-0.9971590704486631;-0.9965185854140018;0.41713715421335;-0.011307090105362223;-0.9936937160916415;-0.9898187087364109;-0.9971708577559888;0.15010500896886791;-0.9953982816154886;-0.9895193795101088;-0.9976851726873176;-0.9994115862782191;-0.9898760208308943;-0.7308947434294507;-0.9999971130319407;-0.9999654904518147;-0.9182742372327523;-0.5450077836937844;-0.5706397106488964;-0.9956766044912546;-0.9935785598259688;-0.9999801250245953;-0.9999858270171019;-0.28142907031940895;-0.9956257307974634;-0.9349650427128166;-0.38359046589635043;-0.9878568948978506;-0.4981644209214591;-0.9998664015381491;-0.9991829211140019;-0.9999960645936006;-0.9988898582715985;-0.999985949159758;-0.9973022671427093;-0.9978996807240615;-0.5542524294176849;-0.9992237227049058;-0.9945957620666945;-0.9983744708474547;-0.9848625845548208;-0.9822215674420685;-0.9991639170827964;0.16049209375652493;-0.3780471617025956;0.029796393660542337;-0.9020435079919278;-0.9998147531084861;-0.4504021983272304;-0.8510859894030744;-0.06841982410902325;-0.3902322351291796;-0.41180419847054783;-0.5432008043338707;-0.4120573097813828;-0.1552276132735403;-0.014606811657928624;-0.9970502022644387
Ausfahrt;-0.9931907897971318;-0.20787269297589112;0.5;-0.10039410977844268;-0.7923928520946345;4.2041046992225235e-05;-0.046505271210875505;-0.2752199344946791;-0.047110352670265865;-0.9965599850948459;-0.06556041242717213;-0.9947197321297331;-0.04278041360424853;-0.09757803086781286;-0.07348571703825736;-0.2424846503818038;0.015472269822154728;-0.9923018828525915;-0.9968979310324371;-0.9969780858674662;-0.996956269554487;-0.9838594520997905;-0.9863832715065051;-0.8826592524015656;-0.049879200238220546;0.002731552001132506;-0.7757105670032847;-0.9865767486571231;-0.999963252417219;-0.9991503625094067;-0.9823877428968225;-0.10209514477632375;-0.9998882660461026;-0.00042352451010930196;-0.15892351809465918;-0.7928803035051619;-0.9668140866249194;-0.3164754356905812;-0.7812604564449085;-0.6317027158300764;-0.0064872741241655;-0.769025079798936;-0.9976461927668391;-0.7814298607853786;0.002137359883285364;0.0034390599644759817;-0.10099489820776636;-0.25927487345467903;-0.958628400646719;-0.9983311925721857;-0.13133173028791822;-0.9736016146050953;-0.9892600065908048;-0.986862147680474;-0.89659460095682;-0.009286401256131317;-0.9763875659410115;-0.9622821293538912;-0.9893042163795464;-0.9999301142917909;-0.9826884268735321;0.19528218510067621;-0.9912360536016278;-0.997761471210677;-0.9624885748269936;-0.41614244748590906;0.07785015952870561;0.1348277334773487;-0.7467456879271226;-0.23916250855956517;-0.25858527048576946;-0.9837229015886346;-0.9759640337604039;0.1235533537344161;0.0649903178030745;-0.09319948799997431;-0.9835336940550391;-0.7904744971622454;-0.1403806078036107;0.24051681003709036;-0.20666628277446206;-0.0078976639305864;-0.9968935432476917;-0.09271493416834439;-0.9957828117105119;-0.11657757732268918;-0.9897972807982528;-0.9920434159242334;-0.24602448034921467;-0.9970483293252015;-0.9797145357481646;-0.9938338706376569;-0.9446708319155537;-0.9354769850337343;-0.9968214611036142;0.33601675485600485;-0.13756756946739268;-0.09654466953800164;-0.7073075236707905;-0.9992944587500787;-0.1769948147471656;-0.5999718597787609;-0.018909209417822277;-0.14379361415883796;-0.15521011250293434;-0.23783949377547844;-0.15534716408270308;-0.0460022504431758;-0.003874915245180707;-0.9888518200116858
Aussichtspunkt;-0.9992354817669793;-0.7016268758118985;-0.8996058902215573;0.5;-0.9715919385718738;-0.0010175449014482806;-0.30412843774876397;-0.7728642423244186;-0.30700620346034724;-0.9996149247962703;0.2281959048400752;-0.9994079560232388;-0.2859575141798996;-0.4921065004903723;-0.41544875652724594;-0.7414939376316565;-0.9999774701233922;-0.9991349906303391;-0.9996528590004539;-0.999661852975794;-0.9996594051486125;-0.9981725446546648;-0.9984617940962293;0.40712193142986663;0.001677838269334829;0.00037538924792672793;-0.9687411639651182;-0.9984839139155508;0.0051378178754612844;-0.9999051106332967;-0.998003267038694;-0.01405438345593903;0.12192047362218421;0.001461032281979057;-0.6286882968815024;-0.9716736802289279;-0.9961840179918332;-0.8057826676833831;0.46616810893500954;0.4864839904006623;-0.00283459140406228;-0.9675688648619247;0.17116171374837869;-0.9697303258403686;-0.01496737615076595;-0.0011973293370388081;-0.9999917173074745;-0.7582506226370268;-0.995206846727842;-0.9998134881123674;-0.5753268084685464;-0.9969832461029431;-0.998789893357814;-0.9985165289160063;-0.9872928247632612;-0.011195933526898027;-0.9973084406825513;-0.9956448298007323;0.24473952387148432;0.12110360765122555;-0.9980378885835927;-0.995516012160646;-0.9990142874980509;0.17046865162583166;-0.9956694892257155;-0.8646222651845477;-0.0006394323884013594;0.03272319439130242;-0.9635324640499369;-0.7379956287479138;-0.757591238385674;-0.9981568573676173;-0.9972591092405827;0.006131121408543881;0.024194225732236434;-0.47942986057376963;-0.9981351143172676;-0.9712694011551637;-0.594046955419653;-0.994799742272615;-0.7000875079407689;-0.9999431816926381;-0.9996523666209235;-0.07106222577789778;0.20106330001590442;-0.999994024705864;-0.9988509833496696;-0.9991057408874457;-0.7451526530068624;-0.9996697337641628;-0.9976946387922755;-0.9993080827135823;-0.9935061814335369;-0.9923615120112306;-0.9996442773019831;0.3022540904790512;-0.588365282565748;-0.019145024336224732;-0.9558579420076193;-0.9999212137089852;-0.6583637837241875;0.4129235095777116;-0.14727158613989458;-0.6007811144502896;-0.6221173518188702;-0.736584651461731;-0.6223629542683267;-0.3017206254450538;-0.03368309315102002;-0.9987434417153597
Autofaehre;-0.9744997729674973;-0.06433185222146438;-0.2076071479053654;-0.028408061428126196;0.5;-0.10927752518125158;-0.012617435460573406;-0.09048664397459322;-0.012787514497097878;-0.9869961903746431;-0.018050178307986088;-0.9801416879739672;-0.01157389037249081;-0.02754937205722438;-0.02035730460161566;-0.07737814363391884;-0.9992300254374505;-0.9712415033253965;-0.9882626145156271;-0.988563338821869;-0.9884814752072759;-0.9410739653649801;-0.9499475923226454;-0.6633920943802295;-0.9999836999429683;-0.09865865316140085;-0.4753780385114499;-0.9506328656478085;-0.9998597567161407;-0.996764854773373;-0.935954990719198;-0.9999518578073757;-0.9995736691599403;-0.07073726199562055;-0.047170411913157385;-0.5007414210664122;-0.8841643941684254;0.04933686849700805;-0.48341037906295586;-0.31005091807926954;-0.9999911019738601;-0.46590418160833474;-0.991075185604076;-0.48365800223531097;-0.04730704466105724;-0.03061588955531104;0.263523403257963;-0.08400377285077859;-0.85857435216593;-0.9936603136063452;-0.038101891133640466;-0.906216528308135;-0.9602113991715687;-0.9516450303111406;-0.6943503018209238;-0.24171144761157037;-0.9154967215547744;-0.8698648087429469;-0.960370393632748;-0.99973331343734;-0.9369975558084322;-0.8665144407075293;-0.9673557214892913;-0.9915095423530994;-0.870509023466526;-0.15735529567512005;-0.14879645886205733;-0.9994983138444775;-0.435835941949393;-0.07609081448665009;-0.08372765094991175;-0.9405973004138389;-0.9140771142123872;-0.9997110082162458;-0.9997939020406587;-0.026221862906167844;-0.9399374016633096;-0.4970945872604299;-0.04103055911453594;-0.8483309933682984;-0.06389130346301912;-0.9980604003488907;-0.9882461563441223;0.2290333132787861;-0.9840928387034318;0.20911331093026586;-0.9621462410365837;-0.9702970930644277;-0.07875831429670335;-0.9888269884225597;-0.9267595948745369;-0.9768669705489968;-0.8172949000487562;-0.7916046102113377;-0.9879758406634951;-0.9837366410891594;-0.04011545630896436;-0.9999894739840762;-0.38768192386062117;-0.997312438484197;-0.05334008609053515;-0.282101379519179;0.00313386079066223;-0.04214654325259891;-0.04592564682171762;-0.07558027822773757;-0.04597145071989022;-0.012476163795763948;-0.001018140435608169;-0.9587452256538878
Bezirk;6.420873016523557e-07;-1.2869748755140086e-09;3.808696970678219e-11;-1.0287560981227756e-10;-3.778609354027205e-07;0.5;2.3076598417707466e-10;3.928556208545521e-09;1.669255395242504e-10;2.2055976575096796e-07;-5.451852952638257e-10;-2.594445904261939e-07;-1.179508715995751e-10;3.613878691441419e-11;-1.025777584603899e-09;-1.3614951294097147e-09;4.492746571970024e-05;9.243783437128803e-07;-5.464066811168113e-06;2.4921086094051977e-06;2.7143429426383233e-06;4.667674228650652e-07;-2.7166246947814226e-07;1.901689382284864e-08;0.0008770586726761665;0.1364718356059412;-2.5087432534726417e-08;1.1100482970829713e-06;0.0002582824259970975;1.0251567479269448e-05;5.386482521444208e-07;0.0012663481937938783;-4.4736725969087925e-05;0.07692185173933143;-8.638495058596354e-10;-1.1304740307560392e-08;1.0860149246903684e-07;-9.297514124988523e-09;-1.435410993027305e-08;1.1079645249901584e-09;0.01587900028541511;-1.2292449488266634e-08;3.2584700731872197e-06;3.5500945976008345e-08;0.0013269540356701435;0.08326858610185958;-0.00425726183901942;4.6154142112693733e-10;-1.502147753184929e-07;4.2187490813388754e-06;1.4739702154616237e-09;-1.6079567909124343e-07;1.5000020815680614e-06;2.4293510807938516e-07;-3.858347665119034e-07;0.031800089026041;3.4844198825945003e-07;2.2568959076102488e-08;-1.5333716387676796e-06;-0.00026456088152491996;4.4926641076453257e-07;-6.078524801951136e-07;-5.303761797526871e-07;-1.3016807885426682e-05;1.200558440845987e-07;2.405074997702666e-09;0.001422644210746825;-0.00015154440901870553;-1.6583524360125268e-08;-1.0617071100912908e-08;-1.1240774712128286e-09;9.4268455377477e-07;5.5645045470315736e-08;-0.0001865763747266684;3.5863071152417466e-05;1.3921899130848075e-10;6.724216238646939e-07;-1.27430729479021e-08;1.301700848307883e-09;-5.358473241677812e-10;2.6292734575291868e-09;9.399585356941745e-06;-1.8218049545929824e-06;-0.011281586313447813;-2.3505585839523685e-05;-0.0012104699340150793;5.78068673730101e-07;4.5794133630313235e-07;1.4903324989980553e-09;-3.0038700832089944e-07;4.2989708671185133e-07;-2.7462958526649418e-08;-3.7158732229152765e-07;9.298606153319139e-08;-3.9967277848412025e-07;-1.9614137741634237e-06;6.061573715273104e-11;0.00513777597141601;-1.2394694710031267e-08;2.315950526073257e-05;-2.923557237376546e-11;1.6232936308938157e-09;-2.203385639978896e-10;1.5538233716803363e-10;3.111067947778838e-10;-2.941372487196677e-10;-6.381300229919026e-09;-3.854816396693415e-09;-3.524124370356603e-09;4.767237907671959e-07
Bildstock;-0.99966572588707;-0.8432712342499378;-0.9534947287891246;-0.695871562251236;-0.9873825645394265;0.00522257890461523;0.5;-0.8861768411782218;-0.503390425054912;-0.999831667624438;-0.5899099910001647;-0.999741162807343;-0.47816783701255394;-0.6891478377695729;-0.6192178755413962;-0.8677790611061094;-0.999990153264692;-0.9996217662405539;-0.9998482534829375;-0.999852185787935;0.2238081462579013;-0.9992004939844847;-0.9993271493889995;-0.9935578207590241;-0.015583674592719747;0.003840410978927521;-0.986093713248211;-0.9993368334290035;-0.9999982076292705;-0.9999585266907336;-0.9991263522149786;0.04078496785229713;0.06546454518230063;0.0009525947891402522;0.4638378664301109;-0.9874194584060298;-0.9983286468509587;-0.9046980752999764;-0.9865282238432445;-0.9723501770375806;0.01417431783085331;-0.9855624875317892;-0.9998849389705639;-0.9865413957121721;0.026504894958831314;0.002189701797053183;-0.999996380058878;-0.8776999574448757;-0.9978994998889796;-0.9999184770171092;-0.7560848767394016;-0.9986792944277246;-0.9994707662356852;-0.9993511118109487;-0.9944063553690435;0.007294234902377006;-0.9988218775029926;-0.9980919086354897;-0.9994729671501296;-0.9999965912030926;-0.9991415172288908;-0.9980353281020377;-0.9995689583184301;-0.9998905861451891;-0.9981027388492325;-0.9359524452576425;-0.04693847996784692;-0.9999935859417022;-0.9837279223189862;-0.8656801631063852;-0.8773136618432577;-0.9991936237167042;-0.9988002512671436;-0.9999963060156182;-0.9999973658063289;-0.6781729328900734;-0.9991841011186411;-0.9872369545087141;-0.770022076933502;-0.9977205709816844;-0.8422983860717659;-0.9999751669464172;-0.9998480382058484;-0.9999992685706106;-0.999793484547404;-0.9999973885080491;-0.9994975009148901;-0.99960897006408;-0.8699638732238029;-0.9998556313576489;-0.9989911399579678;-0.9996974819298937;-0.9971514840267214;-0.9966472058990972;-0.9998445013946267;-0.9997887847375457;-0.7658324697506218;0.002640104378904998;-0.9802162299570137;-0.9999655651765379;-0.8151347366425763;-0.9685047330173433;-0.2832397488361646;-0.7749430071278179;-0.7902213306438903;-0.8648308649976382;-0.7903944865217173;-0.49714934005929123;-0.07386500645390089;-0.9994504364736574
Bobbahn;-0.997403379149064;-0.4086621903632466;-0.7247800655053209;-0.22713575767558136;-0.9095133560254068;0.011419745536138476;-0.11382315882177814;0.5;-0.11519829478657756;-0.9986909337265699;-0.15594987748622752;-0.9979883411280225;-0.10530191367311048;-0.22164044129784505;-0.17278155551527352;-0.45740159831274263;-0.999923342789894;-0.9970627774688402;-0.9988197838921825;-0.9988503369457296;-0.9988420214047765;-0.9938089861255129;-0.9947852909527135;-0.9519447160627533;-0.999998378298573;0.0043639450672829025;-0.9010672753086384;-0.9948600077218362;-0.9999860455628707;0.20976614011986236;-0.9932382491487727;0.08187555502071378;-0.9999575684482495;0.00467756601779647;-0.3322642737879598;-0.9097571322518384;-0.9871335023613558;-0.549408416299909;-0.9038995790750323;-0.8187388202155605;-0.9999991147365022;-0.8976252127584172;-0.999104884509357;-0.9039856772743631;-0.9999905565311475;0.004249343167639674;-0.999971817429538;-0.4796504695105722;-0.9838762468029573;-0.9993656489719188;-0.2847669741293616;-0.9898088995796442;-0.9958943636050603;-0.9949701897607353;-0.9580428781011461;0.062040989656955134;-0.9909004027637103;-0.9853343266968622;-0.9959113767946968;-0.9999734612267341;-0.9933549416767563;-0.9849051675438221;-0.9966538867574232;-0.9991487840241101;-0.9854165101632314;-0.65241424606364;-0.03309837063170869;-0.9999500651483677;-0.8859100474117237;-0.4528954025662006;-0.4787535665613038;-0.9937560753838578;-0.9907347146347886;-0.9999712409900282;-0.9999794916981228;-0.21300897487502884;-0.9936827460748272;-0.9085523342516488;-0.3007277771237809;-0.9825236821199127;-0.40688905437963885;-0.9998066933864167;-0.9988181112885793;-0.9999943054420953;-0.9983944118468664;-0.9999796684373985;-0.9961010584318417;-0.9969636700945064;-0.46216467860042165;-0.9988771095234273;-0.9921988653668194;-0.9976495528122059;-0.9782432441222413;-0.974477282613667;-0.9987906325969742;-0.9983579247005366;-0.29580728517957017;-0.9999989527664688;-0.8642023183828617;-0.9997319683018498;-0.36157277558237355;-0.7979685116871956;-0.048304600567730595;-0.30664855116978557;-0.32607081256603426;-0.45109104175050485;-0.3263004612513007;-0.11267804608595396;-0.01014024275668927;-0.9957372373634551
Brunnen;-0.9996611631586393;-0.8414704708740122;-0.9528896473297341;-0.6929937965396528;-0.9872124855029021;0.0037268863084736767;-0.49660957494508795;-0.8848017052134224;0.5;-0.9998293695579064;-0.5866251908423121;-0.9997376294970751;-0.47478487768256594;-0.686235136806449;-0.6160150232383264;-0.8662152110923853;-0.9999900188158751;-0.9996166037079641;-0.9998461818110157;-0.9998501677925339;-0.9998490829598593;-0.9991895861462048;-0.9993179683590703;-0.9934704317517974;0.029721576161014528;0.0007159435625043248;-0.9859065088836281;-0.999327784448675;-0.9999981831557689;-0.9999579604260351;-0.9991144337405533;0.04910935496841025;-0.9999944753465232;0.0010251314587849361;-0.7926127245965549;-0.9872498702652578;-0.9983058643759817;-0.9035223398244152;-0.9863467878074743;-0.9719832158131743;-0.04910532788118636;-0.9853682379970646;-0.9998833680773797;-0.9863601346206158;-0.008640521353940573;0.0037425246438409234;-0.9999963306313412;-0.8762367122421335;-0.9978708801206636;-0.9999173639708158;-0.7535751044125166;-0.998661285275047;-0.9994635438021;-0.9993422575324691;0.39771167403635194;-0.022789485383785155;-0.9988058102894796;-0.9980659053968436;-0.999465774736288;-0.9999965446585591;-0.9991298054583726;-0.9980085553291999;-0.9995630753227628;0.20865178363749487;-0.9980768829190501;-0.9351346477971109;-0.04760793927300478;-0.999993498362873;-0.9835094026264517;-0.8640953761334509;-0.8758464486174347;-0.99918262222251;-0.9987838894745139;-0.9999962555770808;-0.9999973298383862;-0.6752058626498708;-0.9991729698139632;-0.987064938408138;-0.7676116345678057;-0.9976895189129897;-0.8404885593348158;-0.9999748278772895;-0.9998459635953763;-0.031600587680448815;-0.999790665316245;0.028357316840757638;-0.9994906431425462;-0.9996036329450546;-0.8684219460189672;-0.9998536603951147;-0.9989773787793828;-0.999693352527729;-0.9971127018694301;-0.9966015814628312;-0.9998423785065664;-0.9997859013610026;-0.7633916083881533;-0.051142984432490844;-0.9799515124290594;0.15240137299074602;-0.8130823513024958;-0.9680884110079183;-0.2804945901256297;-0.7725689083003586;-0.7879643027572498;-0.8632376405596733;-0.7881388221580274;-0.4937591562741216;-0.07294259526773027;-0.9994429367551958
Campingplatzareal;-0.33488185548480776;-0.0009050365245696967;-0.003440014905154077;-0.00038507520372963675;-0.01300380962535684;0.00084038883492828;-0.00016833237556199387;-0.0013090662734301238;-0.0001706304420936546;0.5;-0.00024212640864784978;-0.394042916070795;-0.00015424933030554541;-0.00037311026685936925;-0.0002737088313322073;-0.0011037483764049694;-0.03084414032759782;-0.30793696840011253;-0.5259131523018029;-0.5324555040617025;0.021429129043518562;0.0020117302297806643;-0.20003308224113578;0.002268513903887639;-0.035183302691120584;0.005797483377276596;-0.01179760029511679;-0.20236456671459593;-0.9894661099511904;-0.8023452616452863;-0.017617660460522298;-0.15940937717725503;-0.9686425765631327;-0.003047329947324992;-0.0006518180566656123;-0.013041928378556722;0.0008664080565447972;0.00019277086238043544;-0.012178779633677845;-0.005885825378947451;-0.015670486682507288;-0.011362389825144233;0.04484179168380254;-0.012190714422484017;0.010622438580562993;0.0008059008897078465;0.07307349862984257;-0.001206801412439734;-0.07406063136885656;-0.6737383781285636;-0.000521610104539007;-0.11293215991721077;-0.24124776552313043;-0.010184277407208387;0.001013662790783538;-0.012907803278935221;-0.12490845817478387;-0.00038345173706706015;-0.0037164995782088045;-0.9801547536778866;-0.16384177751882756;-0.07878735759563829;0.008757606131774193;0.06489207294801376;-0.08136401158769013;0.00024805700663121553;0.26543708348185996;0.12530091845323588;-0.010075688774872532;0.0001511562976876685;-0.001202477362032368;-0.17260900929479883;-0.12293136098508509;0.17731601017095563;0.2206449479903092;-0.00035465378382855606;-0.1709374560435192;-0.012855488551812927;-0.0005633950737943749;-0.06863468995600232;-0.000898421714215608;-0.1623288599953246;0.15112476217055795;0.06379128863266544;-0.4490591145987916;0.045268372753240235;-0.2508681224112182;-0.3008893520131607;-0.0011250946506263144;-0.0608997135402971;0.01008606307027597;0.3134598407746838;-0.05565617912449148;-0.04766139231946113;-0.519818741878035;-0.013045455740552044;-0.0005503117697140724;-0.09849440419590427;-0.00827267338625596;-0.8301944511423746;-0.000741809802449298;-0.005150561494717455;-6.652611452241482e-05;-0.0005793837631656642;-0.0006338008876055701;-0.0010760361016045104;-0.0006344630476929527;-0.00016642414101863997;-1.3427630403770698e-05;-0.23441175291831962
Denkmal;-0.9995192208164357;-0.7890450232538196;-0.9344395875728279;0.3629721811690685;-0.981949821692014;-0.008577303714353718;-0.4100900089998353;-0.8440501225137724;-0.4133748091576879;-0.9997578735913522;0.5;-0.9996277077845488;-0.38912837875110406;-0.6064812465076147;-0.5306207655566328;-0.8202245457948266;-0.9999858356401533;-0.999456005097729;-0.9997817288191073;-0.9997873846538798;0.20610992811518544;-0.9988503223921852;-0.9990323972372094;-0.9907590995756823;-0.026302586400856656;0.0017267534925761575;-0.9801171991017427;-0.9990463194655601;-0.9999974216963428;-0.9999403421833076;-0.9987437484712599;-0.05748575014714224;-0.9999921599155918;0.0008914440869919421;-0.7292292048897937;-0.9820023115510431;-0.9975975374748721;-0.8684082904291883;-0.9807348012894729;-0.9607024810076731;-0.009906826831377445;-0.9793624462615272;0.19487100440557917;-0.9807535270989639;0.05656538859116569;0.001602019482317259;0.026996125062221023;-0.8330270251300629;-0.9969812339959518;-0.9998827342729751;-0.6830318149661684;-0.9981012790622767;-0.9992388796486108;-0.9990668469501583;-0.9919732909269788;-0.027745096169026085;-0.9983061587062799;-0.9972575260147009;-0.9992420441741026;-0.999995096490275;-0.9987655466185678;-0.9971762735749582;-0.9993800684286922;0.29191644686886314;-0.997273079195724;-0.910385053061148;0.09355620318883402;0.1638875043553379;-0.9767586244844324;-0.8175294919013276;-0.8325265499552259;-0.9988404465425734;-0.9982750820138283;0.15691940625594036;0.09711674170420798;-0.5943058844612216;-0.9988267581284337;-0.9817426750183113;-0.6994841360102468;-0.9967243403344074;-0.7878202736262386;-0.9999642783131031;-0.9997814191866061;0.0030607689856475976;0.2217296822279772;-0.9999962434017037;-0.9992773197997061;-0.9994376041452959;-0.8230349014746873;-0.9997923404332643;-0.998549407572352;-0.9995648887839925;-0.9959075525822615;-0.9951841224974732;-0.9997763322082005;-0.9996961972928081;-0.6945192977756978;-0.04883389230548673;-0.9717860186038435;0.1356376059695765;0.4224534662495299;-0.9553115650789131;-0.21550755128957852;-0.7053368223952791;-0.7236554159311656;-0.8164402961630852;-0.7238643167468896;-0.4073343509239779;-0.0525318279097976;-0.9992096493371342
Deponieareal;-0.4363872047851217;-0.0013910832424098318;-0.0052802678702668065;-0.0005920439767612132;-0.019858312026032887;-0.001520186755575576;-0.0002588371926569615;-0.002011658871977543;-0.0002623705029248503;-0.605957083929205;-0.0003722922154511295;0.5;-0.00023718411775543812;-0.0005736518610984808;-0.0004208460253371104;-0.0016963314109134714;-0.043786640229250176;-0.4062637576952593;-0.6304376747009985;-0.6365344794565603;0.017250723216903872;-0.24446836362555505;-0.27773227458472066;-0.038396826982790504;-0.06373872830795362;0.005440505497244978;-0.018027905088168348;-0.2806516628456646;-0.9931246741410529;-0.16612699634015743;-0.22844839838890343;0.007674194361562374;-0.2640114625892664;0.0008275031163824895;-0.0010020110640188635;-0.019916118297541075;-0.13393521960278293;-0.0024517434041846664;-0.018606594745972743;-0.009022630791979461;-0.022544597604537194;-0.017366899423859886;-0.6922970781178164;-0.01862470981024443;0.09283571603670059;0.003371243641440476;-0.98621096735169;-0.0018546090802639581;0.0073704078263594295;0.07766265693724062;-0.000801904273007879;-0.16372287427673507;-0.32838435765071555;-0.2850696918153362;-0.04400129228851799;-0.005189266781835442;0.019979897494595434;-0.006110257325787675;-0.3293046020168415;-0.9870048059780991;-0.23155219537747332;-0.11623378575772782;-0.375151847381028;-0.7029136444223064;-0.11987572331994033;-0.0037692096722979963;-0.13616258547692248;-0.9758248892372574;-0.015410834245061605;-0.0016658364101647342;-0.0018479681861033467;-0.2428901534521408;-0.17732022395093516;-0.11698197755395488;-0.36461095451176895;-0.0005452806856483266;-0.24073602217180384;-0.019633363902140755;-0.0008661234967103985;-0.10178889102676555;-0.001380920881272379;-0.9124767177949084;-0.6301072692051917;-0.9971828600502134;-0.5562302196931233;-0.9900139887732695;-0.3399227899483809;-0.3982607930093077;-0.0017291182848922268;-0.6419743485093764;-0.2040571093379038;-0.46108251782888177;-0.08310044504703193;-0.07146172374997568;0.0046940691570904955;0.006391548859301211;-0.0008460161068684551;-0.15002514519304946;-0.012665324762582333;-0.8826072683290839;-0.0011402962261776004;-0.007898627097610942;-0.0001022998422550099;-0.0008906957135915746;-0.0009743235044842034;-0.001653765536877987;-0.0009753410765476489;-0.00025590324802853514;-2.0648788940165784e-05;-0.3201209646351303
Ein- und Ausfahrt;-0.9996936877184357;-0.8544770906866616;-0.9572195863957514;-0.7140424858201003;-0.9884261096275092;-0.0029131634641945034;-0.521832162987446;-0.8946980863268895;-0.525215122317434;-0.9998457506696944;-0.6108716212488958;-0.9997628158822445;0.5;-0.7075516571518438;-0.6395966784739381;-0.8774872217681178;-0.9999909771832071;-0.9996534039953598;-0.9998609491129079;-0.9998645524724564;-0.9998635717752129;-0.9992673436668188;-0.9993834154751216;-0.9940936865548203;-0.056796813225323844;-0.0013356397562981938;-0.9872424775493022;-0.9993922901948006;-0.9999983576057127;-0.9999619968395734;-0.9991993962002853;-0.9999994362563212;-0.9999950058115139;-0.0011116026204144776;-0.8087166724439462;-0.9884599877909094;-0.9984682831774976;-0.911970485584736;-0.9876415441362749;-0.9746050232018751;-0.043062790811670075;-0.9867545456379538;-0.9998945656914601;-0.9876536410925039;-0.0035410205278409283;0.0037205524627458683;0.048703557450529615;-0.8867747318005156;-0.9980749209644283;-0.9999252979462104;-0.7718377826784117;-0.9987896707628456;-0.9995150284146166;-0.999405375269118;-0.9948720036444806;-0.0031814740241341856;-0.9989203505162426;-0.9982512890540636;-0.9995170453457204;-0.9999968764334118;-0.9992132942953473;-0.9981994260938698;-0.9996050115012187;0.2132989523856326;-0.9982612162099458;-0.9409954105148899;0.047726560687035645;0.07663229154182655;-0.9850691596992067;-0.8755203264214915;-0.8864133902292509;-0.9992610474229425;-0.9989005299130174;0.05004482525376186;0.033752272712087;-0.6969407757802932;-0.9992523204440383;-0.9882923997109336;-0.7851306694163924;-0.9979109038349585;-0.8535617206617551;-0.9999772448058318;-0.9998607518441244;0.005588732594438904;-0.9998107614656333;0.033706324908140156;-0.9995395281835543;-0.9996416777846538;-0.8795338860283533;-0.9998677098111856;-0.999075478315348;-0.9997227881237291;-0.9973892114278976;-0.9969268889258222;-0.9998575108923367;0.24497077964828937;-0.7811380711110376;-0.10947790834582302;-0.9818415780720298;-0.9999684464207772;-0.8279418444004838;-0.9710638432617852;-0.30131084928240853;-0.7898165580005537;-0.8043401039968495;-0.8747242432845592;-0.8045044890400253;-0.5189862295601709;-0.08006997995635994;-0.9994963980645014
Erratischer Block;-0.999259227902529;-0.7081949714518547;-0.9024219691321872;-0.5078934995096277;-0.9724506279427756;0.0003689166724609602;-0.31085216223042705;-0.7783595587021549;-0.3137648631935509;-0.9996268897331406;-0.3935187534923853;-0.9994263481389015;-0.29244834284815624;0.5;-0.42313706113687655;-0.7475002651639372;-0.9999781704107084;-0.9991618554286944;-0.9996636456541461;-0.999672360252805;0.22657875524043924;-0.9982292473876122;-0.998509535327782;-0.9858290239762398;-0.000684081039447563;0.002566054507534465;-0.969683334811798;-0.9985309696252971;-0.9999960263885261;0.12440076708092322;-0.9980652119781923;-0.027667344105478518;-0.9999879171095448;0.0028524342281729745;-0.6360290824745712;-0.9725299686554547;-0.9963021926438498;-0.8106766520470564;-0.970615318356142;-0.9406968384385146;-0.015782472339194747;-0.9685452226184866;-0.9997449496330397;-0.9706435858956669;0.033872619890895087;0.003199216411451266;0.006683926454138611;-0.7639915339505782;-0.9953551416596403;-0.9998192844670751;-0.5830228490489806;-0.9970767426121367;-0.9988274633450405;-0.9985625737909384;-0.9876829405267367;-0.02352347196205724;-0.9973918849897742;-0.9957796314786576;-0.9988323364255527;-0.9999924428536832;-0.9980987614999736;-0.9956547836145445;-0.9990448974183253;-0.9997574657926068;-0.9958035308595834;-0.8682759572847666;-0.05386824377681733;-0.9999857803790945;-0.9646258972709318;-0.7440551820557215;-0.7633429211320034;-0.9982140459786543;-0.9973440788590102;-0.9999918106089815;-0.9999941601080071;-0.4873151214889433;-0.9981929763453945;-0.9721375602696481;-0.6016386452346252;-0.9949605687928207;-0.7066753231619073;-0.999944947695121;-0.9996631685690865;-0.004030922325805114;0.24262002277917852;0.08436747682202336;-0.9988866587998755;-0.9991335133140969;-0.7511025062761689;-0.9996799962390214;-0.9977661369199446;-0.999329575357778;-0.9937067603692409;-0.9925971836741831;-0.9996553305214029;-0.9995318638434135;-0.5959909629443634;-0.036478083276488035;-0.95717125776073;-0.9999236624588739;-0.6654301033043702;-0.9327536077478434;-0.15128139036672633;-0.6083299014202331;-0.6295114896006947;-0.7426654586028927;-0.6297551463687944;-0.3084147105024231;-0.03472613802432237;-0.9987824521212476
Felsblock;-0.9994565259860959;-0.7679090747026293;-0.9265142829617427;-0.5845512434727541;-0.9796426953983844;-0.014275768273576786;-0.3807821244586039;-0.8272184444847265;-0.38398497676167376;-0.9997262911686677;-0.46937923444336727;-0.9995791539746628;-0.36040332152606197;-0.5768629388631233;0.5;-0.801426349528457;-0.9999839875967574;-0.9993850718482183;-0.9997532572505753;-0.9997596506622219;0.20032896141479278;-0.9987005149067645;-0.9989062888374389;-0.9895659875640322;0.027427327307236418;0.003952761151782447;-0.9775811797490784;-0.9989220236024617;-0.9999970852971334;-0.9999325589467035;-0.9985800737286447;0.03325837045049325;-0.9999911370017461;0.0032568116131333966;-0.7043457938549451;-0.9797017556864852;-0.99728493094418;-0.8537500633353331;-0.9782758100841407;-0.95580181448516;-0.006525183859622642;-0.9767324447439246;-0.999812904260152;-0.9782968731451356;0.0022070159175850415;0.002869315710803776;-0.9999941133603019;-0.8152660138227072;-0.9965887087624332;-0.9998674362364788;-0.6559062009550527;-0.9978540779936766;-0.9991396590825927;-0.9989452236671453;-0.9909355114395253;-0.005715150136671486;-0.9980855804672356;0.3221363113162686;-0.999143235785729;0.018989931831112396;-0.9986047079495217;-0.996809027850413;-0.999299240494471;-0.9998220862563276;-0.9969183848231453;-0.8998635142130523;-0.9999991274482096;-0.9999895696689889;-0.9738056731087851;-0.7985187114478549;-0.8147241431452824;-0.9986893538839136;-0.9980504647566714;-0.9999939929536514;-0.9999957163506018;-0.5644293339921747;-0.9986738842038992;-0.9794096269733721;-0.6730926164069482;-0.996298535652023;-0.7665979132263476;-0.9999596177693534;-0.9997529072392015;-0.9999988105693097;-0.9996642134248035;-0.999995753267421;-0.9991831062414402;-0.9993642730624281;-0.8044605131173789;-0.9997652527320801;-0.9983604540710929;-0.9995081462424572;-0.9953760657985465;-0.9945591970106934;-0.9997471568769508;-0.9996565727163513;-0.6678987741146551;0.014323726572043092;-0.9682218239788137;-0.9999440042031753;-0.7305660437730027;-0.9497737623524989;-0.19549733525518376;-0.6792235805735753;-0.6984715809069095;-0.7973441672556751;-0.6986915926075599;-0.37809717902841766;-0.04675233063617754;-0.9991066216793046
Felskopf;-0.997810198187084;-0.45049004994257097;-0.7575153496181961;-0.2585060623683435;-0.9226218563660812;-0.004694835499433111;-0.1322209388938906;-0.5425984016872573;-0.13378478890761464;-0.998896251623595;-0.17977545420517332;-0.9983036685890865;-0.12251277823188228;-0.2524997348360628;-0.19857365047154296;0.5;-0.9999353784449868;-0.9975228268847558;-0.9990049126774829;-0.9990306778278263;-0.9990236654218719;-0.994775998129876;-0.9956004830686793;-0.9591821905215308;0.02296565320848282;0.0010692590706207102;-0.9152853659569038;-0.9956635706154406;-0.012941501046403613;-0.9997278693673475;-0.9942938961727763;0.012967210721875946;0.11647017841274297;0.0007784603432899256;-0.37118088403639027;-0.9228333138061379;-0.9891317959604297;-0.591238690559013;-0.9177477821495197;-0.8427235439100312;0.011564037520242446;-0.9122898266932534;-0.9992453261804951;-0.9178226014415294;-0.9999920392980552;-0.00019149339198174496;-0.9999762424478633;-0.522326286029469;-0.9863734409123079;-0.9994651991668735;-0.320793081881992;-0.9913952996722614;-0.9965367829467776;-0.9957566007698189;-0.9643962752517202;0.00739476391072782;-0.9923182123953302;-0.9876085422954393;-0.9965511432585145;0.1124034672849328;-0.9943924734743133;-0.9872450716598574;-0.9971777983706673;-0.9992823429044487;-0.9876781408877111;-0.6900762880289929;-0.9999964784645796;-0.9999579054048819;-0.9020697100494193;-0.4954573434279339;-0.5214295487099455;-0.9947313080237604;-0.9921781363762847;-0.9999757565144185;-0.9999827117805087;-0.24304174913488794;-0.994669370513121;-0.9217880826632676;-0.3378193825261032;-0.9852272116894685;-0.44867312909081075;-0.9998370407330065;-0.9990035021768489;-0.99999519957632;-0.9986461740831478;-0.9999828607697894;-0.99671124251338;-0.9974392025688212;-0.5047939866250747;-0.999053254729293;-0.9934157056679199;-0.9980178798576919;-0.9815965405623426;-0.978398196870544;-0.9989803293884497;-0.9986154003235493;-0.33258064288273764;0.01932940414135044;-0.8830306980636812;0.06304625531575214;-0.4018562494326083;-0.8241111642253484;-0.0567909725899003;-0.34411105907798145;-0.3646581666238681;-0.4936364107241913;-0.36490027714085205;-0.13091808013849823;-0.012006313670646548;-0.9964041538750602
Fliessgewaesser;-0.0032550730306493887;-5.2977578542881426e-05;3.123681069678736e-06;-2.2529876607703294e-05;-0.0007699745625494538;0.010012019327862193;-9.84673530808747e-06;-7.665721010588584e-05;-9.981184124880009e-06;-0.0018039664075449606;-1.4164359846665793e-05;-0.0016653252080654005;-9.022816792889495e-06;-2.1829589291713595e-05;-1.6012403242461197e-05;-6.462155501323152e-05;0.5;-0.000935103922262581;-0.003153036934713416;-8.814348311822408e-05;-0.0035383672803143253;-0.0005225855907129422;-0.0015864750394781436;-0.00011799224955253497;-0.03229106855662243;0.006741075374533747;-0.0006977509148299468;-0.00020198958670000162;-0.29851621250349614;-0.004308836647764042;0.00011343765787932487;0.03381849565735071;-0.10667140701342916;0.005079798800697302;1.076488314389509e-06;-3.328508235501676e-05;0.0001591199113986717;-9.346692195702509e-05;-0.0007205566822294007;-0.0003461597125316455;0.0021806921437716635;-7.491182567358754e-06;-0.004184279474673457;-0.0007212710019740704;-0.0013742200146291607;0.005221175725687399;-0.1679476620508318;-1.5372267333308706e-07;-0.00027978671754111075;-0.013129426935819992;-3.052214894623563e-05;-0.0005246182306081256;0.0009085091388348171;0.0004983993312169244;0.0002000858136805173;0.01412580128528703;-0.001167799342852476;-0.00024442476933537457;0.0009969717014178617;-0.08099072501075211;-3.524762103388631e-05;-0.0002135897682135295;-0.00012402160206267037;-0.0004072755233657064;-0.0004634939600151232;-0.00014387498164155767;0.03355990467365082;0.0038433496456846466;-0.0005949357623780682;1.0250775686529613e-05;7.688451013608875e-06;-0.0001745491949432965;-0.0004729235765155356;0.0082570891916475;0.001705918353341898;3.2665421118183473e-06;-0.001851392490083818;-3.1515077247595675e-05;-3.296850478585366e-05;-0.0002238390658723806;-5.259004356224375e-05;-0.02859393743502595;-0.0020427656952808886;-0.2552509594112832;-0.04550188254652569;-0.21511987553215872;-0.0006766028041669513;-0.0009525474424250463;-6.58726483160177e-05;-0.004337385423405603;-0.0011781610951500348;-0.0016027371244475386;0.00036798608325592933;0.00040685641670685883;-0.00740831244187939;0.0033256955908640387;-3.220250487567867e-05;-0.009530206851388272;6.286771562197029e-06;-0.0014779939069581324;9.563897650892289e-07;-0.0003027063349133496;-3.89112460027419e-06;1.129613291267359e-06;1.2975841598594478e-05;1.587225396786584e-05;1.0820761810058783e-06;-9.73509412765539e-06;-7.853452928875643e-07;0.0005675518947076644
Flugfeldareal;-0.5308594858693809;-0.0020317015100462703;-0.007698117147408576;-0.0008650093696609074;-0.0287584966746035;0.007915667902503226;-0.00037823375944615316;-0.0029372225311597414;-0.00038339629203584824;-0.6920630315998874;-0.0005439949022710123;-0.5937362423047406;-0.000346596004640142;-0.0008381445713056014;-0.0006149281517816138;-0.002477173115244262;-0.035932540506344;0.5;-0.7137214526241876;-0.7190565767835808;-0.011425849591201482;0.0179806745335535;-0.3597830974651328;0.004585010928256434;-0.11763004139256998;0.004268990947874195;-0.026129599967426698;-0.36313133990454605;-0.9952853263376045;-0.9012150975022308;-0.30202771497945563;-0.9983766870304626;-0.9858002106523758;0.007630850489982483;-0.001463717385688675;-0.02884144845271785;-0.18434674312976632;-0.0035790636685491864;-0.0269612109893964;-0.013131496326076951;-0.0030393483301348343;-0.025179156924730356;-0.7667970348902603;-0.026987236292368787;-0.021179899953704166;0.0010248175831781196;-0.9905236013624317;-0.0027081102547687644;-0.15236867161627649;-0.8227256436716843;-0.0011715135826174709;-0.2224661448468311;-0.41676470666716336;-0.368183209438173;-0.06302619030138762;0.04024178583809205;-0.24287794505375246;0.003589544632835169;-0.41777855854159623;-0.9910714081744528;-0.30573505865509465;-0.1612229943262306;-0.4673601810245229;-0.7756760528511848;-0.1660097807728214;-0.00549896624639674;0.0039034102989251186;0.014133458352600102;-0.022363208463982653;-0.0024326751057201644;-0.0026984214472094304;-0.3191965762340913;-0.23954472223034978;-0.11904573665386681;-0.05379183961610889;-0.0007967027728337961;-0.31664873896179596;-0.028435655238522286;-0.0012652948956648866;-0.14208597359844494;-0.002016868655086703;-0.9384101665761923;-0.7134316607089803;-0.9980706570759477;-0.6468699675187861;-0.12586577149915804;-0.42942298990191935;-0.4916796419102459;-0.002525014008007528;-0.7237972865971565;-0.27255559813800856;-0.013160174568712437;-0.11696239793118397;-0.10110405545738939;-0.7087040887276033;-0.006099654775261537;-0.0012359320515967717;-0.08192528412600916;-0.018402251949077672;0.24126975394218267;-0.0016656153006628354;-0.011501567264339289;-0.0001494995692208409;-0.001301176992179717;-0.0014232901381227533;-0.0024150610587066446;-0.0014247759369605598;-0.0003739469493984747;-3.0176990449482142e-05;-0.4076271437226414
Flughafenareal;-0.3121831743506685;-0.0008159221378831194;-0.0031020689675628336;-0.00034714099954605174;-0.01173738548437289;-0.018767821237524546;-0.00015174651706252845;-0.0011802161078175988;-0.00015381818898436205;-0.47408684769819703;-0.0002182711808928013;-0.36956232529900135;-0.00013905088709202749;-0.00033635434585383583;-0.00024674274942483186;-0.0009950873225170942;-0.04859786132666158;-0.2862785473758123;0.5;-0.5065644351609895;-0.0026283434796942474;-0.15943598138270226;-0.18394676879255295;-0.022871603639401134;-0.9986294289261441;0.006082428001199195;-0.010647380076158055;-0.18613438496916998;-0.9883280052461701;-0.7853754551315397;-0.14789740703084792;-0.24005932926090265;-0.9653334751787909;0.008468018765503975;-0.0005876221521698256;0.0008394402529196815;0.0002811506750509668;-0.0014386706295961564;-0.010991809280268916;-0.005308883820039851;0.0904575856969846;-0.010254160645021982;-0.5687579684209422;-0.011002593834497849;-0.9920712610226862;0.00654101498030632;-0.9767039974757661;-0.0010880061151428543;-0.06725313498415361;-0.6505361464171833;-0.00047023201634438364;-0.10294893137026137;-0.2227700168047513;-0.1894563895435897;0.002378507003042001;0.06930647811433648;-0.11400258320275208;-0.00331004116428075;-0.22349278263677402;-0.9780329640474789;0.01428633397851789;0.015801434977840957;0.060529433993271806;-0.04625390498947848;-0.07393881001335764;-0.002212960833221521;0.14205652477784877;-0.9594515643066778;-0.009091803691838162;-0.0009771862681961297;-0.001084107254244483;-0.1582917042329431;-0.11217598018198821;-0.9762388152582115;-0.04025309138512824;-0.00031971547043507006;-0.1567325360597433;-0.011603339391529677;-0.0005079032982594983;-0.06229238191271344;-0.0008099581265513721;-0.8593815527136214;-0.4996455319516514;-0.9952037689439042;-0.4235496321416216;-0.9830840713107653;-0.2318787114948691;-0.27952640825853015;-0.0010143342475151748;-0.5124596230731564;-0.13065015668089058;-0.33401520156085857;-0.0504482117451446;-0.04316733165059443;-0.4938930442750628;-0.4180640313575815;-0.0004961079986750817;-0.9991145075600516;-0.007463524267355617;-0.09621709431989148;-0.0006687567706263071;-0.004645355336975135;-5.9970667309854154e-05;-0.0005223179996428212;-0.0005713784337664993;-0.0009701005969553526;-0.0005719754156544395;-0.0001500262734444319;-1.2104415654628564e-05;-0.2163083245744595
Flugplatzareal;-0.3065726542880538;-0.0007947923046872993;-0.003021914132533807;-0.00033814702420590953;-0.011436661178131021;0.008337974749110931;-0.0001478142120650412;-0.001149663054270512;-0.00014983220746616222;-0.46754449593829744;-0.0002126153461202061;-0.36346552054343967;-0.000135447527543571;-0.00032763974719481975;-0.0002403493377781181;-0.0009693221721737315;-0.001323347985164289;-0.2809434232164192;-0.4934355648390105;0.5;-0.012582356269339387;-0.1559482092927812;-0.180037651178231;-0.022292043606174643;0.08244308509309309;0.006470737517712791;-0.010374289703586384;-0.1821891567012388;-0.9880211678821601;-0.7809160120494525;-0.14461862146506452;-0.35438793183018535;-0.9644438968653192;0.008286015479709622;-0.0005724011881034914;-0.01147023945337372;-0.004266419744927693;-0.0014014361766264134;-0.010709980413005622;-0.005172002594950707;0.043463982028272695;-0.009991053950135227;-0.5623060223534786;-0.010720491449686911;-0.9918620173711025;0.0077171213591920515;-0.976098974076629;-0.0010598376311841406;-0.06562448918226307;-0.6445430522289507;-0.000458050372887438;-0.10054903771948918;-0.21825651446915717;-0.18545679428107195;-0.025608428631491948;-0.03192401442875838;-0.11137700533744833;-0.005610255864524845;-0.21896876207603694;-0.977461658945917;-0.14680017457788025;-0.06985341901180188;-0.2553019365663576;-0.5746520142331225;0.003392951850983204;-0.002155730119988096;0.09525252420951827;-0.9584175518443767;-0.008858254439421474;-0.0009518841765984005;-0.0010560396051002728;-0.1548243533524751;0.027203825573548137;0.21379075916645526;-0.027624410289225885;-0.00031143183379583883;-0.15329311842666737;-0.011306010198259213;-0.0004947462406155545;-0.0607760413135158;-0.0007889826206511645;0.020391820170378397;-0.4930811611879624;-0.2597652199808046;-0.41715150819726915;-0.17449074499953499;-0.22723461535746872;-0.27426876247072185;-0.0009880712419258416;-0.5058971172221848;-0.12769643039678127;-0.32819953908712735;-0.049205056683302155;-0.04209563958041072;-0.4873306407074033;-0.4116895919255377;-0.0004832563464138829;-0.18716349100506297;-0.007271495141671799;-0.8110735858738789;-0.0006514355757466714;-0.0045255043151990505;-5.841646992538047e-05;-0.0005087877242732379;-0.0005565779905419031;-0.0009449817997042249;-0.000557159517399752;-0.00014613853970959882;-1.1790703481653683e-05;-0.21189004994431573
Flurname swisstopo;0.010615467395192006;-0.0008005431140307848;-0.0030437304455129604;-0.0003405948513873773;-0.011518524792724064;0.0091472784562136;3.3326511424191203e-05;-0.0011579785952235916;-0.00015091704014073072;0.01895298942666437;4.4148854458489096e-05;0.009921610296471949;-0.00013642822478704894;7.479828777080312e-05;4.850925853995365e-05;-0.000976334578128039;-0.0535081991564156;-0.004496534003709442;-0.0025787630845159515;-0.012673470267630492;0.5;0.001377599452167806;-0.0017066839750865563;0.00219350971325416;-0.08161567797733198;0.006766901965989057;-0.010448629239083865;-0.010052915560328045;-0.34838001406219243;0.00674348479264195;0.0014389723972668845;-0.043007378612936825;-0.13124955716475098;0.0036849374240942633;-0.0005765437899208274;-0.011552340612477166;0.0015147947223988498;-0.0014115702251806487;-0.010786699204065824;-0.0052092600850645165;6.399209135369321e-05;0.000566291292862266;0.027728651141288935;-0.01079728471267614;0.05694400147915578;0.00466052231834087;-0.143101055821249;0.00017957142102117507;0.0015099642166320295;0.019322006923399915;-0.00046136577303911567;0.004511042790441559;-0.21949009855764215;0.004796964846996943;-0.025789087400724477;0.011157453692219333;0.0033441703405214084;-0.0007683407836053375;0.0007037090936186698;-0.07264431570011055;0.0005724012058956549;-0.0031222008434612673;0.004553932132253031;0.000643020779590661;0.002288812754046688;-0.002171306750016828;0.08829881990723933;0.024007769788564018;-0.008921828388297191;-0.0009587705512360989;-0.0010636786864903988;-0.00563186857644957;6.962669983548374e-06;0.01855879803708689;0.021362400210821975;-0.00031368633190927337;0.004695019670045749;-0.01138694938547806;-0.0004983271155657025;0.00062858180013164;-0.0007946914268034078;0.05694785394226343;0.011987524509098397;-0.1906950053123804;-0.048692461617376705;-0.20431075083189687;-0.004678557169487856;-0.008357773095138155;-0.0009952191499017272;0.0022035841052219416;-0.0043034657597670065;0.006492934133823668;-0.0028615431434415484;-0.0021233070917187342;0.012657138507083833;0.0071578608650006165;-0.000486754100292888;-0.03954568112676548;-0.007323765378737764;-0.024104325117094597;-0.0006561497924609615;-0.00455812597211388;-5.883946263442194e-05;-0.0005124701765832595;-0.0005606061403979188;-0.0009518182868985957;-0.0005611918736061035;-0.00014719663299594038;-1.1876083783675608e-05;0.006684368777299573
Freizeitanlagenareal;-0.7052652550897403;-0.004286689044027927;-0.01614054790020949;-0.0018274553453351858;-0.05892603463501996;0.008452454683927016;-0.0007995060155152336;-0.006191013874487047;-0.0008104138537952452;0.009560884534856895;-0.0011496776078147503;-0.755531636374445;-0.0007326563331811719;-0.0017707526123878594;-0.001299485093235527;-0.005224001870123892;-0.0424648883211783;0.038023359905893506;-0.8405640186172977;-0.8440517907072188;0.007402494485247597;0.5;-0.5430425689356504;0.018924024328981534;0.026475569554028307;0.005432817111258161;-0.053691887140798554;-0.5466400892224904;-0.9977649472969501;-0.05887704445418317;-0.47782519314440347;-0.12498666537740398;-0.993234494078101;0.001189972540832107;0.0007381991948601542;-0.05909070837729141;0.029526622173759374;-0.007538496892967345;-0.05535084948969063;-0.027368302241753496;0.012898645681510819;-0.05179220597044031;0.22617771973491518;0.005417801549887983;0.07644177515563437;0.0033602533916371607;0.005673379467777058;-0.005709549377633707;-0.27543105612501784;-0.9075287429500563;0.001499262628750837;-0.3769652955694883;-0.6017672898332127;-0.5520320368558851;0.016198448641075516;-0.058379471601941874;-0.4041838540086456;0.0009581659041426982;-0.6027660708799786;-0.9957578380373625;-0.4821996306402842;-0.28899845523434214;-0.0235193077120785;0.1658024165718413;-0.29623909219643346;0.002027665001876003;0.1925914054536689;0.25964046197393464;-0.04614082413629711;-0.005130415740141673;-0.005689183577431786;-0.4978591866483103;0.1894228766377403;0.2431218222369668;0.16887129834341635;-0.0016832759836696064;-0.4949219803125919;0.021016206686426564;-0.002671924424140388;-0.25938482113234207;-0.004255463388865148;0.16211188675487664;0.22259939329665132;-0.042895788807179105;-0.794817402677918;-0.1733871529708652;0.03469482336156524;0.03244581117570247;-0.00532460826836424;-0.8471317067711522;-0.4420634584168525;0.03179447843840928;-0.2188104272728122;-0.1921478576060065;-0.8372628325069743;-0.7911224938236231;-0.002610004184161392;-0.10429666304867621;-0.03813266057622424;-0.9587386023950425;0.0010639478832316562;0.0033669217296109673;-0.00031609096695839567;-0.002747586940643402;-0.0030050346432326978;-0.005093368143324179;-0.0030081666801443363;-0.0007904483829985894;-6.381250998166018e-05;-0.5926955191703096
Friedhof;-0.6681657609366185;-0.003609599948177273;-0.013616728493494957;-0.0015382059037707468;-0.050052407677354714;-0.004139556615684354;-0.0006728506110005147;-0.005214709047286479;-0.0006820316409297653;-0.7999669177588643;-0.0009676027627905462;-0.7222677254152794;-0.0006165845248784751;-0.001490464672218025;-0.0010937111625610803;-0.004399516931320709;-0.10847949836441793;-0.6402169025348671;-0.816053231207447;-0.819962348821769;-0.007717028620136815;-0.4569574310643496;0.5;-0.09407290511444659;-0.07888606975270958;0.0058826949419380084;-0.04556830028791408;-0.5036266423592506;-0.9973450088651512;-0.9419750043872007;-0.43503066689707315;-0.9990870966563304;-0.9919701905928782;-0.012062965580907005;-0.0026016472261390284;-0.050193605969342414;-0.0034079773165558045;-0.00635105589408692;-0.046988724906916815;-0.023130127319019225;0.010044629946117193;-0.04394269432878701;-0.8540366644087737;-0.04703314805338844;0.09318884731453858;0.006485580589289245;-0.994652344464526;-0.004808802711566255;-0.24235028091746727;-0.8919898839594629;-0.002082750835430068;-0.33736775236037736;-0.5597720042563322;-0.5090707268487203;-0.10690052065336142;-0.09632555067570596;-0.36339481871200024;-0.2604613156348997;-0.5607992388529858;-0.994962692771918;-0.4393429570107288;-0.254861331442358;0.12499377088990651;0.040338547649461716;-0.26156132667096127;-0.009743386845995433;0.2625984770873447;0.4405485235972414;-0.039112493267138775;-0.004320637002435725;-0.004791634365469917;-0.45483326546754;-0.3591923059865005;0.4480796028261689;0.32659455999172815;-0.0014168148445470035;-0.4519214456901125;-0.04950270559716021;-0.002249313704081882;-0.22762583717883397;-0.003583288683674896;-0.1429294795732373;-0.8158402984890232;0.001652527228772071;-0.7652379943281107;-0.9961363511387895;-0.5725101606666385;-0.6325149412350124;-0.004484316570368823;-0.8234184902443419;-0.40001820294175644;-0.6899216069980703;-0.19073990828205317;-0.16676760156699544;-0.8123578317356452;-0.7611704787842317;-0.002197165636981761;-0.10757985605145846;-0.03228287647480616;-0.9513436768555737;-0.0029600402481174994;-0.020284641395997817;-0.00026599637388237846;-0.0023130366496266273;-0.0025298704717287867;-0.004289411742483781;-0.0025325085205234934;-0.0006652269068476528;-5.369725556459132e-05;-0.5504582340357124
Gebaeude;0.018921959234590766;-0.033710522236496995;-0.11734074759843438;0.006039989919038517;-0.33660790561977044;0.0027905670196731406;-0.006442179240975909;-0.04805528393724659;-0.006529568248202648;0.08736557486019544;-0.009240900424317803;-0.9616031730172095;-0.005906313445179669;-0.014170976023760253;-0.010434012435967808;-0.040817809478469164;-0.07769563112272937;0.07856976381252832;-0.9771283963605988;-0.9777079563938252;0.09551360896753722;0.15335009870122693;-0.9059270948855535;0.5;-0.0014650414120133432;0.00440401798520705;-0.31496357533483393;-0.9071561536146858;-0.14556993795629708;0.021894707211298152;-0.8811676095967108;-0.016636953523924535;0.0028384276386993995;0.002630585845070293;-0.02450383284322721;0.08028400170298064;-0.7947866550757515;-0.05798296367007735;-0.3219487962487559;-0.18567999108477917;0.002634162309217019;-0.30681696800406655;0.132988654404089;-0.32216529154771817;0.02365379799121331;0.0025480329854034468;-0.12215687963344336;-0.04446377023207319;-0.754924555932042;0.005122274793852184;-0.019702857552945277;-0.8305939001661314;-0.9245003609859155;0.04761283985338843;-0.5354627258372107;-0.0007685513567927311;-0.8460862611545014;0.12805497326927626;0.12048246747998019;0.01882256537943902;-0.8829905409388185;0.08098092763118353;0.030722801879647633;0.034507236576314285;0.1279955228253639;0.048439750411288215;0.12175976457569844;0.07135112566324524;-0.28160247852134546;-0.040112284914656106;-0.04431132978828388;-0.8893115361439242;-0.8436996750221178;0.08216999234497638;0.10018981427691943;-0.013479189952211802;-0.8881496576697799;-0.3340176743763546;-0.02124854072757107;-0.7394521186771708;-0.03347216875996018;0.045761294815244595;0.12675876262018648;-0.13971148963659022;0.0661697216178527;-0.15727035112774165;0.037561081237409755;-0.943101769041141;-0.04157525014490379;-0.9782163409500383;0.1847644619220107;0.04854562191269756;-0.6941682316500799;-0.6584011742579533;-0.976576033417101;-0.0016051372043216145;-0.02076508194487317;-0.020895742226045556;-0.24314492908879645;0.08243050596388754;-0.02779530592803481;-0.16624052233880215;-0.002555692518031882;-0.021838729697603133;-0.023842241915086604;-0.039832741381122125;-0.02386657191254356;-0.006369603069116526;-0.0005168679138934141;0.10961396983900618
Gebiet;-4.703281496398751e-05;-2.2917025029391413e-09;-2.1301855646511467e-07;7.996574625922955e-10;-1.6300057031583476e-05;0.004134506756688964;-3.2460238907379564e-09;-1.6217014270548512e-06;6.275430721262531e-09;-4.352889887921608e-05;-7.881100391928218e-09;-5.127977704788739e-05;-1.0840650107631234e-08;-3.1589874425700813e-10;9.29035399947945e-09;3.139565682923974e-08;-0.0006830739409357494;-6.475532768954177e-05;-0.00137057107385587;0.00011615975401625644;-0.00011416723130084974;6.892202942301667e-06;-2.4404571991982888e-05;-4.706435205929038e-08;0.5;0.02561569957911307;4.241797348787575e-07;-9.969884532702312e-05;-0.013955851320001676;-0.0002860535702133431;9.144718891803788e-06;-0.0030012979663553542;0.0016811860381543938;0.01643943396432775;-4.2122086445770315e-09;-1.729370809850076e-06;-1.1460443349043804e-05;-1.4784626686049254e-07;1.7252237503032603e-07;-1.4584429225385967e-08;0.0441411580058842;3.643198017837756e-07;-0.00023307806902421777;-1.3348800254585165e-06;-0.015806222874679948;0.007512585413214375;-0.018309125261899324;-3.36258239733787e-08;-4.4481261339498505e-06;-2.307988244836482e-05;-6.456741262730529e-07;-2.954216512170655e-05;-0.00039321817839197527;-3.680647770290703e-05;-2.4310070356536683e-06;-0.0010547267426988167;-2.121000696714699e-05;1.9610094637769635e-06;4.040116325844763e-06;0.0021439289529976507;1.7538072792549235e-06;-3.9278280136688524e-05;-1.2313398613275069e-05;-0.00021591902903014945;-8.225342983330337e-06;-4.2642553858562985e-08;-0.06667588594809473;-0.0075099286795972005;2.1511661160008494e-07;-2.0741760061727094e-07;-2.3706744546064538e-07;3.163320320298264e-05;-6.890002111831649e-06;-0.012407528400040321;-0.014047667178671855;-2.198358479039605e-09;-7.054903719978232e-06;-6.701228497151278e-07;-8.392306454625448e-08;-4.58626837677457e-06;-1.112528610359435e-06;-0.0015169377085773922;-0.00016251232214731224;-0.0829307238961324;-0.00010192542752183705;-0.028418372967474837;3.124580998335944e-05;2.6598325805666583e-05;-1.9378853462610089e-07;-0.0002246272074253139;-3.6599199326476114e-05;-3.3190564972941734e-05;-3.327116783248919e-07;-1.3785399789314982e-06;-6.763457451077956e-05;-1.2879337598548458e-05;-8.133422243243498e-09;0.0560751836446706;3.410843441362578e-07;0.00043650916719947813;-2.365814836011727e-08;1.6466250720800795e-07;-8.231179882765115e-08;-1.0735488053370125e-08;-6.5522298472483855e-09;-1.2111309470059003e-07;-6.012414807402811e-08;3.099645468515062e-10;-1.6612931704422883e-08;-1.8242583401842683e-05
Gemeindegebiet;4.528500335560471e-07;-1.1399652993330324e-09;2.2252607997564024e-09;3.4127872585826973e-11;-3.0676434060590876e-07;0.12271893580286251;1.52592445180233e-10;1.3499707762413604e-09;2.8835267192659608e-11;1.3682141497545408e-06;9.869433741888899e-11;8.349404012106279e-07;-4.8628870799330894e-11;2.2603709249439166e-10;2.5540114200172764e-10;2.7883494628560686e-10;2.7201194308560343e-05;4.482868281489665e-07;1.5923834935481147e-06;1.739116680782041e-06;1.805640344884898e-06;2.697809746877931e-07;3.471528162532369e-07;2.6987630526326144e-08;0.0048862953034380366;0.5;4.355663981206242e-09;4.018169324512721e-07;0.00028038909365093496;7.3649883402703164e-06;2.6915604141933917e-07;0.00113189931896256;4.747896561823321e-05;0.1283845116087134;3.739729333598772e-10;1.219592502689206e-08;1.2427921862377719e-07;-3.035284944280856e-09;-8.14637941661096e-09;4.351570053448251e-09;0.012082223759188902;1.2362574764145348e-08;2.39825313224438e-06;1.207668236928471e-08;0.00041679323406748994;0.14045984216632157;-0.004526676775089612;8.886478657891936e-10;1.0169969794894056e-07;3.5625956265351122e-06;5.065007521280902e-10;1.7216725772218e-07;-1.2485735559157808e-05;1.2746758306278164e-07;-3.228086860639709e-07;0.014797242400730926;2.1352648829357124e-07;1.076033995945776e-07;3.68068893752404e-07;0.00012918926921289252;2.878272372966009e-07;1.2191768748411149e-07;1.647435701142288e-07;2.260007087590815e-06;1.1605824392964333e-07;1.989484173368513e-09;0.001494583493063735;6.285974074824431e-05;-9.448095640493479e-09;-1.2049479884836512e-09;-1.8402700858807597e-09;2.0073546220340587e-07;1.8712354170239382e-07;0.00011906623542499597;0.00019204977747453242;3.362009431038635e-10;2.7899959258690045e-07;1.582596198799598e-08;4.1512467302938043e-10;8.10157464851583e-08;9.034979018641653e-10;1.4567632281564499e-05;-4.348781604351662e-07;-0.010094831178311774;-2.3207165769334684e-05;-0.0010108634372880932;3.7295353510605305e-07;4.6769677313373335e-07;1.148469381568653e-09;1.7101582574025654e-06;1.9077572358314424e-07;6.993819487521512e-07;7.631817605760277e-08;4.343528388672775e-08;1.8080921949725793e-06;7.666527030832424e-07;1.2828002391961623e-10;0.009384476468807912;9.795174191562879e-09;8.558212309727092e-06;1.251922040569573e-10;4.396324625944282e-09;-1.348506755756606e-10;2.2953399145944244e-10;4.227301169057702e-10;-9.1818548756565e-10;-3.7246589555334862e-09;-7.919259682981258e-10;-3.1689820144974927e-09;3.6623500772380466e-07
Gipfel;-0.9768379249421724;-0.07052593295752815;-0.22428943299671536;-0.031258836034881735;-0.52462196148855;-0.008006863517468047;-0.013906286751788906;-0.09893272469136169;-0.014093491116371907;-0.9882023997048832;-0.019882800898257346;-0.9819720949118317;-0.012757522450697951;-0.03031666518820186;-0.02241882025092162;-0.08471463404309625;-0.9993022490851701;-0.9738704000325733;-0.9893526199238419;-0.9896257102964137;-0.9895513707609161;-0.9463081128592014;-0.9544316997120859;-0.685036424665166;0.028718454595141423;0.0015459378461739448;0.5;-0.9550584850457428;-0.16576647433926678;-0.9970676329545836;-0.9416156253772878;0.030893228668919002;0.1525889838663225;0.002539065489847022;-0.051803616655613165;-0.5253615306315528;-0.8938835647192607;-0.1180674915443904;-0.5080454858780421;-0.33152102959016666;0.018191762053159883;-0.49049422247056434;0.0418654201091724;-0.5082933117108539;-0.12565040022115015;0.0005540924963999217;-0.9997433752002525;-0.09190588487530804;-0.8701252603029593;-0.994251971158293;-0.04188351537434393;-0.9142648346361605;0.078136688099955;-0.9559841134058649;0.280343787421213;0.015556685847262894;-0.9228164515811449;-0.8806217886620232;-0.9639561701819579;0.10111084654825793;-0.9425716970592033;-0.8775093644547294;-0.9703289771331828;-0.992300367423292;-0.8812200239664891;-0.17087033599438728;-0.18943692186341565;-0.9995453834773089;-0.46020643277043266;-0.0833162708857558;-0.0916063862212772;-0.945871352699581;-0.9215092688810844;-0.15978367443059277;-0.999813243923728;-0.02885976709889523;-0.9452666335871284;-0.52172276467122;-0.04508922925083915;-0.8605826725591668;-0.07004614219028023;-0.9982421418764098;-0.9893376736688929;-0.999948137050794;-0.9855644187051155;-0.9998148531107612;-0.965577094298583;0.06373984607415825;-0.08621343551634456;-0.9898651201078407;-0.9331749393583806;-0.978992749795191;-0.8315558437906747;-0.8073982447571125;-0.9890921837032491;0.09254648492562419;-0.04408776769123015;0.03797758535867941;-0.41132294281250187;-0.05158340658965521;0.02177670106971622;-0.30248458802195227;-0.005541913738051011;-0.0463102735821598;-0.05044306008761695;-0.0827615976520806;-0.05049313097905269;-0.013750785376340061;-0.001123490065702273;-0.9624723049609194
Gleisareal;-0.6649414947207666;-0.0035577990592056963;-0.013423251342876984;-0.0015160860844492254;-0.049367134352191575;0.016671160162371808;-0.0006631665709965134;-0.005139992278163694;-0.0006722155513250103;-0.797635433285404;-0.0009536805344398433;-0.7193483371543354;-0.0006077098051994621;-0.0014690303747029447;-0.0010779763975382597;-0.004336429384559319;-0.013612665462504843;-0.636868660095454;-0.81386561503083;-0.8178108432987612;-0.04480111279526907;-0.45335991077750964;-0.4963733576407493;-0.09284384638531407;-0.3176281746803659;0.006710944316875291;-0.04494151495425723;0.5;-0.9973063171566123;-0.941176986404493;-0.4314686141451526;-0.9990737691586143;-0.9918538103750912;-0.018458527559582934;-0.002564274106090831;0.004322370781007128;-0.2838645750346219;-0.00626015991642883;-0.046343350512985375;-0.022804601481135323;-0.0029208735278236854;-0.04333725368371037;-0.8522189684646777;-0.04638719322043973;-0.998175507555311;0.004086540193434373;-0.9945746254899173;-0.004739874090008407;-0.23969655224911576;-0.8905842711195424;-0.0020528164116262178;-0.3341324307406081;-0.5561940870442696;-0.5054448009443036;0.005050327667665984;-0.04081933834117394;-0.36004552030310777;-0.25767671870377;-0.5572230665735287;-0.9948894610017259;-0.4357728297831508;-0.25211619392050016;-0.6061252433063853;-0.858446015779213;-0.25876908447991587;-0.00960440928910589;0.11580620251311446;-0.9904270137644938;-0.038570918046857944;-0.004258675728173476;-0.004722950664404787;-0.4512385722964584;-0.35586008908343525;-0.9944642673087374;-0.15209445057522042;-0.0013964382202492334;-0.44833084023881997;-0.048824571490470633;-0.0022169906668584134;-0.22508544126689106;-0.003531864045736379;-0.963927635485426;-0.8136507282460984;-0.9988990094902136;-0.7626218402857097;-0.9960801146519259;-0.5689560513629346;-0.6291365428555159;-0.0044200184246790866;-0.8212992854246458;-0.39654161588635173;-0.6868096459454414;-0.18851070129636258;-0.16476152176596745;-0.8101364924347852;0.14701375984303094;-0.0021655903502377175;-0.9997973458600323;-0.031832735395940844;-0.9506677583845979;-0.0029175338090145653;-0.019998342170225687;-0.0002621664700182462;-0.002279799994705727;-0.002493525859638389;-0.00422789636114128;-0.002496126104550065;-0.0006556525194418881;-5.2923942881028945e-05;-0.5468658963820069
Gletscher;-0.005331617588735652;9.293588540750838e-07;-3.674758278111436e-05;2.1070720418332378e-08;-0.0001402432838593466;0.010476994023117374;-1.7923707295953348e-06;-1.3954437129239341e-05;-1.8168442310947965e-06;-0.010533890048809537;-2.578303657154444e-06;-0.006875325858947139;-1.6423942873256328e-06;-3.973611473787087e-06;-2.91470286662711e-06;-1.5223769620318433e-07;-0.05433754390169458;-0.004714673662395441;-0.011671994753829764;-0.01197883211783996;-0.004193415433513624;-0.002235052703049883;-0.0026549911348488055;-4.0240249106253536e-05;-0.12008896851545127;0.012648365545718274;-2.1068437668271913e-05;-0.00269368284338772;0.5;-0.04142550291566195;-5.6410421062620484e-05;-0.20823385822550763;-0.0029078434546640063;0.007142352237345235;-6.943755205486073e-06;-2.793388130749568e-05;-0.0010694715023804465;-1.7014658104569958e-05;-9.382323601942098e-07;-6.30277190822031e-05;0.1345406294529403;-0.0001223396628994084;-0.015336916349530464;-0.00013136717319357414;-0.596397923236017;-0.0038680511692483176;-0.33116505254749906;-1.2863006948078598e-05;-0.0008507913510854431;-0.021511411988031512;-5.555946198389742e-06;-0.0013535067884826002;-0.0033735223718692605;-0.0027528317203045862;-5.0688548154981475e-05;-0.1587170815159543;-0.0015172836228764994;-0.0002487512120092032;-0.0001489081435345512;0.07768225791590888;-0.0020817042471948087;-0.0009096812713116169;-0.0009129061224904392;-0.016115832829070115;-0.0009420358725843264;-2.6191988775974635e-05;-0.769608727692056;-0.21840976740222864;7.210739100569527e-06;-1.1551567354734064e-05;-1.2816863035099148e-05;-0.0022160372110657024;-0.0014899421565084108;-0.3266956655752985;-0.4049121778110205;-3.7769815729263674e-06;-0.0021902090032657894;-0.00013862306610368838;-6.001268315024576e-06;-5.5284163725052865e-06;-9.573137448913496e-06;-0.06731656897015557;-0.011655649838501515;-0.3520453024663812;-0.00860268672266923;-0.40699948863801294;-0.00036610524702379636;0.00015991683394327855;-1.1991143675809755e-05;-0.01226126088751405;-0.0017716960481357078;-0.0058881807852924255;-0.0006270449790376708;-0.0005325150193436338;-0.011393523098726216;-0.001861274974905685;-5.861829413827037e-06;0.0549110433772534;-8.879793963069787e-05;-0.04947430119076903;-7.903132736332515e-06;-8.455001740721392e-06;-7.082859084422774e-07;-6.171677060783086e-06;-6.751699603397148e-06;-1.1467725458737022e-05;-6.7587578359585025e-06;-1.7720488694860833e-06;-1.4295291162141078e-07;-0.003249066743152772
Golfplatzareal;-0.0063913852472147;-0.0002231045209168572;-0.0008496374905933727;-9.488936670337171e-05;-0.003235145226627039;0.009622550404859003;-4.147330926645468e-05;6.773479978289238e-05;-4.203957396478597e-05;-0.19765473835471378;-5.96578166922819e-05;-0.026612630751892144;-3.8003160426601144e-05;1.1438478649070328e-05;-6.744105329652512e-05;-0.00027213063265251223;-0.01814889516548501;-0.09878490249776925;-0.2146245448684603;-0.21908398795054743;0.0018782660999340408;-0.0030518529758980645;-0.05802499561279924;0.0001400509910514109;-0.05695767246984015;0.0076878240679523376;-0.002932367045416335;-0.05882301359550697;-0.958574497084338;0.5;-0.04528401543541698;-0.26461588576693373;-0.8838523093636159;0.003432531866433796;-0.00016065184683379665;-0.00015565707892688867;-0.0013699012804804435;-0.0003935661512251372;-0.0030279892206150744;-1.2442961591239357e-05;-0.04096351409196688;-0.002823258441440005;-0.021201064535206954;0.00013961428406316585;0.05411341925841201;0.007966252681236326;-0.9197260108110555;-0.0002975616257307747;-0.0193230974927394;-0.33718258948022617;-0.00012854722161494416;-0.03040853664179337;-0.07263717368766262;-0.0600404706665043;-0.0073192289285719005;0.01001668802035789;-0.033968440899928086;-0.00037521914050489004;-0.07291854007390157;-0.9240526504252329;-0.04604778503141385;-0.020634194513958124;-0.08774022065138393;0.010154864204467826;-0.021353096459574828;5.503403935063295e-05;-0.042946367404137334;-0.0868000660618424;-0.002501100352118513;-0.00026723167855994;-0.00029649447536002387;-0.048880291921263724;-0.03337587612368323;-0.09731925170143195;-0.019950047438590135;-8.739098453363901e-05;-0.048336933417995685;-0.0031978842482306103;-0.00013884921408526492;-0.017830196679062316;-0.00022147277016367617;-0.07928300664055364;-0.019588976345810454;-0.2110795450972536;-0.1672156771942536;-0.12374220314568367;-0.0014777091432827186;0.007738150824718447;-0.00027739805141193595;-0.22314656952275289;-0.039449161179947435;-0.018716846295139603;-0.014310971135333785;-0.012178664709306921;-0.21053547560156746;-0.007747890143323681;-0.00013562348437277174;-0.12592119577403368;-0.0020507277196204804;-0.5463636135142494;-0.0001828442779361205;-0.0012737658859348657;-1.6389279891718436e-05;-0.00014279136207551993;-0.00015620908137689102;-0.0002652925890105884;-0.00015637235805242755;-4.1003104240958286e-05;-3.3078797365482174e-06;-0.07013727693278735
Gondelbahn;-0.7233731363916173;-0.004682697384012405;-0.01761225710317751;-0.001996732961305992;-0.06404500928080205;0.010659441219988174;-0.0008736477850213783;-0.0067617508512272766;-0.0008855662594467055;-0.09150049379144931;-0.0012562515287400976;-0.7715516016110965;-0.0008006037997147437;-0.0019347880218077006;-0.001419926271355349;-0.005706103827223674;0.01007341386946304;-0.6979722850205443;-0.852102592969152;-0.8553813785349355;0.008449956342559836;-0.5221748068555965;-0.564969333102927;-0.11883239040328916;0.038388795462757815;0.005923314183333567;-0.05838437462271215;-0.5685313858548474;-0.027519889541092146;-0.9547159845645831;0.5;-0.0016770023273171661;-0.013029453950878319;0.006919689495492249;-0.0033761058749607812;-0.06422301216328619;-0.343099906356469;-0.008232426571603016;-0.060179104331922924;-0.029832725369318823;0.026180165385428646;-0.056328550408116046;-0.8837029811524213;-0.060235209484916556;-0.10137296794718513;0.005918869493251168;-0.9958771939993345;-0.006236179640291185;-0.29349241952257293;-0.9147127278409956;-0.0027031629799027144;-0.39802726548623424;-0.622833319621085;-0.5738659375279951;-0.134534788791497;-0.006429373967822612;-0.4257274318156391;0.0024500463601589474;0.08853821219943654;-0.08294710209394632;-0.5043813551255238;-0.3075718393660072;0.13496710215287577;-0.8887765276072588;-0.3150716077564732;0.0022772640880543045;-0.019723516803745997;-0.09041070127598681;-0.050208388878317314;-0.005603929666195956;-0.006213947104698338;-0.5200377984512046;-0.4212810997933195;-0.06619220449856653;-0.002625062277617772;-0.001839222840123124;-0.5171044913119842;0.00877464481441881;-0.0029191966408955673;0.024874049136843573;-0.004648600540984005;-0.052957807242015674;-0.8519238181275132;-0.9991642168137582;-0.8089140828367544;-0.9970223151040221;0.0894741702275853;0.11184302539473609;-0.005815940500151028;-0.8582751104057345;-0.4640535390524973;-0.7429021821269561;-0.23435982335919212;-0.20630289881753022;-0.8489973986946016;0.10337293747095407;-0.0028515624004833606;-0.05922258845854888;-0.041524995293041676;-0.026459315946257663;-0.0038407745458677246;0.014589681966806056;-0.00034541899365698406;-0.0030018402401737468;-0.0032830329378891257;-0.0055634818669525595;-0.0032864537670710932;-0.0008637509238132803;-6.973489091571859e-05;-0.6139335618947035
Graben;-0.00019708803630827612;-9.866669875168952e-08;-1.2878154079209205e-06;-1.9784098645411516e-08;-4.8142192624292575e-05;0.017631885847945478;2.5091841575125967e-08;3.9217186344382576e-07;3.062573386592464e-08;-0.0005825128539660951;-5.0874385719095857e-08;1.823585371829024e-05;-5.637436788919033e-07;-3.7736219494358354e-08;3.3273639839677384e-08;5.2358586164603456e-08;0.0021129545597646125;-0.001623312969537445;-0.0009731199168648621;-0.0014747925815728987;-0.0001776893587940783;-9.610079892389701e-05;-0.0009129033436695979;-1.5785798616261671e-06;-0.008864611062470556;0.01752608369740314;1.3477294581764846e-06;-0.0009262308413856186;-0.07147516012955994;-0.003925198489096749;-1.1799133403864486e-06;0.5;0.00870084343948832;0.015873645794808603;1.3403901478307137e-07;-7.186009440320891e-06;-3.86652931575398e-05;-5.840255819313706e-06;2.2689947130529234e-07;9.362342933098243e-07;0.05282895500013102;-4.199581039751912e-05;-0.0007014130414971942;-2.1809426781188008e-06;-0.013470653684341192;0.0075134655408847;-0.06177846005836523;-7.746900514737491e-08;-3.267166833496768e-05;-0.00045983505243764496;-1.9070558294981982e-06;-0.0004649973258556008;-0.0001586555391352135;-6.017539704110455e-05;-5.7145735568627705e-06;-0.01519157670163655;3.418384821511346e-05;-8.343246105352016e-06;-6.210927773323785e-06;0.007032597643414229;-0.0007155120961156381;-9.50101373610499e-05;-3.6464346174886305e-05;-0.0015916769526493246;-7.540513901853915e-05;-2.667565623313132e-07;-0.13700904389967938;-0.02160483571248426;1.2562053290112858e-07;-3.9650439047201925e-06;-4.399356842679894e-06;-0.0007617515907524273;-6.816017211410922e-05;-0.03819736149611749;-0.04536398737387922;3.4867286872504785e-08;-0.000123659650631219;8.690263210900837e-07;-2.038841844798236e-07;-1.5062535686841955e-06;-3.2859489802999585e-06;-0.0064895636917767984;-0.0006909787946668141;-0.2102831175142799;-0.0029696041389772605;-0.0979085627672238;-2.417478052129865e-05;-3.316375408548353e-05;-3.4566855440019156e-07;-0.0008739337453874363;-0.0006088336309570448;-0.00030466682890576075;-2.111389265335077e-05;-1.1677642803353335e-05;5.561826098746641e-06;7.354131479274833e-06;-2.474117549704606e-08;-0.032136334273869964;-8.935048492771173e-07;-0.0013827500134389256;-7.56710148158459e-08;-5.270443727552665e-07;-2.431154698089394e-07;-2.1184037886246996e-06;1.6571114777342594e-07;-2.659719371552638e-07;-1.2656484002170164e-07;-6.082470218230588e-07;-4.9067828332416013e-08;-9.266122458381735e-05
Grat;-0.01603791843162481;3.312918963166191e-06;-0.00011173395389739621;1.5204294716192486e-06;-0.000426330840059656;-0.005518168979329756;3.567990877862176e-07;-4.243155175061807e-05;-5.5246534767691085e-06;-0.03135742343686728;-7.840084408209276e-06;-0.005557778783250714;-4.994188486161004e-06;-1.2082890455138338e-05;-8.862998253804203e-06;4.166210902843649e-06;-0.05904308806517687;-0.014199789347624298;-0.034666524821209126;-0.03555610313468085;-0.004803983008324091;-0.006765505921898977;-0.008029809407121816;2.385919296725362e-06;0.04398975205792943;0.006512736382184436;5.897225990895888e-05;-0.00814618962490883;-0.008842192821161247;-0.11614769063638411;-8.121342556371286e-05;0.0770808547791862;0.5;0.007839585609945264;2.6275045297711554e-06;-2.756403983215664e-05;-0.0006524087311174983;-5.173650721204558e-05;6.0847161202488196e-05;1.0476265733544865e-05;0.06980294478362656;-0.00037191853368133854;-0.004160950293254863;-2.4502171932424685e-05;-0.1047125626549478;0.0012818643478801528;-0.600896700712135;-1.2030550570542367e-06;-0.0025826087196833326;-0.06266119985366733;-1.689437252485564e-05;-0.004104416476958903;-0.010188090811213626;-0.0013306959163040053;8.665848441261262e-06;-0.0032328239075870655;-0.00459952539422881;-0.0001925090484213609;-0.00024036974513383301;0.08724945036595552;-0.0063032837360379726;-0.0027610400030535307;-0.0008228198341295083;-0.0058195020336372985;-0.002859053382085574;-5.118865484492274e-06;-0.3167872870675557;-0.14540512758873575;4.558834297401304e-05;-3.512526711157744e-05;-3.8972596647631026e-05;-0.006708205158874626;-0.0045168931583244015;-0.245213110973374;-0.19897886153327438;-1.148498619228138e-05;-0.006630368053396757;-4.085681229348928e-05;-1.8248479516115334e-05;2.0706017279773788e-05;-2.910950153463858e-05;-0.17997213884196567;-0.03461910735822779;-0.4076764221510373;-0.02570777937102471;-0.2974770265269999;0.00048479187916548655;0.0003043330477081051;-3.646186996219134e-05;-0.009857987526986729;-0.005367978068197074;-0.01769222440361506;-0.0019042863383340193;-0.0016175179260292981;-0.03385824149109318;0.0007608738330068099;1.2749468941920386e-07;0.08646107896103768;9.079496161410758e-06;-0.02201905646712057;-1.5000423022376433e-07;1.6378582142160206e-05;-2.1537581440988765e-06;-1.8766646872793936e-05;-2.053033738118133e-05;-3.4870332003564645e-05;-2.055179951746956e-05;-5.388440393095128e-06;-4.3469219022503017e-07;-0.009814708640870575
Grossregion;-2.9583332598095914e-07;-5.429597826215367e-10;-3.4665739985485324e-10;1.3345587008582488e-10;-2.209878614861706e-07;0.06949743237027126;3.802892184401882e-11;1.4538362701691873e-09;4.148348503584462e-11;-7.225776540380713e-07;5.1192516973753274e-11;1.27595789213221e-07;-4.066351257271009e-11;2.524526628041471e-10;2.1142940220968247e-10;2.0396292655439887e-10;2.0594714816817035e-05;8.051080530397335e-07;2.2274244561300338e-06;2.2375418111977177e-06;9.879204242565397e-07;5.937090318259252e-08;-7.152352911638196e-07;1.6196405167454607e-08;0.003150727405415808;0.1289921005444265;7.187646732678149e-09;-1.1104324241049697e-06;0.00015908105200739794;3.3039516779522823e-06;3.1591951351465385e-07;0.0010300304986442543;5.742239972836134e-05;0.5;7.27496619548887e-11;-1.9764815037657486e-08;2.5443735662942828e-08;-2.925139152590473e-09;-2.3815192407768167e-09;4.755152112639765e-09;0.010325950970816256;-7.2099974227871795e-09;-3.4585485515155064e-06;5.682345316080658e-09;0.00022531142716639051;0.157378502186964;-0.0009191008763128049;5.429302147376055e-10;7.497030257772459e-08;-9.725652929554701e-08;5.454704486350774e-10;1.1184991736594173e-07;5.55108494382442e-07;-5.881745853362721e-09;-4.609898180927815e-07;0.010103860728280217;5.049979491828306e-08;8.403405337310706e-08;2.978527197037573e-07;0.00011277079424936134;2.783863569655112e-07;-1.9431376501088254e-07;1.4825785648090095e-07;-1.7973581996075543e-06;3.9577108039263636e-08;1.3641847311338637e-09;9.993053593287513e-05;-6.777891609733215e-05;-7.103296889551534e-09;-1.1232571528796147e-08;-3.6678337449570637e-09;1.897758002087533e-07;2.2261286976449304e-07;-6.416659731251283e-05;7.689789491119161e-05;3.62067930857186e-10;4.4438689926925844e-08;1.0456610534818739e-08;1.1029868850586368e-10;1.0330881930460747e-07;9.730121892066943e-10;5.0506410971800756e-08;-1.0045271623554272e-06;-0.010269920315572608;-2.0975104515538227e-05;-0.003358454273859434;1.6503833993028836e-07;4.1333789552617433e-07;1.2368315461583555e-09;-9.297949000691037e-07;-7.260161168202936e-07;-5.653441531642107e-07;5.242070290443371e-08;4.548206083260083e-08;1.461119042995132e-06;5.9001391194515e-07;2.38048469591875e-10;0.005627562801663778;1.0548805686105842e-08;3.2787725448944954e-06;-2.464597890373573e-10;3.5610626843780793e-09;-2.0586043498711873e-10;-7.281501803012509e-10;4.0186506704729835e-10;-2.2433715243915106e-09;-8.312211732757196e-09;-1.876808388939801e-09;-5.157223703562917e-11;7.92845942757679e-09
Grotte, Hoehle;-0.9987062376720935;-0.5813854146098254;-0.8410764819053409;-0.37131170311849754;-0.9528295880868427;-0.005046409750903287;0.11972846215823789;-0.6677357262120401;-0.20738727540344523;-0.9993481819433344;-0.27077079511020635;-0.9989979889359811;-0.19128332755605373;-0.3639709175254288;-0.2956542061450549;-0.6288191159636098;0.02821915360852441;-0.9985362826143114;-0.9994123778478301;-0.9994275988118964;-0.9994234562100791;0.2381418238675218;-0.997398352773861;-0.9754961671567728;-0.005219864603504341;0.002429495198383694;-0.9481963833443869;-0.9974357258939092;-0.9999930562447945;-0.9998393481531662;-0.9966238941250393;0.05623801955879093;0.12443916748056004;0.0004703881496604208;0.5;-0.9529627030794015;-0.9935559954984317;-0.7101767361342886;-0.9497546838105945;-0.9007680703509886;-0.004275222662881829;-0.9462963073470256;0.14684771497082466;-0.9498019810598839;0.029979714743094275;-0.0008656613194406809;-0.9999859761975767;-0.6494263696989219;-0.9919113219938398;-0.9996842472707698;-0.4444859709449597;-0.9949028263992356;-0.9979528189480714;-0.9974908335106496;-0.9786726340372126;0.006841606075407565;-0.9954512591054465;-0.9926482150769198;-0.997961319644879;0.08600410217244583;-0.996682353242405;-0.9924314370479119;-0.9983321754124902;-0.9995762550197522;-0.9926897170678292;-0.7904483580859182;-0.0012959675606675543;-0.9999751518709995;-0.9397771000627603;-0.6245680387914392;-0.6486077171464528;-0.9968832555882182;-0.9953680469566297;-0.01966308260649828;0.018175786587300836;-0.35230543422423993;-0.9968465356716272;-0.9523044853323102;-0.4635963211295749;-0.9912267810189406;-0.5795973995509776;-0.999903801582848;-0.9994115445742678;-0.046982766814280284;-0.9992004168124764;-0.035853300237925066;-0.9980560848448621;-0.9984868186005766;-0.6332838609998602;-0.9994409360287321;-0.9961028934273474;-0.9988290383308843;-0.9890542274639224;-0.9871349711603112;-0.9993978547778656;0.2166896160601794;-0.4577554363286342;-0.02353587244805443;-0.9274795787027662;-0.9998666098756152;-0.5323092834945076;-0.8881127847745708;-0.09256117292040414;-0.4705658504201488;-0.49298829722474286;-0.6228583802724864;-0.49324946321123325;-0.20331360744055307;-0.020171842366789438;-0.9978743034153688
Haltestelle Bahn;-0.9744259719619556;-0.06415356835493592;-0.2071196964948381;-0.02832631977107216;-0.4992585789335877;-0.003259653705310937;-0.012580541593970181;-0.09024286774816168;-0.012750129734742245;-0.9869580716214432;-0.017997688448956915;-0.980083881702459;-0.011540012209090652;-0.02747003134454519;-0.02029824431351489;-0.07716668619386213;-0.04306760808642456;-0.9711585515472821;0.07046976250817952;-0.9885297605466262;-0.9884476593875229;-0.9409092916227085;-0.9498063940306576;0.1577564084238375;-0.105780091887652;0.003910723155197902;-0.4746384693684472;0.0829867858154254;-0.19856391116881872;-0.047816725316226896;-0.9357769878367138;-0.14881716522584137;-0.06443516501282692;-0.006307897094221155;-0.047037296920598604;0.5;-0.8838603091056343;-0.10789817059480933;-0.48266981063454334;-0.3094168580243155;0.004227754273591155;-0.46516628283795347;0.07221167157651268;-0.4829174090801805;0.030433528678853822;0.003466553082046505;-0.07242834602628144;-0.08377585311900879;-0.8582138622810978;-0.9936416039020569;-0.03799334708733507;-0.9059641763309705;-0.9600979389608166;0.13872217290498418;-0.6937205377142172;-0.02570731641198294;-0.9152670058186606;-0.8695287245636224;-0.9602573680414014;-0.0641738543465288;-0.9368222549758864;0.2020613278247864;0.16012004175389935;0.054009504667953574;0.15346818739344523;-0.1569624611256665;0.1918554601158064;0.2756526566080226;-0.43510686941869275;-0.0758825856911062;-0.08350041210093934;-0.9404313789101604;-0.9138439025555892;0.24793548591519862;0.19425487177886766;-0.026146242555559543;-0.9397697549818622;-0.4963531976168248;-0.0409140267994767;0.29907016972998957;-0.06371415735919725;0.005385158273596127;-0.988211657919472;-0.05513871420583034;0.02927918167592671;-0.08406204739879343;-0.9620380800459021;-0.970211500753128;-0.07854340624145861;0.04683838460570432;-0.9265580402588727;-0.9767998574212112;-0.8168516352598124;-0.7911149474487569;-0.9879405585234959;0.14254685357027172;-0.040001414596633124;-0.09795604541469306;-0.3869781503668011;-0.997304477705268;-0.05319053220381845;-0.28150115644994067;-0.0050095286640447385;-0.042026980298054656;-0.045795875726208794;-0.07537333257814532;-0.04584155641604642;-0.012439677808648497;-0.0010151284839501565;0.07336446356671672
Haltestelle Bus;-0.8335176963353833;-0.008927272434742953;-0.0331859133750805;-0.003815982008166788;-0.11583560583157457;0.004114752350825794;-0.0016713531490413097;-0.012866497638644161;-0.0016941356240183318;0.008615419093550993;-0.002402462525127974;-0.866064780397217;-0.0015317168225024082;-0.0036978073561501883;-0.002715069055819982;-0.010868204039570287;0.027053451390344294;-0.8156532568702336;0.0031013385806977684;-0.04831454333052745;0.0170307788477358;0.06177878485836816;-0.008473843156892515;-0.20521334492424856;-0.09211158776339215;0.005236461019854157;-0.10611643528073934;-0.7161354249653781;-0.9989305284976195;-0.055296451181455035;-0.6569000936435311;-0.10521643567334034;-0.2003996112795915;0.0010670131070474188;-0.006444004501568345;-0.11613969089436565;0.5;-0.015644037973292686;-0.10920826916149592;-0.055600752059593236;-0.008867852212437743;-0.10256294461660771;0.02864223247986393;-0.10930476809491027;0.03509278145080518;0.003734392188131088;-0.11511316126674793;-0.011872093939275128;-0.44300582698042135;-0.9535623868073415;-0.005162719921802615;0.043998238017074025;-0.7597121425394506;-0.009574632178641587;-0.22935901405555273;-0.004147868414283174;-0.5866673953662005;-0.4668718414427805;0.008491915231546784;-0.22431894081403472;5.5632439187695596e-05;0.03498190751789901;0.03872282100925246;-0.012778127776601833;0.08666935194989582;-0.023880794860317935;0.22000160835818408;0.18072111402828364;0.021998503208607734;-0.010674589058263833;-0.011830008053944794;-0.6747404039866769;-0.5822443965286779;0.20993467647743;0.1972950951984083;-0.0035154679049268834;-0.0012846974861607128;-0.11465063331541932;-0.0055742198646836685;0.035483665556592235;-0.008862544116518864;0.02334267348506638;-0.9167724207605886;-0.07434694122149053;-0.060586195339334466;-0.10236512120051292;-0.7690518476879732;-0.8105958298877269;-0.011076298956876075;0.13427537628327288;-0.6237453288436476;-0.8469164273722954;-0.36950419472591967;0.03452393403285261;-0.9149997289711764;0.13177299741162277;0.00226890117617568;-0.07499174683463698;-0.0765948901872782;-0.05282520102894704;-0.007327817247365175;-0.04896091328730515;-0.0006611313596025071;-0.005731596135139234;-0.006266887151197764;-0.010597932532014432;-0.006273397504813132;-0.0016524346633368977;-0.000133506113040676;-0.7527601081735934
Haltestelle Schiff;-0.9968357300014833;-0.3617493946477266;-0.6835245643094189;-0.19421733231661695;0.40670915451537365;-0.022165527429586444;-0.09530192470002359;-0.4505915837000909;-0.09647766017558472;0.12061425291623308;-0.13159170957081165;-0.9975482565958154;-0.08802951441526398;-0.18932334795294353;-0.14624993666466693;-0.40876130944098704;-0.999906533078043;-0.9964209363314508;-0.9985613293704039;-0.9985985638233736;-0.9985884297748194;-0.9924615031070326;-0.9936489441059131;-0.9420170363299227;-0.07476985309663788;-0.008047150862185767;-0.8819325084556097;-0.9937398400835711;-0.9999829853418954;-0.9996064338487749;-0.9917675734283969;-0.9999941597441807;-0.999948263492788;-0.007718603369590294;-0.2898232638657115;-0.8921018294051908;-0.9843559620267074;0.5;-0.8852428472095167;-0.7874370775789576;-0.08131046802995608;-0.8779149102002605;-0.9989087957205944;-0.885343540102008;-0.011542344456293561;-6.786983133930988e-05;0.14529524555110254;-0.4305214786135521;-0.9804095049105326;-0.9992266404242384;-0.24615637804186347;-0.9876016535560503;-0.9949984817176499;0.1849440762751714;-0.9493079235622799;-0.026475452030981138;-0.9889269159850296;-0.9821754046099849;-0.9950191887509301;-0.9999676413385022;-0.9919094397526864;-0.9816555274308064;-0.9959230602739352;0.10044015289765927;-0.9822749715988334;-0.6062049551862785;0.08253253093214993;0.14054061480926414;-0.8642852350811226;0.29683799160945984;0.2917171772543183;-0.9923971643672673;-0.988725702880398;0.11159180916166207;0.06318872542138236;-0.1816567002627871;-0.9923079993934193;-0.8906896434581169;-0.2607420333460526;-0.978772401922678;-0.36005587001118977;-0.9997643103374777;-0.9985592910130895;0.13930470531867917;0.13064797834937467;0.14357780573560786;-0.9952500638511356;-0.9963002523994852;-0.4134037883517612;-0.9986311914889808;-0.9905042857206291;-0.997135565311469;-0.973597860299682;-0.9690532485662873;-0.9985258036799689;0.23824814877418057;-0.2562360495478788;-0.16618358328997115;-0.8392097588818532;-0.9996732069113812;-0.3171663016126353;-0.7641133640344008;0.029373655540797614;-0.26617522387087067;-0.28408433797473587;-0.4026238686554459;-0.28429689035995526;-0.09432331110370694;-0.008331609786552369;-0.9948072480780252
Hauptgipfel;-0.9760984415809315;-0.06844510118938936;-0.21873954355509145;0.01456565304760297;-0.5165896209370442;-0.004436135766620339;-0.013471776156755566;-0.0961004209249678;-0.01365321219252567;-0.9878212203663223;-0.019265198710527072;-0.9813934052540273;-0.012358455863725108;-0.029384681643857963;-0.02172418991585936;-0.08225221785048031;-0.9992794433177706;-0.9730387890106036;-0.989008190719731;-0.9892900195869944;-0.9892133007959341;-0.9446491505103093;-0.9530112750930831;-0.6780512037512441;0.011310425170612284;-0.002799784772615507;-0.49195451412195784;-0.9536566494870146;-0.007148207156992657;-0.9969720107793849;-0.939820895668077;0.0050363559287738315;0.15245374046890248;-0.0008146360532517972;-0.050245316189405524;-0.5173301893654566;-0.890791730838504;-0.11475715279048321;0.5;-0.3244274944501967;0.015398599250972485;-0.4824541041346492;-0.9916436137769188;-0.500247891993918;-0.9999111838438263;-0.003959275662136413;-0.9997349836763554;-0.08925482292469628;-0.8664446246855994;-0.9940650790003125;-0.04061084009453481;-0.9117081794237194;-0.9626715264474766;-0.9546097782522872;0.3081474430638455;-0.0005098633778798109;-0.9204926321433877;-0.8771966406001096;-0.9628210709256972;0.10354804926340361;-0.9408045092962594;-0.8740076924377803;-0.9693881982319387;-0.9920505279150293;-0.8778096585863091;-0.16635878858927408;-0.9999607090750442;-0.9995305207469716;-0.4522221328693826;-0.08089090893091626;-0.08896311707784618;-0.9441996911600341;-0.9191495412832102;-0.9997295644063529;-0.9998071366371979;-0.027971279040666562;-0.943577410461584;-0.5136868470049342;-0.043723590191925114;-0.8566761462795166;-0.06797843108634503;-0.9981847497820528;-0.9889927663516305;-0.9999464407952858;-0.9850992916454355;-0.99980879843771;-0.9644911611216114;-0.9721517081166501;-0.08371143789407613;-0.9895370943044152;-0.931139718540311;-0.9783205355672688;-0.8269994787908451;-0.8023437466830337;-0.9887394256074579;0.15486748379379883;-0.04275110243350118;0.060556346293579796;-0.40355269824856066;-0.9974846195547254;-0.056793201729435465;-0.29573748250349247;-0.005367330655664773;-0.044909391447080844;-0.0489235747375673;-0.08035096708067464;-0.04897221514179;-0.013321067882352764;-0.0010879452582155434;-0.9612923519836822
Haupthuegel;-0.988377458186819;-0.13269646306182578;-0.3682972841699236;0.03165266401161718;-0.6899490819207303;0.0007130315229447268;-0.027649822962419315;-0.18126117978443948;-0.02801678418682577;-0.9941141746210526;-0.03929751899232689;-0.9909773692080206;-0.0253949767981248;-0.05930316156148545;-0.04419818551483997;-0.15727645608996874;-0.9996538402874683;-0.986868503673923;-0.9946911161799602;-0.9948279974050493;-0.9947907399149355;-0.9726316977582465;-0.9768698726809808;-0.8143200089152208;-0.001991027477856566;0.0031142990045828892;-0.6684789704098334;-0.9771953985188647;-0.9999369722809178;-0.008531133058164365;-0.9701672746306812;0.043273476774978455;0.0546586099577449;0.0033871018812129234;-0.09923192964901131;-0.6905831419756845;-0.9443992479404067;-0.21256292242104238;-0.6755725055498032;0.5;0.0018677203000031;-0.6599981561798182;0.2045702136655968;-0.6757897939339228;0.0036887689874804;0.001565053590015668;-0.9998727147327311;-0.1694867305861872;-0.9310788215291963;-0.997141077264129;-0.08100548038396624;-0.9555605652960895;-0.9817192050391838;-0.9776757460884858;0.19092243066204556;0.005599981718582609;-0.9601725913438182;0.16405295060923206;-0.9817938842921288;0.04539375094708893;-0.9706703628262141;-0.9352552419402939;-0.9850617302544421;-0.9961666174088443;-0.9373414917710488;-0.29355966089224955;-0.07884164903643197;-0.09797281845068519;-0.6322315243242418;-0.1548830160313551;-0.16898146013968401;-0.9724028238193987;-0.9594702868893291;-0.09439263949335276;-0.09364496714531567;-0.056534501284251845;-0.9720857638438981;-0.6874574856917542;-0.08693385286165131;-0.9256320400997224;-0.13185372249361418;-0.9991274463438371;-0.9946836235674903;-0.9999742787603284;-0.9927884386095681;-0.9999081709089166;-0.9826270872998146;0.09788006783583007;-0.159834860976981;-0.9949479657463389;-0.9657039857222921;-0.9894703040628099;-0.9087119173517663;-0.8942120305106392;-0.9945605423016304;-0.9926254961735538;-0.08508580699504399;-0.011128977295932263;-0.5848740615925713;0.01602586901689114;-0.11141478513736722;-0.46650509237621746;-0.01111212193214449;-0.0891822443467868;-0.09675283244775461;-0.15393189830635678;-0.09684418320650923;-0.027344901772093037;-0.00226282130440928;-0.9810299168795105
Haupttal;-1.9190944074569087e-06;1.5917514954873775e-08;-1.5123821546602546e-08;-7.374722839005874e-10;-8.898026139872954e-06;0.04086199381687585;1.6117042318465132e-09;-8.85263497907647e-07;-5.659807451185377e-09;-1.058339242684175e-05;-1.6204077593913739e-09;-9.901170988218644e-06;-4.4867809705719665e-09;-3.978475808580337e-09;-1.2065431692602992e-09;8.629817302340995e-09;2.518146532452112e-05;-9.133538636323073e-07;6.777094357183346e-05;3.342968617649513e-05;4.8864731720666634e-08;1.8329819863115033e-06;1.6963136479711741e-06;4.6194051382953174e-08;0.02409600590379087;0.03457599798611398;1.4667799201245923e-07;-5.004782413430871e-07;0.008535088197832875;-0.00011230360127820515;3.4043922943578364e-06;0.009763887955787559;0.0014562614186962278;0.02941083987813843;-1.883261873474334e-09;3.7730734539429707e-08;-6.022917794073458e-07;-8.776707706371858e-08;1.2821801604247542e-07;7.468362013076075e-09;0.5;3.5820257019284825e-07;-5.191642588598189e-05;-9.562587745430092e-08;0.006082436979728422;0.015862610333129856;-0.011806193031579315;-5.79696321792135e-09;-8.515014573577047e-07;-7.284904720098213e-05;2.4646910231453404e-08;-2.041229014906863e-06;2.2161521525890097e-05;-1.3619301098937382e-06;-2.1352528263034105e-06;-0.07215807567215934;-3.942173244592458e-06;6.780404070505996e-07;4.86109875319038e-06;0.0015478986427203323;-2.787084866870311e-06;-1.9660807094057414e-06;1.3888489397558953e-06;-4.484219593821246e-05;-6.610335324645599e-07;-1.7853685378865513e-08;-0.00481377918466061;0.0005116722709842652;8.79306835934477e-08;-2.460246044664296e-08;-8.326916320157364e-08;-4.769481974633465e-06;-4.158136297092893e-06;-0.00019302076239896922;-0.00018064483914888359;-1.2273311011040738e-09;-1.5792319677741489e-07;-1.3904966249465026e-07;-7.36515299902668e-11;-1.4558870476092757e-06;-6.073132359454145e-07;-5.5486586361936846e-05;-2.2301524053582768e-05;-0.046755495915940935;-0.0002327508845312171;-0.017885570490384185;2.990064560343481e-06;3.3652732497709e-06;-5.06925267152847e-08;-1.3235890774697893e-05;-9.411549613576583e-06;-1.2608757815906793e-05;1.1576682696896281e-06;8.998068610998104e-07;-2.1822552288558134e-05;-9.789729645275777e-06;-3.95620279756012e-09;0.021653610109008264;5.6060521159403743e-08;-0.00010001269891647007;-1.4962294009599513e-08;4.2714179758045944e-08;-1.1235208676482594e-09;-1.1558037319150213e-09;7.76322346717153e-09;8.524842485531044e-09;-2.4253183689112893e-08;2.8137321460962036e-10;-9.06875400495067e-09;6.1484026258142654e-06
Heliport;-0.9776829002394947;-0.07305980279232624;-0.23097492020106394;-0.03243113513807527;-0.5340958183916653;-0.004075302560427519;-0.014437512468210723;-0.10237478724158285;-0.01463176200293539;-0.9886376101748557;-0.020637553738472758;-0.9826331005761402;-0.013245454362046265;-0.031454777381513345;-0.023267555256075483;-0.08771017330674652;-0.01114453746438404;-0.9748208430752696;-0.9897458393549781;-0.9900089460498648;0.05571012421593713;-0.9482077940295597;-0.956057305671213;-0.6931830319959336;0.02562177088601825;0.004557868683445735;-0.5095057775294357;-0.9566627463162897;-0.9998776603371007;-0.99717674155856;-0.943671449591884;-0.9999580041896025;-0.9996280814663187;-0.002645681163862111;-0.053703692652974463;-0.5348337171620466;-0.8974370553833924;-0.12208508979973949;-0.5175458958653508;-0.3400018438201818;0.046148089416643605;0.5;-0.9922057957793983;-0.5177934782892508;0.09102256369234872;-0.0031420302743708998;-0.9997529484600679;-0.09512928042150647;-0.8743625167602022;-0.9944652643954034;-0.04343640546799095;-0.9171990440889342;-0.9651142574059339;-0.9575568012427367;-0.722547253690338;-0.0235741700217789;-0.9254818440895326;-0.8845620214915655;-0.9652543690770067;-0.9997673551986861;-0.9445958370183805;-0.8815385076704216;-0.9714044541586865;-0.9925855391554878;-0.8851430866150874;-0.17632547788750547;0.15762420344112568;-0.9995623394859499;-0.4696663131509138;-0.0862670239539476;-0.09482037433641714;-0.947785634297022;-0.9242160954497382;-0.9997478964559826;0.1370047036047592;-0.029944875140076647;-0.9472011075394396;-0.5312027697402592;-0.046755175607341694;-0.8650829890169655;-0.07256411977995723;-0.998307623092495;-0.989731439352571;-0.999950072153651;-0.9860955743668391;-0.9998217603982601;-0.9668189215816774;-0.9739908282709422;-0.08925680465368531;-0.9902395990698782;-0.9355076196455578;-0.9797607436963058;-0.8368154614292185;-0.8132427664959767;-0.9894949192025179;-0.9857835747181531;-0.045718483821168936;-0.07727973108753543;-0.42056086926749137;-0.9976547729577027;-0.060673476467395134;-0.31056770051826;-0.00575548199938499;-0.048019066134712206;-0.05229598529981443;-0.0856945426810842;-0.05234779404997686;-0.014276156877388752;-0.0011669857202372582;-0.9638219427468658
Historisches Areal;-0.25602774255703564;-0.0006187682056432738;-0.002353807233160907;4.506681978800305e-05;-0.008924814395923946;0.008486042117269506;-0.00011506102943617142;-0.0008951154906431271;-0.00011663192262041327;0.030649290181175303;3.2257597235570094e-05;-0.3077029218821837;-0.00010543430853990842;-0.00025505036696018543;-0.0001870957398480783;-0.0007546738195048513;-0.048899269628734435;-0.23320296510973976;-0.4312420315790577;-0.43769397764652146;0.021428561007335045;0.03252811930413257;-0.14596333559122626;0.002360223675740275;-0.12876499018055937;0.006945730353116977;0.00034161795746831384;-0.14778103153532238;-0.9846630836504696;-0.05882327418417053;-0.11629701884757866;-0.1311957155547555;-0.0878523080728296;-0.009969337387190936;6.546576054603043e-05;0.0006522107761855057;0.0019687492391747504;-0.0010912042794055856;-0.00835638622308114;0.0008278486977951258;-0.05254118160194986;-0.007794204220601714;0.5;0.00215424518771989;0.043345549864541755;0.00293014011259737;-0.00029103199989553765;0.00018394757042389655;-0.0518353555507434;-0.5853102117203758;-0.000356578508322067;-0.08005019526905799;-0.178523679652251;-0.15054514729009325;-0.02004714042645051;0.0056708013331776734;-0.08888883126399529;-0.005129906865013585;-0.17913597707397463;-0.12675652553663555;0.026878730325399936;0.0007323241970921047;-0.024118591559082775;0.18112955792113158;0.0021436672970193585;0.00029144929838776826;0.21643642592384119;0.16810147265484487;9.76112588519436e-05;-0.0007410944588560816;-0.000822204200382821;-0.12479568937618307;-0.08742490771903598;0.21693185208163426;0.1437261305163057;-0.00024243248522821178;-0.12351803899536519;-0.008822602344364513;0.00010530809722628196;-0.047953387776845845;-0.0006142444119446624;0.18746025226565904;0.06215968488130255;-0.10652815549473843;0.05219951706282244;-0.09466556848659065;-0.019753292711697883;-0.22730398063750987;-0.0007692742603110595;0.178151789353869;-0.10229250096288445;0.011306565331813276;-0.0387230226643173;-0.033075422296698236;-0.4252606086944741;0.03019702983516931;-0.00037620270606636246;-0.14229361080393976;-0.00566920228393891;0.12863802714492917;0.00016866602041631538;-0.0035261484225790614;-4.5471446276433985e-05;5.997779106050172e-05;-0.0004332887719153339;-0.0007357194512133799;-0.00043374153896182723;-0.00011375661609311611;-9.177802096351581e-06;0.024875597483051293
Huegel;-0.9760752971023073;-0.06838190549151336;-0.21857013921462137;-0.030269674159631485;-0.516341997764689;0.01096068897746001;-0.013458604287827833;-0.09601432272563702;-0.013639865379384232;-0.9878092855775159;-0.019246472901036125;-0.9813752901897554;-0.012346358907496163;-0.029356414104333012;-0.021703126854864464;-0.08217739855847057;-0.999278728998026;-0.9730127637076312;-0.9889974061655022;-0.9892795085503131;-0.989202715287324;0.09237165149989135;-0.9529668519466116;-0.6778347084522818;-0.08742690507361152;0.00414645565604541;-0.49170668828914615;-0.9536128067795603;-0.9998686328268064;0.04592274737812772;-0.9397647905150834;-0.04836114220553875;-0.061329823315285324;0.0019418090543616396;-0.050198018940116156;-0.5170825909198195;-0.8906952319050897;-0.11465645989799213;-0.4997521080060821;-0.3242102060660773;-0.011472999236029034;-0.4822065217107491;0.2553886626321739;0.5;0.053734553351637834;0.0035054891100715093;-0.9997347208340533;-0.08917425276570563;-0.8663298403809707;-0.0120854850637449;-0.040572224609885375;-0.9116283291983278;-0.9626358780397207;-0.9545667942857965;0.16554060010397886;0.0037756818011521805;-0.9204200330327711;-0.8770897862609247;-0.9627855598109576;-0.10453718613764584;-0.9407492633554674;-0.8738984622030372;-0.9693587600291019;0.08589935924585;-0.8777032632839656;-0.1662213199087067;-0.03237839839023314;-0.07216286602251276;-0.4519765159881635;-0.08081721888540211;-0.08888278454262999;-0.9441474257601294;-0.9190758235975793;-0.035183438044299166;-0.0537870668789729;-0.02794433202394271;-0.9435245970645874;-0.5134391373994521;-0.043682149661407384;-0.8565543563814524;-0.067915634853758;-0.0371300062825543;-0.9889819668324613;-0.2125477601457028;0.03196200716997617;-0.9998086087906257;-0.9644571862920718;-0.9721248510566531;-0.08363541221136296;-0.9895268231858202;-0.9310761134548794;-0.9782994949614484;-0.8268575678174738;-0.8021864484871342;0.018632600811875684;-0.9847503986431904;-0.042710542444946126;-0.024832557373765593;-0.40331405272391546;0.035547378153915024;0.020961178546029528;-0.29553100369504615;-0.005362039742789634;-0.044866879763534255;-0.04887745764850663;-0.08027772594972829;-0.04892605456122851;-0.013308041378886602;-0.001086868193012518;0.07694918818005214
Huegelzug;-0.00017365092295548636;-6.526218789496414e-06;5.315445381911945e-08;-4.15397254861358e-08;-4.490410773980279e-06;0.03642629400311745;3.2149333855967096e-08;-9.443468852442726e-06;-1.0623697618318255e-08;7.65295845168539e-05;9.869683571360583e-08;0.0004349325145471659;-3.935716914649011e-09;9.108632602538143e-08;4.353296915681177e-09;-7.960701944756273e-06;-0.00016927998838627302;-6.78961596279516e-05;-0.007928738977313846;-0.008137982628897542;0.0004638525074462408;0.00011587975261308282;0.00016787996355816193;4.424937255927488e-06;-0.09204329381057169;0.012723635576570986;-1.0807289295137887e-05;-0.0018244924446889719;-0.40360207676398285;0.0015825745065505064;-0.00014062161666987842;-0.026558414809604785;-0.02330381903388763;0.006845785674846247;1.4087767757455803e-07;2.897347223896508e-06;2.5425470145703667e-05;-1.3290518266762603e-07;-8.881615617379518e-05;1.573467191710178e-07;0.06488440547111109;7.536795776190527e-06;0.0004568905539890827;4.777655417413723e-06;0.5;0.010411173599877607;-0.034457843201239784;-3.348471312651982e-07;-1.787399553719917e-05;-0.0003609081576490105;-3.7598981555084328e-06;4.926057318367548e-05;-0.0022854658806088102;-0.0001465260951036674;-1.639096881845785e-05;-0.10087700520115889;8.37879934020663e-05;-5.564739177414272e-05;-0.00039180056444892893;-0.26244472898907695;-2.9973178024117355e-05;-0.0006157923013245084;0.0001332715966476092;-0.00017406526099542457;-1.6545731796735986e-05;5.685880430447133e-07;0.07918902700965452;0.018365039765035254;-6.0865756003121925e-06;-7.817354492010134e-06;-8.673628411317344e-06;-0.0015007403046621232;-0.0010087787055728045;0.01889619414637853;0.035591087733264554;-2.5560106911727694e-06;-1.9831397330985164e-05;-3.7820402576323e-06;-2.678447867711131e-07;-6.86535260938107e-06;-6.4784768056148726e-06;0.0034388111014571846;0.00020963999844078563;-0.19322658744223298;-0.0010565423619250307;-0.07358569044136828;-0.0024068320973948637;-0.0003102622833270178;-8.114832500235107e-06;0.000725549311861262;-0.0011996520250228118;-9.716860898463408e-06;-1.0719402592204208e-05;-0.0003604324625317948;-0.000676222678995777;-0.00028955795779350636;2.2687675328373198e-07;-0.20990407065987599;-6.0094209346227844e-05;-0.005511285583040816;4.517649377491598e-07;-4.245502703967066e-06;1.7758255264344445e-08;-4.176585047348762e-06;-4.569107005666426e-06;-5.126156730750203e-07;-2.371701899025936e-08;-1.199204399760126e-06;-9.674093826996379e-08;0.0005005012536439648
Kanton;5.595132062667538e-07;-1.009456558615625e-09;2.796803250730666e-09;-1.0866551280617773e-10;-9.503143712312558e-08;0.07474815206891343;8.685424053714631e-11;1.3122531373974046e-09;1.5047369410142589e-10;1.898658785591076e-07;9.140720058365971e-11;5.164842539477331e-07;1.3522687215296985e-10;2.8132490223007813e-10;1.8507651841031254e-10;-4.9850414562054564e-11;2.1031866790924697e-05;1.0743060838403298e-07;1.7094899684374958e-06;2.070527437993489e-06;1.241442702227172e-06;1.665746789046709e-07;3.820708880070997e-07;1.5587319605666457e-08;0.0014305848914601023;0.14021771923714516;1.5584588188157674e-09;2.4425929310870076e-07;-8.55991873169396e-05;7.618569394639024e-06;2.6849045452961756e-07;0.00048441093556554025;9.328902212099419e-06;0.1563671960793164;-1.3302181237752004e-10;1.0792107196686555e-08;8.847718314954951e-08;-2.5555525569951655e-11;-1.1500227960459973e-08;2.183059677954812e-09;0.0055334696043720915;-8.507622484080328e-09;1.0099879949006558e-06;1.019224755902622e-08;0.00034045510389777225;0.5;5.664737362888984e-05;9.22646630112316e-10;1.1015448490735403e-07;1.4866368239528311e-06;4.923493253027923e-10;2.1248318546051117e-08;5.010490037443347e-07;1.6296931184072923e-09;-3.4719109690259564e-07;0.007446177464608316;1.2115682717195344e-07;7.482786468035013e-08;3.146145953740541e-07;5.6766080794828664e-05;-8.441698954603948e-07;1.1851136054347927e-07;1.8574865608033954e-07;2.6526938911889447e-06;9.549173975822042e-08;6.493409941216183e-10;0.001033948396716051;5.448422359516071e-05;-1.3174602774702376e-08;-6.214941188939295e-10;-6.136712254391155e-09;3.148860762558697e-07;2.312174639446619e-08;0.00013203947078584724;0.0001630159876980377;1.988844172447387e-10;2.0004871290997671e-07;1.5383791068317032e-08;3.3247546676961373e-10;9.388671374177082e-08;8.782545348542829e-10;1.1188826892562586e-05;1.2713642730017467e-06;-0.005781579007498645;-2.0834083869796132e-05;-8.245761509438788e-06;-4.246553416148537e-08;2.734420401591281e-07;1.1163816103125828e-09;1.362660546803872e-06;-2.3514303489440816e-07;-5.409262111252344e-08;1.7514298403655096e-08;3.3933423329382985e-08;1.7588999928380855e-06;7.020687789154569e-07;1.8519269047400566e-10;0.003203540640287677;9.521501003737085e-09;9.283986991376584e-06;1.0445605836377841e-10;2.5825527786794e-09;-6.820488138368189e-11;5.505356358902039e-10;-6.267849066391307e-12;8.73021454191073e-11;-5.3509805370314e-09;-1.276591055441577e-09;-5.2258998709719065e-11;4.0297751568480243e-07
Kantonsgebiet;-0.0006187854596337618;-1.9476602135300975e-05;-7.495811036025584e-06;-8.282692525606965e-06;7.465117220387159e-05;-0.348776052966892;-3.619941121887266e-06;-2.8182570462025578e-05;-3.669368658775327e-06;0.0015711665183013698;1.4057596493517276e-07;-0.013789032648309916;1.6155235046913628e-07;5.3640553032171565e-08;-5.886639698149225e-06;-2.375755213659268e-05;-0.061741972694621124;-0.009476398637568318;-0.02329600252423384;-0.023901025923370966;-0.0034788199539105076;2.5667041682353824e-05;-0.00534765553547407;-6.819952529408823e-05;-0.31819169048637236;-0.4124081452739496;-0.0002566247997475528;-0.005425374510082715;-0.6688349474525009;-0.08027398918894448;-0.004122806000665543;-0.363502786981686;-0.39910329928786503;-0.08334133400304465;-1.402380242326279e-05;-2.0578513026714327e-05;-0.00024890485571836383;4.992941491486916e-06;-0.0002650163236445813;-0.00012728526726894072;-0.3758631759303242;-0.00024705153993202924;-9.155152736534047e-06;-0.00026527916594663213;-0.10283602428467135;0.005169836469502257;0.5;-2.5978332177345778e-05;-0.0017168048655653825;-0.042512882277421477;-1.122096037517146e-05;-0.002729832137857465;-0.0067899524883104564;-0.0003481307192381424;-0.00010312762479506448;-0.3231798530725667;-0.0030596366587380707;-0.00031937740391812044;-0.006818129238272903;-0.515020118478838;-0.0041953928333272215;-0.0018355282291445032;-0.008324652019280933;0.0015098882883528533;-8.1995605716559e-05;-5.289703568507281e-05;-0.14320028057474862;-0.36076687918007166;-0.00021879633164541837;-2.3329759238846028e-05;-2.5885140419113122e-05;-0.004465512366790052;-0.0030045856089217283;-0.06904936567614095;-0.07465143996432848;-7.6281223629231315e-06;-0.004413582199501411;-0.0002799294407689306;-1.2120341159233168e-05;-0.0015819703800291638;-1.9334124584167565e-05;-0.01678279990653472;0.004125311357472925;0.5330731772728895;0.0021207717811371264;0.356183198076225;-0.007148808728519838;-0.009169017361036825;-2.4217524858633018e-05;-0.000251843745661323;-0.0035717399417198622;0.001250557890085182;-0.0012655973875115591;-0.001074906209892718;-0.022746586829306095;-0.0014999790253424946;-1.1838727862948308e-05;-0.964173344007853;-0.00017932383841194754;-0.0951218651253018;6.876273916736813e-07;-0.00011130410728682351;1.2838309898258313e-07;-1.2464501598216194e-05;-1.3635924222415848e-05;-2.3160432573784527e-05;-1.3650179131065732e-05;-3.5788983828217105e-06;-2.887137047237369e-07;-0.00019439964320295522
Kapelle;-0.9976059872515679;-0.42847998915650887;-0.7407251265453211;-0.24174937736297322;-0.9159962271492215;0.0014554739320892904;-0.12230004255512418;-0.5203495304894278;-0.12376328775786646;-0.9987931985875602;-0.16697297486993704;-0.998145390919736;-0.11322526819948442;-0.23600846604942174;-0.18473398617729278;-0.4776737139705309;-0.002175313821287463;-0.9972918897452312;-0.9989119938848572;-0.9989401623688159;0.16803656135902836;-0.9942904506223662;-0.9951911972884337;-0.9555362297679268;-0.022494255570763136;0.003116412253649325;-0.908094115124692;-0.9952601259099916;-0.9999871369930519;-0.9997024383742693;-0.9937638203597088;-0.017545918072426597;-0.03075731733440095;0.0018950415246980577;-0.3505736303010781;-0.9162241468809913;-0.9881279060607249;-0.5694785213864478;-0.9107451770753038;-0.8305132694138128;-0.007103917285527959;-0.9048707195784936;0.22273904761366065;-0.9108257472342944;-0.03846637155138681;0.0032412302119846107;-0.9999740216678227;0.5;-0.9851185965661597;-0.9994152356295652;-0.30164134749356636;-0.9905985010886885;-0.996214269663514;-0.9953617709125051;-0.9611972101848751;0.00757258674937582;-0.9916061523055727;-0.9864658755137315;-0.9962299622250105;0.015122507472419566;-0.9938714986821449;-0.9860693605436232;-0.996914795059295;0.11549792749753045;-0.9865418046176295;0.28460383908722514;0.10127879374231107;-0.022581485734523676;-0.8938866707176394;-0.47314195324070096;-0.49910154324184236;-0.994241630816039;-0.991453203831658;-0.015330973603117951;0.12069099868781195;-0.22698062800780047;-0.9941739704900242;-0.9150976300332273;-0.3181272618336235;-0.9838685395024567;-0.4266829105343899;-0.9998218101402571;-0.9989104518188094;-0.09681859155996367;0.14479614372886188;-0.0656325990912177;-0.996404917226583;-0.997200491341188;-0.48246019131824475;-0.9989648453204754;-0.9928046395954615;-0.99783299430665;-0.9799107596519845;-0.9764264793792965;-0.9988851176308974;-0.9984861649464506;-0.3130495299462388;-0.025131536539366832;-0.8734798937339956;-0.9997529271815263;-0.3805766779841556;-0.8107803515218275;-0.05218940864415015;-0.3242317629607665;-0.34421481283324945;-0.47132641992633173;-0.34445070889771645;-0.12108130078376217;-0.010991200555784753;-0.996069338180546
Kehrichtverbrennungsareal;0.07440305996484234;-0.01119859531897692;-0.04137159935328099;-0.004793153272157967;-0.14142564783406997;-0.007155858992022645;-0.002100500111020419;-0.016123753197042647;-0.0021291198793364726;-0.9259393686311435;-0.003018766004048234;0.05992227815504397;-0.0019250790355716898;-0.0046448583403596025;-0.0034112912375668194;-0.013626559087691968;-0.059808988400044304;-0.8476313283837235;-0.9327468650158464;-0.934375510817737;0.021344628222768704;-0.724568943874982;-0.7576497190825329;-0.24507544406795806;-0.044950151190617994;0.005387660699051096;-0.12987473969704066;-0.7603034477508842;-0.9991492086489145;-0.9806769025072607;-0.706507580477427;-0.11178275345998202;-0.9974173912803167;0.003952932114702985;-0.008088678006160225;-0.14178613771890217;-0.5569941730195788;-0.019590495089467464;-0.13355537531440068;-0.06892117847080377;-0.015762972574476338;-0.1256374832397979;-0.9481646444492566;-0.13367015961902942;-0.031017847598003984;0.005845639588688714;-0.9982831951344346;-0.014881403433840354;0.5;-0.9627114329817801;-0.0064825107173752065;-0.614149993350867;-0.7990028599941296;-0.7642501611970967;-0.2723044061111384;-0.03360269141476923;-0.640878078723146;-0.5240476329598723;-0.7996716444018196;-0.9983831715005305;-0.7101284529559291;-0.5167403185044033;0.14451545615412573;-0.9505832593608289;-0.5254698763687071;-0.029842111779348993;0.1943082254549454;0.27965783448011045;-0.11288766998154598;-0.013384469471193337;-0.014828809812479658;-0.72285669303068;0.07944388177617201;0.2437684794622172;0.18704766232433295;-0.004416026649451128;-0.7204967115745788;-0.1400203516314997;-0.006998465927446352;-0.4795292397248917;-0.01111758322611595;-0.9883396595822556;-0.9326578670719768;-0.9996526350974991;-0.9106381431001194;-0.998760874077094;-0.8072029446577401;-0.8432826366156572;-0.013886727107858222;-0.9358072367359294;-0.6757805479088372;-0.8743070802937112;-0.42424464580545135;-0.3848827135042431;-0.9311981322483041;-0.9087895769517482;-0.0068369680378884325;-0.16663413553643383;-0.09444196724033653;0.06805053993172532;-0.009195974393763117;-0.06079301347241518;-0.0008311034741804912;-0.007195761795938485;-0.007866713732544705;-0.013288614099041317;-0.007874872895054296;-0.0020767341029167196;-0.00016785235790721164;-0.7928776701451847
Kiesabbauareal;-0.19602449469507877;-0.0004384737233255846;-0.0016688074278142521;-0.0001865118876325495;-0.00633968639365477;0.007784171248781867;-8.152298289078785e-05;-0.0006343510280812097;-8.263602918425698e-05;-0.32626162187143637;-0.00011726572702492137;0.024456179068782523;-7.470205378948952e-05;-0.0001807155329247633;-0.00013256376352121678;-0.0005348008331265233;-0.10870879930177163;-0.17727435632831565;-0.34946385358281673;-0.3554569477710493;0.010579222158386033;-0.09247125704994381;-0.10801011604053709;6.440783244635064e-05;-0.009033732365848878;0.00731015640508793;-0.005748028841707008;-0.10941572888045761;-0.9784885880119685;-0.6628174105197738;-0.08528727215900446;-0.060937569670669066;-0.9373388001463326;-0.00019862249097757129;-0.00031575272923022046;-0.006358396097943102;-0.046437613192658586;-0.0007733595757616886;-0.005934920999687456;-0.002858922735870923;-0.05223434639947064;-0.005534735604596638;-0.4146897882796241;-7.222621284234986e-05;-0.024258630288758822;0.003055725244599327;-0.9574871177225784;-0.0005847643704346941;-0.03728856701821993;0.5;-0.0002526606147040585;-0.05807029056752999;-0.13342685426849196;-0.11155618808798472;-0.014286803083062065;0.02551271996480742;-0.06465260196383472;-0.0005829443454395531;-0.13390969267124622;-0.959867303787447;-0.08666449868450128;-0.039769211174749866;0.0010819625157432965;-0.4269562689385955;-0.04112678756141224;-0.0011900071663383457;-0.04394984811526234;-0.18779446939382427;-0.004904696455688256;-0.0005251757177189121;-0.000582667820252764;-0.0917551251892259;-0.0051271859360843535;-0.05979168897083409;-0.14539823216094017;-0.00017177452097700353;-0.09078065521621011;-0.006266893487886642;-0.00027290655024584537;-0.03445642384303133;-0.0004352674824764184;-0.7665203096668666;-0.06055538589465288;-0.3639770523590213;-0.28300277401685314;-0.9689628743206767;-0.13953830611481338;-0.17247190275003244;-0.0005451497800358358;-0.3608797275670542;-0.07470129615657671;-0.2122397818376978;-0.027748317339758195;-0.02366193515473932;-0.3439308064718389;-0.059316509742303;-0.0002665672455169655;-0.15744226789088292;-0.004023254452203101;-0.7030498891817836;-0.00035936308091198303;-0.0025008316892568124;-3.221675275884995e-05;-0.00028065372891667903;-0.00030702202522506976;-0.0005213659077945793;-0.0003073428898373393;-8.059874995486588e-05;-6.502451032492513e-06;-0.1291261180079252
Kleinbahn;-0.9989645483088722;-0.634469297168438;-0.8686682697120818;-0.42467319153145355;-0.9618981088663596;0.010761432909885205;-0.24391512326059833;-0.7152330258706384;-0.24642489558748337;-0.999478389895461;-0.31696818503383156;-0.9991980957269921;-0.2281622173215883;-0.41697715095101945;-0.34409379904494736;-0.679206918118008;-0.9999694778510537;-0.9988284864173825;-0.9995297679836556;-0.9995419496271125;-0.9995386342269609;0.6044728469397198;-0.9979172491645699;-0.9802971424470547;-0.9999993543258737;0.0041123771922504295;-0.9581164846256561;-0.9979471835883738;-0.9999944440538017;-0.9998714527783851;-0.9972968370200973;-0.9999980929441704;-0.9999831056274752;0.004407918873222139;-0.5555140290550402;-0.962006652912665;-0.9948372800781974;-0.7538436219581366;-0.9593891599054652;-0.9189945196160337;0.06992741608733155;-0.9565635945320091;-0.999643421491678;-0.9594277753901147;-0.9999962401018445;0.004004381734786271;-0.9999887790396248;-0.6983586525064337;-0.9935174892826247;-0.9997473393852959;0.5;-0.9959174161368302;-0.9983613092101757;-0.9979913218419076;-0.9828621858001712;0.05620884564886532;-0.9963570833172094;-0.9941089266821603;-0.998368116469267;-0.999989433532012;-0.9973436748209983;-0.9939349566875688;-0.9986650709283947;-0.9996609182809046;-0.9941422313851834;-0.8250011657859213;0.14777452661001664;-0.9999801180545974;-0.9512265157993153;-0.6752348792226537;-0.6976010589606305;-0.9975046306549714;-0.996290380063578;-0.9999885495248306;-0.9999918346064233;-0.40469375372081673;-0.9974752129261257;-0.9614698749989086;-0.5192660907026395;-0.9929679138215158;-0.6327647989152851;-0.9999230268422691;-0.9995291010959363;-0.9999977327283239;-0.9993601236032919;-0.9999919049761407;-0.9984440017718864;-0.9987888849921985;-0.6833707580508286;-0.9995526236088688;-0.9968793597059572;-0.9990628537800796;-0.9912227072299811;-0.9896797095607398;-0.9995181448097694;-0.999345567964993;-0.5133951205048913;-0.9999995830481799;-0.9411204860277977;-0.9998932671065542;-0.5871977148108497;-0.9084273905128661;-0.11306778724877492;-0.5262514598816975;-0.548577961752657;-0.6736353834672693;-0.5488366983785766;-0.24181836495048084;-0.025084170550982512;-0.9982984337912315
Klosterareal;-0.79817828714345;-0.0070651161408085816;-0.026398385394904696;-0.0030167538970568668;-0.09378347169186489;-0.004812464693525584;-0.0013207055722753733;-0.010191100420355745;-0.0013387147249529945;-0.8870678400827892;-0.0018987209377233187;-0.836277125723265;-0.001210329237154415;-0.0029232573878632136;-0.0021459220063233756;-0.008604700327738544;-0.07045743078281329;-0.7775338551531689;-0.8970510686297386;-0.8994509622805108;0.04006295198974831;-0.6230347044305117;-0.6626322476396227;-0.16940609983386848;-0.18756009531593074;0.005730271466696;-0.08573516536383956;-0.6658675692593918;-0.9986464932115174;-0.9695914633582066;-0.6019727345137657;-0.9995350026741443;-0.9958955835230411;0.0037051843466376286;-0.00509717360076445;-0.09403582366902956;0.03475526134360447;-0.01239834644394973;-0.0882918205762806;-0.04443943470391059;-0.023740426556394682;-0.08280095591106583;-0.919949804730942;-0.08837167080167209;0.053707326494247906;0.0007084325064779728;-0.9972701678621426;-0.009401498911311534;-0.38585000664913294;-0.94192970943247;-0.004082583863169814;0.5;-0.7140800856702728;-0.6706957380648091;-0.19034766603711473;-0.02996017530022502;-0.5285655631356392;-0.4088973186324742;0.05315703681474534;-0.9974289848981204;-0.6061643617104799;-0.4018400267368455;-0.7541013000135379;-0.923578803621545;-0.4102764388371728;-0.018959125291501212;0.2345097356308459;0.1887135923932711;-0.07403017698823776;-0.008451064709045962;-0.009368088109672105;-0.6210213964812457;-0.5240252546261075;0.1885030483634935;0.20426074744882441;-0.0027790045821161954;-0.6182522077244874;-0.09280041022612763;0.0013922857927907673;-0.36662588734916424;-0.007013794070523933;0.22289269452918065;-0.8969200537390483;-0.06560112626367293;0.19848897936355842;-0.04071188200529875;-0.7245503757018185;-0.7717233305337647;-0.008769839902410079;-0.9015643647366189;-0.56700877197327;-0.8137857754343716;-0.3164438403241067;-0.282181800162825;-0.8947730535386484;0.059021993019107655;-0.004306384335185719;-0.13485463873456172;-0.06149361570596747;-0.9746213354261238;-0.0057973426645477125;-0.03907732780414689;-0.0005223160290342162;-0.004532983011703475;-0.004956890023477496;-0.008390240373107044;-0.004962046282401511;-0.0013057509673838359;-0.0001054626321204121;-0.7063181814398085
Kommunanz;-0.6129344462690265;-0.0028409295513367916;-0.01073999340919525;-0.0012101066421860262;-0.0397886008284313;0.01797556406861473;-0.0005292337643148601;-0.004105636394939667;-0.0005364561978999326;-0.7587522344768696;-0.0007611203513892119;-0.6716156423492844;-0.00048497158538344197;-0.001172536654959578;-0.0008603409174071867;-0.0034632170532224314;0.04885513391475809;-0.5832352933328366;-0.7772299831952486;-0.7817434855308427;-0.780509901442358;-0.3982327101667873;-0.44022799574366783;-0.07549963901408452;-0.999606781821608;-0.16639345927938615;0.0029338604776654527;-0.44380591295573046;-0.9966264776281307;-0.9273628263123374;-0.3771666803789149;-0.13655269462226502;-0.9898119091887864;0.007362910297862888;-0.002047181051928584;-0.03990206103918335;-0.24028785746054931;-0.005001518282350039;-0.03732847355252336;-0.01828079496081619;0.10320336132345027;-0.03488574259406611;-0.8214763203477491;-0.03736412196027926;-0.9977145341193911;0.006688852181525746;-0.9932100475116896;-0.0037857303364859894;-0.20099714000587038;-0.866573145731508;-0.0016386907898241947;-0.28591991432972724;0.49999999999999994;-0.4491885276458314;-0.08603515737260119;0.09764805130824811;-0.3098337694192755;0.014651948897458826;-0.5010423871209579;-0.993603560466311;-0.38129249319238023;-0.21197064642154853;-0.5511513431454305;-0.828738446675374;-0.21787278273851832;-0.007678582284959748;-0.998987704385335;-0.9880317911434879;-0.031018785889767895;-0.003401066909051875;-0.003772200709805041;-0.3961823696329245;-0.3059529786005674;-0.9930721256355883;-0.9950498740725408;-0.0011145793874027473;-0.3933750953747371;-0.03934695233377923;-0.0017698040314950757;-0.18816121096415425;-0.0028202054560512516;-0.9552019940460337;-0.77698439125303;-0.9986205823159485;-0.7193778884713369;-0.9950923254535665;-0.5129628850101813;-0.575123040321996;-0.0035300337234196654;-0.7857415934278923;-0.3439758696454448;-0.6363405518488282;-0.1563756218370044;-0.1359964426321988;-0.7729716254205489;-0.7148119174963391;-0.0017287536502040614;0.13434984284468068;-0.0255648485227378;-0.9389378337916254;-0.002329371307777747;-0.01602209301099003;-0.00020920250019124852;-0.0018199672708803106;-0.0019906709144050746;-0.0033764648491737747;-0.0019927478305192038;-0.0005232364524982622;-4.2230240344501734e-05;-0.4905724967657759
Kraftwerkareal;0.06451372512687611;-0.0034814145859980964;-0.013137852319526114;-0.0014834710839937092;-0.04835496968885943;0.0035698935732513945;-0.0006488881890513154;-0.005029810239264763;-0.0006577424675309646;-0.03927726378306325;-0.0009331530498415888;-0.7149303081846637;-0.000594624730881994;-0.001437426209061672;-0.0010547763328546513;-0.0042433992301810835;0.03286492761378324;-0.6318167905618269;-0.8105436104564103;-0.8145432057189281;0.02091723813158804;-0.4479679631441148;-0.4909292731512797;0.004767999455265012;-0.11473454212534762;0.0020830331942180537;-0.04401588659413509;-0.4945551990556964;-0.9972471682796953;-0.9399595293334957;-0.42613406247200486;-0.06350944554797032;-0.15853056702532364;-9.56648099088824e-05;-0.0025091664893504275;0.007069683891724708;-0.003713463654630807;0.00113997201366947;-0.045390221747712706;-0.022324253911514148;-0.0077772025746080465;-0.04244319875726337;-0.8494548527099068;-0.045433205714203506;-0.07843697818902504;2.667789437078415e-05;-0.062444046393224824;-0.004638229087494902;-0.23574983880290334;-0.8884438119120153;-0.0020086781580923615;-0.32930426193519086;-0.5508114723541685;0.5;0.016795111374417856;-0.010760447421126277;-0.3550425637047614;-0.0017897334401844802;0.03230371387610537;-0.994777519816699;-0.430425351014748;-0.2480316972571072;-0.6009136865170048;-0.8557786610149559;-0.25461349936958444;-0.009399431171191523;0.1728733794386586;0.11259213704780545;-0.037771311122811436;-0.004167306654558121;-0.004621666893779938;-0.4458512764881069;-0.35088340278856817;0.11730682710153106;0.1258622603644099;-0.001366393637786847;-0.4429502381422776;-0.047822971274934144;-0.0021693301242555535;-0.2213092787752782;-0.003456034455293967;-0.15349170373472146;-0.8103257823101773;-0.13367178105100289;-0.7586564753806699;-0.9959941485206812;-0.5636067755763228;-0.6240406050065913;-0.004325202810409142;-0.08245504720210359;-0.39134164841982033;-0.6821057541619365;0.07953915453994788;0.06319974488268411;-0.8067637350742479;0.11982442646284625;-0.002119032457432455;-0.09552595282793765;-0.031168288045344075;-0.01028560952001145;-0.0028548561820906085;-0.01957592045757683;-0.00025651964934324023;-0.0022307922051718583;-0.002439934941150678;0.001890264195481618;0.0005626766813939136;0.00018916902938707585;-5.17837771829902e-05;-0.5414634172267583
Landesgrenzstein;-0.9438902343348055;0.012624913955715274;-0.10340539904317998;-0.012707175236738814;-0.3056496981790762;-0.049118552107946176;-0.0055936446309564;-0.04195712189885391;0.0022677187003456523;0.03386754535142567;-0.008026709073021214;-0.955998707711482;-0.005127996355519393;-0.012317059473263376;-0.009064488560474758;-0.035603724748279816;0.11430118638147896;-0.9369738096986124;0.08815577657278328;-0.9743915713685081;-0.9742109125992756;0.11387681399891791;-0.8930994793466387;-0.46453727416278945;-0.06565009447117837;-0.04570049066381593;0.11182243021143061;0.04280946551109555;-0.15907876519278216;-0.9926807710714282;-0.865465211208503;-0.052249530852307595;0.008943849639726694;-0.06495558558206091;-0.021327365962787413;-0.30627946228578273;-0.7706409859444473;-0.0506920764377201;0.12693290090299378;0.037767503490374395;-0.10563239007864024;-0.2774527463096619;-0.9799528595735495;0.06825756554889512;-0.07601332209920006;-0.04923721819138221;-0.16025180020948482;-0.0388027898151249;-0.7276955938888616;-0.9857131969169379;-0.01713781419982882;-0.8096523339628853;-0.9139648426273989;0.145499700506817;0.5;-0.015016936705070153;-0.8266601471943815;-0.7463476804680734;0.033010686310849774;-0.03416910293398147;-0.8674928001205577;-0.7407650194119985;0.07735803699408322;-0.03870422075435817;-0.7474258065220611;-0.07595806473875229;-0.053996920956240826;-0.038869997939133975;0.11192428005173949;-0.03498503703206725;-0.03866897216696892;-0.8745320400006563;-0.8240349863533656;-0.04464901751306895;-0.04201985898057375;-0.011714700792792899;-0.8732371370318954;-0.30318881722361435;-0.018486065163221255;-0.711161820683505;-0.02916788541797097;-0.9956046159130341;0.06602607547933997;-0.11449278518864406;-0.008498090168075394;-0.22036255488967102;-0.9179564125221412;0.05310717694812313;-0.03626806809161258;-0.9749736522855232;-0.8477949299641205;0.041191600403744776;-0.6632005280106233;0.12861210106439008;-0.9730958861721767;0.10598402178248345;-0.01806429973047661;-0.06579103859599691;-0.2179584230358754;-0.09627938512172905;0.00790845491748391;-0.14746809635171326;-0.002217925558387971;-0.019001014559989926;-0.020749713753859398;-0.03473993222178071;0.007907285787518635;-0.005530574651250319;-0.00044843616464367145;-0.9109525635240344
Landschaftsname;-2.4174213736960674e-06;-5.760001113868721e-09;-1.8026719546401856e-08;-2.4254119389377754e-09;-1.790872730208918e-06;0.06813883367348048;6.906100389872763e-10;4.573215019706172e-08;-2.187144728064153e-09;-7.258798078065768e-06;-3.778730677256245e-09;-1.8976671230119505e-06;-2.7601395573606863e-10;-4.937567768293854e-09;-8.799291766389217e-10;4.595009197102217e-09;0.00013582186650492494;1.0069451214539578e-05;4.323568387601957e-05;-2.0445147500012223e-05;7.094213762218715e-06;-6.907870798652144e-06;-1.3545145598550921e-05;-1.122241637210203e-08;-0.0004794146032950406;0.03525969899492514;1.0444249383884292e-07;-5.823825739180695e-06;-0.008383940541039562;2.2866020429363487e-05;-6.961548658315876e-07;-0.0023378873453514136;-5.615877304034851e-05;0.023962641027232612;2.509458412938223e-09;-1.9103468576572108e-07;-2.3457591650424698e-07;-2.3795701946027118e-08;-3.5350179010804176e-09;1.864533084328082e-08;-0.0600834559952633;-1.523636423311677e-07;4.665727240531723e-06;2.620377234350823e-08;-0.007874072901435865;0.017773807499102304;-0.008452678333332193;5.145373060051278e-09;-1.5114413581960978e-06;2.962746104357337e-05;1.6496417193647526e-08;-2.1449517518108145e-06;1.745980041463901e-05;-1.5690316438352417e-06;-2.527571860471467e-07;0.5;4.6731168395080066e-07;6.984359304315662e-07;-9.940956182038937e-07;0.0005701744286685936;4.7856368246995155e-06;-3.271199508041562e-06;-2.1880991546143894e-06;-8.951035534357908e-05;4.553060217686007e-07;3.5263752624624823e-09;-0.003404316691987533;-0.0015746626329395217;2.5292150551395556e-08;-2.631370848947251e-08;-8.176034093475068e-09;8.121006172861734e-06;-2.627221017304115e-07;-0.0027065917372862875;-0.0011970249334714337;3.4509042566295017e-09;-1.5747385121315773e-07;-2.3532172304243182e-07;1.2591470547244912e-08;1.575918460967426e-06;-5.056881223011269e-07;-0.00013301010343038774;-2.1025396311211217e-05;-0.032206859987314214;-3.387946357064726e-05;-0.013867644034883192;4.8498593099768285e-06;-1.0244124008352418e-06;-4.678393994358492e-09;-1.832510174174207e-05;1.4587201763081892e-06;-4.877248743243235e-06;-4.6474616621316647e-07;1.414457490133258e-07;-4.161671786290512e-06;-6.687716450050303e-06;-3.6645698127571167e-09;0.042478300119753766;7.494251285022188e-08;4.206580620121138e-05;-1.2816154777807275e-09;1.846172835438959e-08;-7.360659104244677e-10;-6.389749462863952e-10;5.736770791344485e-09;-4.4202079279152266e-09;-1.0396370652480763e-08;-7.636170568499044e-09;-7.551228021805817e-09;-1.2986848015160689e-05
Lehmabbauareal;-0.7791225760859074;-0.006306283908358533;-0.023612434058988527;-0.0026915593174486607;-0.08450327844522566;0.00930135250876624;-0.0011781224970074905;-0.00909959723628967;-0.0011941897105204864;-0.8750915418252161;-0.0016938412937200485;0.09102413316281704;-0.0010796494837573896;-0.0026081150102259306;-0.0019144195327643583;-0.0076817876046696805;-0.13988594766044957;-0.7571220549462476;-0.885997416797248;-0.8886229946625517;0.026489687148443325;-0.5958161459913544;-0.6366051812879997;-0.15391373884549864;-0.12010507899278337;0.006338680047638885;-0.0771835484188551;-0.6399544796968921;-0.9984827163771235;-0.9660315591000719;-0.574272568184361;0.06553766164192319;-0.9954004746057712;0.0014920597191264956;-0.004548740894553537;-0.08473299418133941;-0.4133326046337994;-0.011073084014970364;-0.07950736785661218;-0.039827408656181874;-0.04089356090999657;-0.07451815591046744;-0.9111111687360047;-0.07957996696722892;0.08147761380626983;0.003602833914272302;-0.9969403633412619;-0.008393847694427269;-0.359121921276854;-0.9353473980361653;-0.003642916682790536;-0.4714344368643609;-0.6901662305807245;-0.6449574362952387;-0.1733398528056185;0.005821781484522408;0.5;-0.3815646201410783;-0.6910571271073677;-0.9971183124051306;-0.578551675893393;-0.37468004961503526;-0.7322797917683386;-0.9151038815731505;-0.3829112712460952;-0.0169446116825821;-0.04369105316548508;-0.9945914851997949;-0.06656107107656876;-0.007544505051694651;-0.008363987622000994;-0.5937522561725918;-0.4954471932176591;-0.08334756465599906;-0.9977716797035687;-0.0024793747382418274;-0.5909150674905249;-0.08360851934578968;-0.0039337581316573065;-0.34049117907463805;-0.006260439355182589;-0.9793799498846726;-0.8858541247836659;-0.999380272035748;-0.8509757243645536;-0.9977908411958464;-0.7011457357802913;-0.7509491668173159;-0.007829354714921365;-0.8909363896275363;-0.5387398231301809;-0.7958267458438397;-0.2922358274290929;-0.25959942232189037;-0.883506573910262;-0.8480988363256149;-0.0038427083255876612;-0.13972961660081407;-0.05521393693320596;-0.9716330469106892;-0.005173966728030306;-0.0350014096188909;-0.0004658866987958111;-0.004045007840339296;-0.004423484082827114;-0.007490156154887394;-0.004428087951131691;-0.0011647805048620565;-9.406455283732915e-05;-0.6820441974185427
Lokalname swisstopo;-0.8511276596502991;-0.01018129126358907;-0.037717870646108764;-0.004355170199267708;-0.13013519125705306;0.000976457572939231;-0.001908091364510302;-0.014665673303137818;-0.0019340946031564863;-0.004354101776010795;-0.002742473985299163;-0.04511791530432052;-0.0017487109459364434;-0.004220368521342358;0.001001463776147573;-0.012391457704560672;-0.04745448942552075;0.01813607919863607;-0.041694367163530796;-0.07254891257733145;-0.009864351808872825;0.002289287032062239;-0.7395386843651003;0.03775595181940836;0.017998092513986957;0.00517725187408908;-0.11937821133797684;-0.7423232812962299;-0.26531708383572417;-0.017295252754838883;0.005356572248864621;-0.02592574667150781;-0.06752462765302429;0.004024186798243805;-0.007351784923080205;-0.13047127543637757;-0.5331281585572194;-0.017824595390015227;-0.12280335939989039;0.011029174797679338;0.01139989962955465;-0.11543797850843453;-0.08522360146456999;-0.12291021373907537;-0.08770564635673178;0.003606499954524857;-0.1686668517290766;-0.013534124486268497;-0.47595236704012767;-0.013669110578960508;-0.00589107331783965;-0.5911026813675259;0.05289889236948201;-0.0052694491095855445;-0.2536523195319266;0.014102693340429953;-0.6184353798589217;0.5;-0.012509901626706052;-0.01256336443960105;-0.6899195436348688;0.022944858115688412;-0.021108726231210666;-0.015566777293813111;-0.5014257364073632;-0.027177741268013415;-0.12122041203058881;-0.12403754189751534;-0.10360058023105391;-0.012171040157938724;-0.01348622721177085;-0.7031642315302834;0.013853670810498294;-0.12300231868477529;-0.1539301594123075;-0.00401236527108451;-0.7007059916745134;-0.12882525079841495;-0.006360256267617755;-0.4555690953624547;-0.010107563253252658;-0.1327967644455292;-0.04161201311619742;-0.1798769810841616;-0.008859005028236885;-0.18157550040060147;0.011924207423416664;0.03191128323741058;-0.012628346193578126;-0.044209327981037785;0.0323622848493542;-0.009088205192135419;-0.4009190108424995;-0.36235920364868673;0.02564784373260722;-0.006927246888012439;-0.0062133936694613815;0.01945094117656525;-0.08652436721855145;0.05924643997657873;-0.008359054732535884;-0.055523428308665364;-0.0007548852724300438;-0.006539678665569358;-0.007149896233638674;-0.012083768550979132;-0.00715731729403332;-0.0018864982404214233;-0.00015244980178720505;-0.011509412246873806
Luftseilbahn;-0.6119447723348655;-0.0028291422440111943;-0.010695783620453642;0.0002952859626606577;-0.03962960636725197;-0.01829899663801549;-0.0005270328498703973;-0.004088623205303166;-0.0005342252637119205;-0.011640186987417965;-0.0007579558258974899;-0.6706953979831586;-0.00048295465427958007;-0.0011676635744473864;-0.000856764214271009;-0.0034488567414856677;0.05338913990495785;-0.5822214414584037;-0.7765072173632259;-0.781031237923963;0.002491987341954863;-0.3972339291200214;-0.4392007611470143;0.009798302176864799;0.010227716048858722;0.0048847283815293754;-0.036043829818042175;-0.4427769334264712;-0.043808306114833225;-0.9270814599260985;0.05339264247388705;-0.005323419605622213;-0.023255669988645436;0.003934253972024415;-0.0020386803551210057;-0.03974263195859865;0.002674715490797188;-0.004980811249069863;-0.037178929074302675;-0.018206115707871156;0.022543321134307737;-0.034745630922993355;-0.8208640229260253;-0.03721444018904238;-0.17032790294048558;0.004182533684162741;-0.9931818707617271;-0.003770037774989483;-0.2003283555981805;-0.8660903073287537;-0.0016318835307329773;0.021195683825483765;-0.49895761287904217;0.02623416942582121;0.0030944980008939466;-0.005536580909042649;-0.30894287289263234;-0.0034505783789312984;0.5;0.04525025088706816;-0.38030934776227665;-0.21127500426402626;0.03453380774094538;-0.1032347260767678;-0.21716310884600049;0.0014970369531740336;-0.0246263095695984;-0.11338158221157153;-0.030893707934459103;-0.0033869634284858135;-0.0037565640196665128;-0.3951853539048775;-0.3050683084624748;-0.1051616649540185;-0.026295021845660644;-0.001109946910524644;-0.3923805534608106;0.0076643350305417865;-0.0017624530784976415;0.005046235961320699;-0.0028085038929358615;-0.1388267588785534;-0.7762610579861127;-0.1386401061191717;-0.7185353971515765;-0.2166403201190181;0.03677817186220357;0.04258871797035538;-0.003515397332123426;-0.7850388053670486;-0.3430355957453258;0.010648446611539217;0.016685707312936005;-0.1355072572569078;-0.7722390922389456;0.03254155281498664;-0.0017215729075780264;0.022604240550077506;-0.025461184769220345;-0.9386983403437851;-0.002319701570323938;0.008820717261204676;-0.0002083322162932349;-0.0018124083411226127;-0.001982404403671594;-0.003362463043761886;-0.0019844727122805077;-0.0005210604659584015;-4.205453302500097e-05;0.03771076404361197
Massiv;-0.01009136184619655;2.753064363158571e-06;-6.98857082091168e-05;9.445647761606555e-07;-0.00026668656266005405;-0.02040992713723843;-3.4087969073472956e-06;-2.653877326583789e-05;-3.4553414408824755e-06;-0.01984524632211339;-4.903509724939609e-06;-0.012995194021900832;-3.1235665881349865e-06;-7.5571463169108974e-06;1.0526716958715254e-07;2.514729321136264e-06;-0.02803763347996314;-0.008928591825547253;-0.021967035952521096;-0.022538341054083085;-0.0016629924601315221;-0.004242161962637425;-0.005037307228082068;9.895591619381537e-06;0.035085781625877804;0.01108341817586821;2.4440346777724486e-05;-0.005110538998274035;0.14773922838793282;-0.07594734957476708;-0.00032336116358825734;0.03896601253463978;0.05456921759165491;0.00962927157661542;1.1357704628481898e-06;-1.7169714558779942e-05;-0.0004567450638932932;-3.23586614977008e-05;2.5848133363819734e-05;5.441630149890328e-06;0.04640469766542761;-0.00023264480131391502;-0.0037548682701837584;-2.6120934040302657e-05;-0.7375552710109231;0.004878490529736385;-0.4849798815211619;3.699524301972657e-07;-0.0016168284994696038;-0.04013269621255297;-1.0566467987941724e-05;-0.0025710151018797553;-0.006396439533688975;-0.0052224801833009905;-2.0706428837572184e-05;0.020528499275349207;-0.0028816875948694037;-2.2401646225756007e-05;0.00029252094362036484;0.5;-0.003951649799677212;-0.001728650102023061;-0.007842897614944956;-0.03021065735596419;-0.0017900807490662527;7.391175374576177e-07;-0.3068828411866612;-0.14790455074283232;1.7275973469083324e-05;-2.1969004437266316e-05;-2.437534153978488e-05;-0.004206142272925809;-0.0028298292365334433;-0.15193507302979448;-0.22176768645745776;-7.18319031256211e-06;-0.004157215767033448;2.275284992595355e-05;-1.1413390592108049e-05;3.335647898131254e-05;-1.8206418910699337e-05;-0.12069792282428095;-0.0031288203740638034;-0.3095224500385913;-0.016234979065196452;-0.5662183603814487;-0.0007349827663699452;0.00026009529139881215;-2.2804990535128137e-05;-0.023063923029517427;-0.003364107355361601;-0.011139226482450951;-0.0011918652541238945;-0.001012272247875411;-0.021448274486557267;-0.0014136868941096094;-1.1148202944030402e-05;0.03839279635204806;-0.00016886595388349623;-0.016839229492015946;-4.4015751745797646e-07;9.348830740611956e-07;-1.347045638962843e-06;-1.1737477209858653e-05;-1.2840574448216877e-05;-2.1809553872719066e-05;-1.2853997913947675e-05;-3.3701481043721843e-06;-2.718735358960037e-07;-0.006161152190889867
Massnahmenvollzugsanstaltsareal;-0.719852439401125;-0.004601718384511329;-0.01731157312646799;-0.001962111416407294;-0.06300244419156777;0.008736183463851908;-0.0008584827711091913;-0.006645058323243655;-0.0008701945416273558;-0.8361582224811723;-0.0012344533814321855;-0.7684478046225267;-0.0007867057046526634;-0.0019012385000265221;-0.001395292050478257;-0.0056075265256867015;-0.0030756566291263395;-0.6942649413449055;0.08087992453069345;-0.8531998254221198;0.003302867515686271;-0.5178003693597159;-0.5606570429892711;-0.1170094590611816;0.007234434777377041;0.006224165580214722;-0.057428302940796684;-0.5642271702168492;-0.9979182957528051;-0.9539522149685862;-0.49561864487447616;-0.9992844879038844;-0.993696716263962;0.00599165383872524;-0.0033176467575950176;-0.0631777450241135;2.855209561950399e-05;-0.008090560247313562;-0.05919549070374063;-0.029329637173785904;-0.021060641323475324;-0.05540416298161954;0.2006943284668652;-0.05925073664453263;-0.021232028092057834;-0.018286407195603992;-0.9958046071666729;-0.006128501317855132;-0.2898715470440709;-0.9133355013154988;-0.0026563251790017307;-0.39383563828952006;-0.6187075068076199;-0.569574648985252;-0.13250719987944215;0.04343013443822787;-0.421448324106607;-0.31008045636513104;-0.6196906522377232;-0.9960483502003228;0.5;-0.30385197080043624;-0.6658311117951454;-0.8870322056272839;-0.31130181360994663;-0.0124004287293455;0.20390233686260828;0.15224351375224873;-0.04937918173645729;-0.005507107724740225;-0.006106650306118939;-0.5156619433435402;-0.41701423032758383;0.1503717303195522;-0.0090616031146177;-0.0018073274325308437;-0.5127269512606765;-0.06231984834132972;-0.002868626384095489;-0.2733013538695131;-0.004568208480005134;-0.9719093308912492;-0.8496992727467895;-0.9991494524444348;-0.8061903963437483;-0.9969698281259812;-0.6308648965197396;-0.6871546156087589;-0.005715476593630369;-0.8561298669241383;-0.459697573522398;-0.7395405421984614;-0.23122971640871146;-0.20344794610335776;-0.8467367989251487;-0.8026494391736255;-0.002802160502341371;-0.05656574275760097;-0.04083303171864983;-0.9614661641565807;-0.003774299907506951;-0.02574157995492599;-0.00033942000268083656;-0.0029498425551609873;-0.0032261802123150487;-0.005467354920361903;-0.003229541994480116;-0.0008487575563499617;-6.85234568195236e-05;-0.6097713909918618
Messeareal;-0.8547995081087679;-0.010480620489891105;0.007881753705391105;-0.004483987839354028;-0.13348555929247066;-0.02708042833737938;-0.001964671897962338;-0.015094832456177903;-0.0019914446708001717;-0.9212126424043617;-0.0028237264250418905;-0.8837662142422722;-0.0018005739061302242;-0.004345216385455448;-0.003190972149587008;-0.012754928340142468;-0.04270001454303014;-0.8387770056737693;0.20495381541688726;-0.9301465809881982;-0.041275371495289995;-0.7110015447656578;-0.7451386685576421;0.024585962116120966;-0.3712057894075665;0.006040258223999246;-0.1224906355452707;-0.7478838060794999;-0.9990903187286884;-0.9793658054860419;-0.6924281606339928;-0.3040056478766959;-0.9972389599969465;-0.009581684662388184;-0.007568562952088034;0.03121976750824948;0.04113323959303018;-0.01834447256919367;-0.1259923075622197;-0.06474475805970617;-0.034037862624213086;-0.11846149232957845;0.012527640271183747;-0.12610153779696284;-0.9993842076986755;0.005881634736124106;-0.9981644717708554;-0.013930639456376945;-0.48325968149559667;-0.9602307888252501;-0.0060650433124310905;-0.5981599732631544;-0.7880293535784514;-0.7519683027428928;-0.2592349805880016;-0.06801395173253336;-0.6253199503849647;0.023626580153668107;-0.7887249957359738;-0.998271349897977;-0.6961480291995638;0.5;0.19914821063422206;0.21204395891647643;-0.5087444715200006;-0.02796264839132581;0.24401313260312707;0.3763548916965007;-0.10635132919864093;-0.012528127443022233;-0.013881358661667557;-0.7092387965625353;-0.6210433924739497;0.3503797802164556;0.26307689389831207;-0.004131085464700893;-0.7068098874372906;-0.1321470173994557;-0.006547990497012774;0.1140575655508847;0.005135441359073527;0.17429754350845406;-0.9283267404843064;-0.9996285783035607;-0.9050350128951503;-0.9986751401275799;-0.7965631376540383;-0.8342250294430922;-0.012998673871896215;-0.931663821571475;-0.6609345073226813;-0.8667592444554187;-0.4079711597013191;-0.36915103121245874;-0.9267804928634036;0.1723943657560457;-0.006396820896277832;-0.14682149520669976;-0.08886666617318663;-0.04486363361847885;-0.008605276094531045;-0.05707894102678365;-0.0007772964771521964;-0.006732672980576877;-0.0073607654251845655;-0.012438327606588272;-0.007368403727802397;-0.001942439720215459;-0.0001569785757072475;-0.7816611383306895
Normalspur;-0.0064344660812543164;-0.0023148273126824175;-0.008763946398372201;-0.0009857125019491198;-0.032644278510708724;-0.005176112849049275;-0.00043104168156996774;-0.0033461132425767945;-0.0004369246772371441;0.02243113000812588;-0.0006199315713078932;-0.624848152618972;-0.00039498849878123125;-0.000955102581674826;-0.0007007595055288416;-0.002822201629332729;-0.005431343930962535;-0.5326398189754771;0.17198417248291287;-0.7446980634336424;0.013188004817614564;-0.012675407963989003;0.08005416154012736;0.002043278993506084;-0.025491923446068005;0.0017879676269637176;-0.029671022866817304;-0.3938747566936147;-0.2196362428538437;-0.912259779348616;0.066560789498275;-0.025558921612140986;-0.06510190231931168;0.001601468545377131;-0.0016678245875097661;0.005419441663064874;0.009974216843728297;-0.004076939726064779;-0.030611801768061345;-0.014938269745557835;0.00526718217874855;-0.028595545841313512;-0.09038164096466798;-0.030641239970898074;0.047380344839436095;0.0020194175936136174;-0.9916753479807191;-0.003085204940704927;0.02960635224361713;0.005722729974979858;-0.0013349290716052464;-0.24589869998646208;-0.44884865685456954;-0.3990863134829951;0.0059303587717697;-0.00996598809493794;-0.2677202082316614;-0.004761457408068727;0.028241277691913255;-0.9921571023850551;-0.3341688882048546;0.04362533728149098;0.5;0.12301100771665821;-0.1849099331651275;-0.006262237448103946;0.08072890319672006;0.21485396750175764;-0.025407478799883206;-0.0027715230162317747;-0.003074171160003292;-0.34825435362916823;-0.26416500706366036;0.16797603493736507;0.14903879399077555;-0.0009078830852906739;-0.34559231466801277;-0.03227926524933711;-0.001441773141933;-0.15878096983662282;-0.002297932199076408;0.07735577192129167;0.021809239910706508;-0.11113046063899273;-0.6761324059355854;-0.0981438578267653;-0.46170998618323367;-0.00117391932234518;-0.0028766867368963;0.0755186996721836;-0.29923366554696795;0.01331349141842045;-0.13115669054499565;-0.11362144721592424;0.03417881831207902;0.3277996422476389;-0.0014083206613561227;0.014037115970438043;0.0026322822018184644;-0.011207811543866884;-0.001897822528633897;0.0019532710374085866;-0.00017037771713602188;-0.0014826524994260414;-0.0016217691422967865;-0.002751462271379576;-0.0016234618001753334;-0.00042615661444787167;-3.439188795447289e-05;-0.4395377802729152
Oeffentliches Parkareal;-0.24655912253712187;-0.0005884137217808168;-0.0022385287893229707;4.268118054193679e-05;-0.008490457646900602;-0.03223573318342268;-0.00010941385481091056;-0.0008512159758899519;2.3143647341637202e-05;0.042176518043694246;4.594994191845084e-05;-0.29708635557769353;2.138740431695461e-05;-0.00024253420739308456;-0.00017791374367247658;-0.0007176570955512062;-0.004525969363585361;-0.2243239471488152;-0.03334906053578159;-0.42534798576687743;0.0004725316281687598;0.022674702621655066;0.006555851877599946;0.0005823584253764662;-0.11343025730206309;0.006224067744087305;-0.007699632576708055;-0.14155398422078702;-0.9838841671709299;0.02679213096759882;-0.1112234723927412;-0.2831016201909257;-0.11683906783835714;-0.004926615460826366;-0.0004237449802477279;0.0004638658248812946;-0.0008352036343914282;0.00010433480277826279;-0.00794947208497059;-0.0038333825911557235;-0.04315424591287745;-0.007414460844512199;0.172238779029159;0.0006890092508198383;-0.015703123777699703;0.007318143555157235;0.04564167530682049;9.070129754866221e-05;-0.04941674063917113;-0.5730437310614045;-0.0003390817190953128;-0.07642119637845503;-0.1712615533246259;-0.14422133898504416;-0.0007529171456004085;-0.10345225908900925;-0.08489611842684955;-0.000891025063885512;-0.021422937263353002;-0.9697893426440358;-0.11296779437271612;0.011786954985773574;0.031214566516940802;0.5;-0.05443276409091081;-0.0015965302471833392;0.2699811053039322;0.4228196081498402;-0.006571859759363064;-0.00070474333229745;-0.0007818777054721648;-0.11940147726704892;-0.08349192570306091;0.41512166727809424;0.33855430647708956;3.987923262312523e-05;-0.11817159583275229;-0.0083931779680734;-0.00036625012306362156;0.008120490731372058;0.00019051459204706914;0.21166312406836285;0.07560148818226738;0.04378436425193103;0.04794158394021844;0.04676100497016591;-0.1787485157272536;-0.2185855369015937;-0.0007315419095463739;-0.43112381707851344;0.005604875506973341;0.021062814029821818;-0.03689241812581204;0.0019391680241224753;-0.41300773324826845;0.0348154057197919;-0.0003577433305789731;-0.1528817530708096;-0.005392428980824034;-0.12786952545093613;0.00010554583777611631;-0.0033536472096722496;-4.3239568174167014e-05;-0.00037664610913759746;-0.00041202947298606016;-0.0006996317874023024;-0.0004124600341995127;-0.00010817345491396682;-8.727311861848021e-06;0.03130126284028219
Oeffentliches Parkplatzareal;-0.8504035931059685;-0.010123979169105663;-0.037511425173006395;-0.0043305107742845255;-0.12949097653347388;0.005164739125436561;-0.0018972611507675722;-0.0145834898367685;-0.0019231170809499468;-0.9186359884123099;-0.002726920804275985;-0.8801242766800597;-0.0017387837900542382;-0.0041964691404165755;-0.003081615176854738;-0.012321859112288861;-0.08947452584090546;-0.8339902192271785;-0.9260611899866423;0.04362637930811352;0.02921784406642488;-0.7037609078035665;-0.7384386733290387;0.03752381511980056;-0.07506267584118415;0.005552294990743996;-0.11877997603351087;-0.7412309155200841;-0.9990579641274157;-0.9786469035404252;-0.6849283922435269;-0.23298094319471635;-0.9971409466179144;0.001884473834358717;-0.007310282932170808;0.022896683120555594;0.09840625972323853;-0.017725028401166697;-0.1221903414136909;-0.06265850822895125;-0.011050760782978637;-0.11485691338491263;0.03541041533509437;-0.12229673671603428;-0.0259293694458003;0.004576269791434386;-0.04305656368797603;-0.013458195382370525;-0.47453012363129293;-0.9588732124385878;-0.005857768614816563;-0.5897235611628272;-0.7821272172614816;-0.7453865006304156;-0.2525741934779388;0.009141177013916087;-0.6170887287539047;-0.49857426359263673;-0.7828368911539995;-0.9982099192509337;-0.6886981863900534;-0.4912555284799995;-0.8150900668348725;-0.9455672359090892;0.5;0.005872103749728641;0.23706792759378456;0.1546029678918338;-0.10307215650587433;-0.012102664404645542;-0.013410563167980907;-0.7019725074514891;-0.612776398405302;0.20023351927244193;0.10091447699921333;-0.0039896390653776865;-0.6995086158929595;-0.12818656513385618;-0.006324315951594;-0.454154975489849;-0.01005066197117099;-0.9871040899478372;-0.9259640469527964;-0.04831842121819068;-0.9019855790221464;-0.11050405467695838;-0.7908355473704913;-0.8293305922737376;-0.012557433997019531;-0.9294027684685189;-0.6530515859638621;-0.862667236181967;-0.3995500340393822;-0.3610425430057918;-0.9243709801821143;0.09533577112785092;-0.006178278079438691;-0.09872540169049297;-0.08607467874442173;0.17106420996926044;-0.008311914157161964;-0.055225118710858355;-0.0007505956658281434;-0.006502731110818537;-0.007109525773682264;-0.012015877117552311;-0.007116905232899488;-0.0018757903576352272;-0.00015158299232821324;-0.7756321704808012
Offenes Gebaeude;-0.9951372476278562;-0.26910525657054923;-0.583857552514091;-0.13537773481545234;-0.8426447043248799;0.0037246941049468556;-0.06404755474235752;-0.34758575393636;-0.0648653522028891;0.10082297419069709;-0.08961494693885194;-0.9962307903277019;-0.059004589485110094;-0.13172404271523347;-0.10013648578694753;-0.3099237119710071;-0.9998561250183584;-0.9945010337536033;-0.9977870391667785;-0.9978442698800118;-0.9978286932499831;0.17341069539356252;-0.9902566131540046;0.511223735335276;-0.01400909679551161;0.0034263673987669383;-0.8291296640056128;-0.9903955907108941;-0.999973808011224;0.09080159097653734;0.17821579872396434;-0.02967095124009303;-0.06426949789899214;0.002338385682214333;-0.20955164191408185;-0.8430375388743335;-0.976119205139682;-0.3937950448137215;-0.8336412114107259;-0.7064403391077504;-0.010744679561748184;-0.8236745221124945;0.17331396419082165;-0.8337786800912934;0.03207750650099831;0.0011202515140234133;-0.9999471029643149;0.13976839997760193;-0.970157888220651;-0.9988099928336617;-0.17499883421407877;-0.9810408747084988;-0.9923214177150402;-0.9906005688288085;-0.9240419352612478;0.002548731899765257;-0.983055388317418;-0.9728222587319865;0.19427398902909765;0.014837463713453071;-0.9875995712706546;-0.9720373516086741;-0.993737762551896;-0.9984034697528166;0.21139301056712273;0.5;0.11824186061816981;0.0806531283438079;-0.8053321338922327;-0.3060509177469927;-0.3285599892210841;-0.9883440553559062;-0.9827493426572437;0.0850236804428841;0.09359775297659294;-0.12602727211546805;-0.9882079209189376;-0.8410975752698356;0.08623208837856053;-0.9676923273743355;-0.26766355798295044;-0.9996372273298874;0.13354117942548197;-0.10124241468697665;0.1104268710973414;-0.06887264362992583;-0.9927066722010411;-0.9943159811241808;-0.3140398939574565;-0.9978944216813345;0.2832280713531462;0.12876492198039285;-0.9599274340267037;-0.9531429750177531;-0.9977324370252392;-0.9969222767392808;-0.18287156930191276;-0.020710695060520545;-0.7722346398928333;0.1102413970920101;0.10378412868527791;-0.6778649629849528;-0.026329408983012153;-0.19069462323626762;-0.20494351360447155;-0.3045059755128196;-0.20511381762972009;-0.06336739925298952;-0.005428119406690853;0.22067338728656352
Ort;0.0003733181277008921;-2.8869680593350374e-06;8.564465855611583e-07;-7.850392093709489e-10;-6.247864730598561e-06;0.017275641338099373;-2.518568004920686e-08;-1.3826779513697915e-07;-2.589368768810794e-08;0.0008459515546917692;7.221107523551732e-08;-0.0002821911196725055;2.346574338331569e-08;-6.407903790040301e-08;-8.725517903223525e-07;-3.521535420400615e-06;0.0018287268391696102;5.535339704418663e-06;0.0005022283299562911;0.00034571702050751273;0.00031817466478108224;0.00012914942210650888;0.00020926948172516374;1.0076014929462529e-05;-0.1717558802501636;0.020183176218891596;-7.207693298643303e-06;9.363662456260576e-05;-0.23039127230794393;-0.0005556027584950845;-1.2103000421620593e-05;-0.11949273005076431;-0.031187087924314596;0.0013431269567925439;-2.6939379438382572e-09;8.079810353774973e-06;7.051082978112342e-05;4.203894596052892e-07;-3.9290924955718224e-05;-1.4876840349223345e-06;-0.022715779560941163;5.773502497296495e-06;0.0010091989397173309;-1.273489333819929e-06;0.03503029349867823;0.013986771250655972;-0.021225867572685398;3.899982423024715e-07;4.9531324572429775e-05;-0.00028924547305820994;2.457853878865938e-07;9.514929462265596e-05;-0.0010122956146649612;0.00014285683136826347;-5.1506575470252e-06;-0.01929307589125926;-1.9875349345073376e-05;-3.402293575273981e-05;-2.505863218951299e-05;-0.048305286148401155;0.00012733338527309626;6.651104052372698e-05;0.0001004493671157613;0.0013238482078582337;6.691840745406632e-05;9.271438996814883e-07;0.5;0.0387654544361585;-3.88333525764476e-06;4.189009992901424e-07;1.3631582217145827e-07;0.00016064381967810382;7.277446883379529e-05;0.07081167931000482;0.09737571257050534;-3.643209234778062e-08;6.2286330045158e-05;1.7203660099243413e-06;2.4471954009493186e-07;9.820159659573105e-06;4.956203379058825e-07;0.008371142152746;0.0008726587140055999;-0.0763014334710007;-0.00029500152569883015;-0.029316751978531844;-0.00012224470797241025;-0.0001287706714601758;3.1224814977715846e-07;0.0011282857911590562;0.00013409105111536755;0.0004698313662763684;-2.010975499874564e-05;-2.253558611558722e-05;-0.0001685212751864777;0.00013994107907665506;9.728941011328838e-08;-0.17889059458551998;-1.3968560800986275e-06;0.001269502286290538;1.7386266582418868e-07;1.655535093767541e-06;1.9602859372875724e-08;1.369538943886516e-07;-2.0212089135410443e-06;3.2191516002098797e-07;2.554962488271623e-07;4.8935936845663006e-08;-4.279461147234371e-08;0.00015942636973482503
Ortsteil;0.00403738603089661;-3.4509548185376085e-05;1.773091049198129e-05;4.8024564866619e-07;-0.0005016861555224462;-0.021998285019967635;-6.414058297744233e-06;-4.993485163234729e-05;-6.501637126934733e-06;0.004773634664703081;1.5121263918419518e-06;-0.024175110762742646;4.5039858624959707e-07;-1.421962090552914e-05;-1.0430331011057662e-05;-4.209459511809261e-05;0.002503508350094099;0.00023958495728199457;-0.04054843569332223;-0.04158244815562332;0.0010341262015720442;0.0020813205202277574;0.004196801938970086;7.058247123807577e-05;-0.23125421659705386;0.010147357105479335;-0.000454616522691004;-0.009572986235506266;-0.7815902325977713;-0.013423601221580041;-0.000663192429512266;-0.2252445254207194;-0.17111884095015772;-0.010889915166178099;-2.4848129000503188e-05;0.00013877147814378665;0.0006923885748245309;8.557354671991366e-06;-0.0004694792530284527;-2.2098949684308713e-05;0.02886319416718188;-0.00043766051405004063;0.009369771029671986;-3.3928507130257755e-05;0.09711396150293022;0.008810496900559949;-0.6392331208199283;-1.039459733528373e-06;0.000852171047700848;-0.014774167490487974;-1.9881945402600242e-05;0.0009152903975323343;-0.011968208856512159;0.0011122232811824587;-4.432198736523804e-05;-0.10667682177498873;-0.005408514800205149;-0.0004161598788294671;-0.0013791502051106754;-0.27830090432676463;0.0011365012276375167;0.001226278559655042;0.0031957482416976363;0.024783975344059968;0.0005216769506413862;7.5597622173864246e-06;0.46339986995309684;0.5;-0.0003876138683165918;1.1197947187188239e-05;-4.586426707080634e-05;-0.007885142565647667;0.0003422112462118681;0.47889404189990376;0.4032043068382412;-1.3515985072737455e-05;-0.00779375629229349;-0.0004958922925201487;2.5689184603194717e-06;0.0005346816227716612;1.1432307761982611e-05;0.08121983724375037;0.010360618076016709;-0.07674745951940032;-0.00663367301227424;-0.12585809816642662;-0.0016641700982241961;-0.0015759194840153804;-4.290957822145275e-05;0.014500365581121694;0.0017008074039337063;0.0025734972114884037;-0.0002106878467072335;-0.001903018457578917;-0.0396086370560079;0.003860009515928039;-2.097653150014959e-05;-0.11625587482535592;-0.0003176951077629995;0.006570119849416764;2.704636978037767e-06;7.915550453192528e-06;-2.534631777063739e-06;2.1602466707811933e-06;-2.4160872731561263e-05;6.3599712685323175e-06;1.934857026749789e-06;4.622769415140579e-07;-5.115639267808287e-07;0.003642592601574042
Pass;-0.9801852724465737;-0.08172576276724773;-0.2532543120728774;-0.036467535950063086;-0.564164058050607;-0.006208090809226222;-0.016272077681013714;-0.1140899525882763;-0.016490597373548237;-0.9899243112251275;-0.02324137551556761;-0.9845891657549384;-0.014930840300793329;-0.03537410272906813;-0.026194326891214998;-0.09793028995058069;-0.999405064237622;-0.9776367915360172;-0.9909081963081618;-0.9911417455605785;-0.9910781716117028;-0.953859175863703;-0.9608875067328613;-0.7183975214786544;0.017082841751672646;-0.003933298996630704;-0.5397935672295673;-0.961429081953142;0.06654557329939027;-0.9974988996478815;-0.9497916111216826;0.0033775067769561333;0.1383579876267546;-0.0029432162023812704;-0.06022289993723975;-0.5648931305813072;0.21735340678520956;-0.13571476491887727;-0.5477778671306174;-0.3677684756757582;0.012791612070746592;-0.5303336868490862;0.014031034593778817;-0.5480234840118365;-0.08300325804799341;-0.0054941370373941594;-0.9997812036683545;-0.10611332928236067;-0.887112330018454;-0.9950953035443117;-0.04877348420068477;-0.9259698230117622;-0.968981214110232;-0.9622286888771886;0.32912535392820275;0.004418762162178356;-0.9334389289234313;-0.8963994197689461;-0.9691062920655408;0.08383163395159632;-0.9506208182635427;-0.8936486708013591;-0.9745925212001167;-0.993428140240637;-0.8969278434941257;-0.1946678661077672;-0.11971490786929505;-0.9996123861316834;0.5;-0.0963367400146634;-0.10577292482548244;-0.9534808207709512;-0.9322984504114533;-0.15182247364282198;-0.9998407748452346;-0.033682606518914374;-0.9529568856775619;-0.5613043594990583;-0.05247766415240934;0.13917923089829035;-0.08117643347923106;-0.9985009318571657;-0.9908954135977602;-0.20241583830380694;-0.9876665497479731;-0.9998421468490489;-0.9705026976662493;-0.976897402759476;-0.0996374544251732;-0.9913464754110028;-0.9424607062568984;-0.9820344126787387;-0.8527338271911048;-0.8309962038518477;-0.9906854514474903;0.12976343407286098;0.03855597341436602;0.04725904104206607;-0.45041663561038586;-0.044025649468198536;-0.06797798221465026;-0.3371585215471224;-0.006494096679566097;-0.05388750078777664;-0.05865490000066104;-0.09570443372188431;-0.05871261814013792;-0.016090553484488363;-0.0013175280915139862;-0.9678273725303393
Personenfaehre mit Seil;-0.9978495452106937;-0.45499221630621556;-0.7608374914404349;-0.26200437125208625;-0.92390918551335;-0.03728212286741683;-0.13431983689361474;-0.5471045974337996;-0.13590462386654908;0.13930547056874065;-0.18247050809867227;-0.9983341635898353;-0.12447967357850863;-0.2559448179442784;-0.20148128855214503;-0.5045426565720661;0.16152616420318539;-0.9975673248942798;-0.999022813731804;-0.9990481158234017;-0.9990412294487641;-0.9948695842598583;-0.9956793629975642;-0.9598877150853439;-0.15450639341806383;-0.004705390390040516;-0.9166837291142442;-0.9957413242718265;-0.9999884484326452;-0.9997327683214401;-0.9943960703338041;-0.9999960349560952;-0.9999648747328884;-0.04365721940206074;-0.37543196120856087;-0.9241174143088938;-0.9893254109417361;0.4372241771980159;-0.9191090910690838;-0.8451169839686449;-0.033572064795803123;-0.9137329760460524;-0.999258905541144;-0.919182781114598;-0.9999921826455079;-0.002431160667506544;-0.9999766702407612;-0.5268580467592991;-0.9866155305288066;-0.9994748242822812;-0.32476512077734637;-0.991548935290954;-0.9965989330909482;-0.9958326933454419;-0.9650149629679328;-0.04312326220176615;-0.9924554949483053;-0.9878289598420612;-0.9966130365715141;-0.9999780309955628;-0.9944928922752597;-0.9874718725569777;-0.9972284769837682;-0.9992952566677026;-0.9878973355953544;-0.6939490822530073;0.12113493925817222;0.2708852864295985;-0.9036632599853366;0.5;-0.5259620959450584;-0.9948256905967072;-0.9923179028723494;0.2322762772488132;-0.9999830230846556;-0.24640032540681614;-0.9947648567861576;-0.9230881268352359;-0.341896119073208;-0.9854893656528325;-0.4531721120363633;-0.999839974675316;-0.9990214285804181;-0.9999952860172704;-0.9986705200521631;-0.9999831693911729;-0.9967702719907195;-0.9974851989534407;-0.5093358299554264;-0.999070286946955;-0.9935335025414995;-0.9980535024736709;-0.9819219412332559;-0.9787789264553227;-0.9989986722388748;0.3805408224682156;-0.33662629793513615;-0.9999991330956832;-0.8848945242834882;-0.9997781120332239;-0.40623168583684444;-0.8267296111701137;-0.05777219814855819;-0.34822379441747364;-0.3688783628505928;-0.4981788567167264;-0.3691216474372935;-0.13299946611383368;-0.012223784935710205;-0.9964686757176353
Personenfaehre ohne Seil;-0.9976145550002201;-0.4293602893511036;-0.7414147295142304;-0.24240876161432606;-0.9162723490500883;-0.003557548039032595;-0.1226863381567423;-0.5212464334386961;-0.12415355138256533;-0.9987975226379676;-0.167473450044774;-0.9981520318138967;-0.11358660977074912;-0.2366570788679965;-0.1852758568547176;-0.4785704512900545;0.10919019039873264;-0.9973015785527906;-0.9989158927457555;-0.9989439603948997;-0.9989363213135096;-0.9943108164225682;-0.9952083656345301;-0.955688670211716;-0.15915906927260184;-0.006476905321335039;-0.9083936137787229;-0.9952770493355952;-0.9999871831369649;-0.9997035055246399;-0.9937860528953016;-0.9999956006431573;-0.9999610274033525;-0.012848284427169447;-0.3513922828535472;-0.9164995878990607;-0.9881699919460553;0.38726237899211663;-0.9110368829221538;-0.831018539860316;-0.10240999208680664;-0.9051796256635829;-0.9991777957996172;-0.91111721545737;-0.9999913263715887;-0.021635703416763487;-0.9999741148595809;-0.5008984567581576;-0.9851711901875204;-0.9994173321797473;-0.30239894103936954;-0.990631911890328;-0.9962277992901949;-0.99537833310622;-0.9613310278330311;-0.01207621575478648;-0.991636012377999;-0.9865137727882292;-0.9962434359803334;-0.9999756246584602;-0.9938933496938811;-0.9861186413383325;-0.9969258288399966;-0.9992181222945279;-0.9865894368320192;-0.6714400107789159;0.03552735852311992;-0.9999541357329292;-0.8942270751745176;-0.47403790405494156;0.5;-0.9942621697501844;-0.9914836033263614;0.08977801551327579;0.051417342343424204;-0.22761182173483677;-0.9941947493457209;-0.9153764327632401;-0.31890735296741657;-0.9839254789668559;-0.427562280754827;-0.9998224492616454;-0.9989143561996829;0.08101654814325386;-0.9985251089860735;-0.9999813258688823;-0.9964177679577696;-0.9972105062302377;-0.4833575990220145;-0.9989685549842531;-0.9928302670246492;-0.9978407513955823;-0.9799813847108161;-0.9765090600121008;-0.998889112695522;0.36931509909046256;-0.3138229003333933;-0.03590613201520368;-0.8738765251431359;-0.99975381330761;-0.381424243597254;-0.8113310854460206;-0.05236746627926049;-0.32501968804317377;-0.345026505353204;-0.4722220142217445;-0.34526266481671;-0.12146427961094745;-0.011030335648357058;-0.9960833837340177
Pferderennbahnareal;-0.7070421425181559;-0.004323395508745387;-0.01627709841136546;-0.001843142632382705;-0.059402699586161144;0.017217405218409046;-0.0008063762832958071;-0.0062439246161421465;-0.0008173777774899995;-0.8273909907052011;-0.0011595534574265613;-0.7571098465478592;-0.000738952577057468;-0.0017859540213457667;-0.0013106461160864215;-0.005268691976239547;-0.014305709510048338;-0.6808034237659086;-0.8417082957670569;-0.8451756466475249;-0.030522959415888364;-0.5021408133516897;-0.54516673453246;-0.11068846385607575;0.12256018908921514;0.004077151643510791;-0.05412864730041899;-0.5487614277035416;-0.9977839627889342;-0.9511197080787362;-0.4799622015487954;-0.9992382484092476;-0.9932917948411254;0.0038363931956061836;-0.0031167444117817743;-0.05956862108983957;-0.32525959601332305;-0.007602835632732601;-0.05580030883996579;-0.027597176180601327;-0.03385136022955581;-0.052214365702978056;-0.875204310623817;-0.05585257423987062;-0.9984992596953378;0.006406716357519034;-0.99553448763321;-0.005758369183960992;-0.2771433069693199;-0.9082448748107741;-0.002495369345028581;-0.3789786035187544;-0.6038176303670755;-0.554148723511893;-0.1254679599993438;0.06922210323675364;-0.4062477438274082;-0.29683576846971654;-0.6048146460951225;-0.9957938577270742;-0.48433805665645985;-0.29076120343746464;-0.6517456463708318;-0.8805985227329511;-0.29802749254851085;-0.011655944644093806;0.2416169810631305;-0.9921148574343523;-0.04651917922904877;-0.005174309403292721;-0.005737830249815595;0.5;-0.40186249149518016;0.19455254199376384;0.05554655429457156;-0.0016977277077706832;-0.49706266593616216;-0.05875665927003081;-0.0026948412524179484;-0.26103325575452224;-0.004291903624119558;-0.04032917427847809;-0.8415192933692356;-0.9990944942804187;-0.7962104043896556;-0.9967744881067854;-0.6161552396400489;-0.6735272480035397;-0.005370154392360707;-0.8482373578422642;-0.44417657635646085;-0.7272894594035845;-0.22027769797412974;-0.19348061969148225;-0.8384262481458079;0.02514478406339595;-0.002632391330505532;-0.14620302060576648;-0.0384479955640562;0.3577445721666053;-0.0035458430003712468;-0.024215773119158464;-0.0003188085065578035;-0.0027711509155940043;-0.0030307998421546414;-0.0051369464795564;-0.003033958651464145;-0.0007972408793691277;-6.43612670784496e-05;-0.5947611134982539
Privates Fahrareal;-0.7822407068898304;-0.006421440174031242;-0.024035966239596265;-0.0027408907594173412;-0.08592288578761283;0.0015126950171453833;-0.001199748732856502;-0.009265285365211439;-0.0012161105254861275;-0.8770686390149149;-0.001724917986171587;-0.8226797760490648;-0.0010994700869826307;-0.0026559211409898295;-0.0019495352433286939;-0.007821863623715293;-0.057690736341665466;-0.7604552777696503;-0.8878240198180117;0.221035100927684;5.616600100646409e-05;0.28436424513353525;-0.6408076940134995;-0.15630032497788213;-0.0397327999909803;0.005656981468339389;-0.07849073111891548;-0.6441399109165648;-0.9985100578434917;-0.9666241238763168;-0.5787189002066805;-0.1330791207673594;-0.9954831068416756;0.006698169199463767;-0.004631953043370289;-0.0861560974444108;-0.41775560347132223;-0.01127429711960198;-0.08085045871678963;-0.04052971311067093;-0.043926560432630456;-0.07578390455026192;-0.912575092280964;-0.08092417640242068;-0.9989912212944272;0.0007002066613422303;-0.9969954143910783;-0.008546796168341923;0.04533527031301857;-0.07553970003369449;-0.0037096199364220397;-0.47597474537389245;-0.6940470213994326;-0.6491165972114319;-0.17596501364663436;-0.003333152043805428;-0.5045528067823408;0.008704581372885533;-0.6949316915375252;-0.9971701707634666;-0.5829857696724161;-0.37895660752605037;-0.7358349929363397;-0.916508074296939;-0.38722360159469815;-0.01725065734275642;0.1629168636790621;0.06408704487727344;-0.06770154958854666;-0.007682097127650518;-0.008516396673638554;-0.59813750850482;0.5;0.08565140318763804;0.12611709022456605;-0.0025248270639077193;-0.5953100717751595;-0.08501449108502157;-0.004005765397525722;-0.3445925503143161;-0.0063747638441972645;0.14317892686714473;-0.8876827326478676;-0.9993914493976194;-0.8532705323679745;-0.9978306231720236;-0.7049477961018077;-0.7543396180759037;-0.007972099975885378;-0.892693442391572;-0.5432621085071708;-0.7987699688389192;-0.2960168352405817;-0.26311514971171873;-0.8853679228241029;0.21873165622874513;-0.003913055476346089;-0.11712435146074246;-0.0561716900136221;-0.972130715171847;-0.005268555877616479;-0.03562177103044541;-0.00047444497023064325;-0.004119043105894389;-0.004504415221327822;-0.00762676466583046;-0.004509102939547207;-0.0011861621189386004;-9.579315970335294e-05;-0.685980432900496
Quartier;0.0027511160815488793;-1.9874975404612433e-05;9.35766110029369e-06;5.1821339313500834e-08;-0.0002889917837542179;-0.015597914203118969;-3.69398438180993e-06;-2.8759009971848847e-05;-3.7444229191905717e-06;0.003890485897688235;8.338345348813798e-07;-0.00166907753195574;1.6939685925433486e-07;-8.189391018573044e-06;-6.007046348527317e-06;-2.4243485581436386e-05;0.00309761254767557;-0.001162213512965047;-0.023761184741788365;0.005342016145911974;0.0004603970585545101;0.0011224099440905286;0.0024583338947714553;4.681340682841708e-05;-0.22003921971453977;0.011069549635903347;-4.18539135436037e-05;-0.005535732691262601;-0.6733043344247015;-0.008667796725993302;-0.0002796324308614878;-0.2293494016831796;-0.16619684150229042;-0.00593744852480556;-2.8139544229668e-07;7.188490322914686e-05;0.00046321876961604385;3.913190337292937e-06;-0.00027043559364711434;-1.2262107868939506e-05;-0.0062707214041255;-0.0002521035440173741;0.0069637272838201205;-9.526869663039416e-06;0.05754732095126659;0.012296864339228839;-0.07046172539255276;-4.064301001141253e-07;0.00042779756050651625;-0.0027090811359981827;-1.1450475169270715e-05;0.0005265444900392615;-0.006927874364411751;0.000667372301928806;-2.9320919491373954e-05;-0.10560057157349954;-0.00026102804512371993;-0.00023767380898577538;-0.00073669458769153;-0.16464634360362343;0.0006464847402401043;0.0006574936706227582;0.0014389227434553834;0.014013680818388106;0.000389118225767018;4.589736883042471e-06;0.4875025510442689;0.2758039009467605;-3.390507521078914e-05;5.5299197152259755e-06;2.3715121213389295e-06;0.0008905236889663514;0.00026340225242645857;0.5;0.3151851619932848;7.425046771334838e-08;-0.00018490569467705163;-0.0002856535792227155;1.449289048535788e-06;0.00023641030820295417;5.878687820761534e-06;0.05250663893377152;0.006207606101831774;-0.07924338887999231;-0.0036568868537840546;-0.09227527107879117;-0.0011151361304552142;-0.0017313007388499264;-2.4712866284745787e-05;0.00926682690617994;0.0011292819630650715;0.0016970585063643974;-0.0012914509244518369;-0.0001796648621893441;-0.001649390306975851;0.0021698470404988832;-1.3664012650899556e-07;-0.1517412255038957;-0.0001829911193053763;0.018142555639949473;1.3521007185906852e-06;-3.979358445464948e-07;1.3374827206710806e-07;1.5273495487371414e-06;-1.391483427315669e-05;2.926520348674748e-06;1.5253653919946343e-06;4.425451063337285e-07;-2.94619153412494e-07;0.0016786747185437109
Quartierteil;0.001545719133800171;-1.4172982898060484e-05;3.5100525761396084e-06;1.4582521722882218e-07;-0.0002060979593413497;0.002138009061560911;-2.6341936710603504e-06;-2.0508301877198058e-05;-2.670161613786913e-06;0.003452248659852973;3.680014350051651e-07;-0.0037097056516316464;8.147068822078076e-08;-5.839891992952265e-06;-4.283649398137442e-06;-1.7288219491321817e-05;0.00045636312725954475;-0.00037449037279224884;-0.0006986560847422224;-0.0004922225085125362;0.0003779069930491847;0.0005559498184305075;0.0012777527600407363;4.0703594185359626e-05;-0.17765245537083224;0.012732313532003211;-0.00018675607627210032;-0.0006037421307245787;-0.5950878221889795;-0.0012670859533459135;-7.908106160171495e-06;-0.19423507355337888;-0.09616968804349081;0.005074082050272002;1.854858808536268e-07;4.016271919288402e-05;0.000310434831419091;1.5801213313796828e-06;-0.00019286336280203103;-8.674883084147533e-06;-0.004184959169684032;2.463633586784789e-05;0.003290079187001822;-1.0385848830001797e-05;0.07729372112149198;0.010826123906181996;-0.0543230263211862;2.2816193750419065e-06;0.00023408049491174826;-0.004697778151819599;-8.165393576631347e-06;0.00040686824753407305;-0.004950125927459216;0.0005106138654615129;-1.967761485704317e-05;-0.03330419192710891;-0.002228320296431247;-0.0002121015947660528;-0.00013135776442739134;-0.17137383055723657;-2.7781091481863365e-05;0.00035203628797595056;0.0009104197405818219;0.008149995123927006;0.00013984613018444344;3.6030102559859426e-06;0.4780516641270294;0.1655916066302971;-0.00015922515476544366;-1.697691534450286e-05;9.68539103125323e-07;0.00018130838002231522;0.00027657386012324195;0.2247594448748603;0.5;-5.550911715393803e-06;0.000166143623716228;-1.2257352902227578e-05;1.1430701705723799e-06;0.00010631737807080408;3.86662872633951e-06;0.03418514079336142;0.00399693813432595;-0.08229088227536044;-0.0017893634332157252;-0.059906814478893;-0.0005257127722591951;-0.000550331220671159;3.2898743740445616e-06;0.005206636228658093;0.0007236114571702499;0.0019899101157523453;-0.0009212787121732729;-7.972573508183854e-05;-0.0012819185331870225;0.0006630270625365446;-8.614938960438646e-06;-0.1910721633814913;-8.37866313780146e-06;-0.00364314400821373;5.684379326503133e-07;6.37786810858812e-06;-1.0409471525564168e-06;2.1883177310425094e-07;-9.922747924956507e-06;2.0593995287731786e-06;1.3715714057136054e-06;2.701058037060973e-07;3.215572407607525e-08;0.0008526474606801578
Quelle;-0.9992958585421905;-0.718570929680591;-0.9068005120000256;-0.5205701394262303;-0.9737781370938321;0.001495181158483507;-0.3218270671099266;-0.7869910251249712;-0.3247941373501292;-0.9996453462161715;-0.4056941155387785;-0.9994547193143517;-0.30305922421970677;-0.5126848785110568;-0.43557066600782535;-0.756958250865112;0.15742504873291768;-0.9992032972271663;-0.9996802845295648;-0.9996885681662041;-0.9996863136680907;-0.9983167240163303;-0.998583185155453;-0.9865208100477882;-0.005008397464722509;0.0040153713205231725;-0.9711402329011047;-0.9986035617797507;-0.999996223018427;-0.9999126090154663;-0.9981607771598768;0.02689477142087456;-0.9999885150138078;0.004303941541010862;-0.64769456577576;-0.9738537574444404;-0.996484532095073;-0.8183432997372129;-0.9720287209593333;-0.9434654987157483;-0.005122248868335202;-0.9700551248599233;-0.9997575675147717;-0.9720556679760572;-0.9999974439893088;0.0023794512964603665;-0.999992371877637;-0.7730193719921996;-0.9955839733505488;-0.999828225479023;-0.5953062462791832;-0.9972209954178838;-0.9988854206125973;-0.9986336063622131;-0.9882852992072071;0.017296645453277217;-0.9975206252617581;-0.9959876347289154;-0.9988900530894754;-0.9999928168096874;-0.9981926725674691;-0.995868914535299;-0.9990921169147093;0.17294542118758835;-0.9960103609346223;-0.873972727884532;-0.032221189480189566;-0.9999864840149273;-0.9663173934810856;-0.7535996745931838;-0.7723881782651632;-0.9983022722922292;-0.9974751729360922;0.009538600274995361;-0.9999944490882846;0.5;-0.9982822417099202;-0.9734797436619088;-0.6137369713263882;-0.9952087457780056;-0.7170837302416639;-0.9999476717671035;-0.9996798310375302;-0.9999984586902001;-0.9995649179749185;-0.9999944969264074;-0.998941693197865;-0.9991763553244412;-0.7604687989275031;-0.9996958265250218;-0.9978764429159047;-0.9993627295855831;-0.9940163123447332;-0.9929609269158846;-0.9996723805974399;-0.9995550188382738;-0.6081490975110591;0.0025811805908893645;-0.9592041397330877;-0.9999274396803723;-0.6766323575287878;-0.9358678278733381;-0.1579134535668858;-0.6203532454932537;-0.6412680463290816;-0.7522445191008088;-0.6415083743459444;-0.3193434365893291;-0.03646806129919988;-0.9988426316687873
Rastplatzareal;-0.7094699184347087;-0.004374269202536565;-0.01646630594496098;-0.0018648856827323873;-0.060062598336690406;0.012426410938503997;-0.0008158988813589026;-0.006317253925172745;-0.0008270301860367943;-0.8290625439564809;-0.001173241871566313;-0.7592639778281961;-0.0007476795559617304;-0.0018070236546055445;-0.0013261157961007679;-0.005330629486879014;-0.15352983398682898;-0.683351261038204;-0.8432674639402566;-0.8467068815733326;0.025746267325515118;-0.5050780196874081;-0.5480785543098876;-0.11185034233022013;-0.02765668179913645;0.005733754078333383;-0.05473336641287155;-0.55166915976118;-0.9978097909967343;-0.9516630665820043;-0.4828955086880158;-0.16412941644143067;-0.9933696319466032;0.0009089631114271693;-0.003153464328372778;-0.060230245018137805;-0.0006266095453402803;-0.007692000606580665;-0.05642258953841584;-0.027914236156101946;-0.0011341057957042478;-0.05279889246056043;-0.8764819610046348;-0.05647540293541272;-0.013350522019055807;0.004118324200198344;-0.9955864178004986;-0.005826029509975797;-0.2795032884254211;-0.9092193447837899;-0.002524787073874295;-0.38174779227551253;-0.6066249046252629;-0.5570497618577224;-0.1267628629681045;-0.001358144970012756;-0.4090849325094752;-0.2992940083254867;-0.6076194465391894;-0.9958427842329666;-0.4872730487393235;-0.29319011256270944;-0.6544076853319872;-0.8818284041672477;-0.30049138410704046;-0.011792079081062378;0.0947892102697126;-0.9922062437077065;-0.04704311432243816;-0.005235143213842418;-0.005805250654279052;-0.5029373340638378;-0.4046899282248405;-0.04087374678863594;0.05150218508110138;-0.0017177582900797762;0.49999999999999994;-0.05940983452181757;-0.002726604113349584;0.03711645788877878;-0.004342408366868831;-0.9704852554034122;-0.843079976138508;-0.29625945093423695;-0.7981102326716459;-0.9968120442845871;-0.6189302639866656;-0.676105532826305;-0.005433278156466188;-0.8497436953564815;-0.44707920029354314;-0.7296136102556042;-0.22230236448947394;-0.1953206818820673;-0.8400115995987346;0.1393976603597371;-0.002663420088536362;-0.12292125882713187;-0.03888473395679889;-0.9595347077215012;-0.0035876001473797345;-0.024494963240686316;-0.0003225752147645864;-0.002803810674975692;-0.003066510317731208;-0.005197343313069661;-0.003069706231193112;-0.000806655683401463;-6.512188839969469e-05;-0.597589793020146
Rodelbahn;-0.97478698676027;-0.06503495728718346;-0.20952550283775456;-0.028730598844836305;-0.50290541273957;-0.003728381123656011;-0.012763045491285945;-0.09144766574835124;-0.012935061591861974;-0.9871445114481872;-0.0182573249816887;-0.9803666360978593;-0.011707600289066422;-0.0278624397303518;-0.020590373026627928;-0.07821191733673243;-0.04137659509295587;-0.9715643447614777;-0.9883966606084703;-0.9886939898017407;-0.9886130506145219;0.3395612696877707;-0.9504972944028398;-0.6659823256236455;-0.041591587707953154;0.00514929415930983;-0.4782772353287799;-0.9511754285095293;-0.9998613769338963;-0.9968021157517695;0.12973181467787362;0.01826137318262261;-0.09691250346519556;0.0033862423337613586;-0.04769551466768991;-0.5036468023831752;-0.8853493666845806;-0.10931035654188322;-0.4863131529950657;-0.31254251430824587;-0.01580955599547864;-0.46879723025974096;-0.9911773976556354;-0.48656086260054787;-0.040310034486488705;0.005014068170182099;-0.9997200705592311;-0.08490236996677279;-0.8599796483685003;-0.9937331065121133;-0.0385301250010915;-0.9071995897738725;-0.9606530476662207;-0.9521770287250658;-0.6968111827763855;-0.0321322983867763;-0.9163914806542103;-0.871174749201585;0.18790604901058408;0.08629112047663984;-0.9376801516586702;-0.8678529826005442;-0.9677207347506629;-0.9916068220319265;-0.8718134348661438;-0.15890242473016447;0.041450436334593055;-0.9995041077074798;-0.4386956405009416;-0.0769118731647641;-0.08462356723675984;-0.9412433407299692;-0.9149855089149784;-0.9997143464207773;-0.06015625029585312;-0.026520256338091113;-0.9405901654781824;0.5;-0.041490289014296106;-0.8498202702584264;-0.06458992599606876;-0.998082768504599;-0.9883803881865502;-0.9999434262143956;-0.9842737476767073;-0.9997980382187406;0.2964606558203335;0.1994325726572282;-0.07960567660375134;-0.9889546611548553;-0.9275445359056588;-0.9771281479266645;-0.8190239151068275;-0.7935153209554826;-0.9881131224466893;-0.9839215348407463;-0.04056536659880875;-0.04029923993986032;-0.39044433123280065;-0.9973434094435343;-0.053929982549765144;-0.28446097379222296;-0.005082766452426056;-0.042618221573762584;-0.046437568135963635;-0.0763962834836046;-0.046483857722936034;-0.012620164335377495;-0.0010300298076436228;-0.9592024570256308
Sakrales Gebaeude;-0.9988816467466305;-0.6164095341036496;-0.8596193921963893;-0.40595304458034703;-0.9589694408854641;0.008798474431826332;-0.22997792306649803;-0.6992722228762192;-0.23238836543219432;-0.9994366049262057;-0.30051586398975316;-0.9991338765032897;-0.21486933058360763;-0.39836135476537476;-0.3269073835930518;-0.6621806174738968;-0.9999670314952142;-0.998734705104335;-0.9994920967017406;-0.9995052537593845;-0.9995016728844344;-0.9973280755758596;-0.997750686295918;-0.9787514592724289;-0.12033236824018344;0.00312037067317987;-0.9549107707491609;-0.9977830093331416;-0.9999939987316849;-0.9998611507859146;-0.9970808033591043;-0.09897695679886666;-0.9999817515204839;0.0008251777474852635;-0.536403678870425;-0.9590859732005234;-0.9944257801353164;-0.7392579666539475;-0.9562764098080749;-0.9130661471383488;-0.00019345571510355234;-0.9532448243926583;0.2733169136506142;-0.9563178503385926;-0.06595083179127838;0.0025034361706961572;-0.9999878796588407;-0.6818727381663765;-0.9930015340725536;-0.9997270934497542;-0.48073390929736054;0.31443537366687807;-0.9982301959685049;-0.9978306698757444;-0.9815139348367787;0.0397197295469907;-0.9960662418683426;-0.9936397437323823;-0.9982375469215024;-0.9999885866094079;-0.9971313736159044;-0.9934520095029873;-0.9985582268580669;-0.9996337498769364;-0.993675684048406;0.3763596920066117;0.13621563463448053;0.11961829334085286;-0.9475223358475907;-0.658103880926792;-0.6810926470325834;-0.997305158747582;-0.9959942346024742;0.11717671593597687;0.12960060125026845;-0.3862630286736119;-0.9972733958866503;-0.9585097109857039;0.5;-0.9924085510975821;-0.6146719669465915;0.07973270730247439;-0.9994913764154212;-0.08942640546531691;-0.9993088711483256;-0.9999912561427748;-0.9983194937053887;-0.9986919376808807;-0.6664569285701534;-0.9995167824542621;-0.9966300744805209;-0.9989878148923381;-0.9905258477107389;-0.9888617227043678;-0.9994795428556531;-0.999293150465427;-0.4941229630167461;0.0036956240330178153;-0.9366998626874787;-0.9998847131497852;-0.5683912017906853;-0.9018082948890802;-0.10556328060793212;-0.5069995295915977;-0.529422016182724;-0.6564629390275083;-0.5296823191333315;-0.227964849688539;-0.02326610458337809;-0.9981622990863626
Schmalspur;-0.8723241667808048;-0.012143105102149334;0.01126623216052885;-0.005200257727384995;-0.15166900663170155;-2.7705846913741522e-05;-0.002279429018315628;-0.0174763178800872;-0.0023104810870103274;-0.9313653100439977;-0.0032756596655926585;-0.8982111089732344;-0.0020890961650415667;-0.005039431207179302;-0.003701464347976986;-0.014772788310531504;-0.051934564096868197;-0.857914026401555;-0.9377076180872865;-0.9392239586864842;0.009644172815970896;-0.7406151788676578;-0.772374162821166;-0.26054788132282924;-0.050303102354096546;0.00465834076206178;-0.13941732744083324;-0.774914558733109;-0.007046756572311021;-0.9821698033209377;0.06499016920447549;-0.005593489440520556;0.008679528586588535;0.005912194769479482;-0.008773218981059398;0.05362812175870594;0.048422915319574204;-0.0212275980773221;-0.14332385372048342;-0.07436795990027761;-0.029252409808118735;-0.13491701098303466;-0.9520466122231541;-0.14344564361854753;-0.012931059283800641;0.005407732889358118;-0.998418029619971;-0.016131460497543375;-0.5204707602751084;-0.9655435761569686;-0.007032086178484059;-0.6333741126508358;-0.8118387890358457;-0.7786907212247218;-0.288838179316495;0.038027497570078034;-0.6595088209253619;-0.5444309046375452;0.021863418454792383;0.0223560328979946;-0.726698646130487;0.13237230317504056;-0.8412190301633772;0.16954288992525754;-0.5458450245101509;-0.032307672625664356;0.041812971703420854;0.19044813106050382;0.01922310633267319;-0.014510634347167397;-0.016074521033144114;-0.7389667442454777;-0.655407449685684;0.14621330573025265;0.09220883987221311;-0.004791254221994307;0.10384673515179947;-0.15017972974157354;-0.00759144890241799;0.5;0.007385703784795772;0.028716905834450548;-0.9376247458468684;-0.15824909706921783;-0.9170847215923156;-0.9988582355038088;0.06036193733861844;-0.8538081931057446;-0.015054506945751089;0.0614495714572698;-0.6934666563460956;-0.8830379562511468;-0.44437033086032024;-0.4044528315024597;-0.9362653176645603;0.5745406543588698;-0.007416369427681249;0.03287742805970386;-0.10168536566011119;-0.9851509573899546;-0.00997328311829392;-0.06564272067695366;-0.0009019978956121755;-0.007805330332188994;-0.008532631566713146;-0.014406831506257274;-0.008541475456716475;-0.002253643099707809;-0.0001821807412915618;0.07065836497861908
Schmalspur mit Normalspur;-0.9982171991942482;-0.5018355790785409;-0.793333717225538;-0.29991249205923115;-0.9361086965369809;0.011140870969060048;-0.15770161392823417;-0.5931109456203612;-0.15951144066518416;-0.9991015782857844;-0.21217972637376128;-0.9986190791187276;-0.14643827933824496;-0.29332467683809266;-0.23340208677365237;-0.5513268709091893;-0.9999474099564378;-0.9979831313449132;-0.9991900418734487;-0.9992110173793489;-0.9992053085731967;-0.9957445366111348;-0.996416711316325;-0.9665278312400398;-0.9999988874713897;0.004257375808209416;-0.9299538578097198;-0.9964681359542636;-0.9999904268625511;-0.9997785272298363;-0.995351399459016;-0.9999967140510196;-0.9999708904984653;0.004563338013560729;-0.42040260044902233;-0.9362858426408028;-0.9911374558834811;-0.6399441299888101;-0.9320215689136551;-0.8681462775063857;-0.999999392686764;-0.9274358802200429;-0.9993857555880554;-0.932084365146242;-0.9999935215231944;0.00414557253144442;-0.9999806658754158;-0.5733170894656101;-0.988882416773884;-0.9995647325175236;-0.3672352010847149;-0.9929862059294761;-0.9971797945439488;-0.996543965544706;-0.970832114582029;-0.9999994943118776;-0.9937395606448174;-0.9898924367467473;-0.9971914961070641;-0.9999817935810893;-0.9954317915199948;0.48843168045763263;-0.9977020678009236;0.3259707074002573;-0.989949338028829;-0.7323364420170495;0.1729396710067235;0.3337093600825819;-0.918823566520769;-0.5468278879636367;-0.5724377192451731;-0.9957080963758804;-0.9936252361558027;0.2979572164817376;0.2748234558858284;-0.28291626975833617;-0.9956575916331312;-0.9354100740039313;-0.3853280330534085;0.6052640908587749;0.5;-0.9998673787427514;-0.9991888935737607;-0.9999960933827966;-0.9988979705193223;-0.9999860519466857;-0.9973219494480474;-0.9979150134905238;-0.5560656753793286;-0.999229397154368;-0.9946350844544997;-0.9983863431523264;-0.9849716575176273;-0.9823493292555486;-0.9991700283376385;-0.9988729138741478;-0.37977508943484445;-0.9999992815711721;-0.9026903730328738;-0.9998161080255261;-0.45222037784725216;-0.8520141518966178;-0.06888930039317175;-0.3919807561358506;-0.41358381775887665;-0.5450221026729071;-0.41383725331166804;-0.15619286938263252;-0.01471287092630831;-0.9970717182023189
Schul- und Hochschulareal;-0.017123050903232292;-0.00013359846185084188;-4.021200009341655e-06;-5.6818307361901275e-05;-0.0019395996511094367;0.005282783641549549;-2.4833053582771542e-05;-0.0001933066135833603;-2.5172122710503653e-05;-0.02394395485302304;-3.572168689697023e-05;-0.08752328220509169;-2.275519416815912e-05;-5.505230487896703e-05;-4.038223064661902e-05;-0.00016295926699353837;-0.07211379202547696;-0.06158983342380772;-0.14061844728637857;0.0034254411517617394;0.00949739079514506;0.0050313748590245025;-0.0052717129955688335;0.0001752667595163563;-0.18085345797178393;0.009104886813261047;-0.0017578581235901493;-0.03607236451457398;-0.9326834310298445;-0.04747164921560915;-0.0015040245966055446;-0.26195337440908956;-0.8200278611580343;3.141822224563027e-05;-9.619841715201529e-05;1.049643271139233e-05;0.0003462556073047674;-0.00023568966252221702;-0.0018152502179472373;-0.0008725536561629405;-0.012118412687434493;-0.0016923769075048913;0.04045496960449728;-6.758980949527555e-05;0.07040497352067075;0.007005181837709228;-0.11513364347214072;-0.00017818985974299035;-0.011660340417744466;-0.23347969033313334;-7.697315773092012e-05;0.004185590923762089;-0.044798005953966366;-0.005870485883011479;-0.004395384086965888;-0.034887704870033114;-0.020620050115327478;-0.0017250423960611225;-0.006538038321242896;-0.8793020771757191;-0.028090669108750795;0.0021988117968892566;0.004454788882652937;0.04803593770089283;-0.01289591005216291;-0.00036277267011271876;0.3874368874622625;0.3144613951879944;-0.0014990681428342478;-0.00016002532468391775;-0.0001775507383545363;-0.0012410010490805728;0.0029601134528555537;0.35298680428510554;0.3222770929634676;-5.232823289657379e-05;-0.02951474459658777;-0.0019172314954009975;6.629708761521028e-06;0.0003121486122717166;-0.00013262125724862472;0.5;0.001888995553261295;-0.11937578858850792;-0.10732304425293858;-0.13975236411546985;-0.047070428520528944;-0.01434063181657694;-0.00016611389255563656;0.0602948131288385;0.003378820206675213;-0.07584113462212551;-0.008618352758520513;-0.00732792951491324;-0.1376921590988467;2.1136710190912e-05;-8.121060389516147e-05;-0.1339218564817876;-0.001228908951701541;-0.10506131877706829;7.229124390070437e-06;-0.0007630725643870636;-9.813342041616797e-06;-8.550293595235827e-05;-9.353791992039104e-05;-0.00015886402348522897;-9.363569604688703e-05;-2.455150337839559e-05;-1.9806352152024147e-06;-0.04321158334870851
Schwimmbadareal;-0.3124877078278822;-0.0008170788859981356;-0.003106456752308221;-0.00034763337907642235;-0.01175384365587775;-0.006266362436782048;-0.0001519617941515459;-0.0011818887114207679;-0.00015403640462380714;0.13642541378532594;-0.00021858081339393566;-0.3698927307948084;-0.00013924815587560026;-0.00033683143091334223;-0.00024709276079853585;-0.000996497823151104;-0.03152988810668677;-0.2865683392910196;-0.5003544680483485;-0.5069188388120377;0.012235337605618518;0.042281977841142106;-0.18415970151097674;0.0029712469362587132;-0.11857820415080762;-0.0016634612244646179;-0.010662326331107076;-0.18634927175390162;-0.9883443501614985;-0.07178363610753395;-0.14807618187248686;-0.17069968540423575;-0.9653808926417722;-0.0038243381580714253;-0.0005884554257320791;-0.011788342080527979;-0.08322757923941149;-0.0014407089869106072;-0.011007233648369474;-0.0053163764325097;-0.029809299962016533;-0.01026856064742898;0.08209769979074573;-0.011018033167538794;0.026268100561504238;0.00487151859160326;0.17320246443791634;-0.0010895481811906001;-0.06734213292802307;-0.11288538573566256;-0.00047089890406367015;-0.10307994626095181;-0.22301560874697007;-0.18967421768982282;0.0017839591979296006;-0.03375137437830757;-0.11414587521633418;-0.0033081904922359056;-0.22373894201388733;-0.13950135853227238;-0.15030072725321053;-0.07167325951569364;0.00768660273117553;0.10500522710273466;-0.07403595304720355;0.000296597066219938;0.24718390160656634;0.24549937435451943;-0.009104586402239706;-0.0009785714195819897;-0.0010856438003171058;-0.15848070663076438;-0.11231726735213236;0.25540412416458885;0.23061045561826327;-0.0003201689624696613;-0.15692002386149198;-0.011619611813449766;-0.0005086235845788184;-0.06237525415313156;-0.0008111064262394272;0.011560867895986851;0.5;0.14622283573148104;-0.4238958507398604;0.15278907029912614;-0.23213134613518344;-0.27981204480892785;-0.0010157720022361937;-0.0195686316658476;0.039260436543889735;-0.004914992589819328;-0.0028515039989613668;-0.043225933278550316;-0.4942474625128639;-0.03183499451203158;-0.0004968115657293378;-0.1295994982273226;-0.007474034949625222;-0.8152781722022265;0.0001295900046437778;-0.00465191586819561;-6.0055753265372034e-05;-0.0005230587175653839;-0.0005721886862230019;-0.0009714757142427379;-0.0005727865141856169;-0.00015023911045509156;-1.2121590136575776e-05;-0.016219778674510694
See;-8.659736791234371e-05;-3.935406399411312e-06;-1.3903960763897216e-06;-1.1892785559807907e-07;1.3109488356256893e-05;-0.1867480658052967;-7.314293893191465e-07;-5.69455790455239e-06;-2.3429215415032502e-08;0.0002771362494236343;3.220400157697085e-09;-0.002817139949786555;3.745722262239351e-09;-6.536355416832725e-09;-1.1894306902438582e-06;-4.800423680003023e-06;-0.018960228513593254;-0.0019293429240523038;-0.004796231056095867;-0.0012852077471176898;-0.0009366947321876279;-3.921193617064876e-05;1.7951898479163093e-06;-1.5760325749908142e-05;-0.2912100370926903;-0.1858302687117139;-5.1862949205982646e-05;-0.0011009905097863894;-0.14366224752238935;-0.003722478272514767;-0.0008357831862416924;-0.25000271132145946;-0.0547105069154145;-0.18816289518317697;-1.331312804644301e-07;-3.1654226243059946e-06;-3.248187861619412e-05;9.67253934283047e-07;-5.355920471415972e-05;-2.572123967152203e-05;-0.30076147945741716;-4.992784634904699e-05;-0.0006771094938090439;-1.1395792845685848e-05;-0.11651818658819431;-0.10661372971617938;0.10771011161218445;-5.082190663055135e-07;-0.0003473649025007746;-0.003265361436330445;-2.2672716759748703e-06;-3.628307239775025e-05;-0.0013794176840515634;-0.00015057771053158416;-1.4887434508891883e-05;-0.24881007809071223;-0.0006197279642520429;-6.882079467952094e-05;-0.00019230694691681313;-0.06641440268395937;-0.000850547555565268;-0.00037142169643935414;-0.00018849478144044516;0.0002926657714973428;-1.859232031962083e-05;-1.0821474707280407e-06;-0.1040113566266859;-0.008751873750700329;-8.950539335332834e-06;-4.7139827295766325e-06;4.237455474169572e-07;-0.0009055057195812027;-0.0006085506023806893;-0.015690583887922487;-0.02284944190058884;-1.5413097999532444e-06;-0.0002653713997167539;-5.6573785604374185e-05;-2.1900575532195906e-07;-5.066369012947494e-05;-3.906617203375611e-06;-0.0035159935294249863;0.0007036999377858334;0.5;0.0003889085900209373;0.1479894225452798;-0.0003583149985809581;-0.0006726748377032764;-4.893367035629565e-06;-0.0005994140238336481;-0.0007237507132776427;0.0001537489305364029;8.103652039097732e-06;2.4062310277283678e-05;-0.0010924490586449852;-0.00031272889884182315;-2.3920969950289403e-06;-0.31511661963007737;-3.623846717854928e-05;-0.020798498306279226;4.29998127086501e-08;-2.2491551225401345e-05;2.4651979999155576e-08;-2.518540171816255e-06;-2.7552369234216485e-06;-5.704512112446868e-07;-8.409441521584014e-08;-7.231364502105266e-07;-5.833606688483956e-08;-0.0001567567200607985
Seeinsel;-0.38184749294394676;-0.0011101417284015485;-0.004217188289488118;9.502702110475854e-05;-0.01590716129656821;-0.1098819982664686;-0.00020651545259593035;-0.0016055881531335688;-0.00020933468375488847;-0.5509408854012084;6.588289109277951e-05;-0.4437697803068767;-0.00018923853436657537;0.00011110341182287427;-0.00033578657519642334;-0.0013538259168521358;-0.9544981174534743;-0.35313003248121394;-0.5764503678583784;-0.5828484918027309;-0.06754450406237231;-0.20518259732208202;-0.23476200567188935;0.0021079577448713366;-0.10107481429722345;-0.12064491615515593;-0.014435581294884535;-0.23737815971429035;-0.9913973132773308;-0.8327843228057463;-0.1910859171632456;-0.9970303958610227;-0.9742922206289754;-0.10852769353740162;-0.0007995831875235493;0.0004746828367255255;-0.007475172883024942;0.0002561810136886555;-0.014900708354564567;-0.0072115613904319515;-0.4228150250046689;-0.013904425633160874;0.0936980403121777;0.00048394007212819164;-0.17992158766016206;-0.10849522056016028;0.1210133011620171;0.0002146439817395009;-0.08936185689988062;-0.7169972259831469;-0.0006398763967081274;0.03100264057401585;-0.28062211152866307;-0.24134352461933006;-0.00031205604900117265;-0.07391381771853749;-0.14902427563544632;-0.0009571909156426981;-0.28146460284842356;-0.9837650209348036;-0.19380960365625166;-0.09496498710484964;-0.3238675940644145;0.0904971266473971;-0.09801442097785362;0.0003333252762488563;-0.11356430643793235;-0.21362920441673308;-0.012333450252026928;-0.001329479947836913;-0.0014748910139264985;-0.20378959561034435;-0.14672946763202552;-0.20448295628197974;-0.14031107863404813;-0.00043508202508150707;-0.20188976732835406;-0.015726252323292812;-0.0006911288516745444;-0.08291527840768435;-0.0011020294806776921;-0.8926769557470614;-0.5761041492601395;0.10982900844264251;0.5;0.007001247494193574;-0.29120999322290425;-0.34556456143881287;-0.0013800019593156537;-0.5885725144992565;-0.16980584583261685;-0.4056779326089542;-0.0674318841999779;-0.0578491855514795;-0.5704750253742167;0.08218142097160379;-0.0006750812848294494;-0.9993492273961202;-0.010130549574268628;-0.8571085080404645;0.00015272758421924838;-0.006311736572915077;-8.161821473822208e-05;-0.0007107399428599348;-0.0007774847598030259;-0.00131984313623414;-0.0007782969159408333;-0.00020417445883316894;-1.6474018243988604e-05;-0.27307192593347285
Seeteil;-0.0004711823747513976;-1.4050840241902e-05;-6.241959787426947e-06;-5.975294136120932e-06;4.273521234088558e-05;-0.07154133667792735;-2.6114919508391514e-06;-2.03315626015245e-05;7.506626770079968e-08;0.000702172707044351;-3.756598296264424e-06;-0.009986011226730415;8.065861235383118e-08;4.884536867181693e-07;-4.246732579070866e-06;-1.7139230210626058e-05;-0.05705238753630879;-0.0008687061229905491;-0.016915928689234718;-0.0030823491420613265;-0.0035831672580854067;-0.0005658973309438587;-0.0038636488612105568;-6.334276607116347e-05;-0.3562929217249183;-0.06643959623339353;-0.00018514688923879758;-0.0039198853480740346;-0.593000511361987;-0.007791498072175179;-0.002977684895977975;-0.4156024400664999;-0.1425363643456742;-0.21969665974889338;-3.627335779696025e-07;-1.7230271966554166e-05;-0.0001596787558242233;3.559419147081885e-06;-0.00019120156228994085;-9.18290910834796e-05;-0.4107801446413906;-0.00017823960173984904;-0.0021483431155767;-0.00019139120937425948;-0.15842995675659818;-0.0005428933763877768;0.25695683588469437;-1.2300673691503998e-06;-0.0012391259229060302;-0.03103712567932318;-8.095023859312344e-06;-8.039537040311032e-05;-0.004907674546433487;-0.004005851479318713;-0.00010230494922417684;-0.38250698397101895;-0.0022091588041536553;-0.0002480381275902283;-0.0010729079939973158;-0.43378163961855126;-0.0030301718740188034;-0.0013248598724200813;-0.0005943557153212087;0.0011159733471928707;-0.00015181552045680376;-2.6283779118862067e-06;-0.14268588662506504;-0.05124308904460942;-0.00015785315095106245;-1.683060882707846e-05;-1.8674131117747222e-05;-0.0032255118932146033;-0.0021693768279764107;-0.06523467397828527;-0.059390530764377066;-5.503073592580154e-06;-0.003187955715412806;-0.0002019617812594273;-8.743857225172494e-06;-0.0011417644961912424;-1.3948053314394408e-05;-0.014696302358919897;0.0026253166952546186;0.5283817112431699;8.85162495990247e-05;0.5;-0.005167567973382185;-0.006631630053503518;-1.7471067073104482e-05;-0.002350463669188857;-0.002579282584055097;0.0003200791363256012;-0.0009133462795336393;-0.000775688562096586;-0.002346489941250453;-0.001608201218065939;-8.540695074519945e-06;-0.5626035526468464;-0.00012937384020084874;-0.07049053794895883;3.0253617732219e-07;-8.029923430649558e-05;7.642446452335218e-08;-8.992142331255764e-06;-9.837233400343937e-06;-1.670845200487535e-05;-3.412610024334029e-07;-2.5818829362269245e-06;-2.0828317116008795e-07;-0.0002487594777396139
Sesselbahn;-0.600560425508799;-0.0026977328572907033;-0.010202719201747213;-0.0011490166503303752;-0.03785375896341631;0.006577278259232851;-0.0005024990851099385;-0.003898941568158286;-0.0005093568574536515;-0.7491318775887817;-0.0007226802002939069;-0.6600772100516191;-0.00046047181644573876;-0.0011133412001245084;-0.000816893758559709;-0.003288757486620153;-0.034545446957211796;-0.5705770100980806;-0.7681212885051308;-0.7727653846425312;-0.0157961605409971;0.021799631275014924;-0.42748983933336154;0.0029124064917963803;0.0754160026338266;0.004719032421433514;-0.0344229057014171;-0.43104394863706547;-0.10269064805788383;-0.017912484229988042;0.051444064713805845;-0.019755302775652288;0.04471892126090962;0.002078416578780741;-0.0019439151551379117;-0.037961919954097895;-0.23094815231202673;-0.0047499361488644405;-0.03550883887838859;-0.01737291270018523;0.013220593404762358;-0.033181078418322636;-0.08630080238494003;-0.0355428137079283;-0.9975931679026051;-0.0005382500784508051;-0.9928511912714801;-0.0035950827734169675;-0.19279705534225985;-0.8604616938851866;-0.0015559982281135641;-0.27544962429818154;-0.4870371149898188;-0.43639322442367723;-0.08204358747785885;0.025753102780744462;-0.2988542642197087;0.003135844029751088;0.03506526031710477;-0.10839970772354876;-0.36913510348026046;-0.2034368623459616;-0.5382900138167663;-0.8212514842727463;-0.20916445262950858;-0.007293327798958931;-0.114540472363939;-0.13044144123044213;-0.029497302333750666;-0.003229728009280449;-0.0035822320422303497;-0.38384476035995113;-0.2950522038981924;-0.15176960045785923;-0.10033518255869912;-0.0010583068021351597;-0.3810697360133344;0.011528895806909148;-0.0016805062946112647;0.013283104423045172;-0.0026780505519526094;-0.9529295714794711;-0.7678686538648166;-0.24628945974934524;-0.7087900067770957;-0.9948324320266178;0.5;0.04009393219153645;-0.003352219589324669;-0.776881016789001;-0.33236913367242216;-0.6242560912477586;-0.14965499260115755;-0.13001667652784685;-0.7637417407894018;-0.043690674530635576;-0.001641523757030769;-0.011696588191050404;0.0023083154129457124;-0.9358957631538495;-0.002211902445717444;0.0093882765414563;-0.00019863125080331638;-0.0017281428650578214;-0.0018902501576220912;-0.0032063613640873822;-0.001892222500927651;-0.000496804581844822;-4.009595805635009e-05;-0.4776205515139627
Skilift;-0.5391396456685733;-0.002100319275938493;-0.007956584075766675;-0.0008942591125542386;-0.029702906935572287;0.004054179067284192;-0.0003910299359200428;-0.0030363299054935867;-0.00039636705494533974;-0.6991106479868392;-0.0005623958547041421;-0.6017392069906922;-0.00035832221534616484;-0.0008664866859030878;-0.0006357269375717697;-0.0025607974311788397;-0.037841638908863155;-0.5083203580897542;-0.7204735917414699;-0.7257312375292783;-0.021956164396563057;0.015862418468032297;-0.36748505876498755;-0.05689823095885905;0.04995193573568791;0.004604568158048394;0.0017680635953664916;-0.370863457144484;0.034901606975648;0.07298445178018659;0.05003487303579445;-0.02108682217978438;0.02184295529541798;0.0040502261626954765;-0.0015131813994233533;-0.029788499246871998;-0.189404170112273;-0.0036997476005148416;-0.027848291883349856;0.0013464941362613101;0.011577559349457065;-0.026009171729057857;-0.7726960193624902;-0.027875148943346865;-0.10006056600631767;0.0026967401148943544;-0.9908309826389631;-0.002799508658811888;-0.1567173633843429;-0.8275280972499676;-0.001211115007801481;-0.22827666946623518;-0.4248769596780039;-0.37595939499340875;0.003693193797816872;-0.00423254464000521;-0.24905083318268406;0.0065297341460473874;0.03159423147414199;0.029847622589815378;-0.3128453843912411;-0.16577497055690793;-0.001064906812816014;-0.7814144630984063;-0.17066940772626238;-0.005684018875819149;-0.0938798013598966;-0.09611212923896494;-0.023102597240523905;-0.0025148010465593476;-0.0027894937697623173;-0.32647275199646036;-0.24566038192409628;-0.18333936267033282;-0.08172504482780207;-0.0008236446755588802;-0.32389446717369497;0.006034524296256639;-0.0013080623191192484;-0.14619180689425532;-0.0020849865094761367;-0.22589532199506873;-0.7201879551910721;-0.3597595410328908;-0.654435438561187;-0.9933683699464965;0.031196433807059176;0.5;0.0005740427543897437;-0.7304015461739662;-0.2792046067542954;-0.5638326900551748;-0.12044416301200024;-0.1041694348906299;-0.7155273997464189;-0.018859589709350748;-0.0012777082700396814;-0.024415754128591937;-0.0190132276110982;-0.9190919188527701;-0.0017218903697006564;-0.011886206667610338;-0.00015455854498615276;-0.001345155609918317;-0.001471389990096632;-0.0024965938459946876;-0.0014729259271930074;-0.0003865981531888565;-3.119828770012368e-05;-0.41568830227847625
Skisprungschanze;-0.9977678947903328;-0.445747570582315;-0.7539755196507854;-0.25484734699313766;-0.9212416857032967;0.005041493328364874;-0.13003612677619705;-0.5378353213995785;-0.13157805398103276;-0.9988749053493737;-0.17696509852531261;-0.9982708817151078;-0.12046611397164678;-0.24889749372383108;-0.19553948688262113;-0.4952060133749253;-0.999934127351684;-0.9974749859919925;-0.9989856657524848;-0.9990119287580742;-0.9990047808500984;-0.9946753917316358;-0.9955156834296313;-0.9584247498550962;-0.1390621837118602;0.004320429259726424;-0.9137865644836555;-0.995579981575321;-0.9999880088563242;-0.999722601948588;-0.994184059499849;-0.08398278414055632;-0.9999635381300378;0.004630922887472348;-0.3667161390001399;-0.9214565937585414;-0.9889237010431239;-0.5865962116482387;-0.9162885621059239;-0.8401651390230189;-0.0666382473631306;-0.9107431953463148;-0.999230725739689;-0.916364587788637;-0.9999918851674998;0.004206970131762551;-0.9999757824751414;-0.5175398086817553;-0.9861132728921418;-0.9994548502199642;-0.3166292419491714;-0.9912301600975899;-0.9964699662765802;-0.995674797189591;-0.9637319319083874;-0.007385951619189119;-0.9921706452850787;-0.9873716538064219;-0.9964846026678765;-0.9999771950094649;-0.9942845234063697;-0.9870013261281038;-0.9971233132631037;-0.9992684580904536;-0.9874425660029804;-0.6859601060425435;0.08698372866901856;-0.9999570904217786;-0.9003625455748269;-0.4906641700445737;-0.5166424009779855;-0.9946298456076393;-0.9920279000241147;-0.9999752871337153;0.186678058531732;-0.2395312010724969;-0.9945667218435339;-0.9203943233962487;-0.3335430714298466;-0.9849454930542489;-0.4439343246206714;-0.9998338861074444;-0.9989842279977639;-0.9999951066329644;-0.9986199980406844;-0.9999825289329269;-0.9966477804106753;0.21934471995112712;0.5;-0.9990349419303816;-0.9932890788186396;-0.9979795804079751;-0.9812469025271063;-0.977989157654102;-0.9989606074695208;-0.9985886301154856;-0.32833776492607697;-0.007682563862949518;-0.8810354074276285;-0.9997696702870215;-0.39725562764543376;-0.8213141897418383;-0.055772454814115455;-0.3397959732323713;-0.3602269341207599;-0.48884378546796226;-0.36046777178384726;-0.12875160224777152;-0.011780954339004739;-0.9963347877719421
Spitalareal;-0.3015808551546211;-0.0007762772950942007;-0.002951670674798517;-0.00033026623583711726;-0.01117301157744039;-0.0009815895781474322;-0.0001443686423511565;-0.001122890476572728;-0.0001463396048853496;-0.0522288015852937;-0.00020765956673578985;-0.3580256514906235;-0.00013229018881437074;-0.00032000376097851096;-0.00023474726792005793;-0.0009467452707069606;-0.06360145497520613;-0.27620271340284347;-0.4875403769268436;-0.49410288277781517;0.002136737844050432;-0.15286829322884776;-0.17658150975565812;-0.02178365904996163;-0.15570985219865027;0.0062146481757908555;-0.010134879892159296;-0.17870071457535425;-0.987738739112486;-0.7768534304772471;-0.1417248895942655;-0.2051075618299924;-0.2611597590841119;-0.0033629230018480958;-0.0005590639712677732;0.0005308108936764672;0.011580765371331608;-0.001368808511019229;-0.010462905695584779;-0.005052034253661117;-0.016807594839164434;-0.009760400930121779;0.2235360310472451;-0.010473176814179848;0.08636874692743866;0.00496040578152493;-0.0100453174649366;-0.001035154679524605;-0.06419276326407063;-0.6391202724329458;-0.00044737639113120683;-0.09843563526338102;-0.21425840657210762;-0.0183358501375215;-0.025026347714476798;-0.02794659028609325;-0.10906361037246377;-0.0033390341245678567;-0.21496119463295135;-0.9769360769704827;-0.14387013307586172;-0.06833617842852512;0.02528620014377879;-0.5688761829214866;-0.07059723153148105;-0.002105578318665452;0.3036197609326303;0.3264215619680634;-0.00865352458899709;-0.0009297130530451132;-0.0010314450157469348;-0.15176264215773583;-0.10730655760842794;0.36221794904868787;0.2853934262435283;-0.0003041734749781786;-0.1502563046435184;-0.011045338845144614;-0.00048321754573796814;0.0038836249966550385;-0.0007706028456321236;0.35056989477899164;-0.01859069477006056;-0.11832860664356613;-0.41142748550074354;-0.1299568848249381;-0.22311898321099896;-0.2695984538260338;-0.0009650580696184307;0.5;-0.0013774035333960803;-0.0542765389638798;-0.0481131069790107;-0.041154631746834314;-0.4814390704336364;-0.02841449683790716;-0.00047199526535621504;-0.13975828104965415;-0.007103175269813549;-0.8074323301097509;-0.0006362579928801216;-0.004420465335236437;-5.7054655024913534e-05;-0.0004969319940707214;-0.0005436092611127421;-0.0009229712966073238;-0.000544177245289573;-0.0001427320245739692;-1.1515824034874044e-05;-0.20797753856892706
Sportplatzareal;-0.7512499769856499;-0.005404237933305404;-0.020285464251835528;-0.002305361207724528;-0.07324040512546318;0.009825326803733894;-0.0010088600420321387;-0.007801134633180552;-0.0010226212206173113;0.06049927913936699;-0.0014505924276479577;-0.7959428906620961;-0.0009245216846519948;-0.0022338630800553764;-0.0016395459289071654;-0.006584294332080033;-0.1208307363581178;-0.7274444018619914;-0.8693498433191095;-0.8723035696032188;-0.02918593911081164;-0.5579365415831474;-0.5999817970582436;0.02877716908314657;-0.17744306413091734;0.004848831188434885;-0.06682506064161932;-0.6034583841136483;-0.9982283039518643;-0.9605508388200525;-0.5359464609475026;-0.9993911663690429;-0.9946320219318029;-0.018365795112757283;-0.0038971065726526783;-0.07344195974112729;-0.3762546711563524;-0.00949571427937082;-0.06886028145968896;-0.03429601427770788;-0.08358863653301073;-0.06449238035444219;-0.8977074990371157;-0.0689238865451206;-0.9988003479749772;-0.005986808293130264;-0.9964282600582801;-0.007195360404538453;-0.32421945209116276;-0.9252987038434234;-0.003120640294042763;-0.43299122802672985;-0.6560241303545551;-0.6086583515801797;-0.15220507003587935;0.015559231147781008;-0.46126017686981924;0.017095422154909272;-0.6569644042546743;-0.9966358926446384;-0.5403024264776021;-0.33906549267731867;-0.7007663344530319;0.05172677660810165;-0.34694841403613785;0.004179812587212365;0.25237388865002625;0.26778653389018275;-0.05753929374310161;-0.006466497458500412;-0.007169732975350886;-0.5558234236435391;-0.4567378914928292;0.3087272875053795;0.27741240237722825;-0.0021235570840952666;-0.5529207997064568;-0.07245546409434121;-0.003369925519479;-0.30653334365390444;-0.005364915545500299;0.13740212738572077;0.26086991423964245;-0.9992762492867223;-0.8301941541673831;-0.9974207174159448;-0.6676308663275778;-0.7207953932457046;-0.006710921181360461;-0.009633739576355074;0.5;0.06412124227962256;-0.2611846615397022;-0.23088476170848887;-0.8665500534000756;-0.8269976418492814;-0.0032918829156755205;-0.04994131883673306;-0.047651650933756694;-0.9670252622133081;-0.004433163949480553;-0.030119244911576977;-0.000398911257819769;-0.0034652850821199873;-0.003789725235132368;-0.006419864049110353;-0.003793672014120217;-0.0009974329977740322;-8.053761274238293e-05;-0.6474642584449306
Standplatzareal;-0.4750576932873839;-0.0016255291525452643;-0.006166129362342962;-0.0006919172864177285;-0.023133029451003137;-0.00018808027960339128;-0.0003025180701062459;-0.0023504471877940423;-0.00030664747227104823;0.5634091129733203;-0.00043511121600736674;-0.5389174821711183;-0.0002772118762708662;-0.0006704246422220677;-0.0004918537575427111;-0.001982120142308094;-0.04925479087946287;-0.01052494385696172;-0.6659847984391414;-0.6718004609128726;0.013195010973039552;0.012024453091216655;-0.3100783930019297;0.0022656516375724302;-0.04821870330227471;0.005326498537273374;-0.021007250204809043;-0.3131903540545587;-0.9941118192147076;-0.1365616308575988;-0.2570978178730438;-0.14985646467472988;-0.9823077755963849;-0.004285384718418429;-0.001170961669115693;-0.023200142578788798;-0.15308357262770447;-0.0028644346885311686;-0.021679464432731204;-0.010529695937190194;-0.0335561283222415;-0.02023925630369418;0.029732757651520426;-0.021700505038551476;-0.0024241685768146624;-0.0004126812114613828;0.10454022841618119;-0.0021670056933500146;-0.12569291970628874;-0.7877602181623021;-0.0009371462199203254;-0.1862142245656284;-0.3636594481511718;-0.31789424583806347;0.0022159523029630377;-0.015588505713684506;-0.20417325415616033;-0.0014385740293767994;0.006110860187094853;-0.988860773517549;-0.26045945780153856;-0.1332407555445812;0.009342609097344289;0.058247766445204636;-0.13733276381803308;0.000569418432824541;0.26497205247342814;0.12141455052848733;-0.01796558732126129;-0.0019464975263290972;-0.0021592486044178516;-0.27271054059641553;-0.20123003116108087;0.13902179086397698;0.22859532097897858;-0.0006372704144169011;-0.2703863897443957;-0.02287185207333568;-0.0010121851076619218;-0.11696204374885315;-0.0016136568476735158;-0.9241588653778745;-0.009785999218596277;0.06360951764128374;-0.5943220673910458;0.03708943894308568;-0.37574390875224145;-0.4361673099448252;-0.0020204195920250465;-0.11375206619281163;0.01921389291754028;0.5;-0.0957848818323647;-0.08252953275485779;-0.660528730089866;-0.08810279704274318;-0.0009886901968203137;-0.1321776736025853;-0.014771765544642289;-0.8978298284179268;-0.0013325322010694167;-0.009219694725933281;-0.00011956693049637938;-0.0010408968248785439;-0.00113861098904878;-0.0019323968815694215;-0.0011397999452805677;-0.00029908914663004274;-2.4134410059930418e-05;-0.35497756384651263
Staudamm;-0.8952109702927061;-0.015137415445179235;-0.05532916808444643;-0.006493818566463108;-0.18270509995124384;-0.02402324250593864;-0.0028485159732786333;-0.02175675587775881;-0.0028872981305698717;-0.9443438208755085;-0.004092447417738473;-0.916899554952968;-0.0026107885721023943;-0.006293239630759069;-0.004623934201453454;-0.0184034594376574;0.10675601981597765;-0.883037602068816;-0.9495517882548554;-0.9507949433166978;-0.054896398433059865;-0.7811895727271878;-0.8092600917179468;-0.30583176834992004;-0.0045629291285017;0.005486939504832935;-0.1684441562093252;-0.8114892987036374;-0.9993729550209622;-0.9856890288646663;-0.765640176640808;-0.09803776815189078;-0.998095713661666;0.003751064637316812;-0.010945772536077666;-0.18314836474018767;-0.6304958052740802;-0.026402139700317937;-0.17300052120915482;-0.09128808264823379;0.0290842902207122;-0.16318453857078147;-0.9612769773356827;-0.17314243218252626;-0.025245397320504227;0.0012613749782436957;-0.9987344026124885;-0.020089240348015482;-0.5757553541945487;-0.9722516826602418;-0.008777292770019011;-0.6835561596758932;-0.8436243781629955;0.34993446664944;-0.33679947198937654;-0.014022330308542563;-0.7077641725709072;-0.5990809891575006;0.09039314714273346;-0.9988081347458762;-0.7687702835912885;-0.592028840298681;-0.8688433094550043;-0.963107581874188;-0.6004499659606177;-0.04007256597329639;-0.10706305664970132;-0.09383423446429713;-0.14726617280889515;-0.018078058766744086;-0.020018615289183913;-0.7797223020258703;-0.7039831647594184;-0.9987085490755482;-0.9990787212878267;-0.005983687655266833;-0.7776976355105261;-0.18097608489317257;-0.009474152289261076;-0.5556296691396797;-0.01502834248237275;-0.9913816472414795;-0.05359584106116226;0.03164940717306332;-0.9325681158000221;-0.9990866537204663;-0.8503450073988424;-0.8795558369879997;-0.01875309747289366;-0.9518868930209893;-0.7388153384602978;-0.9042151181676352;0.5;-0.459215377582467;-0.9483686246251383;0.1599004056522729;-0.009256057524735085;0.007251501691312501;-0.12398818848863832;-0.9880889150003563;-0.012439284815406397;-0.08075086827441431;-0.0011275812049487619;-0.00974055636818468;-0.010646247220551195;-0.017949200909955585;-0.010657258279976914;-0.002816310461160978;-0.00022778390219988152;-0.8385842769907456
Staumauer;-0.909587780663726;-0.01777843255793156;-0.0645230149662657;-0.0076384879887694355;-0.20839538978866232;0.007079400810353355;-0.00335279410090294;-0.02552271738633308;-0.003398418537168838;-0.9523386076805389;-0.004815877502526776;-0.9285382762500243;-0.0030731110741779215;-0.007402816325816787;-0.005440802989306628;-0.02160180312945605;0.1389984827985527;-0.8988959445426106;-0.9568326683494056;-0.9579043604195894;-0.0479693988417087;-0.8078521423939934;-0.8332323984330046;-0.3415988257420467;-0.02226398777237738;0.0036775007058095816;-0.19260175524288758;-0.8352384782340326;-0.9994674849806563;-0.9878213352906932;-0.7936971011824698;-0.06385401420521768;-0.9983824820739707;0.0038326552283919815;-0.012865028839688784;-0.20888505255124304;0.0693730865506098;-0.030946751433712692;-0.19765625331696635;-0.10578796948936078;0.02662144045921247;-0.1867572335040232;-0.9669245777033019;-0.1978135515128659;-0.9996395675374682;0.0028779752376488824;-0.9989250937901072;-0.02357352062070349;-0.6151172864957569;-0.9763380648452608;-0.010320290439260206;-0.717818199837175;-0.8640035573678012;0.3274379299251843;0.07691592773469441;0.005025765120447461;-0.7404005776781095;-0.6376407963513132;-0.8644927427430922;-0.9989877277521245;-0.7965520538966423;-0.6308489687875413;-0.8863785527840757;0.059615752723615426;-0.6389574569942081;-0.04685702498224689;-0.14128941521561325;-0.9980969815424211;-0.16900379614815234;-0.021221073544677293;-0.023490939987899265;-0.8065193803085177;-0.7368848502882813;-0.16361831641520597;-0.10181578554432201;-0.007039073084115415;-0.8046793181179328;-0.20648467904451728;-0.011138277295632291;-0.5955471684975403;-0.017650670744451456;-0.9926720704850867;-0.9567740667214498;0.11067003021380686;-0.9421508144485204;-0.9992243114379034;-0.8699833234721531;-0.8958305651093701;-0.02201084234589796;-0.9588453682531658;-0.7691152382915112;-0.9174704672451421;-0.5407846224175329;0.5;-0.9558123171390555;0.10449855314617262;-0.010882295279932752;0.06268128529653863;-0.14286546458163948;-0.9898673189649507;-0.014616546830637487;-0.09374973131881975;-0.00132760464529271;-0.011450934018719031;-0.012513648566721226;-0.021070293448917365;-0.012526566563209935;-0.003314906140148517;-0.0002682337171869072;-0.8595109089757338
Steinbruchareal;-0.31745261065717234;-0.0008360829172036134;-0.0031785388963856973;-0.0003557226980169165;-0.012024159336504954;-0.0014067334781466211;-0.00015549860537337568;-0.0012093674030257814;-0.0001576214934335386;-0.48018125812196494;-0.00022366779179950689;0.002819709792107346;-0.00014248910766332735;-0.0003446694785971169;-0.00025284312304918525;-0.0010196706115502164;-0.11700833131977262;-0.2912959112723968;-0.5061069557249372;-0.5126693592925968;0.01321951749095272;-0.1627371674930256;-0.1876421682643548;-0.023423966582899015;-0.050498788247656634;0.007077164289753714;-0.010907816296750875;-0.18986350756521464;-0.9886064769012738;-0.7894645243984325;-0.15100260130539855;0.0014059796309829789;-0.9661417585089068;0.005692117092233512;-0.0006021452221343815;-0.012059441476504047;-0.0850002710288235;-0.001474196320031128;-0.011260574392542213;-0.005439457698369608;-0.02984807992783915;-0.010505080797482153;-0.5747393913055259;0.00021241383721358568;-0.08670374900774314;0.0068965061931302845;-0.9772534131706939;-0.0011148823691026519;-0.068801867751696;-0.6560691935281612;-0.00048185519023063306;-0.1052269464613515;-0.22702837457945116;-0.19323626492575208;-0.026904113827823317;-0.00683610492581718;-0.11649342608973798;0.0020864897881278056;-0.22776090776105443;-0.9785517255134427;-0.15326320107485114;-0.07321950713659642;0.012326635996785032;-0.5869922667517316;-0.07562901981788576;-0.002267562974760759;-0.04884544967153853;-0.9603913629439921;-0.009314548552509645;-0.0010013277611251282;-0.0011108873044779284;-0.16157375185419223;-0.11463207717589714;-0.06944177520043732;-0.07568426820916592;-0.00032761940256014957;-0.1599884004012655;-0.011886877553310823;-0.0005204571443469234;-0.06373468233543973;-0.0008299716623614924;-0.8623078409011533;-0.5057525374871361;-0.23228571697702188;-0.4295249746257833;-0.13974069756209767;-0.23625825921059818;-0.2844726002535811;-0.0010393925304792468;-0.5185609295663637;-0.13344994659992432;-0.33947126991013393;-0.05163137537486185;-0.04418768286094449;0.5;0.00577277817671683;-0.0005083704486244263;-0.09211313970359329;0.0024511144572442294;-0.8187185348382646;-0.0006852837061279389;-0.004759687588533549;-6.145364305785853e-05;-0.0005352279431195456;-0.0005855002757443501;-0.0009940672117904157;-0.0005861120036208586;-0.00015373583350714045;-1.240375258369239e-05;-0.22047820262774365
Strasse;0.023105970643475606;0.00018242705690418696;0.001455439256852936;0.00014610372250433432;-0.016263358910840686;-0.009377767798949579;-0.0002112152624542342;-0.0016420752994633942;-0.0002140986389973091;-0.01636950428173789;-0.000303802707191879;0.005215357009210799;4.742210617065759e-05;-0.0004681361565865302;-0.0003434272836485968;-0.0013845996764506663;0.07135148085183919;-0.003405631914041489;-0.5819359686424184;-0.5883104080744622;0.010155149568883873;-0.20887750617637693;-0.2388295212157683;-5.229853696224236e-05;-0.013062572769666927;0.004076245928477398;0.001386385393800735;0.04680198682152862;-0.21938097045412847;-0.039465152788274914;0.024975139780321683;0.002525317649555815;0.02949253508601614;0.003122291718154807;0.0001773470352393468;0.00236361651313432;0.016628335203624254;0.00047780266309178167;0.002395862749497663;-0.007374503826446289;-0.01818882126899817;-0.014216425281846917;0.05543742326629129;-0.01524960135680953;-0.050432053274422205;0.003739302884193129;-0.08753850871299784;-0.0015138350535493512;-0.0912104230482517;-0.15370116411998386;-0.0006544320350069946;0.009428680998784744;-0.28518808250366084;0.038986174840045296;0.0039803975628920065;-0.014922505438955938;-0.15190116367438503;-0.0007655068328686301;0.013037330521650535;-0.08761282029799926;-0.19735056082637448;0.018501033343967323;0.16059018709536932;0.06721537988633658;0.010595490186341762;-0.0030777232607191673;0.0550982232634268;0.12713634541120872;0.001657300863151745;0.0005181262541121138;0.0005579211027750284;0.006582287611660242;0.03846954245384561;0.12409363247301611;0.05317401401796883;-0.00044498116172627094;0.03606464806122337;-0.016078465159253735;-0.0007068495345730356;0.053127655977210524;-0.0011270861258522518;0.00017980986652503582;-0.04425082808017675;-0.09032590631571903;0.08405207347721771;-0.13009709451396492;-0.018359135342105343;-0.01018519656253255;-0.0014113698845144745;-0.04157396356412472;-0.17300235815071854;-0.06150692423887373;0.011825216013279167;0.0065623876879455775;0.00784165751432795;0.5;0.0001270736912140435;-0.04634151505005575;0.0005507023330023996;0.02388318644130376;0.00015840014909264754;-0.006454479996257758;3.6634853762795285e-05;0.00022749001082328262;-0.000795168164412119;0.0003514466395092001;-0.0007959987778182272;-0.00020882100426280258;-1.6849001347260395e-05;0.028080463071523402
Strassenpass;-0.9989076033450147;-0.6219528382974044;-0.8624324305326073;-0.41163471743425184;-0.9598845436910356;0.00041946092343803716;-0.23416753024937823;-0.7041927148204298;-0.23660839161184674;-0.9994496882302859;-0.3054807022243023;-0.9991539838931316;-0.2188619288889623;-0.4040090370556367;-0.33210122588534485;-0.6674193571172624;-0.9999677974951243;-0.9987640679484032;-0.999503892001325;-0.9995167436535861;-0.9995132458997071;-0.9973899958158386;-0.9978028343630182;-0.9792349180551267;-0.011939451564999037;0.0009871805779944041;-0.9559122323087698;-0.9978344096497623;-0.9999941381705861;-0.9998643765156272;-0.9971484375995167;-0.012296480269115213;0.007152657255121959;0.0018232762807709765;-0.5422445636713659;-0.9599985854033668;0.41439431564766915;-0.7437639504521212;-0.9572488975664988;-0.914914193004956;-0.010638692740622421;-0.954281516178831;-0.9996237972939337;-0.9572894575550538;0.05719222692539304;0.0014276136398803788;-0.9999881612721371;-0.6869504700537611;-0.9931630319621116;-0.999733432754483;-0.4866048794951086;-0.9956936156648143;-0.9982712463497959;-0.9978809675425676;-0.9819357002695234;-0.011834849993570679;-0.9961572916744124;-0.9937866063305386;-0.998278427092422;-0.999988851797056;-0.9971978394976586;-0.9936031791037222;-0.9985916793386439;-0.9996422566694211;-0.9938217219205614;-0.8171284306980873;0.05544135163701033;-0.9999790234684999;0.7127160874574243;-0.6633737020648639;-0.6861770996666068;-0.9973676086694945;-0.996086944523654;-0.011310309677749845;-0.9999913850610396;-0.3918509024889409;-0.9973365799114636;-0.9594346334011912;-0.5058770369832538;-0.9925836305723188;-0.6202249105651555;-0.9999187893961049;-0.9995031884342707;-0.999997607903005;-0.9993249187151706;-0.9999914593049255;-0.9983584762429693;-0.9987222917299603;-0.6716622350739231;-0.9995280047346438;-0.9967081170843245;-0.9990113098031796;-0.990743942475265;-0.9891177047200673;-0.9994916295513756;0.18392108012758568;0.5;-0.016183336983291743;-0.9380795725992522;0.09644322506716545;-0.5741490256417039;-0.903870464821552;-0.10780368639194428;-0.5128744481362034;-0.5352746551999443;-0.6617450528112587;-0.5355345609403827;-0.23212883919880967;-0.023806377284958838;-0.9982049214952625
Tal;-4.379190726157653e-05;2.156435673974959e-08;-2.662555365724327e-07;-5.892264210542032e-09;-1.0526015923731913e-05;0.015640211187412996;3.551201614117852e-10;-1.047233531365179e-06;-6.973168527717309e-09;-7.869099288761657e-05;-9.448919216750136e-09;-7.794337027678049e-05;-1.3493674847666828e-08;-1.0877892127108079e-08;3.133121137594009e-09;1.7064030880797037e-08;-0.00013018472165698155;-2.9123770688982713e-05;-0.0008854924399483384;-0.0001702922865122988;-3.572229293951987e-05;-1.75329724259692e-05;-2.1491871043822172e-05;-4.334833053717421e-07;0.03621121488548381;0.03176939554774085;3.622334815950653e-07;-0.00020265413996773293;0.0041208357677825274;-0.0004083817904851249;-9.110152582394345e-06;-0.007026161946349729;0.0021338176466787996;0.01896132887207004;-1.2264598338755167e-08;-1.034160198709535e-06;-6.0252214197276845e-06;-2.1219949489301627e-07;5.964836616155946e-07;-5.2642903070853574e-08;0.025615413159761912;-7.095967649773813e-07;-0.00016632648266032743;-2.44844847158462e-07;-0.023277117651289772;0.01086371634434415;-0.035826655992146975;-2.4260108745496307e-08;-1.0648349593652699e-05;-0.00025975271797830737;-4.169518200476017e-07;-1.3716400501077432e-05;3.4128244295072746e-05;-1.978899965560946e-05;-1.5732219377580836e-06;0.06034874165934167;-1.5934568095126486e-05;1.3685674964035046e-06;5.766038249080007e-06;0.001514960709765409;-8.855297331968246e-06;-1.0032282567146781e-05;4.378502603040515e-06;-0.00018792737455413158;-6.986043326924194e-06;-4.0709909408066274e-08;-0.04484531502250048;-0.002437998600698921;3.8430065677285125e-07;-8.669043168729417e-07;-3.453675609355924e-08;-2.436814584465628e-05;-1.3115648653903042e-05;-0.005525367387550809;-0.009756696751043605;7.316283196123672e-10;-2.0248385868134957e-05;-4.192935422348935e-07;1.6644051233153955e-09;1.935686057686441e-06;-7.184288277677256e-07;-0.0007253786726352025;-0.00011469834155989448;-0.05794991679361019;-0.0006507726038797475;-0.02897789780564347;-3.1293912857820644e-06;-8.395460308140115e-06;-6.913494218815223e-09;-0.0001301955699134626;-6.6518883961728e-06;-5.8752941241969805e-05;3.414480724556127e-07;2.506263302308646e-06;-7.966760874730486e-05;-2.950580199191186e-05;-7.11917075274621e-09;0.5;-3.354682386678582e-07;-0.0006050861031016623;-2.834373669212954e-08;-3.718905372953479e-08;-3.6526533118683386e-09;-4.076012002628235e-08;1.5227899569031907e-08;-9.388468683986215e-08;-2.7276931461517907e-08;-1.3298480384834915e-07;1.0205576499439305e-10;-3.5077298320564564e-05
Transportseil;-0.9837023685169632;-0.09795649200807217;-0.2926924763292094;-0.044142057992380676;-0.6123180761393788;-0.00566156135589724;-0.01978377004298622;-0.13579768161713845;-0.02004848757094056;-0.9917273266137441;-0.028213981396156485;-0.9873346752374177;-0.018158421927970257;-0.042828742239269905;-0.0317781760211862;-0.11696930193631884;0.012886005315006105;-0.9815977480509223;-0.9925364757326445;-0.9927285048583282;-0.9926762346212623;-0.9618673394237757;-0.9677171235251938;-0.7568550709112035;0.03304966874953318;0.004975583284829173;-0.5886770571874981;-0.9681672646040591;-0.9999112020603693;-0.9979492722803796;-0.9584750047069582;-0.02931241951864873;0.03362260319598899;0.005333160420271268;-0.07252042129723389;-0.6130218496331988;-0.9234051098127218;-0.16079024111814666;-0.5964473017514393;-0.41512593840742873;0.009950871489116732;-0.5794391307325086;-0.9943307977160611;-0.5966859472760846;-0.9999399057906537;0.00484491912040726;-0.9998206761615881;-0.1265201062660045;-0.9055580327596635;-0.9959767455477969;-0.05887951397220227;-0.9385063842940325;-0.9744351514772621;-0.9688317119546559;-0.7820415769641247;0.015975787505822167;-0.9447860630667939;-0.9134756327814486;-0.9745388152307796;-0.9998311340461166;-0.9591669682813501;-0.9111333338268134;0.1232006802791592;-0.994607571019176;-0.9139253212555782;-0.22776536010716666;-0.05254291563567804;-0.999682304892237;-0.5495833643896142;-0.1151054757165118;-0.12612347485686418;-0.9615520044359437;-0.9438283099863778;-0.9998170088806947;-0.06419675120359189;-0.040795860266912176;-0.9611152660432011;-0.6095556687671992;-0.06330013731252129;-0.8983146343398888;-0.0973096269671263;-0.9987710910482984;-0.9925259650503748;-0.9999637615328214;-0.9898694504257314;-0.9998706261597992;0.09266777913349451;-0.9809867723889018;-0.1189645925723715;-0.9928968247301865;-0.9523483490662432;-0.9852282344553578;-0.8760118115113616;-0.8571345354183606;0.3180949116684762;0.052612270715392186;-0.061920427400747706;-0.05033665390928039;0.5;-0.9982967229485346;-0.08172138593886788;-0.38296191710239613;-0.007912567032719225;-0.0649807850836122;-0.07065630851820905;-0.11436557127921539;-0.07072494910836213;-0.01956385002859257;-0.0016071376665255357;-0.9734786334998453
Truppenuebungsplatz;0.004219461235586716;-0.00018524689151382315;-0.0007055412499211838;-7.878629101483468e-05;-0.0026875615158029843;0.01804909003213177;-3.443482346197883e-05;-0.0002680316981502104;5.319754092829872e-06;-0.16980554885762547;6.718920379500485e-06;-0.11739273167091624;-3.155357922282899e-05;-7.633754112609246e-05;-5.599579682472715e-05;1.4248890279396702e-05;-0.005168790376920693;0.02195791562333241;-0.02183134103096727;-0.1889264141261211;-0.0055743447922531044;-0.04126139760495748;-0.04865632314442629;0.0004377852486022331;0.0721646224525742;0.007417209439100589;-0.0001259591859599957;-0.04933224161540211;-0.950525698809231;-0.4536363864857505;-0.0010420185771951036;-0.07739699065262076;-0.13912140042159754;0.002828253246670044;-0.00013339012438478665;-0.0026955222947321056;-0.0010865739371203956;-0.0003267930886186881;-0.00251538044527464;1.940728338356726e-05;-0.030288989426368828;-0.002345227042297231;0.03849496758858356;8.972958915059124e-05;-0.15646594971053313;0.008060115901584333;-0.9048781348746981;-0.0002470728184737325;0.0011132904597606242;-0.2969501108182164;-0.0001067328934457554;-0.02537866457387607;-0.06106216620837465;-0.0005454953834440026;-0.0005894068019194178;0.015299910510596258;-0.028366953089310913;0.0010672015421361398;-0.061301659656214876;-0.17011101036479345;-0.03853383584341928;-0.0007848074961330392;-0.0008950084343888316;-0.04024019066231058;0.0030989895036425056;5.547646171981293e-05;0.08147448854523694;0.03527365145405573;-9.165382141448377e-05;-0.00022188796677619096;-0.00024618669238987733;0.01526503403826877;-0.027869284828152964;0.1691276523117457;-0.047625583383075286;-7.256031962770023e-05;-0.04046529227849881;-0.002656590556465783;-0.00011528685021483005;-0.014849042610045415;-0.00018389197447392068;-0.1456849714790062;-0.18472182779777346;-0.9792015016937208;-0.14289149195953557;-0.9295094620510411;-0.06410423684615056;-0.08090808114722996;-0.00023032971297857327;-0.19256766989024912;-0.032974737786691966;-0.1021701715820733;-0.011911084999643563;-0.010132681035049232;-0.18128146516173546;0.0038930326704098373;1.0861545874985408e-05;-0.15490868333980473;-0.0017032770514653944;0.5;1.2546740041958323e-05;-1.1681382473081473e-05;-1.360777731800757e-05;-0.00011856010488906905;-0.00012970117364947235;-0.00022027782828871635;-0.00012983674667952424;-3.4044414786953416e-05;-2.7464776495525878e-06;0.005922564880741538
Turm;-0.9985277479504369;-0.5495978016727696;-0.8230051852528344;-0.34163621627581264;-0.9466599139094649;-0.00015005508997064642;-0.18486526335742368;-0.6384272244176264;-0.18691764869750419;-0.9992581901975507;0.1378197169980076;-0.9988597037738223;-0.17205815559951626;-0.33456989669562964;-0.26943395622699734;-0.5981437505673918;0.022027453477839014;-0.9983343846993372;-0.9993312432293737;-0.9993485644242533;-0.9993438502075391;0.30156238692620463;-0.9970399597518825;-0.9722046940719652;-0.025758752307368446;0.0007145750834046248;0.3502071528562303;-0.9970824661909855;-0.9999920968672635;-0.9998171557220639;-0.9961592254541323;-0.027894787591917016;-0.006241828605780968;-0.0014001229487727103;-0.4676907165054924;-0.9468094677961816;-0.9926721827526349;-0.6828336983873645;-0.9432067982705646;-0.8885852148626328;-0.02984289273109115;-0.9393265235326049;0.33241092019790625;0.3484631830003273;0.08446806458726448;0.0005972463364281194;0.04308003054518633;-0.6194233220158444;-0.9908040256062369;-0.999640636919088;-0.4128022851891504;-0.9942026573354523;-0.9976706286922222;-0.9971451438179094;0.318850113342747;-0.0030699444328543433;-0.9948260332719697;-0.9916409452674642;-0.9976802984296761;-0.029284069505169947;-0.9962257000924931;-0.991394723905469;-0.9981021774713661;0.21874955837019538;-0.9916880858428381;0.3439601156240981;0.0734865039852964;0.09563111202649222;-0.9320220177853498;-0.5937683141631556;-0.618575756402746;-0.9964541569996288;-0.9947314441223836;0.08301150685580672;0.04893956652049221;-0.3233676424712123;-0.9964123998526203;-0.9460700174502349;-0.4316087982093147;-0.9900267168817062;-0.5477796221527478;0.066019267286029;0.193373520878641;0.013332750518582443;0.16768767532029802;0.026273226044715794;-0.9977880975542825;-0.9982781096302994;-0.6027443723545662;-0.99936374200712;-0.9955668360505194;-0.9986674677989305;-0.9875607151845935;-0.9853834531693625;-0.999314716293872;0.17004523337776123;-0.42585097435829605;-0.04778909275970298;-0.9182786140611322;0.08263118804136993;0.5;-0.8745925322620005;-0.08224907657951515;-0.4384905479667014;-0.4607146130624614;-0.5920100194408547;-0.4609742265830392;-0.18315315070742738;-0.017766629420175786;0.21523548319669966
Uebrige Bahnen;-0.9898220219984616;-0.14891401059692566;-0.40002814022123917;0.030724527615613822;-0.717898620480821;0.0011946862055319527;-0.03149526698265669;-0.2020314883128043;-0.03191158899208163;-0.9948494385052826;-0.044688434921086845;-0.9921013729023892;-0.028936156738214754;-0.06724639225215663;-0.050226237647501115;-0.17588883577465161;-0.9996972936650866;-0.9884984327356607;-0.9953546446630248;-0.9954744956848008;-0.9954418740278861;0.1368382374483072;-0.9797153586040022;-0.8337594776611978;0.025707297866468488;0.0035981392798545057;-0.6975154119780477;-0.9800016578297743;-0.1534011539756624;-0.9987262341140651;0.5425920239140586;-0.02785853760368245;0.0977242327657504;0.0029007971084660704;-0.11188721522542919;-0.7184988435500593;-0.9510390867126949;-0.23588663596559917;-0.7042625174965076;-0.5334949076237825;0.012216096036076476;-0.6894322994817401;-0.9964738515774209;-0.7044689963049539;-0.11382214805038487;0.0021173209768934375;-0.9998886958927132;-0.18921964847817244;-0.9392069865275848;-0.9974991683107431;-0.09157260948713382;-0.9609226721958531;-0.98397790698901;-0.9804240795424232;-0.8525319036482867;0.006341073121442865;-0.9649985903811091;-0.9444765716913346;0.5439773472700745;0.008918631829371831;-0.974258420045074;-0.9429210589732163;0.14729891558354266;-0.9966463527903278;-0.9447748812891417;-0.3221350370150472;0.10033611417712068;0.04013183145348199;-0.6628414784528777;-0.1732703888298862;-0.1886689145539794;-0.9757842268808415;-0.9643782289695546;-0.003503159796248117;0.0787354356360614;-0.06413217212666195;-0.9755050367593137;-0.715539026207777;-0.09819170511091987;-0.9343572793230464;-0.14798584810338217;-0.9992369274356129;-0.9953480841318043;-0.9999775084487745;-0.993688263427085;-0.9999197007656936;0.6072616533257007;-0.9881137933323897;-0.17868581025816158;-0.9955795346647635;-0.969880755088423;-0.9907803052740668;-0.9192491317255856;-0.9062502686811802;-0.9952403124114665;-0.9935455200037423;-0.09612953517844806;-0.008990926403519424;-0.617038082897604;-0.011031256290029162;-0.1254074677379994;0.5;-0.012687569645700704;-0.10069914956824541;-0.10913025701069444;-0.17222936775680345;-0.10923188085759518;-0.03114929690666077;-0.002586920317982786;-0.9833723420434328
Verladestation;-0.9998678793057187;-0.9315801758909767;-0.9810907905821777;-0.8527284138601054;0.6206028636786487;-0.012618956544381851;-0.7167602511638353;-0.9516953994322694;-0.7195054098743702;-0.9999334738854776;-0.7844924487104215;-0.9998977001577449;-0.6986891507175915;-0.8487186096332737;-0.8045026647448162;-0.9432090274100997;-0.9999961088753997;-0.9998505004307792;-0.9999400293326902;-0.9999415835300747;-0.9999411605373657;-0.9996839090330416;-0.9997340036261176;-0.997444307481968;-0.9999999176882012;-0.008588503740931041;-0.994458086261949;-0.9997378335299817;-0.9999992917140916;-0.9999836107201082;-0.999654581006343;-0.9999997568845301;-0.999997846241856;-0.013049287125370955;-0.9074388270795959;-0.9949904713359553;-0.9993388686403974;0.7056343351355852;-0.9946326693443353;-0.9888878780678555;-0.025004471292477362;-0.994244518000615;-0.9999545285537236;-0.9946379602572104;0.037048797415889644;-0.004351401108248651;0.08974793983917781;-0.9478105913558499;-0.9991688965258194;-0.9999677832472412;-0.886932212751225;-0.9994776839709657;-0.9997907974998088;-0.9997434803506567;-0.9977820744416119;-0.01967357453530583;-0.9995341133012041;-0.9992451147275699;-0.9997916677837069;-0.9999986529543611;-0.9996605799973192;-0.9992227035228477;-0.9998296222828641;-0.9999567604318259;-0.9992494043341718;-0.9736705910169878;0.09245160952372594;-0.999997465368223;-0.9935059033204339;-0.9422278018514418;-0.9476325337207395;-0.9996811914934421;-0.9995255550297694;0.09162441887100994;-0.9999989590528475;-0.8420865464331142;-0.9996774247852354;-0.994917233547574;-0.8944367193920679;-0.9990980021043877;-0.9311106996068282;-0.9999901866579584;-0.9999399442467347;0.08529013362595156;-0.9999183817852617;0.07405634792732423;-0.9998013687491968;-0.9998454414550139;-0.9442275451858846;-0.9999429453449752;-0.9996010887421802;-0.9998804330695036;-0.9988724187950513;-0.9986723953547073;-0.9999385463569421;0.4388308369489467;-0.8921963136080557;-0.06871854158978852;-0.9920874329672807;-0.9999863922226819;-0.9177509234204848;-0.9873124303542993;0.5;-0.8970514172330116;-0.9050558431707666;-0.9418299877013397;-0.905145589912769;-0.7144396085353628;-0.16793506241473743;-0.9997827586113499
Verzweigung;-0.9988499269230222;-0.6097677648708205;-0.856206385841162;-0.3992188855497103;-0.9578534567474011;0.001021263041006177;-0.2250569928721821;-0.6933514488302144;-0.2274310916996414;-0.9994206162368343;-0.29466317760472094;-0.9991093042864083;-0.2101834419994462;-0.3916700985797669;-0.32077641942642465;-0.6558889409220187;0.033316241509999366;-0.9986988230078203;-0.9994776820003571;-0.9994912122757267;-0.9994875298234167;-0.9972524130593566;-0.9976869633503734;-0.9781612703023969;-0.014967962970790687;0.0016777004736911233;-0.9536897264178402;-0.9977202000052943;-0.9999938283229393;-0.9998572086379245;-0.9969981597598263;-0.9999978815962114;-0.9999812333531272;-0.005297096661260528;-0.5294341495798511;-0.9579730197019454;-0.9942684038648608;-0.7338247761291294;-0.9550906085529192;-0.9108177556532132;-0.0029520496729611577;-0.9519809338652878;0.151368318477005;-0.9551331202364658;-0.9999958234149527;0.004030900996949152;-0.9999875354984018;-0.6757682370392334;-0.9928042382040616;-0.9997193462710833;-0.4737485401183025;-0.9954670169882965;-0.9981800327291197;-0.9977692077948281;-0.9809989854400101;-0.0019599881073041666;-0.9959549921596608;-0.9934603213344307;-0.9981875916588774;-0.9999882625227902;-0.997050157444839;-0.9932673270194232;-0.998517347500574;-0.9996233538908623;-0.9934972688891816;-0.8093053767637324;0.07412632576325873;0.09781160919964657;-0.9461124992122234;-0.6517762055825265;-0.6749803119568263;-0.997228849084406;-0.9958809568941056;0.12007829971817995;0.024125942104841043;-0.37964675450674634;-0.9971961893250243;-0.9573817784262374;-0.49300047040840217;-0.9921946696678111;-0.6080192438641493;-0.9999144970640477;-0.9994769412824346;-0.9999974814598283;-0.99928926005714;-0.9999910078576687;-0.9982718571349422;-0.9986548443900817;-0.6602040267676288;-0.9995030680059293;-0.99653471491788;-0.9989591031751214;-0.9902594436318153;-0.9885490659812809;-0.9994647720568804;0.31272891845695644;-0.4871255518637966;-0.08800431568505293;-0.9350192149163878;-0.9998814398951109;-0.5615094520332985;-0.8993008504317546;-0.10294858276698836;0.5;-0.5224409725912058;-0.6501210398543403;-0.522701655731946;-0.22307451539022508;-0.022638233741723433;-0.9981102150243271
Wasserfall;-0.998741976747648;-0.5881958015294522;-0.8447898874970657;-0.3778826481811299;-0.9540743531782825;0.0018691118547833254;-0.2097786693561097;-0.6739291874339658;-0.21203569724275026;-0.9993661991123944;-0.2763445840688345;-0.9990256764955159;-0.19565989600315056;-0.3704885103993052;-0.30152841909309047;-0.6353418333761319;0.349825588135997;-0.9985767098618772;-0.9994286215662335;-0.999443422009458;-0.999439393859602;-0.9969949653567673;-0.9974701295282712;-0.9761577580849133;-0.008350641906903027;0.0028243625077156425;-0.9495569399123831;-0.9975064741403616;-0.9999932483003967;-0.9998437909186232;-0.9967169670621109;0.0715042557540831;-0.9999794696626187;0.0026723111409698162;-0.5070117027752571;-0.9542041242737912;-0.9937331128488023;-0.715915662025264;-0.9510764252624327;-0.9032471675522453;0.018124727505940123;-0.9477040147001856;-0.9995667112280846;-0.9511225423514934;-0.9999954308929944;-4.1949332558333865e-05;-0.9999863640757776;-0.6557851871667505;-0.9921332862674553;-0.9996929779747749;-0.45142203824734306;-0.9950431099765226;-0.9980093290855948;-0.9975600650588493;-0.9792502862461405;0.01608521736713885;-0.9955765159171729;-0.9928501037663614;-0.9980175955963283;-0.9999871594255517;-0.996773819787685;-0.9926392345748155;-0.9983782308577032;-0.9995879705270139;-0.9928904742263178;-0.7950564863955284;-0.9999979787910864;-0.9999758391272684;-0.941345099999339;-0.6311216371494073;-0.654973494646796;-0.9969692001578454;-0.9954955847786722;-0.9999860851657268;-0.999990077252075;-0.3587319536709184;-0.9969334896822688;-0.9535624318640364;-0.470577983817276;-0.991467368433287;-0.5864161822411234;-0.9999064620800796;-0.9994278113137769;-0.9999972447630765;-0.999222515240197;-0.9999901627665997;-0.9981097498423779;-0.9985286100099033;-0.6397730658792401;-0.9994563907388871;-0.9962102747648677;-0.9988613890109513;-0.9893537527794488;-0.9874863514332788;-0.9994144997242557;-0.999204831835588;-0.46472534480005556;0.030053727873915425;-0.9293436914817911;-0.9998702988263505;-0.5392853869375386;-0.8908697429893055;-0.09494415682923346;-0.4775590274087941;0.5;-0.6294241152712763;-0.5002612154426792;-0.20789467045251214;-0.020733747807927666;-0.9979329763970174
Wehr;-0.9978651201841569;-0.45679919566612925;-0.7621605062245216;-0.263415348538269;-0.9244197217722625;-0.0010404221687887343;-0.13516913500236186;-0.548908958249495;-0.1367623594403267;-0.9989239638983956;-0.18355970383691483;-0.9983462344631221;-0.12527575671544072;-0.25733454139710743;-0.20265583274432478;-0.5063635892758087;0.25193494874726224;-0.9975849389412933;-0.9990298994030447;-0.9990550182002959;-0.9990481817131015;-0.9949066318566757;-0.9957105882575161;-0.9601672586188779;-0.09087734160547531;-0.003611781326389018;-0.9172384023479194;-0.9957721036388587;-0.9999885322745412;-0.9997347074109894;-0.9944365181330473;-0.06756935257679024;-0.9999651296679964;-0.008782976998168773;-0.37714161972751353;-0.9246266674218547;-0.9894020674679856;-0.5973761313445541;-0.9196490329193254;-0.8460681016936432;0.011717893256919508;-0.9143054573189159;-0.9992642805487867;-0.9197222740502717;-0.06605296895035505;0.0003440053667407592;-0.9999768395674263;-0.5286735800736683;-0.9867113859009587;-0.9994786340922055;-0.32636461653273074;-0.991609759626893;-0.9966235351508261;0.45500596765234175;-0.9652600677782193;-0.007296858272480798;-0.9925098438451125;-0.9879162314490209;-0.996637536956238;-0.9999781904461273;-0.994532645079638;-0.9875616723934117;-0.9972485377286204;-0.9993003682125977;-0.9879841228824477;-0.6954940244871805;0.09376982875647039;0.15497648945427828;-0.9042955662781158;-0.5018211432832737;-0.5277779857782555;-0.9948630535204436;-0.9923732353341694;0.12382297743836465;0.12219068989023489;-0.2477554808991912;-0.9948026566869302;-0.9236037165163955;-0.34353706097249165;-0.9855931684937428;-0.4549778973270929;-0.9998411359765148;-0.9990285242857573;-0.12189675267086116;-0.9986801568637659;-0.9999832915479951;-0.9967936386359125;-0.9975034061540052;-0.5111562145320379;-0.9990770287033928;-0.9935801359508896;-0.9980676031184307;-0.9820507990900444;-0.9789297065510827;-0.9990059327882096;0.2600091983590071;-0.3382549471887413;-0.1090904878246251;-0.8856344287207847;-0.9997797221717113;-0.4079899805591452;-0.8277706322431965;-0.0581700122986602;-0.34987896014565967;-0.37057588472872366;0.5;-0.3708196310700335;-0.13384170635237905;-0.01231205516888843;-0.9964942166966264
Zollamt 24h 24h;-0.9987406632563848;-0.5879426902186171;-0.8446528359172969;-0.3776370457316733;-0.9540285492801098;-0.038298449823230836;-0.2096055134782828;-0.6736995387486994;-0.2118611778419726;-0.9993655369523071;-0.2761356832531105;-0.9990246589234524;-0.19549551095997467;-0.37024485363120563;-0.30130840739244014;-0.6350997228591478;0.029142049882500815;-0.9985752240630394;-0.9994280245843455;-0.9994428404826002;-0.9994388081263939;-0.9969918333198556;-0.9974674914794764;-0.9761334280874564;-0.07654659816974774;-0.02485936228293533;-0.9495068690209474;-0.9975038738954499;-0.999993241242164;-0.9998436276419476;-0.9967135462329288;-0.054555615774840575;-0.9999794482004825;-0.055216590432310725;-0.5067505367887668;-0.9541584435839536;-0.993726602495187;-0.7157031096400447;-0.95102778485821;-0.9031558167934908;-0.05656455522816861;-0.9476522059500232;-0.9995662584610381;-0.9510739454387716;-0.005185289519722877;-0.03577553351499955;-0.999986349820869;-0.6555492911022835;-0.9921251271049457;-0.9996926571101626;-0.4511633016214233;-0.9950379537175985;-0.9980072521694807;0.22980842595872936;0.37278227551054893;-0.029119734614911397;-0.9955719120488682;-0.9928426827059668;-0.9980155272877195;-0.9999871460020862;-0.9967704580055198;-0.9926315962721977;-0.9983765381998246;-0.9995875399658004;-0.9928830947671006;-0.7948861823702799;0.1262753752849197;0.07999668499955477;-0.9412873818598622;-0.6308783525627064;-0.6547373351832899;-0.9969660413485358;-0.9954908970604527;0.10950552448348737;0.13807923634758934;-0.3584916256540556;-0.9969302937688068;-0.9535161422770639;-0.47031768086666853;-0.9914585245432835;-0.586162746688332;-0.9999063643039532;-0.9994272134858143;-0.030489705580143505;-0.9992217030840592;-0.034654180765307636;-0.9981077774990723;-0.9985270740728069;-0.6395322282161526;-0.9994558227547103;-0.9962063279858797;-0.9988602000547195;-0.989342741720023;-0.98747343343679;-0.9994138879963792;-0.9992040012221818;-0.4644654390596174;-0.05377743456718816;-0.9292750508916379;-0.9998701632533206;-0.5390257734169609;-0.8907681191424048;-0.094854410087231;-0.47729834426805395;-0.49973878455732085;-0.6291803689299665;0.5;-0.2077226608864434;-0.02071254369964528;-0.9979308199854191
Zollamt 24h eingeschraenkt;-0.9996695146338243;-0.8447723867264597;-0.9539977495568243;-0.6982793745549463;-0.987523836204236;-0.08824072598131354;-0.5028506599407087;-0.8873219539140461;-0.5062408437258783;-0.9998335758589814;-0.592665649076022;-0.9997440967519714;-0.48101377043982907;-0.6915852894975769;-0.6219028209715823;-0.8690819198615019;-0.9999902649058724;-0.9996260530506016;-0.9998499737265555;-0.9998538614602903;-0.999852803367004;-0.9992095516170014;-0.9993347730931523;-0.9936303969308834;0.0015051588592954349;-0.02015957683661623;-0.9862492146236599;-0.9993443474805581;-0.9999982279511306;-0.9999589968957591;-0.9991362490761867;-0.9999993917529781;-0.9999946115596069;-0.04755172561377136;-0.7966863925594468;-0.9875603221913515;-0.9983475653366631;-0.905676688896293;-0.9866789321176471;-0.972655098227907;0.002502947440693093;-0.9857238431226112;-0.9998862433839069;-0.9866919586211134;-0.9999988007956002;-0.03255351598868884;-0.9999964211016171;-0.8789186992162379;-0.9979232658970834;-0.9999194012500451;-0.7581816350495192;-0.9986942490326162;-0.9994767635475018;0.2946798386524809;-0.9944694253487496;-0.08157829717505125;-0.9988352194951379;-0.9981135017595787;-0.9994789395340417;-0.9999966298518955;-0.99915124244365;-0.9980575602797847;-0.9995738433855522;-0.999891826545086;-0.9981242096423648;-0.9366326007470105;0.09224766963266488;0.07289851809260023;-0.9839094465155116;-0.8670005338861664;-0.8785357203890526;-0.9992027591206308;-0.9988138378810614;0.12117500342699061;0.10371396245683917;-0.6806565634106709;-0.9991933443165985;-0.9873798356646224;-0.7720351503114611;-0.9977463569002922;-0.8438071306173676;-0.9999754484966217;-0.9998497608895449;-0.9999992768635497;-0.9997958255411667;-0.9999974181170638;-0.9995031954181552;-0.9996134018468112;-0.8712483977522285;-0.999857267975426;-0.9990025670022259;-0.9997009108533699;-0.997183689538839;-0.9966850938598515;-0.9998462641664928;-0.9997911789957371;-0.7678711608011902;-0.9999998670151962;-0.9804361499714075;-0.9999659555852132;-0.8168468492925727;-0.9688507030933392;-0.28556039146463724;-0.7769254846097748;-0.7921053295474879;-0.8661582936476209;-0.7922773391135566;0.5;-0.07464885804921903;-0.9994566640384351
Zollamt eingeschraenkt;-0.9999733313638328;-0.9853931883420713;-0.9961250847548193;-0.96631690684898;-0.9989818595643919;-0.9999999964758756;-0.9261349935460991;-0.9898597572433108;-0.9270574047322697;-0.9999865723695963;-0.9474681720902024;-0.9999793512110599;-0.91993002004364;-0.9652738619756775;-0.9532476693638224;-0.9879936863293535;-0.9999992146547071;-0.9999698230095505;-0.9999878955843454;-0.9999882092965184;-0.9999881239162164;-0.9999361874900184;-0.9999463027444354;-0.9994831320861066;-0.9999999833870683;-0.9999999968310179;-0.9988765099342978;-0.999947076057119;-0.9999998570470884;-0.9999966921202634;-0.9999302651090843;-0.9999999509321718;-0.9999995653078098;-0.016197415116823554;-0.9798281576332105;-0.9989848715160499;-0.9998664938869593;-0.9916683902134477;-0.9989120547417846;-0.9977371786955908;-0.999999990931246;-0.9988330142797628;-0.9999908221979037;-0.9989131318069876;-0.9999999032590617;-0.01651925989773026;-0.9999997112862954;-0.9890087994442153;-0.9998321476420927;-0.9999934975489675;-0.9749158294490174;-0.9998945373678796;-0.9999577697596554;-0.999948216222817;-0.9995515638353564;-0.999999992448772;-0.9999059354471628;-0.9998475501982128;-0.9999579454669749;-0.9999997281264642;-0.9999314765431805;-0.9998430214242927;-0.9999656081120455;-0.9999912726881381;-0.9998484170076718;-0.9945718805933091;-0.9999999572053885;-0.9999994884360732;-0.9986824719084861;-0.9877762150642898;-0.9889696643516429;-0.9999356387329216;-0.9999042068402967;-0.9999997053808467;0.15305411179149983;-0.9635319387008001;-0.9999348781116003;-0.9989699701923564;-0.9767338954166219;-0.9998178192587084;-0.9852871290736916;-0.9999980193647847;-0.9999878784098635;-0.9999999416639331;-0.9999835259817561;-0.9999997917168288;-0.9999599040419436;-0.9999688017122998;-0.9882190456609953;-0.9999884841759652;-0.9999194623872577;-0.9999758655899401;-0.9997722160978001;-0.999731766282813;-0.9999875962474164;-0.9999831509986528;-0.9761936227150412;0.00951302995957392;-0.9983928623334745;-0.9999972535223504;-0.9822333705798242;-0.9974130796820172;-0.8320649375852627;-0.9773617662582765;-0.9792662521920723;-0.9876879448311117;-0.9792874563003547;-0.9253511419507809;0.5;-0.9999561467242389
Zooareal;-0.6218430492682208;-0.00294979773556127;-0.011148179988314175;-0.001256558284640314;-0.04125477434611227;0.0059324854687125604;-0.0005495635263425808;-0.004262762636544846;-0.0005570632448040821;-0.7655882470816803;-0.0007903506628658704;-0.6798790353648697;-0.0005036019354986081;-0.0012175478787523999;-0.0008933783206952723;-0.003595846124939906;0.03169316979152451;-0.5923728562773586;-0.7836916754255405;-0.7881099500556843;0.024683291777930348;-0.40730448082969034;-0.44954176596428747;0.009295716891516667;-0.04815719016289466;0.005068286599197292;-0.03752769503908066;-0.45313410361799317;-0.9967509332568472;-0.9298627230672126;-0.38606643810529645;-0.0828175278642177;-0.9901852913591294;0.00010920427407969448;-0.0021256965846312707;0.003166246548142218;-0.24723989182640663;-0.005192751921974773;-0.03870764801631772;-0.01897008312048941;0.029732796569301192;-0.03617805725313421;0.11886443540706809;0.0031015298906322897;0.2268902940675325;0.0055863919396623146;-0.02952901933154169;-0.003930661819453954;-0.2071223298548152;-0.8708738819920748;-0.0017015662087684858;-0.2936818185601915;-0.509427503234224;-0.45853658277324166;-0.08904743647596568;-0.07542359965292028;-0.3179558025814572;-0.0033104051914871944;0.039323787249396135;-0.9938388478091101;-0.3902286090081382;-0.2183388616693104;-0.5604622197270848;0.1572891115793193;-0.2243678295191987;0.001773200441127124;0.16337745860205832;0.31227092680141816;-0.0321726274696606;-0.0035313242823646666;-0.003916616265982236;-0.4052388865017461;-0.31401956709950407;0.24987714213613654;0.1779824974885091;-0.0011573683312127543;-0.40241020697985397;-0.04079754297436923;-0.0018377009136374186;0.01700603533545193;-0.0029282817976811564;-0.9567884166512914;-0.05868149231377679;-0.11784470760360137;-0.7269280740665273;-0.052377703178065865;-0.5223794484860373;-0.5843116977215238;-0.0036652122280578666;-0.7920224614310729;-0.35253574155506934;-0.6450224361534874;-0.16141572300925436;-0.14048909102426613;-0.7795217973722565;0.07308762817820823;-0.0017950785047374693;-0.14339319578055754;-0.026521366500154683;0.09457005698007402;0.0005218486883498757;-0.01662765795656717;-0.00021724138865017106;-0.001889784975672911;-0.002067023602982563;-0.0035057833033735495;-0.002069180014580816;-0.0005433359615649576;-4.385327576102903e-05;0.5
