;Abwasserreinigungsareal;Alpiner Gipfel;Ausfahrt;Aussichtspunkt;Autofaehre;Bezirk;Bildstock;Bobbahn;Brunnen;Campingplatzareal;Denkmal;Deponieareal;Ein- und Ausfahrt;Erratischer Block;Felsblock;Felskopf;Fliessgewaesser;Flugfeldareal;Flughafenareal;Flugplatzareal;Flurname swisstopo;Freizeitanlagenareal;Friedhof;Gebaeude;Gebiet;Gemeindegebiet;Gipfel;Gleisareal;Gletscher;Golfplatzareal;Gondelbahn;Graben;Grat;Grossregion;Grotte, Hoehle;Haltestelle Bahn;Haltestelle Bus;Haltestelle Schiff;Hauptgipfel;Haupthuegel;Haupttal;Heliport;Historisches Areal;Huegel;Huegelzug;Kanton;Kantonsgebiet;Kapelle;Kehrichtverbrennungsareal;Kiesabbauareal;Kleinbahn;Klosterareal;Kommunanz;Kraftwerkareal;Landesgrenzstein;Landschaftsname;Lehmabbauareal;Lokalname swisstopo;Luftseilbahn;Massiv;Massnahmenvollzugsanstaltsareal;Messeareal;Normalspur;Oeffentliches Parkareal;Oeffentliches Parkplatzareal;Offenes Gebaeude;Ort;Ortsteil;Pass;Personenfaehre mit Seil;Personenfaehre ohne Seil;Pferderennbahnareal;Privates Fahrareal;Quartier;Quartierteil;Quelle;Rastplatzareal;Rodelbahn;Sakrales Gebaeude;Schmalspur;Schmalspur mit Normalspur;Schul- und Hochschulareal;Schwimmbadareal;See;Seeinsel;Seeteil;Sesselbahn;Skilift;Skisprungschanze;Spitalareal;Sportplatzareal;Standplatzareal;Staudamm;Staumauer;Steinbruchareal;Strasse;Strassenpass;Tal;Transportseil;Truppenuebungsplatz;Turm;Uebrige Bahnen;Verladestation;Verzweigung;Wasserfall;Wehr;Zollamt 24h 24h;Zollamt 24h eingeschraenkt;Zollamt eingeschraenkt;Zooareal
Abwasserreinigungsareal;0.5;-0.008364964273328076;-0.031105293249579793;-0.0035744613398598062;-0.04383870243494992;0.012941520182724596;-0.0015653568055019414;-0.0047175392842559154;-0.0015866967880178021;0.0020554568346604217;-0.0022502038932012526;-0.5210114924187955;-0.0014345634655633208;-0.0034637401687744565;-0.0024622964461072324;-0.010184898526116965;0.08883787513756024;-0.43008833821887493;-0.6381563026942044;-0.014197069929023066;0.03531434214917231;-0.276004746459431;-0.28530888448929126;0.008481983395366115;-0.05932215232673299;0.014321105200344124;-0.10005040886440866;-0.34030520531515823;-0.9937668100350947;0.07023678957541822;-0.4069007203474851;-0.09049762359155283;-0.9812073146826176;0.002103487256235472;-0.005955830032687193;-0.10417799954450128;-0.003660579096210011;-0.01466491774552038;-0.10298586768527929;-0.05225359457023268;-0.0007426459842855579;0.0031131906324266324;-0.7301066315410365;-0.10307750326298065;0.019257831155106406;0.005664531697133569;0.08194180706818431;-0.011126381172453572;0.0414849586841055;-0.10303969833490108;-0.0018343562338021336;-0.1870674342373872;-0.333240596660148;0.05831294048572844;-0.21569592893451628;-0.0012735730875784025;-0.1882285632462549;-0.45057863547921206;-0.5288851576480219;-0.98764515055732;-0.24543158308755336;-0.12128398304943952;0.021750450097501872;0.04764058616874528;-0.2591530586814314;-0.02239788613309456;0.2307209041551844;0.1933417923661687;-0.08657610415900865;-0.004123186277770679;-0.004464302284044246;-0.24377017841284113;-0.19683508024117946;0.23689118309581503;0.18414138733758478;-0.0032929040640678454;-0.29382881816842593;-0.04454792578901754;-0.005222000007715323;-0.20125735657418864;-0.0031915325814504875;-0.04278811067612321;0.005892486143922197;0.030697201990802232;-0.5763150132247369;0.06284319334572379;-0.5433505757020376;-0.5964282151486817;-0.0037289634304911003;-0.6595252595930505;-0.21227087835866645;-0.019999994337234102;-0.1166387425076836;-0.13179776797953777;0.0016451057434294695;0.05847882885131013;-0.0051012861730482814;-0.10026779327286134;-0.028518771994065988;0.08089064650925329;-0.006865558308166074;-0.045730552488615364;-0.000577900736235724;-0.0052881106303354145;-0.005830392587035911;-0.02265780579142932;-0.005468512207881637;-0.0015069414408930767;-0.0001250270342759605;-0.3418203211428724
Alpiner Gipfel;-0.9916350357266719;0.5;-0.7919179195377729;-0.2983731438958571;-0.8446043034522919;0.010562003211719065;-0.15672878055949221;-0.3597530395531917;-0.15852954944750586;-0.9952603446797438;-0.21095497889123152;-0.9923045327634101;-0.1455229275000389;-0.2918050474950339;-0.2263753319619664;-0.5495099759534805;-0.9998646340944012;-0.9889456168149782;-0.9952397049560437;-0.9956907341891543;-0.9991994410993166;-0.9783515730824084;-0.9793064999457904;-0.966217630867473;0.03034813234898877;0.009279896892797918;-0.9294740698606614;-0.9839105094692467;0.17130980686059286;-0.9987563548856018;-0.9878537057166508;0.012185589123871172;0.17471989206087343;0.0023823278577684193;-0.41529751058574516;-0.9323690065908211;-0.9910692201682937;-0.6382506241222758;-0.931554903954533;-0.8673035441413329;0.04633890664936096;-0.7509885773962272;-0.9968913917572408;-0.9316180987337024;-0.9999613421927833;0.003670499425657103;-0.999894491936409;-0.5715200212810281;-0.9423996414516683;-0.9975173779120621;-0.1788846262476772;-0.9646383058429066;-0.9834020450731598;-0.9853902108561843;0.3951961349005165;0.00950096271031037;-0.9648972192530925;-0.9898187093859704;-0.9925419292726099;0.16808727649109256;-0.9747209525874345;-0.9424037353826855;-0.9933068222309581;-0.9968883673132698;-0.9764529925184292;-0.7308947503369982;-0.999986111654797;-0.9998044505762367;-0.9182742415323177;-0.3292245771539507;-0.3470877808290864;-0.9744984484526437;-0.9667250486431783;-0.9998810827582064;-0.9999224016802614;-0.28142906450948457;-0.9801293880918895;-0.8467953005708073;-0.38359047203961366;-0.9676059054623268;-0.27512885837935075;-0.9993393938085399;-0.9959336231090945;-0.9999791263955801;-0.9938367410107753;-0.9999191870995514;-0.9929604167865471;-0.9943245148712309;-0.307339712396948;-0.9956641071299913;-0.9696462715849974;-0.9922001749483761;-0.9399500665998457;-0.9473572172451092;-0.9952820716644979;0.13005258716308937;-0.37804719543036175;0.06966975959396633;-0.7767876849881739;-0.9989325315192875;-0.4504022404962497;-0.8503213426490758;-0.06415022884633288;-0.3865852120374017;-0.4101076400621679;-0.7332100634562191;-0.3946130674192349;-0.1517601567208291;-0.014606815965734732;-0.9840168869605038
Ausfahrt;-0.9688947067504202;-0.208082080462227;0.5;-0.10050898076678016;-0.588161033727639;0.003979995346240068;-0.046561674730260176;-0.12864852943758634;-0.04716745556506359;-0.9821985718095123;-0.0656383297832651;-0.9713316275998329;-0.04283250380496343;-0.09769002938162888;-0.07139752219178436;-0.24271823843228676;-0.003573715825000954;-0.9591948992648821;-0.9821220738687726;-0.983795738466902;-0.9969600645709612;-0.922328364525637;-0.9255665014417481;-0.8825626653989194;-0.03215676223257813;0.010294407819555448;-0.7759316564532432;-0.9414115886515301;-0.9997986757227093;-0.9952833987531253;-0.9552971574164262;-0.09318289518173663;-0.9993855043298058;0.0011863287477822523;-0.15727655032151816;-0.783662232308719;-0.9668421428866416;-0.31675049112941767;-0.7814776227538955;-0.6319984196501346;-0.002544121307182037;-0.44210250999996636;-0.9882715684207969;-0.7816469034648881;0.008848234596667207;0.004071772540225674;0.03134046812010092;-0.25951908263373347;-0.8112840875141889;-0.9906170065517746;-0.05414376788562431;-0.8775680288751725;-0.9396424515122089;-0.9465876102830076;-0.8954677739558593;-0.005625641548147016;-0.8783840844316094;-0.9623282413010859;-0.9721978874442286;-0.9995985607240175;-0.9101649152145083;0.17641769030658508;-0.9749966862748259;-0.9882602562933401;-0.9159386686174942;-0.4164513377441033;0.11793437970570146;0.16907636681865845;-0.7469860190082523;-0.11423242493553938;-0.12256191058519014;-0.909426993904295;-0.8841759741809244;0.15807926921028528;0.08052586737240233;-0.09330697033485452;-0.9283700818155282;-0.5922220656151804;-0.14053407578258384;0.2291685842404106;-0.09068666046827055;0.0145355467506886;-0.9846987778025659;-0.003482408575069931;-0.9769426221752977;-0.0652602737034977;-0.9737277041347745;-0.9787388304515916;-0.10441431549437376;-0.9836968153988243;-0.8935461902432213;-0.970951183268516;-0.8044157781782318;-0.8254362387394342;-0.9822791089624899;0.3256968903727633;-0.13771846879203073;-0.08845383752696703;-0.47764454694606717;-0.995949564334012;-0.1771800811568784;-0.5988314444026394;-0.017692693617486432;-0.1420685912831407;-0.15445931640891483;-0.4193226774295469;-0.1462292358247635;-0.04489961622074948;-0.0038798260125417145;-0.9417823266989621
Aussichtspunkt;-0.9964255386601402;-0.7016268561041428;-0.8994910192332197;0.5;-0.9274356964411543;0.004061526441458634;-0.30412844153984164;-0.5692080309021782;-0.30700621584221777;-0.9979789132692424;0.2126361447495472;-0.9967128946634202;-0.2859575248219564;-0.4921064998766183;-0.4076145330838818;-0.7414939396386566;-0.9999424299497041;-0.9952689657373968;-0.9979700879199973;-0.9981628958999404;-0.9996593983969617;-0.990677822596728;-0.9910939797186868;0.3788888722958185;0.029531690517098405;0.008729503858464832;0.3838622562870858;-0.993093936779842;0.01972398094267759;-0.9994707504131328;-0.9947983664243749;0.012739211658628579;0.13631228021147937;0.002241031221153306;-0.6254975008829217;-0.9700761618515733;-0.9961825106542189;-0.8057826656733222;0.48253984769194097;0.4614681651203956;0.014348594697349441;-0.8764191139051144;0.17483813905195153;-0.9697303250238883;-0.021092825812771884;0.0034528009628243157;-0.0034933569165963457;-0.7582506131935935;-0.9746662472558733;-0.9989427340072438;-0.33875087130324993;-0.9846501534237289;-0.9928735874897028;-0.9937344446021517;-0.9871240287326472;-0.0027679858676102984;-0.9847648570127955;-0.9956448296720173;0.22144771708913857;0.1278579550960992;-0.9890913667707454;-0.9746681094914482;-0.9971426741464845;0.24833935245684174;-0.9898490456196143;-0.8646222582762234;-0.0009951442424352432;0.029180166305607616;-0.9635324627552034;-0.5357793871600138;-0.555567488573247;-0.9889939216289305;-0.9855736302518274;0.002843920932882791;0.017749192598884675;-0.47942982990848126;-0.9914522237088514;-0.9285576018995816;-0.594046938983;0.2976236943635705;-0.4716062097134279;-0.999718964560618;-0.998266685626983;-0.016825809052141275;0.21285519582050627;-0.01761222306253624;-0.9969941924871261;-0.9975785501899932;-0.5106161223122745;-0.9981515160298261;-0.9868626147591621;-0.9966681176758894;-0.9735503641666309;-0.9769147146103605;-0.9979882032941255;0.298240379067895;-0.5883652945070564;-0.0033271022469129182;-0.8911071701028371;-0.999545770730348;-0.6583638008660717;0.3620118931498485;-0.13881461588613203;-0.5970931673987112;-0.6204683108495953;-0.8659979568217193;-0.6051797090280611;-0.2961278981544957;-0.03368309982835013;-0.9931400203304136
Autofaehre;-0.9561612975650501;-0.15539569654770824;-0.411838966272361;-0.07256430355884562;0.5;-0.08199788438707777;-0.033064700188129875;-0.09369511822059788;-0.03350105154367279;-0.9747694752699989;-0.04688346460631826;-0.9595541641231101;-0.030382068921638392;-0.07046770890679202;-0.05108705409950359;-0.18329179326441428;-0.9992647027611655;-0.9427254558313215;-0.9746618759102263;-0.9770175933512106;-0.9956642093306817;-0.8926445147626894;-0.896981950698614;-0.840312700944624;-0.9999628272880339;-0.0928548645768113;-0.708011304186295;-0.9183753704027136;-0.9997125068307402;-0.9932776383465635;-0.9373572775682297;-0.9998920439862546;-0.9991226489527318;-0.047638290713413606;-0.1155766924373838;-0.7172312349180521;-0.9533089780018148;0.11134697773624049;-0.7146200862935618;-0.5459775714596157;-0.9999795538649642;-0.3568639158012888;-0.9833339196599148;-0.7148222589493584;0.05259965899634511;-0.02000763749006863;0.28614819139776476;-0.19704951767533024;-0.7506359955513577;-0.9866534479348754;-0.03853778532602245;-0.8338594266053384;-0.9159727181907847;-0.925425322192775;-0.8571089348085943;-0.11096620260697192;-0.8349120107896447;-0.9470536460727528;-0.9607619225337081;-0.9994267896300457;-0.8764552108465946;-0.7506501127866302;-0.9646701271838712;-0.9833179255362992;-0.8841196669091381;-0.3332045881819007;-0.06267798941886361;-0.9989380737813041;-0.6739781652710812;-0.08282352516204339;-0.08909312748846908;-0.8754782750222495;-0.8424027802700993;-0.9993540035450262;-0.0758585796131725;-0.06721505027720633;-0.9007467294482024;-0.5041975425641726;-0.10273212778801262;-0.8460506076143687;-0.0652747206375432;-0.9964199725329911;-0.9782900328999393;0.2345790068618574;-0.9673928714971957;0.22705659363828407;-0.9628969900862372;-0.9699101078704169;-0.07547494005345722;-0.9768782638702669;-0.8545967106180721;-0.9590240199592712;-0.7422616375316107;-0.7680358519738804;-0.9748827636048594;-0.9835990871136546;-0.10058524863853335;-0.9999749229757899;-0.3903479572251933;-0.9942254508467468;-0.1310235318715635;-0.5110557285667001;0.00802530130354455;-0.10390377806588394;-0.11340589387337713;-0.3358322785209567;-0.10708623195382848;-0.0318683241255255;-0.002719874500111215;-0.9188793170957085
Bezirk;2.401415018393769e-06;1.653257309493769e-08;2.3709489847819045e-08;2.7035659462786906e-09;-6.976074438442006e-07;0.5;2.1229296926014684e-09;1.2068214982431251e-08;3.247016437342533e-09;4.206724292428598e-06;-2.0917746547911376e-09;9.296126733821962e-07;1.2485961582988823e-09;2.4557437414284116e-09;-4.954317214652623e-09;4.68672505782958e-09;0.00026070311698225655;1.461051604050961e-06;-6.329086705448142e-06;3.967603715297781e-06;3.4958527849587336e-05;8.404549729731551e-07;6.848506318579795e-07;3.906770081725543e-07;0.007403429973691885;0.2424437037021089;-6.024027367217751e-09;1.9651666274060236e-06;0.0011629885179880685;1.6577459848634703e-05;1.8575590259205538e-06;0.002764868503765547;0.0001225842656022559;0.07271745875813676;3.688956384841191e-09;3.897678156150112e-08;1.6437421451419328e-06;-1.420865170807639e-08;2.2130134158723635e-07;7.14303645030293e-08;0.029589240495889874;3.574713748780496e-08;8.016210923985518e-06;3.42133565716565e-07;0.001881287330176811;0.13567281005342502;-0.0016004392761987704;9.511812080609413e-09;-1.1005418156703024e-07;8.136463300851515e-06;4.385140982458887e-09;-6.152693528801674e-08;1.8976337515240493e-06;8.871004356339993e-07;2.758697776470083e-07;0.05050551492467457;5.904186290991603e-07;1.0165941273870696e-06;-2.694426846613517e-06;-1.4404974727756855e-05;7.077037281549823e-07;-5.974146690973347e-07;4.5699381842148866e-08;-1.0784599694798096e-05;7.361384319391275e-07;3.2967072650992826e-08;0.003962228092833785;-7.537170120043988e-05;1.7598426586685188e-07;-1.732265491446961e-08;1.1372901511773657e-08;1.169833423384539e-06;5.785250542927598e-07;-6.1013352604131304e-05;0.00025702947972084284;3.744274518539748e-09;1.3397862293533309e-06;5.237620977614439e-08;1.1233292868420429e-08;2.2743400288141542e-07;7.9318463656124e-09;2.5928176305391137e-05;3.6499334834459074e-06;-0.00993240640289924;-2.195473552829135e-05;-0.0008516799223890762;3.3188598405411686e-06;3.59237364303743e-06;4.2963341625804144e-09;1.9525515039294582e-06;7.391850691741584e-07;2.659301972913904e-06;-2.788496028836698e-07;3.0991970999485546e-07;1.1183931526741534e-06;-1.1640598661433992e-06;8.615958702852275e-09;0.017440681651166738;-5.595301920253106e-09;3.245424766598186e-05;9.317878956479982e-09;5.74545328300055e-08;-9.214238881659925e-10;4.3717676261212865e-09;7.02770495241064e-09;3.1062939898206524e-08;-6.135567687852172e-09;-2.2284218032670464e-08;-2.565393811186795e-10;1.278537653411344e-06
Bildstock;-0.9984346431944979;-0.8432712194405078;-0.9534383252697398;-0.6958715584601584;-0.9669352998118701;0.007297262662385724;0.5;-0.7514453333989444;-0.5033904351256709;-0.9991156843468267;-0.5899099670103347;-0.9985607177415714;-0.4781678455477827;-0.6891478334060696;-0.61156119681879;-0.8677790602521332;0.05432684008263829;-0.9979267949171333;-0.9991118184448825;-0.9991962682997885;0.1473022960570494;-0.9959042780048464;-0.9960880389963381;-0.9935437015795044;-0.0008998929950165851;0.008255520544268903;-0.9860937123011837;-0.996969946921147;-0.9999901663372872;-0.9997686242221069;-0.9977199660942042;0.05227743366502939;0.06365193506079254;0.002119350539071027;0.4305578284425251;-0.9866977969423891;-0.9983279852038758;-0.9046980726480873;-0.9865282234262372;-0.9723501757077124;0.016790609889200194;-0.9419508762103074;-0.9994207740678012;-0.9865413951050089;0.024622623224393764;0.0032653251565194384;-0.9999803887879515;-0.8776999499920173;-0.9887677734596956;-0.9995376500888598;-0.539629020413121;-0.9932329226169118;-0.9968728786789162;-0.9972519661250676;-0.9943315094463704;0.009213147641418904;-0.9932839278782998;-0.9980919085448432;-0.9986053892225037;-0.9999803880079517;-0.9952029578212018;-0.9887686110639219;-0.9987492029059003;-0.9994202090929126;-0.9955380600065605;-0.9359524406458388;-0.06701271104257825;-0.9999636497699133;-0.9837279214424138;-0.725334228418067;-0.7409490038929571;-0.9951598394240986;-0.9936433766933773;-0.9999778961282415;-0.999985576813089;-0.6781729021636821;-0.9962461582002196;-0.967467929716688;-0.7700220616912945;-0.9938162078086225;-0.6712882716998296;-0.999877154923741;-0.9992417205806562;-0.04558447316777607;-0.9988487316419539;-0.9999849792801881;-0.9986840947477216;-0.9989402685096292;-0.7047843692336796;-0.9991912844286702;-0.9942155676329084;-0.9985410749779201;-0.9882655462318901;-0.9897778027579468;-0.9991197537561597;-0.9994301382330513;-0.7658324753802243;0.01705657825159522;-0.9493007959435684;-0.9998014297724578;-0.8151347454277491;-0.9683205647654328;-0.26944200117995104;-0.7722540448378761;-0.7890571355054407;-0.936656390998906;-0.7781313388279911;-0.4904785928732329;-0.07386501926256006;-0.9969902445844916
Bobbahn;-0.9952824607157441;-0.6402469604468083;-0.8713514705624136;-0.4307919690978218;-0.9063048817794022;0.013721194960266301;-0.2485546666010558;0.5;-0.2510963311653236;-0.9973312589413332;-0.322404735287843;-0.9956613102435942;-0.23259430622739047;-0.42306658191029745;-0.3424362371700008;-0.6846289603460772;-0.9999239337518442;-0.9937583438549399;-0.9973196131173256;-0.997574055224681;-0.9995500102902359;-0.9877193346199002;-0.9882659991322107;-0.9807326178469191;-0.9999961569028256;0.008901537964297816;-0.9591082120288058;-0.9908951801815981;-0.9999702708742563;0.2683806131926878;-0.993138517843736;0.09340779812194945;-0.999909226764652;0.0022851957194376512;-0.5583154501696861;-0.9608379833352898;0.217543426737829;-0.7584527829512547;-0.9603520010582749;-0.9208360488990953;-0.9999978862100404;-0.8429479396776723;-0.9982508993339675;-0.960389738263211;-0.9999782779145447;0.003520846064320116;-0.9999407125632863;-0.7035982411163413;-0.9667966311707467;-0.9986035024560417;-0.2793906094676835;-0.979817694101237;-0.9906053396159242;-0.9917379167088611;-0.9830569967511277;0.06317194967174328;-0.979967774164881;-0.9942535284209899;-0.9957955926974911;-0.9999407102053315;-0.9856367005269233;-0.9667990521813999;-0.9962280610173734;-0.9982491952664627;-0.9866310862158868;-0.8285809060783329;0.02213449291643257;-0.9998901118922268;-0.9523732765110671;-0.4662369370449333;-0.48614634881311597;-0.985508847512324;-0.9810262989236513;-0.9999331772413703;-0.9999563962311604;-0.4107301447570104;-0.9887367056539819;-0.9077209811087907;-0.5255028810422302;-0.9815358029039536;-0.40315937644888106;-0.9996286997042096;-0.9977110360289468;-0.9999882710707394;-0.9965275051802053;-0.999954589841571;-0.9960322403763144;-0.9968030110815796;-0.44123538905377835;-0.9975590367237601;-0.9827144578956954;-0.9956022717646114;-0.9653464372083268;-0.9697218593130001;-0.9973435180169952;-0.9982791439342762;-0.5196376466318238;-0.9999974074424336;-0.860983156848747;-0.9993999117031577;-0.5932435862492587;-0.9099938466683035;-0.1087288899654951;-0.5286553495300641;-0.5530287625758549;-0.830250949340325;-0.5370504815243973;-0.24150868950431145;-0.025702804297614564;-0.9909558022207179
Brunnen;-0.9984133032119822;-0.8414704505524941;-0.9528325444349364;-0.6929937841577822;-0.9664989484563272;0.011010802561719345;-0.49660956487432906;-0.7489036688346763;0.5;-0.9991036204337406;-0.5866251570260501;-0.9985410939795265;-0.4747848761667418;-0.6862351237466746;-0.6083346681461306;-0.8662152055613945;0.05230919908228244;-0.9978985461818233;-0.9990997018403398;-0.999185302823766;-0.9998490799588639;-0.9958485858353952;-0.9960348355948548;-0.9934561220433252;0.04399214303015241;0.008262871547285206;-0.9859065073642809;-0.996928700650241;-0.9999900320665622;-0.9997654656821343;-0.997688905711485;0.05032738698298425;-0.9999695632393376;0.00041456777494619995;-0.7903608499419967;-0.9865186129490534;0.2739856031277437;-0.9035223336316762;-0.9863467868424199;-0.9719832133691332;-0.03827320102322047;-0.9412048567047753;-0.99941286977009;-0.9863601334634025;-0.01391774921413073;0.003268232716652063;0.0396164793209851;-0.876236700343947;-0.9886161508701172;-0.99953133996987;-0.5362580717708371;-0.9931411564742035;-0.9968303152779581;-0.9972145480844472;0.3394880888197672;-0.027813628908261275;-0.9931928486610546;-0.9980659052272001;-0.9985863736674343;-0.9999801202246886;-0.9951377759079192;-0.9886169996509042;-0.9987321457646199;0.21882315371774447;-0.995477410748923;-0.9351346406869075;-0.03239217962601032;-0.9999631534502105;-0.9835094010849382;-0.7226241157446298;-0.7383373809347847;-0.9950940745088833;-0.9935571404798348;-0.9999775943214725;-0.9999853798770326;-0.6752058229412757;-0.9961950970350981;-0.9670383678097249;-0.7676116120278749;-0.9937323014936714;-0.6682887658391473;-0.9998754777655559;-0.9992313747423816;0.013059505860735746;-0.9988330301898599;0.06438903197444108;-0.9986661509111615;-0.9989258141308757;-0.7019548095635206;-0.999180251012459;-0.9941370481626618;-0.9985211837950381;-0.9881072256753445;-0.9896396715824797;-0.9991077453087414;-0.9994223616478024;-0.7633916067818546;-0.044996365837351796;-0.948644084175925;0.16155743801475284;-0.8130823540403622;-0.9679018877477316;-0.2667807883640939;-0.7698599972394559;-0.7867909547240935;-0.9358469634274117;-0.7757811349873469;-0.48708982479785334;-0.07294260520489139;-0.9969492737678631
Campingplatzareal;0.0011603959182836328;-0.004739655320256247;-0.017801428190487658;-0.002021086730757623;-0.025230524730001123;0.012798525928666671;-0.0008843156531733366;-0.0026687410586666497;-0.0008963795662593775;0.5;-0.0012715851921235816;-0.3804493563466725;-0.0008103804993657759;-0.0019583877384803817;-0.001391566866813555;-0.005775438324748734;0.07131679644781201;-0.2987562300910269;-0.4989085085440181;-0.5238891017356394;0.03806122600854466;0.02374682842985802;-0.18391948862990073;0.015436908930600353;-0.017724610260185972;0.015304511134547581;-0.05905577798366553;-0.22553951020463917;-0.9890117259100107;-0.0865901273868686;0.001779441220437814;-0.13704532431466193;-0.9671873840212998;0.0037411606473621182;-0.0033710712641691638;0.0032719977997414103;0.03700867358086038;0.0013751660057957416;-0.060869814538364264;-0.03018631941219919;-0.009277830142333859;-0.01415894908074069;0.053227998925406056;-0.06092652107540339;0.052662184777889635;0.006058043174812042;0.16857603745729646;0.0008735342551455336;-0.07228289667380476;-0.6567657688283443;-0.0010364027496325312;-0.11497350520499923;-0.22006263649579097;0.012845320303727108;0.00939725906898818;0.005579929640460304;-0.11575086296134542;-0.005330886891749983;0.007215056558366081;-0.978321936612974;-0.15513716867704355;0.004865445852670317;0.0220203431815399;0.06885819203876933;-0.16491379569249096;0.0018195813105910015;0.255746999925735;0.1219716809929722;-0.05079084299311872;0.0005478719154067725;-0.0025252042898523896;-0.15396227986772534;0.010462119075830596;0.18319541178826584;0.2186463253273184;-0.0018616588441109278;-0.19021755216966157;-0.0256467794174676;-0.0029547680114082276;-0.12453251160125395;-0.0018042682384299157;-0.048154453521788695;0.19864186354396793;0.1548301943328914;-0.43436281670768584;0.11334546257751205;-0.4018174473747574;-0.0017769598981782408;-0.002108588027100816;-0.004911317310812139;0.02873332709459304;0.33579214504979804;-0.06937113961282962;2.473240779483311e-05;-0.5011541116391383;0.03561642481859701;-0.0028863123493096483;-0.07961215965507698;-0.016302559020237334;-0.8167313880454319;-0.003887532421364195;0.0016280815273154593;-0.00032633254163925345;-0.0029922617707946637;-0.003299891447818899;-0.012918792320060452;-0.003094585132492021;-0.0008512934428633874;-7.058711084605977e-05;-0.2267192672940831
Denkmal;-0.9977497961067987;-0.7890450211087685;-0.9343616702167349;0.33822259685320527;-0.9531165353936818;-0.004998419982502323;-0.41009003298966523;-0.677595264712157;-0.41337484297394983;-0.9987284148078766;0.5;-0.99793091424358;-0.3891284104546275;-0.6064812653134207;-0.5225562274763635;-0.8202245593199653;-0.9999638056849323;-0.9970204261311516;-0.9987228580704283;-0.9988442481764811;0.1714656581415333;-0.9941189113229572;-0.9943823237460914;-0.9907389045866147;-0.002249935465529783;0.008457235157652199;-0.9801171996884095;-0.9956470857076929;-0.9999858544461792;-0.9996672022723051;-0.9967234722712524;-0.06689854457756343;-0.9999568073818615;0.0009551895887750009;-0.7265265814000965;-0.9809758934571604;-0.9975965873343403;-0.8684082982465855;-0.9807348025702822;-0.9607024828840603;0.0006038485777319377;-0.9185696974105116;0.20094192542848066;-0.9807535281076436;0.05782287447161554;0.0020974894299936745;0.0205066274192815;-0.8330270292660472;-0.9839217553007364;-0.9993350495864485;-0.448992079560013;-0.9902944334062571;-0.9955078303398369;-0.9960517413123756;-0.9918661564081337;-0.010563635928132897;-0.9903673720433936;-0.9972575261557388;-0.9979950938973853;0.021424142939189584;-0.9931139923678487;-0.983922948404069;-0.9982017285251585;0.31191384165292124;-0.9935940820261207;-0.9103850548749709;0.10423969612237707;0.18369180844711008;-0.9767586254924813;-0.6473667400252845;-0.6653690719805511;-0.9930522283102339;-0.9908814839509514;0.17010651723646242;0.09819072267298226;-0.5943058744271972;-0.9946090138390405;-0.9538611460314625;-0.6994841387627978;-0.9911287381164435;-0.5867204668151972;-0.9998232982376716;-0.9989095860195655;0.05071373282040024;0.23567772107911197;0.045250124383069856;-0.9981081764809533;-0.998476296032725;-0.624007374675535;-0.9988370839993758;-0.9917002098211679;-0.9979026942200843;-0.98320652791946;-0.985361098812641;-0.9987342640813993;-0.999180464948438;-0.6945193254751216;-0.038609688172564494;-0.9286558123360799;0.14313519032609157;0.3897464195133815;-0.95505383438733;-0.20406991966944343;-0.7021358920508218;-0.7222516672940779;-0.9113433993449016;-0.7091411592293465;-0.40090794456891027;-0.052531842164687335;-0.995676206497191
Deponieareal;-0.47898850758120454;-0.007695467236589796;-0.028668372400167064;-0.003287105336579817;-0.04044583587688987;0.004605723880379106;-0.001439282258428562;-0.004338689756405874;-0.0014589060204734832;-0.6195506436533275;-0.002069085756419907;0.5;-0.0013190091569781587;-0.0031852567432782667;-0.0022641457917349566;-0.009371118013539454;-0.036715159590083674;-0.40960797068985483;-0.6185210147179558;-0.6418196221413163;0.028892280838523417;-0.2595204967095587;-0.26847501113832795;8.260001559040274e-05;-0.04843548457190156;0.014459282979149491;-0.09272898589640169;-0.3216869774810208;-0.9932236607369104;0.026728577229645393;-0.3867751691182253;0.011902227455768686;-0.22134428616805563;0.0037120377972367016;-0.005478084927117934;-0.09658694751384653;-0.4625408446022563;-0.013498062003544383;-0.09547242396783943;-0.04824232218469833;-0.020458385190521195;-0.02285406766018742;-0.06661272921564591;-0.09555808636073997;0.08702194803003364;0.0043239768099741505;-0.12073233087218743;-0.010238153629367374;0.022394403083156156;0.2278276667724098;-0.001686652949963972;-0.17461383260259408;-0.3148244243292855;-0.34342850422446514;-0.20180958068906582;0.0016177060125548695;0.07083148680565358;-0.027505796745868453;-0.507892826494805;-0.9865757763415542;-0.23019273829724476;-0.1126031596203485;-0.5350803365083023;-0.7130191241170503;-0.243336993943559;-0.02062861644897674;-0.07186183848249278;-0.08418885264145827;-0.08015287691473648;-0.003791885371175595;-0.0041057054661475184;-0.2286032380106046;-0.18387830218728385;-0.08486654193449708;-0.16818008721141872;-0.003028114061865017;-0.27668686381644136;-0.04110252892355452;-0.004802834448047437;-0.1880776465243346;-0.0029348700910367767;-0.11502375427139745;-0.6550991567793757;-0.14727929530076;-0.5556605257083467;-0.9896860922829357;-0.5224207720472013;-0.5760329241769924;-0.0034292295316230657;-0.6403961218787967;-0.19854921150321017;-0.49660630414872614;-0.10824944081346605;-0.12246930775441232;0.1306458327843876;0.01284662753343178;-0.004691764511658975;-0.13543242730856417;-0.02627899410185595;-0.09343452161556397;-0.006315303235466716;-0.04219772928549495;-0.0005313140270978303;-0.004863664371675095;-0.005362655126311435;-0.02086844263198714;-0.005029659366672745;-0.0013855651647520478;-0.0001149439452739565;-0.3231598067105828
Ein- und Ausfahrt;-0.9985654365344366;-0.8544770724999612;-0.9571674961950366;-0.7140424751780435;-0.9696179310783616;0.004683783682974632;-0.5218321544522172;-0.7674056937726095;-0.5252151238332581;-0.9991896195006342;-0.6108715895453726;-0.9986809908430219;0.5;-0.707551645859038;-0.6321063075356768;-0.8774872172907161;-0.9999769437283108;-0.9980999407522426;-0.9991860765526119;-0.9992634710217757;-0.9998635690631186;-0.9962457009351272;-0.9964141986062361;-0.9940807346221235;-0.04416748171465607;0.008208467417534246;-0.9872424762486757;-0.9972227824972268;-0.999990989161664;-0.999787980487045;-0.9979103492786082;-0.9999966169457334;-0.9999724856440363;0.002107271094255771;-0.8065969928975404;-0.9877972764824584;-0.9984676766717775;-0.9119704803694406;-0.9876415433357871;-0.9746050211310211;-0.050385820064358953;-0.9465485091879634;-0.9994692150760188;-0.9876536401177826;-0.008316762940254158;0.0032467141189427306;0.14207997298071254;-0.8867747213948491;-0.9896979476360207;-0.9995763208297378;-0.5612492068211897;-0.9937956447361658;-0.9971337905979278;-0.99748132872967;-0.9948033556046526;-0.0015168859576071487;-0.99384243490588;-0.9982512889112634;-0.9987219341456447;-0.9999820290120224;-0.9956025852671413;-0.9896987165984037;-0.9988537433931144;0.22393422502383742;-0.9959098858085956;-0.9409954043440887;0.10692835929692926;0.07741903324595942;-0.9850691583906889;-0.7423964743336168;-0.7573657345795665;-0.9955630429219526;-0.9941721674209767;0.05108722161028932;0.10984493349163109;-0.6969407388201952;-0.996559180166208;-0.9701086831212766;-0.7851306491255229;-0.9943307032025654;-0.6902742341342063;-0.9998874328292078;-0.9993051255268672;0.06925318891819597;-0.9989449623949805;0.03104390767898519;-0.9987940703452697;-0.9990288554346112;-0.7226350222694189;-0.9992589035598773;-0.9946970133373133;-0.9986629873220219;-0.9892368586083592;-0.9906251264513666;-0.9991933489527471;0.2697852204529867;-0.7811380706299089;-0.1208102106290632;-0.9533451302597246;-0.9998180421142372;-0.8279418478326988;-0.9708941887002575;-0.2869852503378284;-0.7872565121418571;-0.8032347473264806;-0.9416473828641564;-0.7928504986532847;-0.5123209921235037;-0.0800699912283934;-0.9972413911567346
Erratischer Block;-0.9965362598312256;-0.708194952504966;-0.9023099706183711;-0.5078935001233817;-0.929532291093208;0.0038075789473281606;-0.3108521665939304;-0.5769334180897026;-0.31376487625332533;-0.9980416122615196;-0.39351873468657933;-0.9968147432567218;-0.29244835414096193;0.5;-0.41526085090769516;-0.7475002676036688;-0.999944219316375;-0.9954153476396869;-0.998033060156319;-0.998219897487271;0.14744614157888258;-0.9909649685011734;-0.9913684186506012;-0.9857982081760005;0.007295961350821912;0.008710425465197584;-0.9696833333803694;-0.9933071632305984;-0.9999781993919223;0.17202517218182764;-0.9949592352916578;-0.005840610841151073;-0.9999334341694766;0.002236133427493357;-0.6328645308625017;-0.9709793000877556;-0.9963007318216968;-0.8106766504526354;-0.970615318042184;-0.940696836815383;-0.01218424028096585;-0.8797986849004662;-0.9987167819237918;0.33391740424027827;0.03268457254795161;0.0034452548366881663;0.05962953456212167;-0.7639915251043715;-0.975434359234192;-0.9989755636448694;-0.34585959947761635;-0.9851201776188798;-0.9930935699670487;-0.9939280161253234;-0.9875192611283624;-0.018544163003400303;-0.9852314215756817;-0.9957796313642298;-0.9969134376238611;-0.9999565219718178;-0.9894268578649313;-0.9754361664303121;-0.997231243323281;-0.9987155311600202;-0.9901614663605065;-0.868275950815342;0.008092379430762174;0.03052555139447429;-0.9646258960973869;-0.5436236057662892;-0.5633498421643474;-0.9893323772911421;-0.9860157784754502;-0.9999509978464907;-0.9999680248857328;-0.4873150914049474;-0.9917157156299251;-0.9306242062037628;-0.601638629487766;-0.9863931574735909;-0.4794813147216092;-0.9997276976875912;-0.9983204722497859;0.06038794027703318;0.2875482776922912;0.08694363983625458;-0.9970873507396164;-0.9976536402107106;-0.5185034202103783;-0.9982088700776777;-0.9872657678325125;-0.9967713491577789;-0.9743514190638164;-0.9776162193456193;0.19934355905167953;-0.9987375129338081;-0.5959909754076365;-0.04123939398365107;-0.8941335863083636;-0.9995598834558522;-0.6654301208185807;-0.9323749834816282;-0.1426326749132646;-0.6046658019760308;-0.6278754155379265;-0.8696201195731378;-0.6126989422545339;-0.30275169955824666;-0.03472614498330802;-0.9933518334649428
Felsblock;-0.9975377035538927;-0.7736246680380335;-0.9286024778082156;-0.5923854669161182;-0.9489129459004964;-0.010816602323003223;-0.38843880318121;-0.6575637628299992;-0.3916653318538695;-0.9986084331331865;-0.47744377252363657;-0.9977358542082649;-0.36789369246432313;-0.5847391490923048;0.5;-0.8065245090779065;-0.9999603859110876;-0.9967398115781668;-0.9986023528180323;-0.9987351822319899;0.12323310193826234;-0.9935667969843581;-0.9938547855998997;-0.9898727090574773;0.03609391283174572;0.008508861275316321;-0.9782793302471211;-0.9952377485359529;-0.9999845178892557;-0.9996357685097599;-0.9964149913359287;0.03465526221149168;-0.9999527264135081;0.002184387996541111;-0.7082261508750863;-0.9792157143075241;-0.9973700921801122;-0.857743317521228;-0.9789527954162025;-0.9571484728396956;0.004389949448137228;-0.9115560543991391;-0.99908836531436;-0.9789732159071297;-0.0003842228313101515;0.003365529640963343;-0.9999691242967734;-0.8200886111048366;-0.9824292559553905;-0.9992722658262172;-0.4267728569449263;-0.9893871115538011;-0.9950854625799807;-0.9956802918458598;-0.9911044467364902;0.0011179919898120503;-0.9894667963104898;0.2573601413712892;-0.9978060710033567;0.0553676320618305;-0.9924682513843144;-0.9824305578335752;-0.998032148765761;-0.9990874764052096;-0.9929930441958988;-0.9027411039719953;-0.05623226554972446;-0.9999427710983647;-0.9746183453646742;-0.6264923742371205;-0.6449759449885494;-0.9924007396717198;-0.9900284897325986;-0.9999651999271779;-0.9999772922058758;-0.5723653851272343;-0.994102637189147;-0.949720796753773;-0.6801707025869782;-0.9902986469084518;-0.5646702417055897;-0.9998066053638379;-0.9988066785078918;-0.999993891949032;-0.9981886316296034;-0.9999763514611495;-0.9979297929167169;-0.9983325651593661;-0.6025990825964636;-0.998727342847489;-0.9909231019725446;-0.9977049799016373;-0.9816488742668841;-0.9840000370836309;-0.9986148335552144;-0.999103098605705;-0.6750350486270643;0.02029704011031829;-0.9224375392018408;-0.9996874050806696;-0.736886200583879;-0.9510150166896525;-0.18979621539520047;-0.6829156234964772;-0.7037818022558522;-0.9037725526627454;-0.6901734558474235;-0.3794296846506949;-0.04821541186403669;-0.995269594761059
Felskopf;-0.9898151014738831;-0.4504900240465195;-0.7572817615677132;-0.25850606036134327;-0.8167082067355859;0.0024546236681443102;-0.13222093974786675;-0.3153710396539228;-0.13378479443860553;-0.9942245616752513;-0.17977544068003462;-0.9906288819864605;-0.12251278270928395;-0.2524997323963311;-0.19347549092209346;0.5;-0.9998348849067246;-0.9865484928974445;-0.9941994377270603;-0.9947485102935422;-0.999023646069975;-0.9737182011354184;-0.9748722599166463;-0.9590958330513389;0.04284586900336265;0.009417876955828079;-0.9152853611791436;-0.9804431231591755;0.016698542319035514;-0.9984834100669465;-0.9852233406743283;0.04200839149621514;0.12497016805926088;0.002417750060806173;-0.3680017359299987;-0.9187117778394198;-0.9891275332399828;-0.5912386849244383;-0.9177477803428157;-0.8427235383404522;0.019340357179818753;-0.7120170696946867;-0.9962106933626275;-0.9178225985538325;-0.9999528454148209;0.003422146210334267;-0.9998713037229457;-0.5223262705634469;-0.9306172400672896;-0.9969733368351751;-0.15153482534256332;-0.9571983129433479;-0.9798273281039457;-0.9822359521731322;-0.9639344424637606;0.02020948227225181;-0.9575093014331122;-0.9876085418040341;-0.9909174973043517;0.12522454884061582;-0.9693348815320758;-0.930622109779236;-0.9918476221357059;-0.9962070091696994;-0.9714251392712784;-0.6900762731669857;-0.9999830589790372;-0.9997614780908693;-0.9020697058693492;-0.28692100696340955;-0.3035275260238973;-0.9690664741567595;-0.9597057606095638;-0.9998549479473984;-0.9999053467973918;-0.2430417246040652;-0.9758671327338392;-0.8192083319535696;-0.33781936493710096;-0.9607648910930605;-0.23731706232820718;-0.9991943062664879;-0.9950442427121892;-0.9999745383901444;-0.9924921969094802;-0.9999014257723544;-0.991426347637021;-0.9930856406238301;-0.2667300184197566;-0.9947160921059943;-0.9632197649161451;-0.9905020182621528;-0.9277050331496725;-0.9365206006906323;-0.9942510093508753;-0.9962717603086216;-0.33258065150290045;0.04065870043810981;-0.7404584399885137;0.06335506615669674;-0.40185626523496537;-0.823236758875013;-0.0532056004566591;-0.3406542458855226;-0.36303593594832767;-0.6925950713305401;-0.3482698243456604;-0.12791141341994564;-0.01200631597996462;-0.9805719729971247
Fliessgewaesser;0.0014257849302618329;-0.00013536590559885182;-1.8413383137798397e-06;-5.7570050295925376e-05;-0.0007352972388345394;0.022548629621112717;1.3669858119996351e-06;-7.606624815571508e-05;1.3341894795956947e-06;0.0020274485992212974;-3.6194315067715156e-05;-0.0006409490197206445;-2.305627168924475e-05;-5.578068362502999e-05;-3.961408891239576e-05;-0.0001651150932755442;0.5;0.00029897719239729517;2.900389556626091e-05;0.0018100732589141461;-0.006923167742972929;0.0001192264281513275;-0.0005968206709011182;-0.0001046196461736502;0.0009443042623156439;0.025974064481893856;-0.0017810755450074261;0.00022687841007252159;-0.22438478153480831;0.0019474118331038288;0.00019635231259580005;0.0396352717659201;-0.05703291272246503;0.006010262668024373;4.162396455600486e-06;-4.794825945537899e-05;0.0008337444089313412;1.8938952156231133e-06;-0.001839224334663161;-0.0008840885349374153;0.008568397691740235;4.1101408958175135e-06;-0.00031702562385121794;-0.0018410455696474498;0.014989027182180188;0.009872394525111128;-0.09409846077637748;-2.5729905092620474e-06;4.249326753062974e-06;-0.003366062546037821;-2.9493350437834198e-05;-2.0365147852340928e-05;0.00043452446991100934;0.0011732390503304546;0.00048444664676055736;0.025031634158788937;-0.0001657438247236187;-0.0007707614484417071;0.0012356886253645975;-0.05387094137438937;0.00022232716392240828;-5.260160541010254e-05;0.00010249422407884096;0.0014559879313709677;-0.00010120548274972305;8.839816716247523e-06;0.06938639726259106;0.0117793824493458;-0.00024863767962817916;1.2126895007101162e-05;9.267286072972736e-06;0.0003368359434834359;3.510669078539382e-05;0.02364927138176622;0.03134581927809971;7.4076460718986545e-06;-0.0002934809822381242;-2.5400964442855328e-05;-8.424225166885078e-05;-0.00014642617782203133;-5.138319506663946e-05;-0.0014399154563851284;0.002136751277032836;-0.1605136263340088;-0.02136454565629287;-0.12117100765639666;-0.00043179737935692525;-0.0007789644271795534;-6.006761513924122e-05;-0.0007994087498488786;-3.401716992818051e-05;0.0008714261828327574;0.0003256152075977807;0.0003727009453544261;-0.0015455414878486325;0.0033386425012336524;-8.22850501793459e-05;-0.0026060940279482884;8.184840991291435e-06;0.004153662827004013;-2.746141170952556e-06;-5.6221326481461226e-05;-9.280174164209414e-06;-9.818387011846807e-07;3.113294103635104e-05;9.112307717223842e-05;6.990260914250187e-06;-2.4221256265621896e-05;-2.006842167216579e-06;0.0004619866598059888
Flugfeldareal;-0.5699116617811251;-0.011054383185021839;-0.040805100735117894;-0.004731034262603278;-0.05727454416867863;0.010433583688361333;-0.0020732050828666895;-0.006241656145060017;-0.002101453818176711;-0.7012437699089731;-0.002979573868848344;-0.5903920293101452;-0.0019000592477573736;-0.0045846523603131975;-0.003260188421833236;-0.013451507102555453;0.024684940136957448;0.5;-0.7003282915820044;-0.7208852198054271;-0.012468794063201024;0.0713250211038271;-0.3459731351738944;0.020111216783356447;-0.12543624757023303;0.013877117748982594;-0.12840071084346544;-0.406019892763267;-0.9952888693848824;-0.8997682170138152;-0.4761925577160535;-0.998226030247539;-0.9857522603978568;0.003562563937612296;-0.007876840967250937;-0.13352436508156654;-0.5536596420516894;-0.01934032989091695;-0.13204591635428378;-0.06808481922303292;-0.0035698772501951003;-0.03261195851939723;-0.7818797412636106;-0.13215959958607146;-0.031637776564278956;0.0054889009931786475;-0.05496819002071244;-0.014690470426485911;-0.1546074588051577;-0.8178937232283117;-0.0024292635839738203;-0.2336726445859853;-0.39841497190168473;-0.429849208788088;-0.26709016908458577;0.03431770996096437;-0.23503941463129385;0.007827612268736975;-0.5980051692004026;-0.990647967706947;-0.30119012830499914;-0.15461731694284;-0.6239008163848895;-0.781713332365769;-0.3167204703198498;-0.029464969297501507;0.04471820182442891;0.043098465078198686;-0.11158171575942544;-0.005456335504507615;-0.005907090292007086;-0.2993009914691253;-0.24513994808795542;-0.05847864974141476;-0.04993293214446099;-0.0043587732412048675;-0.3554037729499018;-0.0581879048969078;-0.006907964102064778;-0.25030926002676723;-0.004224728242441443;-0.9441639191535565;-0.7324553437637874;-0.03612236296178;-0.6431712239028538;-0.04830306295336347;-0.6119056231663624;-0.6619721635790853;-0.00493528031582875;-0.7196386850150996;-0.2631228132566507;0.07744009233720989;-0.14891174562389625;-0.1674699698807456;-0.7022100221470612;0.032095297678091814;-0.006748541243433425;-0.05904241308825666;-0.03744317457340276;0.2272608100573234;-0.009077316193110127;-0.05971000672430517;-0.0007656345762797909;-0.006995268970043906;-0.0077112584177793896;-0.029804399700714492;-0.007233485996217203;-0.00199587592210918;-0.0001656670558095888;-0.4076467926541543
Flughafenareal;-0.3618436973057956;-0.00476029504395626;-0.017877926131227344;-0.002029912080002649;-0.0253381240897736;-0.019339848444328782;-0.0008881815551175502;-0.0026803868826742474;-0.0009002981596602032;-0.501091491455982;-0.0012771419295718556;-0.3814789852820442;-0.0008139234473880637;-0.0019669398436809593;-0.0013976471819677437;-0.005800562272939657;0.0010246945454192714;-0.29967170841799556;0.5;-0.5249779880124062;0.0012019045489373348;-0.17773958583570046;-0.1845756955834545;-0.12033899314081806;-0.9985720949271865;0.015307717883269047;-0.05929885477416045;-0.22630303466008528;-0.9890590720984609;-0.7934405279238014;-0.2800601071871182;-0.21198505283999797;-0.9673256600416421;0.003929892074009107;-0.0033857715047487143;0.00743780896487781;0.023137926496872126;-0.008368353417024245;-0.061119872997449816;-0.030314396232399572;0.0828011858595883;-0.014220020841174658;-0.605346473575533;-0.06117679731467173;-0.9919822643125535;0.006054832520650954;-0.9784151775790193;-0.006339356587596887;-0.07257621770439794;-0.6577492913076042;-0.0010409328275841152;-0.11541851036287096;-0.2208129063340928;-0.24391609822800453;0.019842043243605945;0.06210881559028169;-0.11619848185170273;-0.010565009000051149;-0.3889563014453451;-0.9784143375973008;0.030261040150819173;0.027269103063308667;0.10041210882652786;-0.00180593574177744;-0.1655159453667169;-0.012824289429464905;0.15126307593954355;-0.9607147295945299;-0.051001744780567786;-0.0023420865280158873;-0.0025362253424780113;-0.1545318418789722;0.01337938904055126;-0.14922168978086894;0.04204527954819619;-0.0018697893341875881;-0.19089097379750572;-0.025756107052650128;-0.002967658282778949;-0.1250092889510317;-0.0018121485394878279;-0.015561681087741298;-0.5394811958862837;-0.15657972068596543;-0.4354358060220312;-0.983383764123752;-0.4028673017661739;-0.4559231141506424;-0.002117794651801449;-0.5234349255731993;-0.13254263596155685;-0.3782811225801227;-0.06965353198901567;-0.0792539592050196;-0.5022455917800055;-0.6092357606972176;-0.002898904848926874;-0.9990362870978141;-0.016372723251326344;0.05652586246371891;-0.0039044759725165835;-0.02645367419591636;-0.00032775994738745376;-0.003005315116878476;-0.0033142823265727935;-0.012974585315361383;-0.003108083459177707;-0.0008550151074210899;-7.089594408853763e-05;-0.22748561247634855
Flugplatzareal;-0.0072839224228306975;-0.0043092658108456715;-0.016204261533097994;-0.001837104100059518;-0.022982406648789318;0.010970159703356918;-0.0008037317002115269;-0.002425944775318979;-0.0008146971762338945;-0.47611089826436054;-0.0011557518235189553;-0.3581803778586836;-0.0007365289782242418;-0.0017801025127289116;-0.0012648177680102213;-0.005251489706457862;0.05786379117934815;-0.27911478019457286;-0.47502201198759386;0.5;-0.02171951884800163;-0.16359311470839183;-0.1699976197176235;-0.11014909187694572;0.07791686407993756;0.015495758269284012;-0.05396056801741826;-0.20927509310271475;-0.9879223594705119;-0.7765711114849183;-0.26034837356254004;-0.2810606255671394;-0.9640131021754643;0.003978178379520913;-0.003064574838889415;-0.0563056816122421;0.018503444772303264;-0.007578070270964049;-0.05562734599913358;-0.027509086428455794;0.03833839811403284;-0.012884303251020966;-0.5812233919637404;-0.05567945819213099;-0.9911465394588436;0.0061292246582754315;-0.9761992240329902;-0.005739576990252364;-0.06612667898592084;-0.6348974269878012;-0.0009419728079062441;-0.10559524402689131;-0.2040890948432732;-0.2259499125930834;-0.12365188118532183;-0.019548948201694748;-0.10631681070034048;-0.01787832907802566;-0.36547085945164065;-0.9761982999143949;-0.14301219074787555;-0.06613133670835933;-0.39109343892171994;-0.5809859371073068;0.03267676878550167;-0.011618130780026178;0.11620857869116889;-0.9567619068828753;-0.04637357090255144;-0.002119690132777722;-0.002295436615408755;-0.14191370302867085;0.03206526504588088;0.2252686198721666;-0.013486614611792838;-0.0016921645708497374;-0.17592171775936677;-0.023362460683541322;-0.0026860196981264937;-0.11447538688916539;-0.0016399904936800966;0.028620067396180077;-0.07388404350764465;-0.13462345812836768;-0.4110317287201739;-0.1719166275953355;-0.37906297343051043;-0.4312478971784097;-0.0019166553167435413;-0.4984533161100316;-0.12146205628131967;-0.3550657052582831;-0.06344595172973372;-0.07225723269066922;-0.4772625023494695;-0.5851875055497372;-0.0026237739753972077;-0.18935192387468006;-0.014837841236850653;-0.025958169017295588;-0.0035342460751302015;-0.02399679615806292;-0.0002965801410484767;-0.002720112549411934;-0.0029998471828308116;-0.011754459253098891;-0.002813155757281551;-0.0007737163342389591;-6.415004432638988e-05;-0.21039288606206236
Flurname swisstopo;0.003354130845281322;-0.0008005589006835043;-0.003039935429038866;-0.0003406016030382634;-0.004335790669318283;0.017893697341048845;2.1934720288891354e-05;-0.00044998970976407713;-0.00015092004113616985;0.0064034470381398095;3.672875902876575e-05;0.002984921521289603;-0.00013643093688152147;4.8675956348056964e-05;2.8891312990692786e-05;-0.000976353930025032;-0.040971123820938316;-0.0008937240713641289;0.00020132833850180406;-0.004020800173335956;0.4999999999999999;0.0005245541909096621;-0.000603833387362675;0.0017827210857380292;-0.08382193144955274;0.01952847679485918;-0.010448833740237695;-0.00224591769185317;-0.34479588087405294;0.005808605075319889;0.0009617906161770253;-0.037474265577858684;-0.12055530706486765;0.004260946675105398;4.315935837648603e-05;0.000172169747125109;0.004257306264658223;-0.0014115981588158292;-0.010786910651927575;-0.00020699466361685052;0.0072638536290712975;0.0001924894257299352;0.01280913536352463;-0.00048325486211185686;0.07253838979499566;0.007220705212753856;-0.05318739029663648;4.6448313889559425e-05;0.00019325950635460453;0.008067456100812869;-0.000174515555748286;0.001213851338248935;-0.045318561197405294;0.0018095037185300565;-0.0011344135177923313;0.018872235928706266;0.0006563470373587715;-0.0036464526448782013;0.0023025399234819135;-0.06487080854608387;0.00016272260234947042;-0.0007113861209763187;0.002077269810652531;-0.0005726528541728891;0.0009586525515217847;9.54109750370584e-05;0.11257498551928878;0.03269507644108613;-0.0006102979365300527;-0.00039308409071625366;-0.00042573632002190537;-0.0010467525341808213;-9.537729657694663e-05;0.026864984445947163;0.031489767996551996;-0.0003136925117858367;0.0011409825619678087;2.0370021686904347e-05;6.287524088735662e-05;0.00041724147439559176;-0.0003040075679930099;0.04387564072880137;0.004568494647640739;-0.11754354849769515;-0.014627113497665462;-0.12643935027592065;-0.002028276759705685;-0.002367801663910887;-0.0003553735784071315;0.001086466290737588;-0.000826600182355099;0.0024323448014198705;-0.0010732238881012675;-0.0013398631868540404;0.004879811102397056;0.0042449703835417;-0.0004867637718528783;-0.03522852376502282;-1.7803510931450698e-05;-0.012791814948326412;7.220734082524572e-05;0.00019973750951593833;-5.491731915197678e-05;-0.0005046762530427268;-0.0005567040179398883;1.0989918606309928e-05;-0.0005219786941301394;-0.00014332368210759295;-1.1876321718461402e-05;0.0015598821996856518
Freizeitanlagenareal;-0.7239952535405689;-0.021648426917591685;-0.07767163547436301;-0.009322177403272;-0.10735548523731067;0.011880964306460571;-0.004095721995153693;-0.012280665380099814;-0.004151414164604917;0.11033846837900987;-0.005881088677042838;-0.7404795032904413;-0.0037542990648728653;-0.00903503149882657;-0.006433203015641944;-0.026281798864581592;0.019486589828786614;0.14119236091073967;-0.8222604141642996;-0.8364068852916082;0.014487073028897488;0.5;-0.5115201431234067;0.07263798265223122;0.02602799287961389;0.012906068766973118;-0.22577950467842675;-0.5750370183830525;-0.9976145545859307;0.10234175400391418;-0.6428083599375257;-0.10660070329842182;-0.9927514783794691;0.001544135726045998;0.0038869816985797213;0.02208681986698092;0.10635588581153044;0.007729408575778725;-0.23145510231127542;-0.12635137982505862;0.016395676575709863;-0.062558946547107;0.2247989828391011;0.022118843746754022;0.0741541834848418;0.0051047918692042225;0.01672566916619029;-0.028668167492682507;-0.26580032584950375;0.03325458356229574;0.0030771839510675765;0.0594239527468087;-0.567289845307643;-0.5987860735498353;0.07825285991319948;-0.04665950182761948;-0.3782000664635396;-0.005714678735087206;-0.7465008333451818;-0.9952537438442478;0.056674207823414036;-0.2658150446385138;0.004824229124798216;0.2387175253485094;-0.4785111387317537;0.010249489381850883;0.18959168772509333;0.2656094116054076;-0.19911904649315038;-0.010743735604293963;-0.011626183047543613;-0.45815990648681276;0.18060981392632305;0.2537399854296826;0.1698542856797502;-0.008591781248111462;-0.52186266212767;0.04085703465363891;-0.013582836859724048;-0.39793240906621713;-0.008328647846388466;0.1611139362090947;0.22520077260162827;0.03446520169488202;-0.7810902164269398;-0.007896705616601598;0.05631300623325696;0.06340167097774452;-0.009722693930040154;-0.8355585862123655;-0.4141284646714801;0.12228299145857724;-0.25725480710388093;-0.284797113983643;0.04899570876514387;-0.06333380395771514;-0.013271429052367363;-0.09159035098458992;-0.0714986918839306;-0.9539314366849793;0.005728510581130195;0.020800159732770836;-0.0015144859066145077;-0.013753332431447786;-0.015150478967611895;-0.05732603224603265;-0.014218393421484966;-0.003943252399598024;-0.000327895135251569;-0.5766836393112577
Friedhof;-0.7146911155107087;-0.020693500054209554;-0.0744334985582519;-0.008906020281313065;-0.1030180493013861;0.009245215100007337;-0.003911961003661727;-0.011734000867789364;-0.003965164405145256;-0.8160805113700992;-0.005617676253908722;-0.731524988861672;-0.003585801393763875;-0.008631581349398735;-0.006145214400100196;-0.025127740083353826;-0.09315176460553815;-0.6540268648261056;-0.8154243044165455;-0.8300023802823764;-0.01592543595963531;-0.48847985687659334;0.5;-0.37670090666581085;-0.0888297942217507;0.012967322614327308;-0.2178249919490225;-0.5637372627010544;-0.9975023205427623;-0.03825602596806424;-0.632157907162086;-0.23760016056919317;-0.9924121792583182;-0.013834129282105267;-0.014786656548372577;0.030300645813001025;0.0956908780765676;-0.035941975755363995;-0.22335831773972384;-0.12135079684454787;0.006424293837119767;-0.05990993396992242;0.020175110396922147;-0.22353036912626523;0.08450820961504092;0.005129021032903507;-0.9950311847072633;-0.027412270996225587;-0.2569036914732509;-0.8946297163900806;-0.004582362912125215;-0.3656554060590451;-0.5559431682201418;-0.5876649918861621;0.018981152396656632;-0.09894435737445097;-0.3674240206957699;-0.6725949051244002;-0.7376804788996284;-0.9950309880599556;-0.4489659179943864;-0.256918090002184;0.1396653270563887;0.1622701730313369;-0.4670236494182159;-0.054276539510128646;0.24359308358826848;0.43890690528594783;-0.19187103948688475;-0.01026477535731153;-0.011108324668938645;-0.44674244475340447;-0.3803846732783789;0.44881437274619046;0.3175585178095481;-0.00820796004770823;-0.5103529490205024;-0.10457996129816866;-0.012978968853053111;-0.386944005933184;-0.0079564872826383;-0.014360630314092016;-0.8380653447921618;-0.015475726766285908;-0.7731075806540436;-0.027808545351073646;-0.7487801213200139;-0.7873261073213124;-0.009288824744877048;0.062062046068938545;-0.4029921824047302;-0.7288505477577666;-0.24854737220357537;-0.27550323171897445;-0.8167723986121851;-0.8732217299107284;-0.012681227681171468;-0.03581561851888523;-0.06849879278083197;-0.9518631041074619;-0.017022158575867165;-0.10717750446593441;-0.0014463679264370391;-0.013141985491353508;-0.014477939395820831;-0.054885630203004084;-0.013586658922645017;-0.003766306325201046;-0.00031313045347038945;-0.5653945761624609
Gebaeude;0.03515607118467535;-0.033782369132527044;-0.11743733460108054;0.005633528839466093;-0.1596872990553761;0.008726474863323015;-0.006456298420495646;-0.019267382153080867;-0.006543877956674806;0.11333535979496713;-0.009261095413385358;0.0003723962131843874;-0.005919265377876582;-0.014201791823999452;-0.010127290942522743;-0.04090416694866105;-0.02701844226277457;0.06290590108650013;-0.8796610068591819;-0.8898509081230542;0.07779603059397268;0.11477505858390656;-0.6232990933341892;0.5;0.010048538066751518;0.012311226248174746;0.05214621822650338;-0.6813360593997319;-0.08945187471870022;0.034598056901241445;0.0793679900772841;-0.005720300989284421;0.00191089549376222;0.0028342818252543346;-0.02423182802288277;0.07732750654237336;0.0825252020948726;-0.0581034359792759;0.05264220402490065;-0.18601338854703892;0.011614044693230217;-0.0953875645930091;0.127814910959191;-0.3226466567446859;0.0329319207348312;0.004588581946065134;-0.05861357701915396;0.010843205135770665;-0.3638831631300954;0.026687329928736916;-0.007559420312204725;-0.48817071122496514;-0.674429580632805;0.024984373945534287;0.06139373599097732;0.004548537578433116;-0.49007409915487654;0.14007776707446923;0.11432809639211029;0.026923326061036115;-0.5741308723505965;0.055518995160140715;0.04640380906130923;0.047950087548906714;0.0859933618195901;0.05932994948458144;0.1313956788204029;0.07947281219906241;-0.2820484534911455;-0.01687099746008308;-0.018247430572231035;-0.5719309064291667;-0.5039147104344688;0.09384941086040988;0.10365010067609785;-0.013508520423057628;-0.6329730769158893;-0.16195327366153212;-0.021294413382422456;0.06126221687577493;0.004057455899206426;0.04320347693008429;0.11968745531200171;-0.08348589798028964;0.057312179515644934;-0.11309467543337326;0.07468162199443094;0.054917713249652;-0.015276637675740204;-0.8892430412666987;0.12851733063402349;0.05224931121775957;-0.35370341828276647;-0.3862025595680778;-0.8806086263414292;0.037599811253050563;0.0059455517734054554;-0.012936697434910873;-0.10847571089634689;0.09480910654538179;0.010291199260071462;0.05159616746510081;-0.002390934087743768;-0.021559591162941615;-0.02373066357971356;0.017922922697424973;-0.022282652438172353;-0.006216501239558482;-0.00051800758928425;0.0935306641188065
Gebiet;-4.809841444366373e-05;2.075668801635216e-07;-8.370355273891856e-07;8.589500772964145e-08;-3.7172711966056934e-05;0.032349301300123985;-1.1439273294488838e-09;-3.84309717441544e-06;5.668557582366283e-08;-2.545615010903089e-05;-4.114188121844502e-09;-4.2716899107829125e-05;-5.144696208529007e-08;2.0561206073098028e-08;7.223685743540709e-08;3.574583505302342e-07;4.770566483326662e-05;-7.675152920151837e-05;-0.001427905072813583;0.00012313421198691164;-0.0007155543794899007;8.045172703156436e-06;-2.875209064398204e-05;1.965684555019445e-06;0.5;0.06191164034092993;6.144737633764724e-06;-5.6891203357101186e-05;-0.011609477319700991;-0.0002877942562666795;2.8085829943459704e-05;0.006686235579760008;0.0036099066133776277;0.01598566330483747;5.838166690320667e-08;-9.021961924496817e-06;-6.89250349034278e-05;-5.482252841026335e-07;5.448199123056219e-06;8.286870843014877e-07;0.06432864408871819;4.691765915414343e-07;-0.00025223254469608145;-8.282059496608305e-06;-0.014629070783916572;0.02403064399201325;-0.014278756492711542;-1.3536871427306677e-07;-2.013504122494857e-06;-4.211074326074243e-06;-1.4900274718462773e-06;-3.0201508494995823e-05;-0.0001065646532743301;-3.071495677751194e-05;-5.574801556135767e-06;0.015534892052891209;-1.9443171052106192e-05;1.6805935108052243e-05;2.025885982414564e-05;0.0036884525602138823;2.76640117561397e-06;-2.6159601097250067e-05;-1.8775362128364688e-05;-0.0002364665416289765;-2.310851035652506e-05;-3.636661451251756e-08;-0.06704251705967046;-0.006916805585029399;4.179013658697553e-06;-1.9986512641954892e-07;-2.3107050273684022e-07;3.114202102727247e-05;-4.638584491357032e-06;-0.011015703967810651;-0.013806815395784253;2.0416288453341217e-08;-5.45781845261962e-06;-7.444659966644107e-07;-4.955780508621715e-07;-9.261971817787384e-06;-2.595973751799119e-06;-0.0017692673835486793;-0.0001469612519430371;-0.06166956653952599;-9.39781569073761e-05;-0.018400681064320322;8.3832959463933e-05;7.031815951121122e-05;-3.605892878831909e-07;-0.0002196823795977328;-3.447874319353585e-05;-2.5404121053375958e-05;2.76311851897629e-06;1.8087614146827727e-06;-5.096764068611589e-05;1.2645778110575354e-05;3.6759622483707904e-08;0.073600902311966;9.310199857358145e-07;0.0005116938486346138;-8.513946314551565e-08;1.6577983859572537e-06;-4.688327659903002e-07;-2.905137218238098e-08;3.568461842025507e-08;-1.0003534478694448e-06;-2.738503965590404e-07;1.8630890733439084e-08;2.9432093828907393e-09;-1.2100157304548908e-05
Gemeindegebiet;2.482365657832523e-06;1.3568898636063306e-08;5.72859744931707e-08;5.428058690780137e-09;-7.379389104251522e-07;0.22647392187803533;2.2435067786416164e-09;7.313469293996927e-09;2.2761653314929784e-09;4.6990584753020865e-06;3.3061141927069826e-09;2.726202967702487e-06;2.044064212613269e-09;5.247842457680638e-09;3.640589241003665e-09;1.6797508224476984e-08;0.00028052610125766037;1.8152590717913895e-06;4.679567537665174e-06;5.235226331661288e-06;3.563926257492718e-05;8.528330570590558e-07;8.972974790863882e-07;5.14858177140847e-07;0.013235723003281328;0.4999999999999996;2.2080966043127647e-07;1.1909197496149714e-06;0.0009098347429211957;2.1476324735727003e-05;1.6331047682895358e-06;0.0031548719035924765;0.00023357595895052725;0.10760054308739599;9.400464750404885e-09;2.3128142363795633e-07;2.3064611168085457e-06;2.111074164598132e-08;2.2604435374459386e-07;1.0293496241883587e-07;0.0305994011653448;4.45482487393972e-08;7.564240662731433e-06;2.2894963712557285e-07;0.001096921224102292;0.19182532731257582;-0.0029095034370598192;1.84913849843833e-08;2.79624055770593e-07;9.7671817594023e-06;2.6574429469579304e-09;4.894588909554787e-07;3.212935791927914e-08;1.2669277080425863e-06;5.78851271769302e-07;0.034747842500223745;4.935678651685132e-07;1.9885125817396646e-06;2.640731074862333e-06;0.00039039468727656657;7.15986524190251e-07;2.796471046820299e-07;2.0689457979068278e-06;7.5624063020709585e-06;7.75709877729888e-07;3.978448897991237e-08;0.005042450910422072;0.00018580430152078056;1.849141062723276e-07;5.325630913787591e-09;6.892101760804232e-09;7.089345064531162e-07;5.244990849243977e-07;0.0003377939236872191;0.0005679610165661237;4.970697011662516e-09;9.392477585244174e-07;8.581658553502899e-08;8.158544211984048e-09;5.407231086889022e-07;4.8067849166970035e-09;4.451385131457083e-05;4.9693331779664675e-06;-0.010134794888330006;-2.188955033612002e-05;-0.000889966179592569;2.8101746349251488e-06;3.669946849781879e-06;5.680292573850776e-09;5.198986296680066e-06;5.821318907312268e-07;2.6852627250600755e-06;2.6642564132599874e-07;3.047881025244411e-07;4.7269439065063e-06;6.891949066436928e-06;7.955655929362092e-09;0.023613685730855392;5.200198441833162e-08;2.5589783068349772e-05;1.0436035419223067e-08;8.840862601213219e-08;-1.7284030536078753e-10;8.269832126966887e-09;9.187169078137892e-09;3.345344921944528e-08;3.290153279830743e-09;2.154275325382562e-09;-3.396680984320055e-10;1.199831088108755e-06
Gipfel;-0.8999495911355913;-0.07052593013933868;-0.2240683435467568;0.012386268271981594;-0.291988695813705;-0.00029201443754962625;-0.013906287698816388;-0.040891787971194256;-0.01409349263571903;-0.9409442220163345;-0.01988280031159048;-0.9072710141035982;-0.012757523751324256;-0.03031666661963064;-0.02172066975287881;-0.0847146388208565;-0.9982189244549926;-0.8715992891565346;-0.9407011452258396;-0.9460394319825818;-0.9895511662597624;-0.7742204953215732;-0.7821750080509775;0.11316684721709959;0.06816929459705033;0.011458510491257814;0.5;-0.822697343067896;-0.11319539109490596;-0.9838543264190877;-0.8605507703836446;0.08624053670465061;0.18260861251651236;0.00290788170027599;-0.05113746869256216;-0.5112540592959546;-0.8938459589399611;-0.11806749553285337;-0.5080454952966554;-0.33152103393305576;0.03434309901683091;-0.18622219690009587;0.031700840751016986;-0.5082933175423019;-0.14448071036689564;0.003780595760992337;-0.9986112745410848;-0.09190588484447576;-0.5538558073468975;-0.968241336318432;-0.016261479501828865;-0.6742532637631136;0.06924421467726509;-0.8365401959137558;0.2433374381798743;0.025394862466716652;-0.6759240403960125;-0.8806217909184615;0.0735580704251776;0.1096604802926549;-0.7452689497875402;-0.5538744438706041;-0.9184381078052382;-0.9604885957205794;-0.7588325090502945;-0.17087033487909464;-0.22670952501746222;-0.9974289418663009;0.07909198333069115;-0.03590432652456595;-0.03877236740237147;-0.7435581741073293;-0.6879324016328451;-0.17918539889406376;-0.9989782832285874;-0.02885976508876818;-0.7891491412452339;-0.29547191479304497;-0.045089228518441236;-0.6938562999566752;-0.02799342782538905;-0.991363239060176;-0.9489373632771881;-0.270684634230393;-0.9244447276323684;-0.9989359993028349;0.07047444889313043;0.08374758722691313;-0.032570850903565304;-0.9457227324597371;-0.7079345065868213;-0.906122614155154;-0.5428972439072506;-0.5772534547942926;-0.9412002284842907;0.0940639702918472;-0.04408777192472232;0.06755445999588239;-0.20889568816662055;-0.004686306889260631;0.021074621444941835;-0.3012158354737824;-0.005174288227852014;-0.04563690426895407;-0.05010841581696911;-0.17254911702053688;-0.04712857079161234;-0.01339351620793002;-0.0011234903533266;-0.8236785891158313
Gleisareal;-0.6596947946848417;-0.016089490530753245;-0.05858841134846995;-0.00690606322015798;-0.0816246295972864;0.02053014028998644;-0.0030300530788529827;-0.00910481981840186;-0.0030712993497589544;-0.7744604897953608;-0.004352914292307086;-0.6783130225189792;-0.0027772175027730634;-0.006692836769401616;-0.00476225146404705;-0.019556876840824446;0.027403862352546958;-0.593980107236733;-0.7736969653399147;-0.7907249068972853;-0.04583945244753923;-0.4249629816169475;-0.4362627372989456;-0.31866394060026815;-0.1360209252630961;0.013318881140278651;-0.17730265693210406;0.5;-0.9967748606372074;-0.9292414699054854;-0.5708063609183405;-0.9987867075766843;-0.9902167340269539;-0.01730044085810331;-0.011481428116040906;0.022233497821650343;-0.01917195816336154;-0.02804254377275659;-0.18204618924197719;-0.09656011019550173;-0.006211507476002151;-0.04699956660145876;-0.8398480677941981;-0.18219388346867513;-0.9976414678277394;0.005268082293802185;-0.9935886218491976;-0.021346013409253142;-0.21107328952429139;0.04011369583550174;-0.003549858976828977;-0.3084779695381137;-0.4920931325760406;-0.5244747422809153;0.04583210382449348;-0.026032677353695417;-0.3101052242192493;-0.6138681730804356;-0.6851634574439504;-0.9935883684784707;-0.38670277576143536;-0.21108584907531772;-0.7081843526628633;-0.8397168181740517;0.06889812964406332;-0.04252523312486433;0.1713608554708697;-0.988180716319932;-0.15521881636105123;-0.007962144312586787;-0.008618113333441943;-0.38457245303252424;-0.3220734262768986;-0.9927795773942225;0.023579050847092373;-0.006363754516063901;-0.44647440687992923;-0.08289215904958656;-0.010073677281966079;-0.3281597828876423;-0.006168432495934032;-0.16312666048787006;-0.8002023545451543;-0.08277004282922007;-0.7250394838041948;-0.9950820062518316;-0.6975742537764001;-0.7412621456280419;-0.00720352900938123;-0.7896992871884873;-0.3431345246429347;-0.6753437568673804;-0.20379885652808843;-0.2273700113020401;-0.7752658307680287;0.16016544997330526;-0.009841919738784679;-0.9997179257941342;-0.05384356659523659;-0.9386604308407235;-0.013223940486955615;-0.08500216020490449;-0.0011196756233042332;-0.010200580401734381;-0.011240930478114267;-0.0430084479537365;-0.010546791834434853;-0.002917138457185429;-0.0002423413017639961;-0.5016854131499888
Gletscher;-0.00623318996490527;9.06400900087493e-06;-0.00020132427729077138;4.4379888132635127e-07;-0.0002874931692598868;0.039311478093658155;-9.833662712775387e-06;-2.9729125743679703e-05;-9.967933437701872e-06;-0.010988274089989281;-1.4145553820882538e-05;-0.006776339263089656;-9.010838335981606e-06;-2.180060807762764e-05;-1.548211074441008e-05;1.0777227912363775e-06;-0.08769269464154607;-0.004711130615117653;-0.010940927901539117;-0.012077640529488117;-0.02276979200914105;-0.0023854454140692996;-0.0024976794572376163;-0.00013536687539354546;-0.08980999697665373;0.03292298257647651;-7.893239905617692e-05;-0.003225139362792599;0.5;-0.04075948642185845;-0.00011493579231620852;-0.1866920406942445;0.018749233298256594;0.008474035335133972;-2.5090413431690565e-06;-0.00014158935402547808;-0.00583727540073249;-9.334284210338366e-05;5.842107883613042e-05;-6.36922888995107e-05;0.1622633773684166;-0.00015954487925505815;-0.0166844865137054;-0.000720314084921872;-0.5778139241434115;0.012902775836586559;-0.333966394942852;-7.056809107070555e-05;-0.0008649126295239277;-0.02081670340551139;-1.152661881015962e-05;-0.0014412627387812352;-0.003125038103359367;-0.0035559473133080018;-0.00027306571797370476;-0.12735144829891795;-0.001452266990307531;-0.0011335057156485096;-0.00030176267742729494;0.09407867547996601;-0.002035975678331236;-0.000864977808496613;-0.0015374961522401924;-0.016668490116711326;-0.0021892829046995057;-0.00014368398671461705;-0.7920833322512104;-0.21291963235582193;8.037097855928168e-05;-2.59682050346475e-05;-2.8126158232446597e-05;-0.0020177876104601217;-0.0015348168926059829;-0.3079003863393031;-0.40539625010831515;-2.072184415946668e-05;-0.002603024881519333;-0.0002923596719866021;-3.292473374305092e-05;4.257945497767995e-05;-2.0081896163364457e-05;-0.07410858605376815;-0.01279290388751994;-0.36008322984441077;-0.008459664094349393;-0.3956498165330012;-0.0006556130389882588;0.00027832614468924064;-2.3476118804391713e-05;-0.012004043978732315;-0.0016873530601054574;-0.006685582913183739;-8.400563320776688e-05;-0.0009512610358729767;-0.011038556983767819;-0.003327245137456105;-3.215975456688204e-05;0.08298063708924765;-0.00018409514013090572;-0.04717711493305637;-4.335856102522079e-05;-2.4672388602305486e-05;-3.62684168855039e-06;-3.334376349572501e-05;-3.678300586076029e-05;-0.00014538979676677143;-3.448748661424328e-05;-9.466143630718757e-06;-7.843028003470448e-07;-0.003246884835908161
Golfplatzareal;0.010367865078707303;-0.0012436451143983819;-0.004716601246874829;-0.0005292495868671219;-0.006722361653436486;0.013187447413497184;-0.00023137577789311508;0.00018777812572076208;-0.00023453431786580036;-0.02264098054236607;-0.0003327977276948721;0.004291634578753463;-0.0002120195129551178;8.826100867079417e-05;-0.00036423149024004074;-0.001516589933053577;0.01791128034016896;-0.10023178298618493;-0.20655947207619854;-0.2234288885150816;0.009027503270784068;0.0057591497624312465;-0.0022543505556428096;0.0012321780724091004;-0.05239537418370066;0.01828923024431252;-0.016145673580912394;-0.07075853009451474;-0.9592405135781416;0.5;-0.09195841646624053;-0.20936338719827485;-0.2568806963306468;0.004434951952189257;-0.0008836440672993131;2.6739312976325113e-05;0.001066511553444957;-0.0021921349838616186;-0.016664970227201675;0.0001653731077831971;-0.0207966783555535;-0.0037413048699902443;0.01362365650077393;0.000712170588009624;0.060537770137474536;0.0072346029958266994;-0.08683290322646645;-0.0016581244213011283;-0.019965860952548677;-0.020069605855286887;-0.00027119891686502;-0.03285196170168546;-0.06870682190573829;-0.0774779240375207;-0.03901216510150607;0.020539237180355153;-0.03309484279220397;-0.0025954134121199558;-0.14215667402904855;-0.9218760207893716;-0.045813128158360875;-0.019967336793927256;-0.15597144953909722;0.026743499892252838;-0.049100632853533985;0.00041947482472190316;0.054372975450262775;-0.007574725240742316;-0.013798002916328636;-0.0006107826314217442;-0.0006615064102381949;-0.04542166337291757;0.0017373872898753522;-0.021281422817526756;0.01766659103221231;-0.000487443705669257;-0.057865786187423655;-0.006835408780548087;-0.0007742816807098021;-0.03585995170358565;-0.0004723969017794652;-0.059184606107538985;0.010949744065384381;-0.06016844933484138;-0.1672147446559083;-0.10405967965764433;3.068824817628079e-05;0.014726897040968537;-0.0005521987522645654;-0.021361935284111268;0.004045991624042221;-0.0045201410131373455;-0.01911814996305452;-0.021917318120127472;-0.20803550660366066;-0.00813813600381089;-0.0007563049087455281;-0.11196626216982228;-0.004314626632390837;-0.10639080180694399;-0.001019411551318491;-0.007024230659789976;-8.534771853902679e-05;-0.0007841284866301953;-0.0008649404335941002;9.586075373964544e-05;-0.0008110039607822331;-0.00022273028323929633;-1.845758597100296e-05;-0.07120309209385431
Gondelbahn;-0.5930992796525149;-0.012146294283349145;-0.04470284258357383;-0.005201633575625135;-0.06264272243177019;0.01459148967878802;-0.0022800339057958362;-0.006861482156263935;-0.0023110942885149225;0.004594357151785071;-0.0032765277287476564;-0.6132248308817748;-0.0020896507213916866;-0.0050407647083422855;-0.00358500866407131;-0.014776659325671775;0.017832782009809724;-0.5238074422839465;-0.7199398928128817;-0.73965162643746;0.014760143959862622;-0.3571916400624743;-0.3678420928379141;0.0279113860068869;0.050490810163104916;0.013732947675176898;-0.13944922961635536;-0.4291936390816595;-0.026709659838317953;-0.9080415835337595;0.5;0.009538223398057205;0.0027707139240767567;0.0035255485391232073;-0.008657633904063365;-0.1449404454603549;-0.005511001376375166;-0.021233123553882346;-0.14335650552649898;-0.07438626511051255;0.03284271840086395;-0.03575625755547657;-0.7976960270768914;-0.14347831675982137;-0.1135738589192168;0.005431871794838739;-0.9914911833140242;-0.016135680720012046;-0.16747769310194047;-0.8316608155936794;-0.002671518720235239;-0.25116916646933557;-0.4214626502434035;-0.4533449748051468;-0.28615452965088256;-0.002235216585060716;-0.252604541207901;0.011095807100211541;0.1352486560517626;-0.08274813322122232;-0.321620377300675;-0.16748820929264474;0.14323053646781167;-0.03782563401638083;-0.33769509682278437;0.004864645764910269;0.012202312965418865;-0.07518004879554328;-0.12138455768082068;-0.005998646206416761;-0.006493909438331408;-0.3196617146222685;-0.26320019665186783;-0.04567380274863804;0.017298144842123123;-0.004792521794199736;-0.3775247475019307;0.01157956111906741;-0.007593452052793533;0.01692884103547582;-0.004645199995228373;-0.03807510129409343;-0.7507128389869765;-0.366518645821269;-0.6647326741224213;-0.9934699073494128;0.09265008587642341;0.1289915768805718;-0.005426085364657411;-0.7384584957162628;-0.2820129561646999;-0.03246008123613434;-0.16139836268082303;-0.18118146269837512;-0.7217474046641269;0.13644056372131763;-0.0074183275902073255;-0.046364778852570634;-0.04103351990028157;-0.02861373138075495;-0.009975909869732718;0.03710275331429598;-0.0008421265355738704;-0.007689353238408525;-0.008475778182531393;-0.03268715292742302;-0.007951017366810687;-0.0021950071372272596;-0.0001822292219911055;-0.006109995605662636
Graben;-0.00021311026637156882;2.42061630961746e-07;-7.044677454774387e-06;1.0761566764054642e-07;-0.00010795601374530449;0.035088091727718686;1.9300793341268266e-07;1.0426042863463516e-06;1.8834546280347837e-07;-0.0005716544494848415;-3.55290905127167e-07;3.0487207872055867e-05;-3.3830542667229182e-06;-4.780547829846336e-08;2.0144078480889425e-07;1.0179017955657073e-06;0.005815581942775643;-0.0017739697524609996;-0.0008803968642982461;-0.0012900323915833582;-0.0009291192263380349;-9.569915399197925e-05;-0.00022336279688400256;-3.2499985004979765e-06;0.019419364373646407;0.04286074423376378;2.2577680928861545e-05;-0.00121329242331575;-0.07009178578330547;-0.003339975247321341;1.540975553393335e-05;0.49999999999999994;0.013604202298544374;0.010915261428082659;9.836286906493104e-07;-3.314274114640216e-05;-0.00020514060284198434;-3.5046742809682934e-05;1.6860212281486187e-05;1.1175952776552653e-05;0.07254498053822415;-5.990560647574984e-05;-0.0005000594277540693;-4.492598138598977e-06;-0.012238941077818732;0.01506391916547543;-0.05512022104821776;-1.6800461289312038e-07;-3.576302651468469e-05;-0.0004038864565934356;-4.327592701631356e-06;-0.00011730529718464945;-0.00016119520784891594;-5.2305218342608786e-05;-3.3885684082640712e-06;-3.804618829584831e-05;3.240962885811083e-05;-3.670708841586096e-05;9.15466800666098e-06;0.009187460326912164;-0.00017569299463051643;-6.222614425062126e-05;-4.5019222567625344e-05;-0.0015722414327878997;-0.00013307454184907625;-1.2879830578700539e-06;-0.1209711664935476;-0.016211578939553717;8.615080422844055e-06;-9.749678554811104e-06;-1.055988933295581e-05;-0.0007585154450172464;-7.551601836233234e-05;-0.028336486386479592;-0.03960599747296998;2.55939396756215e-07;-0.0001486047308569106;3.5135828537754215e-06;-9.686770508658247e-07;2.8290907019756136e-06;-7.539655216591926e-06;-0.0065436423127690916;-0.0007256840199636792;-0.18587177444276173;-0.0031929722654509187;-0.08374410787529242;-2.3739809993320024e-05;-2.1787975919692306e-06;-5.310925765220816e-07;-0.0007916514093249335;-0.0006341692925542094;-0.0003658723394036511;-2.6780527732497985e-05;1.488998774285759e-06;3.8570151614849044e-05;0.00012900411696340313;-1.2497148080720126e-08;-0.006983225258562753;-1.3013511819036491e-08;-0.0009872775031349534;-8.666956312700504e-08;7.625616837583473e-07;-1.3616669762393705e-06;-1.4099914541789272e-06;1.1416331735987335e-06;-5.335328482556263e-06;-5.756234203903003e-07;-3.5539963665907025e-06;-2.944593170390226e-07;-7.976612485949516e-05
Grat;-0.01879268531738247;2.8228164854566902e-05;-0.0006144956701941485;9.36545327106201e-06;-0.0008773510472682954;0.012652631673261073;1.9113198917434413e-06;-9.077323534791746e-05;-3.043676066238845e-05;-0.032812615978700166;-4.319261813831408e-05;-0.004611249164084851;-2.751435596378601e-05;-6.656583052350772e-05;-4.727358649190499e-05;2.4628448242525673e-05;-0.06806091112094965;-0.014247739602143164;-0.032674339958357876;-0.03598689782453559;-0.02431003129714856;-0.007248521620530917;-0.007587820741681834;8.83002805666986e-06;0.08527273077760149;0.025808750880467076;0.0003888212614326407;-0.009783265973046086;0.05725134615783328;-0.03332996439533069;3.6406657978323244e-05;0.11064554925541789;0.49999999999999994;0.006633195023382316;1.407538151344317e-05;-0.00017182604898413698;-0.00384587992361252;-0.0002849705438586212;0.0004218107072435551;6.502695767467522e-05;0.09879996845365933;-0.00048701551250207;-0.00427800062990437;-0.00013472967353909645;-0.11023979984533715;0.008519070218760857;-0.6049177534339485;-1.0774770690897603e-06;-0.002636354160658522;-0.020916874126389495;-3.519604311586367e-05;-0.004387952078148444;-0.009481551045848031;-0.001325040675929698;0.0003132228553421103;0.016536459672586306;-0.004421355116178462;-0.0010173740777983144;-9.708370286537265e-05;0.08752450381596283;-0.006191028491048183;-0.002636552481469377;-0.0015100135556948156;-0.004165511483015154;-0.0066551211901714775;-3.459886527412948e-05;-0.28730645450491593;-0.13128183995924736;0.0003340241120859651;-7.929046456683111e-05;-8.587910745670062e-05;-0.006135950135651035;-0.004671884599162133;-0.2125181541103359;-0.1902211512298459;-6.327208016800844e-05;-0.00790615307048262;-5.5443661943907054e-05;-0.00010052986486529915;2.789456851112762e-05;-6.131814349725237e-05;-0.07686525703688932;-0.009105582862251861;-0.3098480386575584;-0.025390745565940155;-0.22846567795567527;0.0011641591244999805;0.0007585725101989156;-7.168157711713467e-05;-0.008650021887886212;-0.005134591657334187;-0.02013815035063838;-0.0025225259468143572;-0.0028990409894395818;-0.03295943994949087;0.0019277967737036542;-3.9603473563987606e-08;0.12630107663575224;1.9532752483896115e-05;-0.02093313958156468;2.875141440775348e-06;0.00010054347129508582;-1.1074587381818787e-05;-0.0001018092106767538;-7.232263258968527e-07;-0.00044381959680299697;-0.00010530111710210071;-2.8904591585418724e-05;-2.394888264588759e-06;-0.009848792651714487
Grossregion;3.320509661583383e-07;3.1723319125551224e-09;6.012119916972634e-09;1.2690493884282314e-09;-3.447843651057663e-07;0.061861668284495255;5.245191657944968e-10;1.709847742837789e-09;1.0400254985802983e-10;1.0461004497255092e-06;3.400593083707027e-10;6.373815122400549e-07;4.778906235809739e-10;1.2269158513899044e-09;8.511491369178871e-10;3.927162723409838e-09;5.911564843642144e-05;4.2440222636805756e-07;1.0940861921426881e-06;1.2240031220454742e-06;7.081774309933707e-06;9.292469961324382e-08;-8.717934572473294e-07;1.0794560820712352e-07;0.0031123015142344216;0.09799188386709945;5.1031963809457297e-08;-1.4087942422317497e-06;0.0002132697494854871;4.742737603328062e-06;3.8181468119187916e-07;0.0007316978989518207;5.467132063151304e-05;0.49999999999999917;2.1977755153353057e-09;-6.380733018241261e-08;4.092687556257005e-07;-2.192421621554512e-09;5.1653626387888045e-08;2.4065630600958256e-08;0.007742849765803643;1.0415131847693087e-08;1.4170856246406831e-06;3.937678499248844e-08;0.00031634008437537314;0.11510026405495917;-0.0003014579739110902;4.323181624656782e-09;7.0605913872993365e-09;2.261464248897968e-06;6.212950978255628e-10;1.1443311863497975e-07;2.688640602069763e-07;2.0301749244081104e-07;-4.0437358556714303e-07;0.010392883913519904;1.1539378005193367e-07;4.626154935819812e-07;6.602191048404754e-07;9.140259374601877e-05;9.853983336740874e-08;-2.737567016065763e-07;6.924510153840034e-07;-8.424206752978032e-07;1.7418818643906163e-07;8.791526975127741e-09;0.0007606225860311649;-5.153917217423695e-05;4.219650380437258e-08;-2.1876041087535105e-08;1.611334391213309e-09;1.6574569139918233e-07;1.2262537470558737e-07;-5.0098907863041865e-05;0.0001198388678101985;1.1621208123165193e-09;2.1959220995158256e-07;2.0063445173213277e-08;1.447304760566046e-09;1.2641848726758587e-07;1.123799090971353e-09;4.018567073775616e-06;7.43045774755867e-07;-0.0073018125654095815;-8.259843496507477e-07;-0.000998257633396493;7.044814542412452e-07;8.595647688266229e-07;1.3280202453501339e-09;-1.3448462804531171e-07;-6.478161505877624e-08;6.000429586866744e-07;6.228893029503521e-08;7.254919156267138e-08;1.1051630926467789e-06;1.252456829130434e-06;1.8599873559843185e-09;0.005479351749387341;1.2157774372937371e-08;5.983476174597763e-06;1.6278491025280114e-09;2.066945037939882e-08;-2.3077745986968101e-10;1.014990810317329e-09;2.1479081887559914e-09;2.2079487494269963e-09;-9.383351861799084e-09;5.036573574431704e-10;3.588148132457059e-11;-2.2956053163825832e-07
Grotte, Hoehle;-0.9940441699673128;-0.5847024894142548;-0.8427234496784819;-0.37450249911707834;-0.8844233075626161;0.003318065686002134;0.11266488593921087;-0.4416845498303139;-0.20963915005800332;-0.9966289287358309;-0.2734734185999035;-0.994521915072882;-0.19340300710245964;-0.3671354691374982;-0.29177384912491366;-0.6319982640700013;0.043286350572542445;-0.9921231590327491;-0.9966142284952514;-0.9969354251611107;0.07584194929804562;0.24731856312610898;-0.9852133434516275;-0.9757681719771172;0.012017828923556833;0.009051561218424403;-0.9488625313074378;-0.988518571883959;-0.0667644583388011;-0.9991163559327007;-0.9913423660959366;0.06971518403102989;0.12265789237050893;0.0023237096144807052;0.4999999999999999;-0.9510035664594568;-0.9936402658464605;-0.7129771187439593;-0.9504018433698129;-0.9019810591756773;0.008810669457221039;-0.8093820155432183;0.21962230360717472;-0.9504485625378314;0.036350853809772425;0.003079363759411372;-0.030689723062826992;-0.6525265341813504;-0.9583937630259534;-0.9982353950447294;-0.23472608687308483;-0.9746236081531331;-0.9881539794235754;-0.9895789723605832;-0.9786784314436917;0.013867055208267007;-0.9748113196452486;-0.9927471249023778;-0.9946912737846739;0.09731417151997251;-0.9819125395753333;-0.9583967703630725;-0.9952367897895205;-0.9977879017333816;-0.9831603476836256;-0.7926995200391218;0.002136837434820762;-0.9998610989490601;-0.9405447246805217;-0.4086409968426912;-0.42806336387010496;-0.9817521501673212;-0.976135681814742;-0.02476736186904181;0.011723218348819953;-0.3554252111515566;-0.9858047475549254;-0.8861285706087176;-0.46699106574150334;-0.9767734050468567;-0.3482713576917919;-0.9995307004313079;-0.9971083616411883;-0.007161759025383989;-0.9956145819135405;-0.044650948301436545;-0.9949897660026643;-0.9959622251852173;-0.38450311690944994;-0.9969164652599689;-0.9782493291732415;-0.9944474588007923;-0.9565930421436102;-0.9620302124965101;-0.9966444031666782;0.1915889601089142;-0.46114420924350447;-0.011518177145784965;-0.8304967135266326;-0.9992415730043139;-0.5357047196894451;-0.8888681534818768;-0.08801475760596908;-0.4701403112758742;-0.4946470992472043;-0.7946324929721655;-0.4785496474975413;-0.20120917528578522;-0.02044330905053252;-0.9885948358081824
Haltestelle Bahn;-0.8958220004554988;-0.06763099340917897;-0.21633776769128107;-0.029923838148426772;-0.2827687650819479;0.0018062162995305204;-0.01330220305761096;-0.03916201666471023;-0.013481387050946567;0.04983803166232536;-0.019024106542839567;-0.9034130524861536;-0.01220272351754153;-0.029020699912244523;-0.020784285692475857;-0.08128822216058025;-0.025689916887412213;-0.8664756349184334;0.11279680035608985;-0.943694318387758;0.015587399696535569;0.07240352845178692;0.10401464895846196;0.16042675518729804;-0.09568257176092895;0.011473534949501341;-0.4887459407040454;0.09862318808056697;-0.19411112915796577;0.0015576549887168312;-0.8550595545396452;-0.12102272803743722;-0.07714479863728102;-0.0034757731230209594;-0.048996433540543144;0.5;0.22478810108216413;-0.11345929406757481;-0.496790273508622;-0.3216198611790739;0.006806189958308339;-0.17949529730058184;0.06692231808388206;-0.49703815248811783;0.06375583904902596;0.004453601230262867;0.030764716997339996;-0.08821664060422826;-0.5427052821304077;-0.9668272785668041;-0.015556700122278671;0.08184387421550735;-0.8112382640800845;0.13257324519650437;-0.702809735004903;-0.022538969311710986;-0.6659844849924941;-0.8758068669165058;-0.9061332534008286;-0.06933613540916253;-0.7366275150500495;0.1576088420774408;0.15373556457344834;0.15931693457820748;0.2168974393715176;0.04026325639457698;0.20875451492545394;0.30089678144669474;-0.44904365800139584;-0.034377968633578275;-0.03712877944298738;-0.7348793490308104;-0.6781857958745913;0.27787587788517193;0.22234852808640604;-0.027624303314085327;-0.7815599810673716;-0.2861864549366857;-0.04318989609205161;0.23243475372326033;-0.026794029960478014;0.1389616618069031;-0.9467110989021303;0.030392293253721198;0.02587612422150511;0.020085225578599108;-0.9109653733454197;-0.9270508149013956;-0.03118162171778992;0.14058475460498074;-0.6985388561711423;-0.9022220229003713;-0.5317044081221479;-0.5662297199358575;-0.9386584408664186;0.13989899777767492;-0.04222875917192598;-0.09305131711942576;-0.20155260905240518;-0.9854819054636258;-0.05610934674012288;-0.29182463656074126;-0.004947615648234588;-0.04371555777333508;-0.048008285391519114;-0.1662152474556744;-0.04514739490967129;-0.012811416800554481;-0.001074081468155742;0.09773857345370467
Haltestelle Bus;-0.003910416007272936;-0.008930779831706226;-0.033157857113358336;-0.0038174893457810334;-0.04669102199818512;0.00946291477515266;-0.0016720147961241886;0.0011015096505465139;0.00046514086174454666;0.07002914999680197;-0.0024034126656596803;-0.5374591553977438;-0.001532323328222512;-0.0036992681783032935;-0.002629907819887697;-0.010872466760017196;0.05549453841695867;-0.4463403579483106;0.043591684763432906;0.03852646522760576;0.04788276054111496;0.043312726936818986;0.04080755915652861;0.02126947870987449;-0.0908105489367413;0.014214450805341882;-0.10615404106003884;-0.01056489473171821;-0.9941627245992675;0.007718164784572853;-0.0040389153243168266;-0.09305883198789168;-0.21450668076728688;0.002769599006229624;-0.0063597341535394855;0.02792548824141007;0.5;-0.015650143871722158;-0.10924684038798975;-0.05562157094420298;-0.00519864705721732;-0.026457830182367786;0.08473888748388403;-0.10934336782255452;0.05326209641115422;0.005200097963042835;0.005471579008319179;0.0025784403685933746;-0.12848957857146112;-0.10259561352053743;-0.0019593069458740935;0.027062205880707395;-0.3480680636627737;0.020312095414918893;0.0007913383420800291;-0.0020807749317566368;-0.1985248913339497;-0.009036675584381364;0.018967329352909654;-0.2516856384349942;0.018438673248403738;0.01897364815677861;0.041133734804513204;0.1071796215262122;0.07780179421902432;-0.023890036481365704;0.2525611016121597;0.2073232838419818;0.01560782886877315;-0.0044033572812815225;-0.0047675411974514555;-0.0016651518708069764;0.014566284036400912;0.25121455358602574;0.2635782573086974;-0.0035168565259978677;-0.006070976809223275;-0.04744410055303453;-0.0055764174519403265;0.009589129310010044;-0.003408614283315503;0.20720940167303595;0.06500331631424511;0.014548815040362824;-0.048776915249598346;-0.008096550830530227;-0.5596794371963124;-0.6122136833370984;-0.003982454065742681;0.15704226799972523;0.000968375331484903;0.024249696374863856;0.0051696781489160345;0.013688454120869126;-0.6552903005320359;0.09623680119254123;0.0019205150491904016;-0.07397905363192515;-0.030406013766083016;-0.007611252005096488;-0.007330702129162296;0.00461739155879132;-0.0006173184901017228;-0.005646989535697763;-0.0062258432462317685;-0.024166843966303263;0.0017804544704514223;0.000524839910737076;-0.00013355907123560333;0.03422790864430178
Haltestelle Schiff;-0.9853350822544796;-0.36174937587772427;-0.6832495088705823;-0.19421733432667784;0.34301197204884143;-0.005144880059952045;-0.09530192735191276;-0.2415472170487452;-0.09647766636832382;0.16366718426181878;-0.13159170175341456;-0.9865019379964556;-0.08802951963055947;-0.1893233495473647;-0.14225668247877202;-0.40876131507556174;0.007928744143027985;-0.9806596701090831;-0.9916316465829758;-0.992421929729036;-0.9985884018411842;0.19798460015298497;-0.964058024244636;-0.9418965640207242;-0.04543070907895418;0.008183113708100024;-0.8819325044671465;-0.9719574562272434;-0.9999066571578965;-0.9978078650161384;-0.9787668764461176;-0.9999649532571904;-0.9997150294561414;-0.0009331759292268754;-0.2870228812560407;-0.8865407059324252;-0.9843498561282779;0.5;-0.8852428471465917;-0.787437074447771;-0.06903147938369995;-0.6309075721298536;0.14076177401570822;-0.8853435385822543;0.0748576187402257;0.003617779000741512;0.20321318016272993;-0.43052146913197376;-0.9026587075682947;-0.9956280947074475;-0.10990596579850176;-0.9392517159932069;-0.9710823503197801;0.17770534013481862;-0.9486607927185685;-0.013600049040701582;-0.9396848843085;-0.982175404315174;-0.9869159777787839;-0.9998138550073613;-0.9562444846189104;-0.9026653343430229;-0.9882510332072437;0.21448112069646605;-0.9591894694403631;-0.6062049441631466;0.14169105518415967;0.18272588979278803;-0.8642852322656164;0.16533563831486542;0.1631451999369964;-0.9558667155704277;-0.9427476430179224;0.15769124547853286;0.1103449943339834;-0.1816566839067379;-0.9654658935021551;-0.7580291659351784;-0.2607420226839862;-0.9442266117352703;-0.17703973305438048;-0.9988350511310851;0.23012038455104655;0.18910380511632127;0.1779732579004188;0.18971834871322868;-0.9876462196812358;-0.9900297386887016;-0.20095032510416852;-0.992375259318128;-0.9476598856450084;0.14677611756844103;-0.8987007334560431;-0.910712656810633;-0.991705857459911;0.21273073696118985;-0.25623606139224014;-0.11752310176542705;-0.6635744693777788;-0.9981181529801854;-0.31716632089988084;-0.7630264604357043;0.02655944790616367;-0.2631871714043473;-0.2826610854045107;-0.609019179256542;-0.2697795173262493;-0.0920680489982361;-0.008331611587661015;-0.972140624984434
Hauptgipfel;-0.8970141323147207;-0.06844509604546707;-0.21852237724610452;0.015077196322608599;-0.28537991370643817;0.010387804589124866;-0.013471776573762828;-0.039647998941725174;-0.013653213157580033;-0.9391301854616356;-0.019265197429717783;-0.9045275760321606;-0.012358456664212841;-0.02938468195781601;-0.021047204583797444;-0.08225221965718442;-0.9981607756653369;-0.8679540836457164;-0.9388801270025503;-0.9443726540008663;-0.9892130893480725;-0.7685448976887245;-0.7766416822602762;0.11062487672270772;0.05852760657530943;0.011358633768937582;-0.4919545047033445;-0.8179538107580228;0.08112698773005582;-0.9833350297727984;-0.856643494473501;0.062361635208994834;0.19182764190817045;0.0028500836509412915;-0.0495981566301871;-0.5032097264913781;-0.8907531596120103;-0.11475715285340819;0.5;-0.32442749048584935;0.037594034269177665;-0.18139398241502783;-0.9592870250521283;-0.5002478884059189;-0.9994741139206601;0.004378769118006914;-0.9985659168462043;-0.08925481983137683;-0.5458898477184121;-0.9672365984280284;-0.01575455457655118;-0.6671450872366513;0.06745215710214397;-0.8320914268626437;0.27471526921701567;0.014287015853809077;-0.6688344153506821;-0.8771966388528158;-0.9072196119615935;0.12230006074600461;-0.7391108137040532;-0.5459085441806963;-0.9159944635561759;-0.9592489099424957;-0.752893552032429;-0.1663587822713408;-0.9998110092414898;-0.997345070217421;-0.4522221270767714;-0.03480673373784193;-0.037590517322466536;-0.7373732541906562;-0.6809814890809466;-0.9983839299683703;-0.9989448998801355;-0.027971276066049995;-0.7837439951142309;-0.2888164547202073;-0.04372358790504794;0.081270277018837;-0.027130865107742496;-0.991083264300422;-0.947355117731974;-0.9997159797748132;-0.9221657942831588;-0.998901235898297;-0.9120012388374759;-0.9279143447000953;-0.031571825120821344;-0.9440467505869164;-0.7012356286772266;-0.9033488194923445;-0.5348999286005707;-0.5693804510400927;-0.9393935492561539;0.13662447520489332;-0.04275110500221356;0.09410609111479509;-0.2036267107527375;-0.9856644579330246;-0.05679320653319964;-0.294485074284863;-0.00501122765149698;-0.04425544467940086;-0.04859849322371368;-0.16800222035341197;-0.04570411985676685;-0.012974816153476953;-0.0010879454957962028;-0.8189555318379818
Haupthuegel;-0.9477464054297673;-0.13269645585866705;-0.3680015803498654;0.030025031720862093;-0.4540224285403844;0.0069819528640011515;-0.02764982429228751;-0.0791639511009048;-0.02801678663086693;-0.9698136805878008;-0.0392975171159396;-0.9517576778153016;-0.025394978868978787;-0.05930316318461691;-0.04285152716030441;-0.15727646165954773;-0.9991159114650626;-0.9319151807769671;-0.9696856037676004;-0.9724909135715442;-0.03952812769921463;-0.8736486201749414;-0.8786492031554521;-0.8139866114529611;0.01853756489019604;0.010770842257002667;-0.6684789660669443;-0.9034398898044982;-0.1841776622361826;0.020319647893355323;-0.9256137348894874;0.08607823151457164;0.06158023556798386;0.0027650841819372583;-0.09801894082432272;-0.6783801388209262;-0.9443784290557969;-0.212562925552229;-0.6755725095141507;0.5;0.01855389622805321;-0.31573692211720705;0.20964549398789306;-0.6757897947523956;0.0029583972721938063;0.004067818436776387;-0.9993108022421151;0.05476150444848219;-0.7145479108309488;-0.9839935800473749;-0.03225650413615125;-0.8067141606058267;-0.9006451677363349;-0.9116557334398582;0.16448259647703115;0.012779545412750459;-0.8078991039629704;0.08786571231098476;-0.9531868900919719;0.0476590511820211;-0.8550598477109494;-0.714563294228524;-0.9578164588198036;-0.9800067831750953;-0.8638454311741771;-0.2935596551956985;-0.06987923029399905;-0.0811002457109522;-0.6322315230927703;-0.06984848744216807;-0.07521644912820204;-0.8539419211443924;-0.8163459542820756;-0.10804084269450223;-0.11253136469865573;-0.05653449641350247;-0.8829965579550062;-0.4581876932056987;-0.08693384995593337;-0.8204683694173734;-0.05488434617622359;-0.9956980132323046;-0.9740073087991366;-0.162473252558406;-0.9610460618272678;-0.9994720433790933;-0.955715140176278;-0.9640350496985646;-0.06357132977088921;-0.9723249187071792;-0.8301495030415359;-0.9511305457325785;-0.7054371986341401;-0.733572112739697;-0.9699485350661308;-0.9803426355048569;-0.08508581328940618;0.009110683587511636;-0.3474467948340708;0.034230633061604315;0.03864038375047185;-0.46500700717748383;-0.010378850166370125;-0.08794298194414438;-0.09614206905308742;-0.29601349467518145;-0.09068604823323798;-0.026643975281442505;-0.002262821838809476;-0.9040264110811277
Haupttal;-3.3118862431003643e-07;1.743217530091341e-07;-3.642412319383995e-08;2.295454541923739e-08;-2.044613503580168e-05;0.07111242086364888;1.1739612168772678e-08;-2.113789959532949e-06;-2.7125137237592997e-08;-7.328956766025928e-06;6.073259608363866e-10;-9.924008668898122e-06;-3.228086341098011e-08;-1.8886184575807254e-08;4.832413757987875e-09;8.87484333844995e-08;0.0002380879040933536;-1.2014258733106182e-06;6.512326729048028e-05;3.3324293194151115e-05;3.410607779997608e-05;2.7874285798949566e-06;1.1437099075633093e-06;1.2496090156494596e-06;0.03538214119159279;0.07872583617577297;1.7026827647095012e-06;-1.4289470008286072e-06;0.011536875622078026;-6.282939309287835e-05;1.0048326378875934e-05;0.013738323728824829;0.0023005004132583004;0.02187406729675098;2.354176908318322e-08;3.529814881729225e-07;-2.170254878366537e-06;-4.5818032966063405e-07;1.9248232425167502e-06;4.561973128342149e-07;0.5;5.878475376743629e-07;-3.684238502139946e-05;-2.020874426505195e-07;0.008487271098347496;0.0291823627334092;-0.011174400855596024;-1.1366507371051534e-08;-1.1973225870586065e-06;-5.562567951888983e-05;5.817592986743024e-08;-2.043041238717318e-06;2.438074462200066e-05;1.6584805133067566e-06;-9.355582317008536e-06;-0.051867899507874064;-4.636976072373363e-06;6.643695456626356e-06;1.6978647224619177e-05;0.002781531884926587;-3.3602108241255844e-06;-1.4966514194424168e-06;1.185244904981808e-05;-2.8775090787967725e-05;-1.5592359902243027e-06;-1.58381552390796e-08;-0.0037615169237480393;0.0007300282379590159;1.6877304922850296e-06;-1.7845280445035202e-08;-2.1430260708419903e-07;-5.57838691537308e-06;-4.787102569096541e-06;0.00024902414183621663;6.0604724228415104e-05;-1.7126624026284304e-09;-1.768116587562825e-07;-2.5380467080563777e-07;1.0197967811897945e-08;-3.0130315122082424e-06;-1.4278432012886146e-06;-1.9867933429837447e-05;-2.0608390619993098e-05;-0.05297269713206285;-0.00022602642728022056;-0.018640109360063765;1.015952458391064e-05;1.5974609853818988e-05;-1.5383089851031864e-08;-6.243433028791405e-06;-1.0308681516498472e-05;-1.2172791811420455e-05;1.7436949930371577e-06;1.870064842104123e-06;-1.4392255722500215e-05;-1.2143621996794304e-05;5.99656369841037e-08;0.04265115237820245;1.0007639926857077e-07;-5.950310699399727e-05;-5.581001172237206e-08;4.56303596022518e-07;-1.2385080525054984e-08;1.7795014993924604e-09;4.641897511611791e-08;8.857250196656181e-08;-4.299605050162076e-08;1.935796530692604e-08;-1.455903990492442e-10;7.491101249801046e-06
Heliport;0.12237125812265194;-0.2490114226037728;-0.5578974900000336;-0.12358088609488548;-0.6431360841987113;0.007572391379322756;-0.05804912378969253;-0.1570520603223276;-0.05879514329522475;-0.9858410509192593;-0.08143030258948841;-0.9771459323398125;-0.053451490812036644;-0.12020131509953379;-0.08844394560086077;-0.2879829303053133;0.010066408773410116;-0.9673880414806028;-0.9857799791588254;-0.9871156967489791;0.07966209194622936;-0.937441053452893;-0.9400900660300775;-0.9046124354069909;0.022745536529651496;0.010102180562724826;-0.8137778030999042;-0.9530004333985412;-0.9998404551207449;-0.9962586951300099;-0.9642437424445235;-0.9999400943935242;-0.999512984487498;0.0025934245597279333;-0.19061798445678174;-0.8205047026994182;-0.9735421698176322;-0.36909242787014634;-0.8186060175849722;-0.6842630778827928;0.05181372781608064;0.5;-0.9906831949864854;-0.8187532070870099;0.08017794013651065;0.003995740080698941;-0.9996818680017087;-0.30664823960980997;-0.8443568028362671;-0.9925499944224581;-0.06736965371109593;-0.900449801882833;-0.951563228619291;-0.9571991804910507;-0.915326975580712;-0.013087879255332549;-0.9011305246189051;-0.9699119832209736;-0.9778405119139858;-0.9996818553523733;-0.9274581252760966;-0.8443667143407769;-0.9800829129630372;-0.9906741869346921;-0.9322032237587472;-0.4738427095104255;0.1504047231005743;-0.9994104787891509;-0.7883878720369281;-0.13996436861063766;-0.14985272164526958;-0.9268508370644147;-0.9059551108394682;-0.9996414458185522;0.14539830770701542;-0.11493689839366973;-0.9423806628290533;-0.6469803918409001;-0.17104662530391584;-0.9082920644957374;-0.11178405032864144;-0.9980103406126001;-0.9878360073656262;-0.9999370503620532;-0.9816404564199063;-0.9997563176852056;-0.9790665275175827;-0.9830770350095803;-0.12825486864653338;-0.9870367741570576;-0.9137352889332541;-0.9768408072028176;-0.8384524901772248;-0.8564675648956837;-0.9859053452618299;-0.9908325211438089;-0.16773900721064186;-0.07486664725413839;-0.5357270063215724;-0.9967875559443489;-0.21367109166205056;-0.6532219340449182;-0.022223757541131265;-0.17284730831736658;-0.18733628225991467;-0.4767864440051451;-0.17772261820782512;-0.05600109595487363;-0.004891055282940314;-0.9533014767351882
Historisches Areal;-0.26989336845896356;-0.0031086082427591376;-0.011728431579203072;0.00023185040023831002;-0.016666080340085244;0.01596956652942929;-0.0005792259321989004;-0.0017491006660324134;-0.0005871302299099995;0.03485364700035601;0.00016752387259950954;-0.02678461188521846;-0.0005307849239812164;-0.0012832180762081798;-0.0009116346856400905;-0.003789306637372554;-0.007302043714074478;-0.21812025873638946;-0.39465352642446716;-0.4187766080362596;0.04985363797437902;0.03167970246317138;0.002977273643176575;0.011399466459243114;-0.11499876633737838;0.01613177065253462;0.0013027989046336518;-0.16015193220580187;-0.9833155134862946;0.034117320948001746;-0.20230397292310856;-0.07849831657058087;-0.08256931852623922;0.003318464300611411;0.0004864284590186327;0.0028769425268623037;0.0293234801573404;0.0007744374345963381;-0.04071297494787165;0.004272828662177607;-0.03053937066649363;-0.009316805013514609;0.5;0.011457174164785353;0.06498358130090308;0.006309351364307909;0.05303791014735861;0.0010107224411185082;-0.04854200318619093;-0.5561342479035746;-0.0006788784916565078;0.005123957436937052;-0.15594317146142833;-0.17377284401948206;-0.09228148863395563;0.009166503038991946;-0.07894811707509708;-0.026117949929468233;-0.29328259977305243;-0.1243292314390619;0.02486796592674112;0.006104178273506367;-0.020639667448912293;0.17679518578323697;0.00908022475000543;0.0016004195980050748;0.2183297290100769;0.16656682758225133;8.473128620621537e-05;-0.0015281608728535017;0.00034327467928950206;-0.1064731939528487;-0.08306923926151956;0.21051716245917895;0.14869779065287836;-0.0012197964755733706;-0.13330770560350189;-0.016943494344914004;0.000559677227888289;-0.08520670768947954;-0.0011821695562211287;0.19325283369662022;0.06616069497899653;-0.0032418095011091485;0.049960066777775355;0.0257720647851178;-0.023455547118602194;-0.3533013304118465;-0.0013817073163330878;0.16110203525429379;-0.09058979172418394;0.015716449520207645;-0.04653862069814095;-0.05313505289464322;-0.06080474201693746;0.04881370976833677;-0.0018918397430372166;-0.11843825182958594;-0.010735316028146525;0.12059092941356682;0.0009182207870947464;-0.017406648938558106;-0.00021370633605802874;0.000302351432508557;-0.0021632302156281338;0.0006525218426901239;-0.0020284985806436487;-0.0005575900570149271;-4.622150452419298e-05;0.03083659090911306
Huegel;-0.8969224967370194;-0.0683819012662977;-0.21835309653511198;-0.030269674976111643;-0.2851777410506416;0.016043709210109745;-0.013458604894991186;-0.039610261736789096;-0.013639866536597467;-0.9390734789245967;-0.01924647189235634;-0.90444191363926;-0.012346359882217377;0.010099090939821443;-0.021026784092870263;-0.08217740144616756;-0.9981589544303525;-0.8678404004139285;-0.9388232026853283;-0.9443205418078691;-0.044272941630284016;0.07337266254012179;-0.7764696308737347;-0.6773533432553142;-0.08888234665575694;0.011493221239822415;-0.4917066824576981;-0.8178061165313248;-0.9992796859150782;0.041980767660935274;-0.8565216832401787;-0.01660050892981555;-0.06121054123431201;0.0021705331241521244;-0.0495514374621686;-0.5029618475118822;-0.8906566321774456;-0.1146564614177456;-0.49975211159408106;-0.3242102052476044;-0.003943090823551554;-0.18124679291299015;0.26968862009141714;0.5;0.06314222088291598;0.0044804370994852;-0.18723558294860596;-0.08917425084060612;-0.5456440362186026;0.016645959568028047;-0.01573918657944577;-0.6669248638420948;-0.8130457986875259;-0.8319528460335177;0.11007232108784777;0.011666748948307564;-0.6686147544670359;-0.8770897860595163;0.03556585706724235;-0.12197018966491845;-0.7389195710244476;-0.5456627343782158;0.06623247042639667;0.09224389455569484;-0.7527090323162101;-0.16622131558402242;-0.003389864635368476;-0.0428851365413575;-0.45197651375100295;-0.034773437629029465;-0.03755466186053099;-0.7371811907208454;-0.6807660396562651;-0.02345118286379393;-0.03975534050996654;-0.027944329441959178;-0.7835758900438649;-0.2886128307472781;0.014119749145583864;-0.6867640334154044;-0.027104705532305474;-0.05500003123267442;0.007019998148048423;-0.14436246256413615;0.02587088342668031;-0.20089219977509745;-0.9119216291998014;-0.9278479922054453;-0.03154152239893337;-0.9439943511909424;-0.7010278525481737;-0.903262212575623;-0.5346532393752215;-0.5691373188971472;0.013069903828852232;0.027663377520635284;-0.04271054559813112;-0.007417487987638103;-0.20346596480638415;0.03259270799340645;0.025235269833523977;-0.2942791074909576;-0.005006286076218085;-0.044213523978404584;-0.04855266758747166;-0.1678636691024372;-0.04566089246647985;-0.012962123980642537;-0.0010868684459400101;0.06509036662333875
Huegelzug;8.825699815795964e-05;-3.865780721670269e-05;1.3018355375985828e-06;-3.4677062213626024e-07;1.1052263645166044e-05;0.04646382719864805;1.7691709557100346e-07;-2.1722085455302305e-05;-1.013664803999166e-07;0.0004275065943747845;5.976427819475013e-07;0.0004338032364197049;-5.475696095146466e-08;5.206391083259233e-07;-4.3464627695054515e-09;-4.715458517924321e-05;0.004280153718337675;-0.00010942028835788251;-0.008017735687446367;-0.008853460541156452;0.003500102864949326;0.00012955621935958368;0.00015461000369739844;3.641295474974679e-05;-0.08268841324522276;0.029002003291526916;-7.361262915072989e-05;-0.0023585321722607066;-0.4221860758565885;0.001879505118223602;-0.00035709290511738966;-0.023818720287362306;-0.026378623473257645;0.00918398446380596;9.981435532637366e-07;3.397942555121799e-05;0.00022850034860081667;5.105913706555813e-06;-0.0005258860793398522;7.475191036498284e-07;0.0872200392177676;9.34809165044862e-06;0.0008056371765451711;3.3256045351714376e-05;0.5;0.012880518945212418;0.05805050808872163;-1.2728382699675136e-06;-1.7492919739283433e-05;-0.00016642899351618516;-1.8188793998095488e-07;5.052832608816537e-05;-0.002285266834204751;-0.00012047792373137427;-8.876889119762846e-05;-0.0795390994282595;0.00010298138470822945;-0.00037004571042130777;-0.0009332227096040162;-0.268127195234707;1.5087234579875735e-05;-0.0006321527890328494;0.0003110977564222925;0.000246104464839687;6.614932529111969e-05;4.087853456363692e-06;0.11191250398998397;0.02544258974005605;-4.099117508350553e-05;-1.8974086299987855e-05;1.7881695705811241e-06;-0.001475120312364065;-5.813909034145776e-05;0.02804540708987626;0.046778340053471826;-1.514072702632892e-05;1.5118271874512224e-05;-9.990857023507128e-06;-1.8495342012670613e-06;1.6260411537460916e-05;-1.4673136871056569e-05;0.005503299752609298;0.0007986849181655573;0.0015846698660973;-0.0011020892670152887;0.017259585805630043;-0.005423469486835642;-0.0006693283080362166;-1.7153191936138464e-05;0.0009645065596066827;-0.0012334435679965032;0.0002657793540167862;-1.1730986463477269e-05;-0.0006952274260211935;-0.00048630015716729063;-0.00034039835130432027;1.5074357540256546e-06;-0.19556977602032521;-0.00013451780154110987;-0.005603086994038516;3.2602494846499746e-06;-2.862554313267309e-05;2.108053915899502e-07;-5.038211634211325e-07;-2.6876172596848687e-05;2.5601454671389225e-08;-1.6058401500333184e-07;-7.211351966965244e-08;-5.730595571922391e-07;0.0005189161215645616
Kanton;9.099463133381798e-07;4.973809491917189e-09;2.0998727822724227e-08;1.989706674143228e-09;-1.4735812903553328e-07;0.11745260411732944;8.223787823207466e-10;2.6808219489376594e-09;8.343500862146096e-10;1.7237976765073356e-06;7.598918094046357e-10;7.555397604590059e-07;7.492712085194386e-10;1.9236466926660478e-09;1.3344926833665134e-09;5.656567189313177e-09;9.881398253398903e-05;6.65406867427472e-07;1.715378426344942e-06;1.919069522778209e-06;1.2212441420473312e-05;3.126155883706991e-07;3.289145994989739e-07;1.7783913334121061e-07;0.004761056195286929;0.17777409931302024;6.751692978284809e-08;4.3654582974433924e-07;0.0003304524954892114;7.87302767000459e-06;5.986353125371209e-07;0.0010275963148829515;7.145224717885748e-05;0.11712867095201436;2.963803220541652e-09;8.319886015583535e-08;7.819700453825904e-07;8.64946961930616e-09;8.07573672175107e-08;3.602776690004514e-08;0.010511837429011888;1.6329589910818346e-08;2.741767042336068e-06;8.271439861350968e-08;0.00045148501654699864;0.5;0.00013254892735246307;6.274864906568342e-09;1.0249903903067139e-07;2.8165565906336536e-06;9.741110314892877e-10;1.118676809326503e-07;4.215437803373328e-07;4.636206564819111e-07;2.1299139407363303e-07;0.01475672651219286;1.809225319442493e-07;7.030364623023968e-07;1.035135655524157e-06;0.00014260721173757536;2.62452759829989e-07;1.0250748785691745e-07;1.1689882785601475e-06;2.772167096440263e-06;2.8434510259708035e-07;1.3519280898561422e-08;0.0017539038094249837;6.482896712504607e-05;5.958922636044966e-08;2.3194819231908043e-09;2.5263656510986978e-09;2.598677553187943e-07;1.9226073058451889e-07;0.00012353350077408789;0.0001972831074296366;1.8220563827814079e-09;3.442920254805418e-07;3.1456904949443477e-08;2.990592242495662e-09;1.9820783678539355e-07;1.7619728392678046e-09;1.5707837030583944e-05;2.0488577529578893e-06;-0.005527871108106598;-7.110604539832551e-06;0.00019022476156899064;1.0998681319102012e-06;1.3071985034390815e-06;2.08216541335643e-09;1.9057847736375202e-06;2.133867159976902e-07;9.843220217573887e-07;9.084922913866087e-08;1.1374778038837717e-07;1.7327454239509062e-06;2.5887847476414626e-06;2.916221601707013e-09;0.008658183592646274;1.9061829507211892e-08;9.381117546025646e-06;3.53094422656355e-09;3.184139392952936e-08;-1.3538568259321548e-10;3.031385892387508e-09;3.3676445302359924e-09;1.3722345045879784e-08;2.617719381856704e-10;3.4844704274917196e-10;5.6257561138503195e-11;3.802590381242228e-07
Kantonsgebiet;0.0010250021722233646;-0.00010550806359100926;1.258584689666567e-05;-1.5675736783476292e-07;0.00016411065699843176;-0.10788883931651846;-1.961121204859633e-05;-5.928743671365747e-05;7.875510404847176e-07;0.0037352292171032742;5.785137870401763e-07;-0.0016427256686648262;2.553261819496072e-06;2.592584191846024e-06;-3.087570322648563e-05;-0.0001286962770542654;-0.0733408451351491;-0.0005188965801933646;-0.021584822420980664;-0.02380077596700974;-0.007004853391200513;7.975971296703896e-05;-0.004968815292736685;-0.0001768945925338619;-0.22029050339509584;-0.20996596567604028;-0.0013887254589152688;-0.006411378150802371;-0.666033605057148;-0.007358323644953447;-0.008508816685975704;-0.2927945591685953;-0.3950822465660515;-0.02388807541533374;-2.300111190082368e-06;4.4753444054292424e-05;6.40705949135178e-05;3.7832653811173115e-05;-0.0014340831537957414;-0.0006891977578849495;-0.3134367539350467;-0.0003181319982913821;0.0017947325161756025;-0.00026916377404149263;0.15844680873938807;0.0103215211692741;0.5;-0.0001407250045253914;-0.0017234245785013997;-0.04067316107064314;-2.298742511088929e-05;-0.00010728688853121126;-0.006212999436134564;-0.00020569231224284686;-0.0002371362124111027;-0.21662965678021598;-0.0028920990799905875;-0.001658824588612439;-0.013848334766270969;-0.49999005671430674;-0.0004696272430137143;-0.001723554342493049;-0.00031689587946797293;0.004244286558912308;0.00036237225816606325;-1.9306009007373197e-05;0.010100590253405178;-0.019085973222069223;-0.001184214341169419;-5.178739808987927e-05;-5.6090801266732624e-05;-0.004016043119263422;-0.0030562415627510553;0.0077172017835825295;0.0006491193841989797;3.9981397683207395e-08;-0.00059351720284132;-0.0005828873227037835;-6.56600830684053e-05;-0.0031419369621719876;-4.004879183553203e-05;-0.0034150744892350194;0.006047446341961277;0.5200291614377075;0.005140894172172309;0.3478202950406453;-0.01466560915632316;-0.018151031954609136;-4.681764184327206e-05;0.002590548684591579;-0.003359474174974738;0.0024350642618915087;-0.001648948185562458;-0.0018953197930001867;-0.00033640011783278;0.0018981680862168084;-6.413457368865162e-05;-0.5689054437935559;-0.0003670761837862041;-0.08987023748857012;6.954324241865987e-06;-0.0005990932363995896;1.1617611046938775e-06;-6.649570459312711e-05;2.244067409303746e-06;-1.362025135246826e-05;7.504757397316768e-07;-1.887827794031085e-05;-1.5641442435945562e-06;-5.7823304654940305e-05
Kapelle;-0.9888736188275464;-0.42847997871897203;-0.7404809173662665;-0.24174938680640648;-0.8029504823246698;0.004555837132517771;-0.12230005000798277;-0.2964017588836586;-0.12376329965605302;0.13752098218875633;-0.16697297073395284;-0.9897618463706326;-0.11322527860515087;-0.23600847489562857;-0.1799113888951635;-0.4776737294365531;-0.014248501199939933;-0.9853095295735141;-0.9936606434124031;-0.9942604230097476;0.04346382367122362;-0.9713318325073175;-0.9725877290037744;0.2325099879164569;-0.014838544395391133;0.009481282307512587;-0.9080941151555242;-0.978653986590747;-0.9999294319089292;-0.9983418755786989;-0.983864319279988;-0.006340753444041202;-0.0049999634383534565;0.0024340274697069553;-0.34747346581864963;-0.9117833593957717;0.21452147880499922;-0.5694785308680262;-0.9107451801686232;0.2683405175631548;-0.0022652718104914263;-0.6933517603901901;0.24300367679351567;-0.9108257491593938;-0.02468415723692538;0.0034716783297028854;-0.9998592749954746;0.5;-0.9246202985049294;-0.9966913430094689;-0.14039922694273174;-0.953383761642269;-0.977983121357344;-0.9806075862527796;-0.9606955743615674;0.010794761656390697;-0.9537211258890574;-0.9864658758052274;-0.9900768975006303;0.02348291911992669;-0.9665641773245864;-0.9246255550287955;0.15613910345198376;0.11620329768977011;-0.9688372257373562;0.31939872811926906;0.1092916835275133;0.005749477981057804;0.2625783126387831;-0.26899062239370747;-0.28497409788525224;-0.9662723621978343;-0.9561044289884361;0.017490322955533648;0.12708232306360503;-0.22698061548835388;-0.9736706094707933;-0.8055935955076028;-0.31812725822385146;-0.9572540038960583;-0.22152354892976076;-0.9991190570381712;-0.9945834919133166;-0.007085319613565381;0.15047535404305576;-0.004988341625188811;-0.9906323975161315;-0.9924441757822897;-0.24961971867409566;-0.9942250092825614;-0.9599193838697724;-0.9896233678967814;-0.9214776200352545;-0.9309960688914994;-0.9937169750740493;0.11418901203734035;-0.3130495516280396;-0.009207436474418323;-0.7229191715518568;-0.9985766842980306;-0.38057670809500005;-0.8098549743569852;-0.048879493986330326;-0.3208769651912159;-0.3426344952479899;-0.6732486284391285;-0.3282705353935694;-0.11826980877155814;-0.010991203345856753;-0.9787943691449943
Kehrichtverbrennungsareal;0.30058583351177565;-0.057600358548331745;-0.18871591248581115;-0.025333752744126737;-0.24936400444864218;-0.0042973672201240985;-0.011232226540304502;-0.033203368829253406;-0.01138384912988274;-0.9277171033261952;-0.016078244699263555;0.17649790193002565;-0.010302052363979214;-0.024565640765808115;-0.017570744044609374;-0.06938275993271047;0.0019184130341774464;-0.8453925411948423;-0.927423782295602;-0.9338733210140792;0.01474313466767249;-0.7341996741504964;-0.743096308526749;-0.6361168368699046;-0.0179935356797958;0.011688617794923433;-0.44614419265310246;-0.7889267104757086;-0.9991350873704761;-0.9800341390474514;-0.8325223068980594;-0.11003856407995523;-0.9973636458393415;0.0003240813671807138;-0.04160623697404659;-0.4572947178695923;-0.8715104214285389;-0.09734129243170528;-0.4541101522815879;-0.28545208916905124;-0.019453396914077183;-0.1556431971637329;-0.951457996813809;-0.4543559637813974;-0.027656573539124023;0.004623234070679649;-0.9982765754214986;-0.07537970149507058;0.5;-0.9608739081042895;-0.013140570010037078;-0.6250932312510364;-0.7836114907476162;0.11946592460817454;-0.6658501982922435;-0.010429885522291779;-0.6268766190041694;-0.8559522046348111;-0.8905207970215255;-0.9982765069922646;-0.7020909468715868;-0.5000188553553153;0.12649842561919997;-0.9514129234716695;-0.7170808096178108;-0.142371188252101;0.1890997980838701;0.27896668003675495;-0.4071466107550571;-0.029125167043039312;-0.03146936397153443;-0.7002068367724861;0.1444902053631224;0.2460616081061236;0.17874824036646642;-0.023378448100679197;-0.7509231999535181;-0.2525200968780737;-0.03664176271477558;-0.6461018749502482;-0.022672812212254184;0.0035587726860307057;-0.937381381401447;-0.9996585963620729;-0.907883887070944;-0.9986794591659877;-0.8960644359904725;-0.9145895512049007;-0.02640385338779649;-0.9334902374136053;-0.6613041446609371;-0.8860408426571469;-0.48893922322742245;-0.5237936254523425;-0.9280260633147557;-0.9522056791007742;-0.03582089082453681;-0.16456873192250032;-0.17539600232104935;0.19447441063633597;-0.04770011175934629;-0.2577344975218873;-0.004172212182763112;-0.037090816908631585;-0.04076074438404038;-0.14381853762242772;-0.03831436428090932;-0.01081697504496996;-0.0009051963172974669;-0.7900471571533686
Kiesabbauareal;-0.03040062381343478;-0.0024826220879378934;-0.00938299344822536;-0.0010572659927562218;-0.013346552065124525;0.012936942809843512;-0.00046234991114027415;-0.001396497543958411;-0.00046866003013003706;-0.34323423117165575;-0.0006649504135514394;0.07311501758997127;-0.0004236791702622222;-0.0010244363551306858;-0.0007277341737828211;-0.003026663164825025;-0.06187913590377242;-0.18210627677168842;-0.3422507086923958;-0.3651025730121988;0.02506026433188891;0.003740332941227897;-0.10537028360991939;0.0018996785731771936;-0.0015323464380872867;0.01662485886307899;-0.03175866368156793;0.00610514704694035;-0.9791832965944887;-0.04011364028848076;-0.1683391844063207;-0.05060227124512311;-0.3222156536783397;0.004226713200663367;-0.0017646049552706364;-0.033172721433195926;-0.028335673715561387;-0.004371905292552537;-0.03276340157197154;-0.016006419952625226;-0.03680100440119748;-0.0074500055775418355;-0.4438657520964254;0.0005644113330578207;-0.01071433266051402;0.005173025745862533;-0.9593268389293568;-0.003308656990531172;-0.039126091895710424;0.5;-0.0005419055122918503;-0.06357612621126688;-0.12850797706281664;-0.1437350281699507;-0.0006436610793863562;0.02619171389220443;-0.06403111845332037;-0.0045391318285958075;-0.2488076226910292;-0.9593252869985125;-0.08756152779082972;0.0023718695023454256;-0.0034516775304856717;-0.44362496753238484;-0.09355113738257467;-0.0067142425426663585;-0.01632550927833401;-0.12808599577563132;-0.027203548896398765;-0.0012200428107592438;-0.0013212970380523498;-0.08684579876173368;0.0025742829887373296;-0.03490683986279714;-0.11668879283040058;-0.0009737922772834044;-0.10933892219811796;-0.013569473596571258;-0.0015463810117654136;-0.06919600898410118;-0.0009437466503582605;-0.7901347053480953;-0.026683789067525828;-0.3143061437622071;-0.2863889895511712;-0.9685481031593618;-0.25983766950560866;-0.30363519732193534;-0.001103085581437034;-0.3636696669701758;-0.07364902399990234;-0.24046521044340724;-0.037496000007962084;-0.04286834847618261;-0.3442756449714625;-0.00963470391213293;-0.0015105052346767174;-0.14381260253002423;-0.008586754406273303;-0.15059452107414628;-0.0020354519135245895;-0.013941706502895862;-0.0001705721530192522;-0.001566031481056295;-0.001727286718244909;-0.006793423738837361;-0.0016196627123962512;-0.00044507777165250404;-3.6890974402917756e-05;-0.13286697619135587
Kleinbahn;-0.9981656437661979;-0.8211153737523228;-0.9458562321143756;-0.66124912869675;-0.9614622146739775;0.012859395980837853;-0.46037097958687906;-0.7206093905323167;-0.463741928229163;-0.9989635972503675;-0.5510079204399869;-0.998313347050036;-0.4387507931788102;-0.6541404005223836;-0.5732271430550737;-0.8484651746574366;-0.9999705066495621;-0.9975707364160261;-0.998959067172416;-0.9990580271920938;-0.9998254844442517;0.6383417180139929;-0.9954176370878748;-0.9924405796877953;-0.9999985099725283;0.008342451061467613;-0.9837385204981711;-0.996450141023171;-0.9999884733811898;-0.999728801083135;-0.9973284812797647;-0.9999956724072983;-0.999964803956884;0.0021416672798953177;-0.7652739131269151;-0.9844432998777213;-0.9980406930541259;-0.8900940342014984;-0.9842454454234487;-0.9677434958638488;0.07098534496343892;-0.9326303462889041;-0.9993211215083435;-0.9842608134205542;-0.02159638518188409;0.0032997089965829613;-0.999977012574889;-0.8596007730572683;-0.9868594299899629;-0.9994580944877081;0.5;-0.9920771245277399;-0.9963364819051785;-0.9967803844089549;-0.9933620929538585;0.05602856431543961;-0.992136772378947;-0.9977641436225789;-0.998365683691267;-0.9999770116606098;-0.9943817329979555;-0.9868604080111544;-0.9985341797693771;-0.9993204593987975;-0.9947739014125077;-0.9257447096320017;0.15756845922210566;-0.9999573919357054;-0.9809797837843865;-0.6925841399564471;-0.7093146066821232;-0.9943312750361355;-0.9925571576934339;-0.9999740907967645;-0.9999830937412593;-0.6425705400511312;-0.9956027339278055;-0.9620795514036066;-0.7406954917005495;-0.9927593069581545;-0.6353338280317775;-0.9998560088078113;-0.9991112902698552;-0.9999954524930275;-0.9986507952660533;-0.999982393339901;-0.9984578962220565;-0.9987580504044106;-0.6706964307738486;-0.9990521869129003;-0.9932264580234073;-0.9982903340477233;-0.9862730594809916;-0.9880389863417973;-0.9989683658055306;-0.9993320956488342;-0.736154712848982;-0.9999989948266038;-0.941086580010593;-0.9997672516317008;-0.7899919617325698;-0.9630680197164093;-0.23933938356255027;-0.7431171445814219;-0.7614057814544815;-0.9265520494403263;-0.7495024550110443;-0.4509236432164395;-0.06370724602706308;-0.9964739084372202
Klosterareal;-0.8129325657626127;-0.03536169415709348;-0.12243197112482739;-0.015349846576271095;-0.16614057339466165;-0.0014409193933224455;-0.006767077383088238;-0.020182305898763;-0.006858843525796564;-0.8850264947950007;-0.009705566593742918;-0.825386167397406;-0.006204355263834266;-0.014879822381120135;-0.010612888446198917;-0.04280168705665204;-0.005514270184843186;-0.7663273554140146;-0.884581489637129;-0.8944047559731086;0.05553834747598652;0.09844614179292184;-0.6343445939409548;-0.5118292887750348;-0.1618717668027986;0.01227109545324973;-0.32574673623688644;-0.6915220304618863;-0.9985587372612188;-0.9671480382983145;-0.7488308335306644;-0.21647450697158613;-0.9956120479218514;0.0031502368170763895;-0.025376391846866932;0.0413615495742809;0.11008961652845253;-0.06074828400679321;-0.3328549127633487;-0.1932858393941733;-0.019908561942726354;-0.09955019811716694;0.06023597231001136;-0.3330751361579052;0.04791256989146122;0.003026280702681552;-0.03727208893867661;-0.04661623835773093;-0.3749067687489635;-0.9364238737887332;-0.007922875472260206;0.5;-0.6847341638581411;-0.7120214116960841;-0.5444453511204613;-0.025235643150511734;-0.5019042823054026;-0.7808875265326618;0.06856816377474867;-0.9971296700083906;-0.5856596958668163;-0.374924444052769;-0.8447267543068633;0.013614810723582782;-0.6031969739961404;-0.09054840816617656;0.2266837029560588;0.2120439695428109;-0.2917298844021736;-0.01767417809772046;-0.019114865255412138;-0.5834760788723585;-0.5157410834420115;0.19582700313552623;0.20120372204712503;-0.014153927620549045;-0.6438969791789634;-0.16847976048739216;0.0074918012148093936;-0.5226656236961393;-0.01372280484792307;0.260187865568045;-0.8997819494120783;-0.026784735637713827;0.19681193901234495;0.039556141069804984;-0.8379451470582185;-0.865271712608323;-0.01600515102363819;-0.8938190211846596;-0.5393901827706216;-0.823421037386726;-0.36459539057816187;-0.3974798211469037;-0.8854954059917702;0.10645270570989501;-0.02179648038376655;-0.11690513698244924;-0.11313806686920212;-0.9716749078334824;-0.029165495011370363;-0.172358931642753;-0.0025065172522602043;-0.022580855748551905;-0.024852158359504682;-0.09152514862087223;-0.023337351052330528;-0.0065158130773485395;-0.000543098539218551;-0.6929583006790355
Kommunanz;-0.6667594033398521;-0.01659795492684012;-0.06035754848779109;-0.007126412510297268;-0.08402728180921525;0.02046170003261197;-0.0031271213210838245;-0.009394660384075658;-0.0031696847220418433;-0.7799373635042091;-0.004492169660163043;-0.6851755756707145;-0.0028662094020721193;-0.006906430032951367;-0.004914537420019433;-0.020172671896054335;0.054171345981453685;-0.6015850280983152;-0.7791870936659072;-0.7959109051567268;-0.9546814388025948;-0.4327101546923569;-0.4440568317798583;-0.3255704193671951;-0.26297263719771563;0.00037087202287028814;0.015402649180756678;-0.5079068674239593;-0.9968749618966406;-0.9312931780942616;-0.5785373497565965;-0.136960765790153;-0.9905184489541521;0.0034078395249494057;-0.011846020576424485;-0.18876173591991557;-0.6519319363372262;-0.028917649680219912;0.015494780764917188;-0.09935483226366504;0.10938672934914502;-0.04843677138070908;-0.8440568285385717;-0.18695420131247406;-0.9977147331657953;0.005250518261672276;-0.9937870005638655;-0.02201687864265609;-0.2163885092523839;-0.8714920229371833;-0.0036635180948214486;-0.31526583614185894;0.5;-0.5323565633249812;-0.35494732388722944;0.09419626684372587;-0.31691248795362176;0.04349459009540712;-0.6919462393888723;-0.9937867549838263;-0.3942306393566653;-0.21640129832321553;-0.7146777081418103;-0.8439283871539274;-0.411731830215998;-0.0438319096760659;-0.9991778030941976;-0.9885444954216859;-0.159411719660184;-0.008215910836036695;-0.008892599251318228;-0.39208535849882625;-0.32901811583384377;-0.9930028129992188;-0.9954231122040663;-0.006566914975422628;-0.4543039163601146;-0.08532865488655347;-0.010394036692440739;-0.3351708249655213;-0.006365397319735262;-0.9623104159109633;-0.8052113498128884;-0.9987647744757515;-0.7313000891607598;-0.9952343987955513;-0.7042050898009065;-0.7472821240350898;-0.007433298393059103;-0.7949041088599377;-0.35029868521108054;-0.6822399797974158;-0.20897941614810758;-0.2329744248816406;-0.7807286850063598;-0.8461913650207763;-0.0101549844870087;0.1344615737313248;-0.05547787157972728;-0.9404565279513513;-0.01364310269576554;-0.08749475956055092;-0.001155615551399178;-0.010524932630941902;-0.011597975544530367;-0.044329284864629254;-0.01088203166614664;-0.003010600384338979;-0.0002501271501483989;-0.5095917692812977
Kraftwerkareal;0.10249163428544829;-0.01460978914381563;-0.053412389716992324;-0.00626555539784836;-0.07457467780722503;0.008402612594002648;-0.0027480338749324576;-0.00826208329113884;-0.002785451915552719;0.03999176603646819;-0.00394825868762436;-0.656571495775535;-0.002518671270329917;-0.006071983874676592;-0.004319708154140234;-0.017764047826867795;0.12848550282642615;-0.5701507912119119;-0.7560839017719955;-0.7740500874069166;0.03348529091799277;-0.40121392645016474;-0.41233500811383794;0.010594708954090698;-0.06658241213269658;0.012846537576595728;-0.16345980408624425;-0.4755252577190847;-0.996444052686692;-0.9225220759624793;-0.5466550251948531;-0.03903923502509716;-0.12159749339224375;0.0022604352586335337;-0.010421027639416654;0.02709777631905842;0.03341989167242129;0.004648572844540462;-0.16790857313735627;-0.08834426656014176;0.0065364248956490964;-0.04280081950894935;-0.8262271559805179;-0.16804715396648232;-0.04620502119274006;0.005072645299449882;-0.028901626765548465;-0.019392413747220505;0.028979419290367934;-0.8562649718300492;-0.0032196155910450834;-0.2879785883039159;-0.4676434366750188;0.5;0.05364224159107685;-0.0058932270845128785;-0.28954298368745773;0.004519971536333895;0.06195824310286495;-0.9929330339537872;-0.36373939273155104;-0.1952313057019093;-0.6875317002495536;0.021997485282898625;-0.38073774495158624;-0.03870996831587839;0.17881133854079076;0.12459871689962398;-0.14280087423124882;-0.007224402015748777;-0.007820070534002846;-0.36166097464299185;-0.30106391743053734;0.1394911185758584;0.1386800506342721;-0.005773251110850436;-0.4224062635674153;-0.07574175920415858;-0.009142091270249559;-0.3069330028593832;-0.005595951275022979;-0.042436037175787956;-0.061642220068231765;-0.037131061971132216;-0.7050829513993232;-0.10897327659747806;-0.6765136951243242;-0.7220316386367774;-0.00653561407040662;0.041726668178028906;-0.32140249853556685;0.049309191820426965;0.08738550286602216;0.09302500813617842;-0.7577366375270306;0.13378432087421957;-0.00893157265610891;-0.06415413846929809;-0.04906488328476595;-0.011268399786852889;-0.01200455963439353;-0.07768516616641818;-0.0010152818458384393;-0.009257368484799444;-0.01020251260708453;0.022013907616950316;0.0022478720443668792;0.0009338555098070552;-0.00021972843916321567;-0.47720691000443927
Landesgrenzstein;-0.7843040710654837;0.012121809019578557;-0.10453222604414066;-0.012875971267352739;-0.14289106519140574;0.005405859044454483;-0.005668490553629693;-0.01694300324887237;0.0019617815504680653;0.06052654573230785;-0.00813384359186632;-0.7981904193109343;-0.005196644395347499;-0.012480738871637555;-0.008895553263509862;-0.03606555753623937;0.10975709843256012;-0.7329098309154142;0.12724331157500188;-0.8763481188146781;-0.043429520453072516;0.10847347955030373;0.02755256334538387;0.05385966726450595;-0.025001039898486985;0.012142840583334872;0.09836761378738074;0.08596820303472275;-0.15830106122929852;-0.9609878348984938;-0.7138454703491175;-0.0052322872890238235;0.059465886943778155;-0.00931451908646792;-0.021321568556308346;-0.2971902649950971;0.0026935904469218225;-0.051339207281431515;0.11468422051780165;0.032975128713950544;-0.07628159604162937;-0.08467302441928799;-0.9077185113660443;0.04599701183070172;-0.07043062445546956;0.00482117414303644;-0.06893204319095718;-0.03930442563843262;-0.3341498017077564;-0.007932715034099355;-0.006637907046141555;-0.45555464887953856;-0.6450526761127706;0.11097520660566718;0.5;0.03979944965110943;-0.45744452419956344;0.007110640902999257;-0.005384721409638467;-0.009970804849090058;-0.5418516916464015;-0.3341665827096243;0.039717332926070485;-0.015627010458909872;-0.5598496547445206;-0.07690160718581796;-0.009580375057404172;0.008865581232609257;0.11006069457865772;-0.014831341765621646;-0.0160440836837744;-0.5396186886851121;-0.4712151788076523;0.0003924826226057303;-0.003017052889158369;-0.011870470336194932;0.05128738477252529;-0.14495981527665364;-0.018730167639145655;-0.4781321555187199;-0.011508088810845358;-0.13336502431531078;0.08283218574593733;-0.07913942019977421;-0.01378367063394239;-0.0800922580786302;0.022398250350246243;0.012894253317174366;-0.013427103017097089;-0.03246352500832296;-0.49490918145213847;0.06979418122967498;-0.32437769366455205;0.06598024500367232;-0.8661432877192975;0.09520808746096801;0.005117247434656771;-0.018915377514160423;-0.09644777008550919;-0.0751105071658517;0.007577232116255725;0.02367669318912835;-0.0020981409115940794;-0.018964031796141402;-0.020879306373998034;0.015507807786078102;0.008455115228933842;0.0024477867660027083;-0.000454468026802913;-0.6537885739616469
Landschaftsname;-4.7548180519723184e-07;2.9921948498089226e-08;-6.742792622623303e-08;-3.7071456744779632e-09;-1.899447455661731e-06;0.10161712524038159;5.392768342076957e-09;1.1179013609391658e-07;-1.6502558050081343e-08;3.690123666107174e-06;-8.894543811999611e-09;6.569492767435738e-07;-8.135911151392645e-10;-2.4064091283554548e-08;1.0302906066365478e-09;7.76368396679821e-08;0.0005822954207149089;9.668930803411555e-06;4.089491666252121e-05;-1.4225476917923666e-05;7.418301952412532e-05;-6.640961446028118e-06;-1.474680624729157e-05;4.097122031338096e-07;0.007153266561313898;0.07484256351653357;1.0540387529978588e-06;-5.013654472685776e-06;-0.007580328790018276;5.1948098473421086e-05;-5.725200532125339e-07;-6.0318979553641675e-06;0.0003223476446807068;0.02457996402764326;3.101922100666392e-08;-9.7858458776149e-07;-7.272135627259951e-07;-7.556943750317782e-08;6.123925565696793e-07;2.6305675630214296e-07;-0.04342252923348939;-1.243098662506221e-07;9.257800033674033e-06;5.005746536880649e-07;-0.006479610818048031;0.03429638136247934;-0.006465597910618319;4.534571253797095e-08;-5.374174013474459e-07;3.314332159685767e-05;3.84415230561441e-08;-2.168043917009905e-06;1.7576503098833524e-05;-1.2518137836033724e-06;4.086434811585399e-06;0.5;9.366884337218318e-07;5.873463872628512e-06;-7.268067820473671e-07;0.0014928389710823333;4.601982242385843e-06;-3.3985876930675484e-06;-2.764914001918632e-06;-0.00010060994644389446;1.2322484868651573e-06;5.5031111198544904e-08;-0.001817188549488202;-0.0014788832393506732;7.982498518920975e-07;-1.7479487653395644e-08;1.1517145498331682e-08;7.735467099960507e-06;-4.465489821475896e-07;-0.002452921181950487;-0.0008188395892921918;2.8180067669180016e-08;1.2025019971191941e-06;-4.0920350701833165e-07;8.53510429818295e-08;4.435393952772897e-06;-1.195355473258991e-06;-0.00015244040647895723;-1.2203049376333873e-05;-0.029655461090024707;-2.3810296776616625e-05;-0.008635309733991738;1.320850453330148e-05;3.6963988410255157e-07;-1.3916228799806017e-08;-1.3376366575638375e-05;1.1361359072915108e-06;3.839706760963755e-06;-6.383802255107246e-07;7.187532229198089e-07;-4.9051860178203265e-06;-7.510811519938967e-06;1.2124671468948502e-08;0.05099107447746654;1.7207317559585452e-07;0.0001036745987323298;2.8283176261499802e-08;1.7709926424376353e-07;-1.6516745300074503e-09;2.3826542652859205e-09;3.6675561103672074e-08;4.4365454022926786e-08;1.566684991320317e-08;-4.2854370963238694e-08;1.280323341961412e-09;-1.403475401565532e-05
Lehmabbauareal;-0.8117714367537451;-0.03510278074690762;-0.12161591556839048;-0.015235142987204417;-0.16508798921035536;0.01372228270584127;-0.006716072121700209;-0.02003222583511899;-0.00680715133894544;-0.8842491370386546;-0.009632627956606445;0.33227434179343174;-0.006157565094120051;-0.014768578424318215;-0.010533203689510193;-0.0424906985668878;-0.04453790016307881;-0.7649605853687061;-0.8838015181482973;-0.8936831892996596;0.029802513126638674;-0.6217999335364605;-0.6325759793042302;-0.5099259008451235;-0.1034192717407758;0.012280212884396915;-0.3240759596039875;-0.6898947757807508;-0.9985477330096925;-0.966905157207796;-0.7473954587920989;0.059354697999003656;-0.9955786448838215;0.003152577530740753;-0.02518868035475139;-0.3340155150075059;-0.8014751086660502;-0.06031511569150015;-0.3311655846493179;-0.1921008960370297;-0.04484246929746649;-0.09886947538109483;-0.9210518829249029;-0.33138524553296417;0.09690924021708842;0.004857235239794357;-0.9971079009200094;-0.04627887411094256;-0.37312338099583064;-0.9359688815466797;-0.007863227621052975;-0.4980957176945975;-0.6830875120463782;-0.7104570163125423;-0.5425554758004366;0.010820152123849295;0.5;-0.7795814245054776;-0.8288120388829454;-0.997107786222544;-0.5838100980556986;-0.37314102241032354;-0.8437250349027384;-0.9209809209929236;-0.6013723769364043;-0.0899230924543876;-0.004242389776754462;-0.9946524804837846;-0.2901584989313723;-0.017542415101069943;-0.01897256921401751;-0.5816236968378471;-0.5138384603938418;-0.03871218211859314;-0.16980138175921072;-0.014048033181390524;-0.642148503272979;-0.16741533179645152;-0.022137906357099037;-0.5207649263926635;-0.013620091347171653;-0.9821536825118585;-0.8990929813695706;-0.9994265481882928;-0.8543613924572788;-0.9977833782489323;-0.8369081241637452;-0.8643812562287315;-0.01588562959474706;-0.8930939304060029;-0.5374971511146475;-0.8223107805283281;-0.36283258198055013;-0.3956570212596559;-0.8847208056728739;-0.9222296230591865;-0.021634662001411474;-0.13445199047120815;-0.11237602610480109;-0.9714645073228376;-0.028950587740970035;-0.17127504306978256;-0.002487544538618336;-0.022413347543033143;-0.02466822652125906;-0.09089376180782295;-0.02316436404703819;-0.006466689331482723;-0.0005389796043734621;-0.6913352406737916
Lokalname swisstopo;-0.549421364520788;-0.0101812906140296;-0.03767175869891408;-0.004355170327982666;-0.05294635392724717;0.006680371519761095;-0.0019080914551566955;-0.005746471579010137;-0.001934094772799899;-0.011514274638385478;-0.0027424738442611116;-0.03648223081434355;-0.0017487110887365648;-0.004220368635770289;0.0007746174083594565;-0.012391458195965816;-0.0585597311369548;0.007203015943278148;-0.022720133010620792;-0.042490836831971544;-0.046814096445976054;-0.002656486418309789;-0.3274050948755998;0.04120986963513692;0.025274569646287867;0.01398859419181347;-0.11937820908153847;-0.3861318269195644;-0.22036001196466162;-0.021439606382054176;0.009282285193726985;-0.019007180051692187;-0.06477203636691349;0.0035734709707667504;-0.007252875097622143;-0.12419313308349428;-0.010315029454862087;-0.01782459568482595;-0.12280336114718411;0.005907155551862985;0.018165656174484603;-0.030088016779026304;-0.08615254516576702;-0.12291021394048361;-0.09845744117978016;0.005336555606463829;-0.16170228741789025;-0.013534124194772538;-0.1440477953651889;-0.018759870103576312;-0.0022358563774209908;-0.21911247346733823;0.02650690027005371;0.0031357914458020426;0.002384521120016059;0.019183118952778074;-0.22041857549452237;0.5;0.005446734746272164;-0.0031991450308933352;-0.2839819529943303;0.0065327238472149924;0.0018690837459409194;-0.014670307774821558;-0.2990046448291149;0.005031606293516646;-0.12014304852821048;-0.12872916613535756;-0.10360057956578198;-0.005023139774555592;-0.005438303401553684;-0.28215716973312693;0.003388476861978503;-0.13015338048554617;-0.16178194499599455;-0.004012364898691197;-0.3365900771895794;-0.05379463132538796;0.0014019018975852651;-0.2350303906548282;-0.00388893135707499;-0.1529717782829624;-0.04545798423770842;-0.12456173975164127;-0.0017360597628907316;-0.12900010633273196;0.02804965940611278;0.02650032404827717;-0.004543263827147968;-0.04218216293748305;0.011969490716091304;-0.015550094081087942;-0.13867728462817833;-0.1561941114753953;0.02086566861640487;-0.00794492447339708;-0.006213394157201767;0.02824339757364267;-0.03455868707187362;0.06111826679129681;-0.008359055610333161;0.007993467531377514;-0.0007045845925309222;-0.006440683690932322;-0.0071003153381595544;-0.027491568839090357;-0.006660141527743137;-0.0018369095857588475;-0.00015244983758209844;-0.009588313006871617
Luftseilbahn;-0.4711148423519782;-0.007458070727390079;-0.02780211255577135;0.0007076236983988362;-0.039238077466291925;-0.01293450687661115;-0.0013946107774961995;-0.00420440730250898;-0.0014136263325656893;0.01138432578987235;-0.002004906102614686;-0.49210717350519495;-0.001278065854355296;-0.0030865623761389223;-0.0021939289966432457;-0.00908250269564824;0.06858333482086956;-0.4019948307995974;-0.611043698554655;-0.6345291405483593;0.02159452703087081;-0.2534991666548182;-0.26231952110037166;0.02457058306796497;0.022256995932214644;0.013570641072432802;0.007284444176457861;-0.3148365425560497;-0.042855351055194425;-0.8578433259709515;0.08265315345739177;0.0034629068529188982;-0.0045152694838648715;0.0037255348630343046;-0.005308726215326067;-0.09386674659917137;0.015816064455077807;-0.013084022221216086;-0.09278038803840652;-0.046813109908028123;0.0339136800084934;-0.022159488086014104;-0.7067174002269475;0.0036408908510936816;-0.18138815726374516;0.005739987110814767;-0.9861516652337291;-0.009923102499369667;-0.10947920297847454;-0.7511923773089707;-0.0016343163087330255;0.01405502410804738;-0.30805376061112755;0.031400822589558404;-0.0013191255293225996;-0.0017341008413875305;-0.17118796111705456;0.003978933543189924;0.5;0.05506754413605406;-0.22464542819850042;-0.10948655629392513;0.04471295663803154;-0.03285823710334673;-0.23757068110971472;0.0038795184205788614;-0.004629049225822006;-0.08184788721541265;-0.07785562559892091;-0.0036744640576250017;-0.0039786050621566085;-0.22308313221925752;-0.17918730662842494;-0.09061699359760833;-0.011941787530532814;-0.002934274387886609;-0.2704126938026146;0.008438598904714543;-0.004654253866311153;0.006580492054952755;-0.002843911756361264;-0.11709070939594186;-0.6479307000190349;-0.10698307368569047;-0.5478517879876342;-0.17257598065619772;0.037720096920515235;0.03844259862983786;-0.003323000930189478;-0.6330932296500261;-0.1935727132744089;0.020629359962879984;0.013481202912647747;-0.11911628642334174;-0.6131764041977459;0.05192400157297583;-0.0045466042938704845;0.033702945080056175;-0.025483038923686925;-0.8754929554433333;-0.006120220635003477;0.02304524566064557;-0.0005148089286813773;-0.0047132108665079156;-0.00519684635754773;-0.02023296050900103;-0.004874096091639455;-0.001342558677489167;-0.00011137180749520546;0.027269010050579058
Massiv;-0.012354849442680036;1.7737139841475998e-05;-0.00040143927598245213;5.737596859474529e-06;-0.00057321036995437;-0.0009711070210394401;-1.9611992048347268e-05;-5.9289794668425994e-05;-1.9879775311330972e-05;-0.021678063387026065;6.044219157542809e-07;-0.013424223658445695;-1.7970987977641595e-05;-4.347802818224357e-05;1.7096353562076826e-06;1.611864863571836e-05;-0.04198897070648051;-0.009352032293053019;-0.021585662402699237;-0.023801700085605053;-0.008543915661076136;-0.004746256155752193;-0.004969011940044405;8.125728649247139e-05;0.056907153589333986;0.02817417457495677;0.00015250614709318155;-0.006411631521529349;0.18762981112758145;-0.07812397921062847;-0.000710159316505227;0.04880505445275459;0.057166040769604846;0.007243195022891597;7.293722303842651e-06;-0.00010086731098442432;-0.0029472826658772564;-0.00018614499263866716;0.00017564732558353016;3.287047190807342e-05;0.0780237806505995;-0.0003181446476268037;-0.004207303583785456;-0.00017534734493440416;-0.7318728047652929;0.011105196612480708;-0.5000099432856933;3.30523046628316e-06;-0.0017234930077354696;-0.040674713001487485;-2.298833939019426e-05;-0.0028703299916093654;-0.006213245016173763;-0.007066966046212894;-3.4302377097530595e-05;0.050019512661317996;-0.0028922137774559597;-3.281976772037025e-05;0.0007733334984801158;0.5;-0.004052330577586352;-0.001723622776870552;-0.015418826979528661;-0.03270148494379073;-0.0043568047601285605;2.799750704323199e-06;-0.31002902703298174;-0.11712517760685402;0.00013198642220252092;-5.178945777174414e-05;-5.609303209340479e-05;-0.004016202211572972;-0.0030563627499728325;-0.14408776334820586;-0.20402239877999384;-4.132664041215375e-05;-0.005178050462562338;4.997343984031348e-05;-6.566269445671659e-05;6.770402249072386e-05;-4.005038466972869e-05;-0.13765723485958864;-0.003780533507892607;-0.2539145322831699;-0.016731145001066355;-0.56628632437396;-0.0011206789056325693;0.0006344681463509557;-4.681950387787299e-05;-0.005489564030420269;-0.0033596073455689104;-0.01324561875276009;-0.00016722490260914394;-0.0018953950344409768;-0.021776186232175296;-0.0024264416600937363;-6.413712440932957e-05;0.049415481355439446;-0.00036709077849046684;-0.01035945270136123;-1.2706434199307336e-07;8.860845904850518e-06;-7.233320019761502e-06;-6.649834921300104e-05;-7.335707033208698e-05;-0.0002899224146488885;-6.877922824981464e-05;-1.8879028789511204e-05;-1.5642064556667483e-06;-0.006454722761589938
Massnahmenvollzugsanstaltsareal;-0.7545684169124467;-0.025279047412565554;-0.08983508478549165;-0.010908633229254568;-0.12354478915340539;0.011725671683401448;-0.004797042178798205;-0.014363299473076645;-0.00486222409208085;-0.8448628313229565;-0.006886007632151343;-0.7698072617027553;-0.004397414732858811;-0.010573142135068611;-0.007531748615685676;-0.030665118467924156;0.04258972589892215;-0.6988098716950008;0.16408091797084862;-0.8569878092521245;0.0052672893447345;0.06642544383113186;-0.5510340820056135;-0.42586912764940354;0.010489854753924846;0.012699417579528008;-0.25473105021245973;-0.6132972242385646;-0.9979640243216688;-0.9541868718416391;-0.6783796226993251;-0.22937993390562716;-0.9938089715089519;0.0019191774643228605;-0.01808746042466665;-0.26337248494995047;0.05306701707407979;-0.043755515381089564;-0.26088918629594693;-0.14494015228905055;-0.023165470594991227;-0.07254187472390332;0.20682475471139353;-0.2610804289755523;0.010121294004136661;0.0050230506837642686;-0.11542561803658552;-0.03343582267541353;-0.2979090531284131;-0.9124384722091703;-0.005618267002044508;-0.41434030413318357;-0.6057693606433348;-0.6362606072684489;-0.45814830835359854;0.03789684746452598;-0.4161899019443014;-0.7160180470056697;-0.7753545718014996;-0.9959476694224136;0.5;-0.2979248284567044;-0.7937657111887051;0.05984387103198727;0.04375854718278852;-0.06580382801716987;0.1853670045753646;0.16424771513610306;-0.2256483141536505;-0.012569044034860633;-0.013599354001177628;-0.4977520879043231;-0.4297022361867045;0.1717322142523021;0.018147875932530328;-0.010055199271471226;-0.5612575684847005;-0.12537441816354372;-0.015882750547778844;-0.43651287912029846;-0.009747687639027905;-0.0642091381403571;-0.8639806088160992;-0.06174514610761575;-0.8070246751398918;-0.07747992379870045;-0.7853240064118113;-0.8196136663458812;-0.011376527264889075;-0.007953089122526858;-0.45309746190624983;-0.7673929124850235;-0.28873720476886255;-0.3182060713940702;-0.8454669454794264;-0.05745731043513517;-0.015519443212069236;-0.05638238789981703;-0.08278221627622775;-0.9604266598654858;-0.02081144895996475;-0.1284143801960297;-0.0017746025019380045;-0.01608164462370453;-0.01771106765806114;-0.06653317718513067;-0.01662410906864552;-0.004618585929750981;-0.0003842903500943515;-0.6148948794701897
Messeareal;-0.8787160169505605;-0.057596264617314534;0.04103410262775814;-0.0253318905085518;-0.24934988721336981;-0.023325934156831575;-0.01123138893607819;-0.03320094781860014;-0.011383000349095725;0.06244100775377015;-0.016077051595930956;-0.8873968403796516;-0.010301283401596273;-0.024563833569688043;-0.0175694421664247;-0.06937789022076407;-0.02374587803937748;-0.84538268305716;0.34843517843344907;-0.9338686632916406;-0.05426522392309941;-0.7341849553614863;-0.7430819099978159;0.09704737025593228;-0.23375577464668817;0.011688699655222509;-0.4461255561293958;-0.7889141509246823;-0.9991350221915033;-0.9800326632060727;-0.8325117907073551;-0.1914479790176261;-0.9973634475185307;-0.012564493563063932;-0.041603229636927586;0.1327944607309245;0.12868347132578928;-0.09733466565697708;-0.4540914558193036;-0.285436705771476;-0.02431488273142577;-0.15563328565922313;0.11963723847150409;-0.4543372656217842;-0.9993678472109673;0.004623266449740436;-0.9982764456575071;-0.0753744449712045;-0.49998114464468474;0.058244908289763676;-0.01313959198884557;-0.625075555947231;-0.7835987016767845;-0.8047686942980907;-0.6658334172903756;-0.06595284621227014;-0.6268589775896765;0.03881543377396333;-0.8905134437060749;-0.9982763772231296;-0.7020751715432955;0.5;0.2160272698070587;0.3014410657550135;0.12682766659080444;-0.14236197942178985;0.2207266158567281;0.3657253118836737;-0.40712840579201526;-0.029123034435416906;-0.03146706528001437;0.12666202466422374;-0.6397163314964155;0.35137059716508234;0.2532814072794699;-0.02337672614851263;-0.7509090930488665;-0.2525058610716515;-0.03663910049620725;0.16419019509440463;0.011691646257050341;0.18564419934724588;0.08369650013797152;-0.02927915128697135;-0.9078775793280279;-0.998679359696702;-0.8960574115602392;-0.9145836594383349;-0.0264019146219586;-0.9334855546299985;-0.6612872514921058;-0.88603322694838;-0.4889203771149447;-0.5237748127620949;-0.9280210254771576;0.18543976320642858;-0.03581828602918873;-0.14715222365308686;-0.17538509421864779;0.08359867908072684;-0.047696685872400425;-0.25772006910753337;-0.0041718988331959335;-0.03708812331996033;-0.04075779556094074;-0.1438092508728566;-0.038311585371795576;-0.010816168067942042;-0.0009051281104709996;-0.7900346465289321
Normalspur;0.017374205830670685;-0.006693177769041897;-0.025003313725174097;-0.002857325853515447;-0.03532987281612874;0.00019672751715669678;-0.00125079709409963;-0.0037719389826267016;-0.0012678542353800491;0.031157525931471246;-0.0017982714748414619;-0.4649196634916977;-0.0011462566068856294;-0.002768756676719077;-0.001967851234238985;-0.008152377864294146;0.00510129275752679;-0.3760991836151105;0.1414584360669279;-0.60890656107828;0.017470315300415522;0.0014690800857745825;0.044537130147990434;0.008943086421929763;-0.01849742075536674;0.009534471118131575;-0.08156189219476181;-0.29181564733713666;-0.19580549545670944;-0.8440285504609029;0.0784934457508714;-0.0152710010776633;-0.06297809146302906;0.003503974259523114;-0.0047632102104794675;0.014281221348638674;0.030758254836728095;-0.011748966792756218;-0.08400553644382415;-0.04218354118019638;0.02123006073690883;-0.019917087036962773;-0.04459985931251184;0.0060801828676107445;0.05422403296636778;0.005812930249048584;-0.0202364373762023;0.0014033355858390282;0.013945817814969398;-0.009345208866455639;-0.001465820230622898;-0.1552732456931367;-0.28532229185818964;-0.3124682997504463;0.008725177484809457;-0.00591572956109747;-0.15627496509726155;0.0012244203155315613;0.04009633656690304;-0.9845811730204713;-0.2062342888112949;0.023817720750220536;0.5;0.10661649292476608;-0.21839861535744587;-0.017972368796855744;0.07940320150937452;0.21307600393258425;-0.07038279914296328;-0.003296325633643541;-0.003569279670268345;-0.2047662184397726;-0.16371510047105683;0.17119917283545047;0.14602583732952443;-0.002632107513026932;-0.24945742905811122;-0.03590660954362497;0.0008244767063089449;-0.16754850085966322;-0.002551026472328569;0.09078005857112323;0.028588173553861364;-0.01342857876481159;-0.5207421931937606;-0.009748483512965866;-0.48730048141950694;-0.00973663981083215;-0.0029809232976934596;0.06148220207178641;-0.17712642105735818;0.01687701020245728;-0.09540981738624885;-0.10814759343575693;0.03401354841904866;0.3190592903503077;-0.004079081532800571;0.030018578564460413;0.0034012271835168854;0.02009538684106371;-0.005491777185146602;0.004463822331484231;-0.0004616793629193307;-0.004228628894311824;-0.004662773051422354;-0.018181887022744876;-0.004373045615133554;-0.0012041061873802378;-9.98737986572347e-05;0.008301177907503485
Oeffentliches Parkareal;0.017628147073708193;-0.0031116326867302087;-0.011739743706659807;0.00032964073009222216;-0.016682074463700833;-0.02150560525742769;-0.0005797909070874154;-0.0017508047335372291;0.00012867862903937646;0.045132288201875766;0.00026029416971837396;-0.28698087588294974;0.0001190400990581213;-0.001284468839979738;-0.0009125235947904581;-0.003792990830300619;0.033568465281968614;-0.21828666763423094;-0.001178522593064526;-0.4190140628926933;-0.002230961719467721;0.03367399974364727;0.023969842506612295;0.004280712452699266;-0.10791589282677726;0.01614359881051342;-0.039511404279420605;-0.1602831818259483;-0.9833315098832887;0.06703832067224452;-0.009602334864927516;-0.24704815161458563;-0.08047664085839203;-0.0019746663382925653;-0.002212098266618402;0.006855605208259409;0.037125184555396644;0.0011811752127320533;-0.0407510900575044;-0.019993216824904708;-0.02387551219774418;-0.00932581306530794;0.17696773121109305;0.00392261940890172;0.019870430865552745;0.0063855338998111775;0.12554950897600356;0.0004837947652600592;-0.04858707652833051;-0.5563750324676151;-0.0006795406012025403;0.001159270661333753;-0.1560716128460727;0.004631046354389314;-0.0015902410155954777;-0.099714991601454;-0.07901907900707641;-0.004451781561123491;-0.013649238439572485;-0.9672985150562093;0.007202463604074531;0.01539525524998737;0.04938752331711867;0.5;0.0045981291300182725;-0.00840636417008894;0.26354493912652244;0.42953692924576037;-0.03388323421820244;-0.0015296500188202462;-0.0016565566604760896;-0.10656603408761527;-0.08314357105109887;0.4254779278069645;0.336557457819279;0.00021945999050195024;-0.13342045045283354;-0.01695975010582559;-0.0019386415048425218;0.017130979993902073;0.00043501012136600015;0.24035646180273307;0.11038459133383208;0.16478159092648187;0.0449013870912213;0.17252812669217407;-0.30568949874664936;-0.35352424091829315;-0.0013830539454784717;0.02669637148972772;0.018364973178592647;0.02838980437273048;-0.04658192488715518;0.005992379947301828;-0.3970349716848033;0.05729495149742762;-0.001893682610787618;-0.12996677578096832;-0.010745680706039987;0.0691591487750437;0.0006299009287606766;0.0006670251680844009;-0.00021391486075919547;-0.001963266780610505;-0.0021653368751369624;0.0006535924639714198;-0.002030474298881626;-0.0005581339401341336;-4.626661288078314e-05;0.03722044784925363
Oeffentliches Parkplatzareal;-0.7408469413185687;-0.023547007481570858;-0.08406133138250578;-0.010150954380385675;-0.11588033309086192;0.01134095733219874;-0.00446193999343944;-0.013368913784113185;-0.00452258925107705;-0.835086204307509;-0.006405917973879406;-0.756663006056441;-0.00409011419140442;-0.00983853363949346;-0.007006955804101232;-0.028574860728721552;-0.018026870386969124;-0.6832795296801502;-0.8344840546332831;0.18207263107105623;0.02885389889020596;-0.5214888612682462;-0.5329763505817842;0.05931085210687925;-0.08147610199742676;0.012793290319092158;-0.2411674909497054;0.10160266989559127;-0.9978107170953004;-0.9508993671464662;-0.6623049031772157;-0.16154738632865562;-0.9933448788098285;0.0031544669944607398;-0.016839652316374465;0.07210757124422007;0.2082037747519754;-0.0408105305596369;-0.247106447967571;-0.13615456882582277;-0.009995175627312313;-0.06779677624125274;0.07022032429175178;-0.2472909676837899;0.041262524457245243;0.005060182115240237;0.08281477895552715;-0.031162774262643828;-0.2829191903821891;-0.9064488626174253;-0.00522609858749241;-0.39680302600385964;-0.588268169784002;-0.6192622550484137;-0.44015034525547947;0.00943540219205263;-0.39862762306359556;-0.7009953551708851;-0.7624293188902853;-0.9956431952398713;0.04068804967205127;0.05004273805779774;-0.7816013846425541;0.035524154303685586;0.5;0.011402783002459777;0.23814171597174005;0.1614224088006985;-0.21319033399677711;-0.011697402253383457;-0.012657177849576139;0.021977627239497085;-0.4119721282156979;0.19616516207179444;0.11665515650959539;-0.009356236497061984;-0.5432702093757361;-0.11761168723764208;-0.014784749648728971;-0.4187080747148105;-0.009069904942562742;0.01730955234610543;0.01912276390424521;0.04878865450472555;-0.7954408617077152;0.026702109233498677;-0.7728042789115404;-0.8086063198020992;-0.010586697835143082;-0.8470378056429366;-0.4351385755911432;-0.7541548223864573;-0.27402871627763975;-0.30263514787831713;-0.835720986616406;0.07433203849514936;-0.014446189665136869;-0.08389347695244614;-0.07742319556349277;0.15162852122761647;-0.019379428665492086;-0.1204893556718605;-0.001650285753503753;-0.014970103006272238;-0.016488789892810857;-0.06215477867032351;-0.015475662774155368;-0.004295896172572781;-0.0003573346809106421;-0.5975296459778919
Offenes Gebaeude;-0.9776021138669053;-0.2691052496630018;-0.5835486622558967;-0.13537774172377662;-0.6667954118180993;0.007754495643170651;-0.06404755935416123;-0.17141909392166713;-0.06486535931309244;0.1406788259911932;-0.08961494512502903;-0.9793713835510232;-0.059004595655911395;-0.13172404918465783;-0.09725889602800473;-0.30992372683301433;0.024040444990665193;-0.9705350307024985;-0.9871757105705351;-0.9883818692199738;0.04384545220033706;0.17054467395110542;-0.9457234604898712;0.6247786219443385;-0.0019576908551174146;0.01001796855563945;-0.8291296651209055;-0.9574747668751357;-0.9998563160132853;0.12403273384750456;0.14566908183977112;-0.023872508301524206;-0.0788476748175426;0.0024308297872395485;-0.20730047996087805;0.20437053689908793;-0.9761099635186342;-0.39379505583685337;-0.8336412177286593;-0.7064403448043015;-0.0015501228594679835;-0.5261572904895745;0.18896572581225574;-0.8337786844159777;0.0389321726693914;0.003673304516746719;-0.0673640757424497;0.1568561044792161;-0.8576288117478991;-0.9932857574573337;-0.0742552903679983;-0.9094515918338235;-0.9561680903239341;-0.9612900316841216;-0.923098392814182;0.006433589576849545;-0.9100769075456124;0.18010542873429902;0.1900936065597154;0.00976872626881493;-0.9341961719828301;-0.8576380205782101;-0.9820276312031442;-0.9915936358299111;0.17409800961308755;0.5;0.1216348273971938;0.09096390010462728;-0.8053321373682686;-0.15305205132913824;-0.16368905333666275;-0.933641255759154;-0.9145063505989771;0.09041508830436734;0.09619011666512643;-0.1260272650828437;-0.9478106273340915;-0.6705154219594147;0.09701330257201907;-0.9166503613119384;-0.12261234114448356;-0.9982078132192335;0.13208399544624647;-0.037394820340232865;0.11220188640577781;-0.03345458047741531;-0.981108573444487;-0.9847339587846401;-0.14042640704063888;-0.9883106107017976;0.2875058383510055;0.12418298099563642;-0.8521398057222075;-0.8688672495150148;-0.9872889303359116;0.07649394557871553;-0.1828715854888995;-0.01637524612963342;-0.5616538294493851;0.12727099831057798;0.09116390696025906;0.2512178623518522;-0.024616969882877083;-0.1883364450930636;-0.20380388937957405;-0.5029509016887386;-0.19354641251651938;-0.06180178621755072;-0.005428120832852931;0.22675938144274677
Ort;0.00037986672397045626;-1.3888345203054498e-05;6.233650516526514e-06;-5.877546790998952e-09;-4.7313589054840036e-06;0.035156193879742705;-1.729797234827052e-07;1.727360793362892e-07;-8.475553351470577e-08;0.0007458594947362335;3.870594428128404e-07;-0.00012869593805470906;2.5291841187289813e-07;4.630978284750175e-08;-2.2852878272487274e-07;-1.694102096274103e-05;0.00711807872412895;5.5562113998143344e-05;0.0004392211901773331;0.0003729201976181952;0.0019514495408396377;0.00011899930657929476;0.00016010547076492995;5.219422724478801e-05;-0.13613843604375592;0.04789572658357157;-4.1496814289470336e-05;0.00014553969578716896;-0.20791666774878959;0.0006064607817083691;1.3783119710054878e-05;-0.08457830512192081;-0.024697990810874856;0.007933204702898176;2.1079116428196357e-08;3.9970029906397276e-05;0.0003892580501754458;3.4720216650833774e-06;-0.00018899075851029184;-6.343317425497863e-06;-0.013887170012949493;6.299877006082469e-06;0.0009724141316377913;-6.414098662086543e-07;0.04020509958149288;0.01797621771509167;0.0013294493973529105;2.024624861303277e-06;4.296922540124053e-05;-9.11030942486338e-05;4.7675434195569034e-07;8.588321087478513e-05;-0.0008221969058024073;0.0001675004137153068;-4.337947550881405e-06;-0.008013721923521434;-1.619595775101798e-06;-0.00016222134815140613;-8.555998467838992e-06;-0.040804695559756944;9.926783807957911e-05;5.015958326088907e-05;0.00016366115284714074;0.0011726527285113812;0.00013715373279287;4.588250811175737e-06;0.5;0.03136548070829711;-1.8696273131385427e-05;7.753614148794229e-07;4.964027030378372e-07;0.00011731728453370282;6.373594057325414e-05;0.05490955850997341;0.0879837039729866;-1.9668304061584325e-07;6.680819053015143e-05;3.572171396194542e-06;1.2263166861330288e-06;1.0679918662457499e-05;8.623519002789524e-07;0.007790898662174179;0.0008922166474920417;0.0008550112475063096;-0.00022641801356971066;-0.0007394403137355652;-0.000187096523759176;-0.00013849218371227279;6.3021358003336e-07;0.0009173905262958564;0.00010435328167584646;0.0004487253866305531;-5.386456699178768e-06;-2.389389857209855e-05;-6.84129859102905e-05;0.00035618726694761646;6.078894110025576e-07;-0.15989060369974523;-1.74222778135358e-06;0.0011200009925549342;8.805574061658707e-07;7.764903302028026e-06;1.1709582361034896e-07;8.295628482599361e-07;-9.958447262993e-07;4.536650224916647e-06;1.3348382777150558e-06;3.287352086179381e-07;2.2461035908567326e-08;0.00015973775661564564
Ortsteil;0.004482858052482213;-0.00019554942376327712;0.00012585482517966462;2.4270725802355786e-06;-0.001061926218695917;-0.009417933863597879;-3.635023008673172e-05;-0.00010988810777326454;-3.6846549789557236e-05;0.005009454364432176;9.605484174688434e-06;-0.002123274027466306;2.5788152363588925e-06;2.4600558399179486e-06;-5.7228901635302425e-05;-0.00023852190913066601;0.017017505973844344;0.0007541212407790874;-0.03928527040547013;-0.043238093117124746;0.007981467029864362;0.0023477591317472095;0.004062548633433318;0.000444574870685819;-0.19779757160979966;0.024853971250376358;-0.002571058133699057;-0.011819283680067969;-0.7870803676441781;-0.0011897931018493965;-0.0011958946206864004;-0.1596200216915293;-0.15892998316362336;-0.007570103592017866;-0.0001389010509399908;0.0008113366209212747;0.004499913436036335;6.305579678658445e-05;-0.002654929782578938;-0.00010367533380869962;0.037955553761484725;-0.0005895212108491203;0.010447487032188703;-0.00011427336534021249;0.12872081615502595;0.009357214623524816;-0.035377269387645995;1.4999293566684011e-06;0.0008926962989442246;-0.010065908519871256;-4.260806429462082e-05;0.0011313548444087846;-0.011455504578314086;0.001643687833184937;5.6531946516740485e-05;-0.09184448944892455;-0.005347519516215418;-0.002447773649957864;-0.0021304498365234226;-0.21709158409590368;0.00123868366076881;0.0011704131007441436;0.006184820170400072;0.02691535957867505;0.0013092449804475252;4.832181296555768e-05;0.44170965117386124;0.5;-0.0021928127364715523;2.6707399972017583e-05;-0.00010396348996745472;0.00037092356827221504;0.0004116759684446598;0.45873787462557647;0.3849504189165163;-7.65962500592362e-05;-0.009555290202841835;-0.0010798876743440447;1.524014783496635e-05;0.00108291914441437;2.5655702889212936e-05;0.09120506982578536;0.012323811362732208;0.04865289856349497;-0.005291738888100096;0.005339538457230244;-0.003150279206456342;-0.0019726877465190903;-8.677650975026858e-05;0.014490316072168986;0.001648822408194497;0.002955426834298893;5.562948626938212e-05;-0.003507441725803955;-0.01186045960352857;0.008563589238934731;1.2910070522302286e-06;-0.09597559434356832;-0.0006801898574061658;0.009787588793195894;1.73929357096819e-05;5.082516752941533e-05;-1.3406880049871813e-05;1.8223736717732573e-05;-0.00013595885964982224;0.00010069698372812446;1.6643629233236723e-05;2.615014711658123e-06;-2.8992536950746513e-06;0.003761456215754817
Pass;-0.9134238958409913;-0.08172575846768225;-0.2530139809917476;-0.03646753724479659;-0.32602183472891877;0.010006132332750441;-0.016272078557586195;-0.047626723488933015;-0.016490598915061834;-0.9492091570068812;-0.02324137450751872;-0.9198471230852635;-0.01493084160931109;-0.03537410390261306;-0.025381654635325875;-0.09793029413065081;-0.16345018488213925;-0.8884182842405746;-0.9489982552194322;-0.9536264290974485;-0.06779339000037611;-0.8008809535068496;-0.8081289605131152;-0.7179515465088545;0.05437938102970926;0.011255250188941338;0.09276998357844934;-0.8447811836389488;0.13519097840668362;-0.9862019970836714;-0.8786154423191793;0.03859814816938969;0.18400265245589476;0.002820239141249868;-0.059455275319478106;-0.5509563419986041;0.1541500456719392;-0.13571476773438362;-0.5477778729232285;-0.3677684769072297;0.03992857881161519;-0.21161212796307194;0.0024183113170669723;-0.548023486248997;-0.09436760235520593;0.00391372510773822;-0.9988157856588306;0.03117068355022501;-0.5928533892449429;-0.9727964511036014;-0.019020216215613492;-0.7082701155978264;-0.840588280339816;-0.8571991257687512;0.3193478951463341;0.02255813268403301;-0.7098415010686276;-0.8963994204342179;-0.9221443744010791;0.11131842793284931;-0.7743516858463495;-0.5928715942079847;-0.9296172008570367;-0.9661167657817975;-0.786809666003223;-0.19466786263173144;-0.11980779282273762;-0.9978071872635285;0.5;-0.041853666235709915;-0.0451746728615534;-0.7727766794195702;-0.7211116319591947;-0.1704909616929489;-0.9991287938417301;-0.03368260371907425;-0.8144692275728573;-0.32972197423293;-0.05247766259553209;-0.726655956191239;-0.03267636167812399;-0.07801741816415518;-0.9561357958649476;-0.21634229580677716;-0.9348589293047965;-0.9990927331667401;-0.9262193773974975;0.03319676186453031;-0.03798959963171167;-0.953352062701938;-0.7397914945136532;-0.9188405392590832;-0.5821300126205429;0.09631502475854303;-0.9494312605397962;0.1294047995534427;0.036933619168078656;0.08123176132178386;-0.23647864411062516;-0.05366471034765034;-0.06797798937781613;-0.3358143481999296;-0.00606369270886033;-0.05311009052583336;-0.05826911981080046;-0.196525034329285;-0.054831988113307695;-0.015673458969613606;-0.0013175284099322412;-0.8456631391294175
Personenfaehre mit Seil;-0.9958768137222292;-0.6707754228460493;-0.8857675750644607;-0.46422061283998617;-0.9171764748379566;-0.022547852789637106;-0.27466577158193295;-0.5337630629550667;-0.2773758842553702;0.2343979840451819;-0.3526332599747156;-0.9962081146288244;-0.25760352566638317;-0.4563763942337108;-0.3735076257628796;-0.7130789930365904;0.18250149440510044;-0.9945436644954924;-0.9976579134719842;-0.9978803098672223;-0.9996069159092837;-0.989256264395706;-0.9897352246426885;-0.983129002539917;-0.05953821738597384;0.007420864654803935;-0.9640956734754341;-0.9920378556874131;-0.9999740317949654;-0.9993892173685782;-0.9940013537935832;-0.9999902503214451;-0.9999207095354331;-0.03347160460853183;-0.5913590031573088;-0.9656220313664218;-0.9955966427187184;0.5943398183928091;-0.9651932662621581;-0.9301515125578319;-0.009665013579467715;-0.8600356313893623;-0.9984718391271465;-0.9652265623709706;-0.9999810259137001;0.0034874813918966347;-0.99994821260191;-0.7310093776062926;-0.9708748329569608;-0.9987799571892408;-0.3074158600435529;-0.9823258219022796;-0.9917840891639632;-0.9927755979842512;-0.9851686582343784;-0.011308144107956733;-0.9824575848989301;-0.9949768602254444;-0.9963255359423749;-0.9999482105422282;-0.9874309559651394;-0.9708769655645831;-0.9967036743663564;-0.9984703499811798;-0.9883025977466166;-0.8469479486708617;0.11374505992382107;0.27821146861227675;-0.95814633376429;0.5;-0.5199467314402508;-0.9873188687925564;-0.9833867757181742;0.23955625692057828;-0.027682589721373656;-0.44381584621826214;-0.9901475811217557;-0.918443048118953;-0.5590625195967102;-0.9838339379438731;-0.4360865444455019;-0.9996756575028957;-0.9980000326930729;-0.9999897548771224;-0.9969654758659267;-0.9999603344324938;-0.9965324593033494;-0.9972063308185657;-0.47479844508407876;-0.9978671832691848;-0.9848681539696301;-0.9961564880373367;-0.9695971576439162;-0.9734506366771889;-0.997678808278567;0.3553352730497909;-0.5532594597264727;-0.07559593539095909;-0.8763963022747078;-0.9994757888081964;-0.6254271753528682;-0.920474961963655;-0.12254654041937602;-0.5621777863495785;-0.5861746723613898;-0.8484717757974368;-0.570460975306568;-0.2671427444243635;-0.02931626569043433;-0.9920909302500553
Personenfaehre ohne Seil;-0.9955356977159558;-0.6529122191709136;-0.8774380894148098;-0.4444325114267529;-0.910906872511531;0.013667610497691265;-0.2590509961070429;-0.5138536511868841;-0.2616626190652153;-0.9974747957101475;-0.3346309280194489;-0.9958942945338525;-0.24263426542043356;-0.43665015783565253;-0.35502405501145046;-0.6964724739761027;0.1287656295803901;-0.994092909707993;-0.9974637746575219;-0.9977045633845911;-0.999574263679978;-0.9883738169524564;-0.9888916753310614;-0.981752569427769;-0.06355268341114946;0.008866775357298304;-0.9612276325976286;-0.9913818866665581;-0.9999718738417674;-0.9993384935897617;-0.9935060905616686;-0.999989440110667;-0.9999141208925434;0.0022762714817172857;-0.571936636129895;-0.9628712205570126;-0.9952324588025486;0.5414685415843664;-0.9624094826775335;-0.924783550871798;-0.10716109043123906;-0.8501472783547304;0.20708044684641339;-0.962445338139469;0.08701019998022591;0.0035070963179463853;-0.9999439091987333;-0.7150259021147478;-0.9685306360284656;-0.9986787029619477;-0.29068539331787674;-0.9808851347445878;-0.9911074007486819;-0.9921799294659972;-0.9839559163162256;0.006879202086182584;-0.9810274307859825;-0.9945616965984464;-0.9960213949378435;-0.9999439069679066;-0.9864006459988224;-0.9685329347199856;-0.9964307203297317;-0.9983434433395239;-0.9873428221504239;-0.8363109466633373;0.06723463865716106;-0.9998960365100326;-0.9548253271384466;-0.48005326855974906;0.5;-0.9862794984827653;-0.9820309888417126;0.09484421059224014;0.044953620824078645;-0.42420886830027155;-0.9893375538005403;-0.9122601513446619;-0.539300990808408;-0.9825139945958801;-0.4165652848420756;-0.9996487134096718;-0.9978341910535666;0.08363149915686349;0.19989983022268665;-0.9999570382798246;-0.9962453811176952;-0.9969748731923134;-0.4549423135936355;-0.9976903509609287;-0.9836312484264497;0.21141124544460815;-0.9671536036096711;-0.9713076315168604;-0.997486397099946;0.3442129058402411;-0.5334548917897425;-0.0035190806377882414;-0.8674857196296276;-0.9994322504594928;-0.6065467045960307;-0.9144317546985746;-0.11421796337351857;-0.5424416066343309;-0.566686451096954;-0.8379204117215565;-0.5507998336531139;-0.2518071786174992;-0.027127963711381115;-0.9914392960958163
Pferderennbahnareal;-0.7562298215871589;-0.025501551547356335;-0.09057300609570489;-0.01100607837106946;-0.12452172497775058;0.019557589278904997;-0.004840160575901498;-0.014491152487676032;-0.00490592549111675;-0.8460377201322746;-0.006947771689766219;-0.7713967619893954;-0.004436957078047458;-0.010667622708857844;-0.007599260328280244;-0.030933525843240453;0.06510821592349726;-0.7006990085308746;-0.8454681581210277;-0.8580862969713291;-0.03418915485480706;-0.5418400935131872;-0.5532575552465955;-0.4280690935708333;0.11915332269927108;0.012687910911688036;-0.2564418258926707;-0.6154275469674757;-0.9979822123895399;-0.9545783366270825;-0.6803382853777316;-0.9992414845549826;-0.9938640498643491;0.0032572463719692337;-0.01824784983267875;-0.2651206509691895;-0.004835639398585168;-0.04413328442957237;-0.26262674580934386;-0.14605807885560762;-0.038805053251631604;-0.07314916293558517;-0.8935268060471513;-0.26281880927915446;-0.998524879687636;0.005018499220584077;-0.9959839568807366;-0.03372763780216567;-0.29979316322751387;-0.9131542012382664;-0.00566872496386452;-0.4165239211276414;-0.6079146415011738;-0.638339025357008;-0.46038131131488785;0.06427613261243555;-0.41837630316215296;-0.7178428302668731;-0.7769168677807425;-0.995983797788427;-0.5022479120956769;0.05423436487851836;-0.7952337815602274;-0.8934339659123847;0.02384964254625444;-0.06635874424084597;0.22105020402691525;0.049628186594690364;-0.22722332058042985;-0.012681131207443628;-0.013720501517234649;0.5;-0.4319071072568973;0.20298790733433494;0.06569814770331894;-0.010145099014203341;-0.5634705206040171;-0.12636373594065164;-0.016023908870849736;-0.43872581260910815;-0.009834865350373584;0.0750039015886306;0.008504302370447657;-0.9992029697987947;-0.8084211419661715;-0.9969211314903328;-0.7868360311635624;-0.8209392460000112;-0.011478103528838452;-0.8573312394303316;-0.4553265338105141;-0.7689940812908647;-0.2905873163692434;-0.32016001217483747;-0.8466380896797377;0.0787269020315311;-0.015657424004786286;-0.14253656235311993;-0.08346751692075319;0.3677487799591099;-0.020995476680210297;-0.12942413635715125;-0.0017906024647439856;-0.016224541480009128;-0.017868180163186698;-0.06709380219851141;-0.016771743943361207;-0.004660107777161546;-0.0003877600129259765;-0.6170218969045093
Privates Fahrareal;-0.8031649197588205;-0.03327495135682168;-0.11582402581907549;-0.014426369748172487;-0.15759721972990082;0.01272162158745156;-0.0063566233066227485;-0.018973701076348708;-0.0064428595201652976;0.07561780327267334;-0.009118516049048639;-0.8161216978127162;-0.005827832579023421;-0.013984221524549754;-0.009971510267401465;-0.04029423939043616;0.008925576281550343;-0.7548600519120446;0.09628188014516466;0.2550177875151605;-0.00409749429949823;0.2809470049272047;-0.6196153267216211;-0.4960852895655312;-0.023343922939406098;0.012346894724385169;-0.3120675983671549;-0.6779265737231014;-0.9984651831073941;0.04802575325180718;-0.7367998033481321;-0.1308501172886213;-0.9953281154008378;0.00316969674725238;-0.023864318185257992;-0.32181420412540873;0.05563881058245435;-0.05725235698207775;-0.3190185109190534;-0.18365404571792443;-0.04380073400377398;-0.0940448891605317;-0.9169307607384805;-0.31923396034373486;-0.05176410206789244;0.004883610957939661;-0.9969437584372489;-0.043895571011563946;0.0813697143382917;0.03560250857907635;-0.00744284230656615;-0.48425891655798864;-0.6709818841661561;-0.6989360825694627;-0.5287848211923477;-0.0048804661379158966;-0.48616153960615816;0.011338923008982505;-0.820812693371575;-0.9969436372500271;-0.5702977638132954;-0.36028366850358445;-0.8362848995289431;-0.9168564289489011;-0.588027871784302;-0.08549364940102294;0.15795825325425564;0.07244834993870401;-0.27888836804080525;-0.016613224281825822;-0.01796901115828746;-0.5680928927431027;0.5;0.09905200110784135;0.13156554599207762;-0.013301427677417528;-0.6293276530854262;-0.15983917739253223;-0.020970496142654477;-0.5069344365681248;-0.01289593202620267;0.1522100874011828;-0.8939575674726193;-0.9993939216644397;-0.847336019922393;-0.997657482743173;-0.8292091372926179;-0.8577587549806662;-0.015042852097390662;-0.8876913464898444;-0.523707899105566;0.0004174667993155463;-0.3501320306408672;-0.38249723155970583;-0.87895243080222;0.2439697565016956;-0.02049323348563235;-0.11625079993684279;-0.10697059179190271;-0.9698889125114989;-0.027433999685681842;-0.1635585352196985;-0.002353873122417717;0.0059900417117129375;-0.023370572559555658;-0.08642104576432512;-0.021944039777123964;-0.00612050541185959;-0.000509963308996394;-0.6793967969799617
Quartier;0.0033398975459452414;-0.0001189172417936322;7.155119378591076e-05;1.438359744157244e-07;-0.0006459964549738454;-0.004635826875561444;-2.2103871758580987e-05;-6.682275862964961e-05;-2.2405678527534282e-05;0.004575104397420299;5.408856066552487e-06;-0.0013014963773646838;1.0347603249453545e-06;-4.9002153509376607e-05;-3.48000728220455e-05;-0.00014505205260163516;0.02077524504067609;-0.0006222024360961136;-0.0037104129911160132;0.006190394918246319;0.003987878895733867;0.0013638103752859905;0.002526084746551761;0.00031923675029161375;-0.19155021493786423;0.02747557952489374;-0.00028085848532714494;-0.0072204226057775035;-0.6920996136606968;-0.0020326388570809733;-0.0004417865419017616;-0.16965358814767484;-0.15644158894936885;-0.004474532257110598;-2.092187534311102e-06;0.0004556059479715508;0.003315552253339635;3.308929518658723e-05;-0.0016160700316297006;-8.398393824217505e-05;0.00787285269668887;-0.0003585541814478844;0.008029080918273682;-3.799775815723058e-05;0.08627882438022376;0.010842195606564577;0.008698109191012403;2.7745670196106057e-06;0.0004787957194027799;-0.001668079959177836;-2.590920323549246e-05;0.0006353316537930528;-0.0069971870007813465;0.0011189413622804448;1.5218160481505605e-06;-0.09263131122373756;-0.00012655626850065487;-0.0015048899872368968;-0.001434261992281167;-0.1623958123037609;0.0007875313343534009;0.0006837613885528258;0.0030216850512637824;0.01621181780695219;0.0009674621341310855;2.9205864031756447e-05;0.4702057040399951;0.27894565365150126;-0.00022783019321491696;1.3983603495835148e-05;5.996417045680448e-06;0.000922531469278491;0.0003422514303950399;0.5;0.31586657668713886;3.0691261756944977e-07;-0.00017232583554008395;-0.0006569274870912088;9.770262339168e-06;0.0005224258324652501;1.4055567924267882e-05;0.06347474340453474;0.007854396352146896;0.05626377918071615;-0.0029228256109493055;0.006040291852161614;-0.0023485640116821314;-0.0026396113654690097;-5.276815987523937e-05;0.00990768730954416;0.0011525278749428903;0.0022707870642355832;-7.66014420792983e-05;-0.00015781636399730538;-0.0014943722760545415;0.005321903698572574;-1.1794416610497675e-06;-0.1344026008421798;-0.0004137146924766371;0.02083252104532298;9.304776583961956e-06;-5.397679993545135e-06;8.187425788794232e-07;1.0557545980159286e-05;-8.2677180285659e-05;5.7746513883018704e-05;9.91157138591193e-06;2.406410202880084e-06;-1.7629569755907415e-06;0.0018816703937475981
Quartierteil;0.0016940460127348369;-7.759831973853179e-05;2.3783015538999357e-05;5.857578905618774e-07;-3.199668813550002e-05;0.012743091458669482;-1.4423186911085172e-05;-4.3603768839558596e-05;-1.4620122967292475e-05;0.003563019035147076;2.037250681793095e-06;-0.0016829475233921;1.4517674613006038e-06;-3.197511426716219e-05;-2.27077941242652e-05;-9.465320260806481e-05;0.017967909809011914;-0.00034666578796913185;0.0006821770210356853;-0.0002418299848256809;0.003050102064633049;0.0005957048449969902;0.0011662575547879343;0.00023005972822204906;-0.15665831430568455;0.030144153999579714;-0.0010217167714126688;0.00011189885565449308;-0.5946037498916849;0.0011010368703576927;0.00010917781106415854;-0.15472751476629976;-0.09137019097399404;0.006984038514986334;6.461855738968717e-07;0.00023788241557023146;0.002269918199730475;1.5108526603247628e-05;-0.0010551001198644489;-5.707834898376889e-05;0.00125022073261771;3.40298028496701e-05;0.003700602063928302;-4.2031824524758065e-05;0.0939024277785788;0.011298269578367475;0.00047739637967292005;1.3154431376403233e-05;0.00022695393646444492;-0.003638522137598475;-1.690625874072056e-05;0.000425944946317254;-0.004576887795933665;0.000725879123873196;-7.633332738946117e-06;-0.020177278735695706;-0.00036221528467033005;-0.0012205874381352572;-0.00012333255366107725;-0.15004278582835545;5.4303949671357624e-05;0.00032161182636846516;0.0016817707038876207;0.008367648743670193;0.0003754097769060131;2.0274452880486353e-05;0.49162247188527025;0.15273878830866777;-0.0008712061582697736;-1.0544059361577954e-06;1.85453581785474e-06;0.00019482904072251075;0.000296629086316417;0.20610722556175473;0.5;-3.0392898494497668e-05;0.00019395812460036666;-9.785868742050157e-06;6.497534279429001e-06;0.00018368487399930821;8.306171701410715e-06;0.03742049293016472;0.004442199982528891;0.04750798623996591;-0.0017004382276122089;0.015597326387191829;-0.000989142487390081;-0.0007583287163770622;6.554522233063861e-06;0.005006605088239073;0.0006673140377902626;0.0022288082294765034;-0.00016624231903824852;-9.038160967333122e-05;-0.001151519695421658;0.0018097850137179753;-1.770015731702068e-06;-0.16846442078351673;-1.0687114092704432e-05;-0.0021752696929778236;3.4472495488740626e-06;3.4946350358070274e-05;6.274815191364686e-07;2.370449731351392e-06;-5.394953145961086e-05;2.5284316161913e-05;7.187112045047897e-06;1.8521242157593897e-06;1.8355462177989403e-07;0.0008747419549518894
Quelle;-0.9967070959359322;-0.7185709354905154;-0.9066930296651454;-0.5205701700915187;-0.9327849497227937;0.006107651184865592;-0.3218270978363179;-0.5892698552429896;-0.32479417705872426;-0.9981383411558891;-0.40569412557280293;-0.996971885938135;-0.30305926117980475;-0.5126849085950527;-0.4276346148727656;-0.7569582753959349;0.13970528589331477;-0.9956412267587951;-0.9981302106658124;-0.9983078354291502;-0.9996863074882142;-0.9914082187518884;-0.9917920399522918;-0.9864914795769423;0.007621692178280248;0.008679936425049535;-0.9711402349112319;-0.993636245483936;-0.9999792781558404;-0.9995125562943308;-0.9952074782058002;0.03289716076800019;-0.999936727919832;0.002228306299668996;-0.6445747888484433;-0.9723756966859147;-0.9964831434740022;-0.818343316093262;-0.97202872393395;-0.9434655035864976;-0.0011624296042715798;-0.8850631016063303;-0.9987802035244266;-0.9720556705580409;-0.9999848592729738;0.0034331954282514833;0.0009674470302780286;-0.7730193845116461;-0.9766215518993209;-0.9990262077227167;-0.35742945994886877;-0.9858460723794509;-0.9934330850245774;-0.9942267488891495;-0.988129529663805;0.022846541922515645;-0.9859519668186094;-0.9959876351013089;-0.9970657256121135;-0.9999586733595879;-0.9899448007285288;-0.9766232738514874;-0.9973678924869731;0.17952058686559422;-0.9906437635029379;-0.8739727349171563;-0.0361585560678948;-0.9999234037499408;-0.9663173962809258;-0.5561841537817378;-0.5757911316997285;-0.9898549009857966;-0.9866985723225824;0.006588991806857682;-0.9999696071015054;0.5;-0.9921224277078712;-0.9338300519025983;-0.6137369842964191;-0.9870577672617061;-0.49215805898883674;-0.9997411688697886;-0.9984034496953191;-0.050395095538989444;-0.997577068550129;-0.9999683479862439;-0.9972310818565674;-0.9977694890350499;-0.5311590748968221;-0.9982973518498407;-0.9878882793635639;-0.9969306260683836;-0.9755896376670428;-0.978700270943695;-0.9981468997233605;-0.9987999111589422;-0.6081491385408507;0.0075816733809366205;-0.8988423678297158;-0.9995816531724072;-0.6766324010881412;-0.9355055327900118;-0.14895214243970445;-0.6167307878479255;-0.6396541985581121;-0.8752671223048639;-0.6246709445974941;-0.3135707672237973;-0.036468072825179415;-0.9936787332907094
Rastplatzareal;-0.706171181831574;-0.01987061190811034;-0.07162991818447183;-0.00854777629114864;-0.09925327055179754;0.017352784899637708;-0.0037538417997804987;-0.011263294346018022;-0.003804902964901768;-0.8097824478303384;-0.005390986160959361;-0.7233131361835587;-0.0034408198337919473;-0.00828428437007494;-0.005897362810853003;-0.024132867266160804;-0.043948059949205656;-0.6445962270500982;-0.8091090262024943;-0.8240782822406332;0.028871259419868595;-0.4781373378723301;-0.4896470509794975;-0.36702692308411067;-0.016177850844091488;0.013022865345918814;-0.21085085875476609;-0.5535255931200708;-0.9973969751184807;-0.9421342138125763;-0.6224752524980692;-0.1516634883396148;-0.9920938469295174;0.003343240879908484;-0.014195252445074438;-0.2184400189326283;-0.013658437174589467;-0.0345341064978449;-0.21625600488576913;-0.11700344204499376;-0.0009528684039500509;-0.05761933717094676;-0.8666922943964981;-0.21642410995613515;0.007928225167734051;0.0051509911929664715;-0.1140327676143576;-0.026329390529206746;-0.24907680004648192;-0.8906610778018821;-0.004397266072194454;-0.3561030208210366;-0.5456960836398853;-0.5775937364325847;0.033898746194580956;0.0077408986046179264;-0.35785149672702105;-0.6634099228104207;-0.7295873061973854;-0.9948219495374376;-0.43874243151529935;-0.2490909069511335;-0.7505425709418887;-0.8665795495471664;-0.4567297906242639;-0.052189372665908486;0.09752164199241813;-0.9904447097971582;-0.18553077242714272;-0.009852418878244175;-0.010662446199459795;-0.4365294793959828;-0.3706723469145739;-0.02937526189639295;0.05066986964160066;-0.007877572292128742;0.5;-0.1007645149085322;0.0031791934857890486;0.06485144390887905;-0.007636143902724943;-0.9684232795087738;-0.8323654769257052;-0.01221532886804047;-0.7657603480666665;-0.9960293637403705;-0.7409091220642497;-0.7803084618389796;-0.008915320988430921;-0.8231795690666766;-0.3930688046493005;-0.7205881372678912;-0.24089253639404673;-0.26731352566125893;-0.8104925259355192;0.15502992975061483;-0.012172991430207402;-0.11428195693774783;-0.06590283027063014;-0.9499294430179906;-0.016342826943067452;-0.10327822106574433;-0.0013877677252961452;-0.012615519013854222;-0.013898708492455551;-0.052776348276773175;-0.013042614306443184;-0.003614053038784234;-0.000300430028454318;-0.5551910905123947
Rodelbahn;-0.9554520742109824;-0.15320469942919274;-0.40777793438481963;-0.0714423981004184;-0.4958024574358274;0.00605387652750028;-0.03253207028331195;-0.09227901889120928;-0.03296163219027516;-0.9743532205825325;-0.046138853968537445;-0.9588974710764454;-0.029891316878723335;-0.06937579379623715;-0.05027920324622698;-0.1807916680464305;-0.033944996546590465;-0.9418120951030923;-0.9742438929473499;-0.9766375393164588;0.004599853830916587;0.33406355215024175;-0.8954200387018314;-0.838046726338468;-0.019693024710737764;0.0106185063608531;-0.704528085206955;-0.9171078409504134;-0.9997076403280134;-0.9931645912194519;0.1703862644578973;0.03200106429032763;-0.062087655749076966;0.002725976242737711;-0.11387142939128224;-0.7138135450633143;-0.9525558994469654;-0.24197083406482148;-0.7111835452797927;-0.5418123067943014;-0.012206396025155459;-0.35301960815909994;-0.9830565056550861;-0.7113871692527218;-0.04675654226386811;0.00419996481076427;-0.9994171126772963;-0.19440640449239727;-0.7474799031219262;-0.9864305264034288;-0.037920448596393375;-0.8315202395126079;-0.9146713451134465;-0.9242582407958414;-0.8550401847233464;-0.0235077323601183;-0.8325846682035485;-0.946205368674612;0.20318252708979734;0.08568092426746972;-0.8746255818364563;-0.7474941389283485;-0.964093390456375;-0.9830402498941745;-0.882388312762358;-0.3294845780405853;0.04653389464643487;-0.9989201123256559;-0.6702780257670701;-0.08155695188104699;-0.08773984865533825;-0.8736362640593484;-0.8401608226074678;-0.9993430725129088;-0.02281429300759098;-0.06616994809740176;-0.8992354850914678;0.5;-0.10119469446333193;-0.8438509244089802;-0.06425770961670213;-0.9963595750435199;-0.9779305455552871;-0.9998846380038335;-0.9668590548009056;-0.9995534930887181;0.34244895906714673;0.23311075618183946;-0.07431163943355734;-0.9764959612088892;-0.8524978482913558;-0.9583590928391864;-0.7390364028197184;-0.7650310465417859;-0.9744683290002243;-0.9833260120906058;-0.09907639665297793;-0.027450498809976704;-0.3863596352622614;-0.9941282484605676;-0.12912363430523602;0.16787078560255453;-0.012249907198378516;-0.1023508105835688;-0.11172861344861026;-0.3320975429600196;-0.10549129842952915;-0.03135434137787405;-0.002674708661574452;-0.9176189113252431
Sakrales Gebaeude;-0.9947779999922848;-0.6164095279603864;-0.8594659242174162;-0.40595306101699996;-0.8972678722119874;0.011532260851474163;-0.22997793830870558;-0.47449711895776975;-0.23238838797212502;-0.9970452319885917;-0.3005158612372022;-0.9951971655519526;-0.21486935087447712;-0.3983613705122339;-0.3198292974130218;-0.6621806350628991;-0.9999157577483312;-0.9930920358979353;-0.997032341717221;-0.9973139803018735;0.1261072588836619;-0.9864171631402759;-0.987021031146947;-0.9787055866175776;-0.11643606147716189;0.008966289475821598;-0.9549107714815588;-0.9899263227180339;-0.9999670752662569;-0.9992257183192902;-0.9924065479472065;-0.07836120720910109;-0.9998994701351348;0.0017465637075402677;-0.5330089342584967;-0.9568101039079484;-0.9944235825480597;-0.7392579773160137;-0.9562764120949521;-0.9130661500440667;0.00435621560702353;-0.8289533746960841;0.2884171095607128;0.3091186857705871;-0.07687938372481441;0.0035464574035794765;-0.9999343399169317;-0.6818727417761484;-0.9633582372852244;-0.9984536189882346;-0.25930450829945056;0.32841215107771754;-0.9896059633075592;-0.9908579087297504;-0.9812698323608543;0.043549994733278696;-0.977862093642901;0.21901405183007003;-0.995345746133689;-0.9999343373055434;-0.9841172494522211;-0.9633608995037928;0.19662148888000563;-0.9980613584951574;-0.985215250351271;0.4234142730013415;0.14188864298676734;0.12521294688983897;-0.947522337404468;-0.44093748040328984;-0.4606990091915921;-0.9839760911291503;-0.9790295038573456;0.13201135269160583;0.13454392466800352;-0.3862630157035809;0.25199426771220196;-0.8988053055366682;0.5;-0.9795915126374606;-0.3788532867787664;0.11438346030135066;-0.9974656089103753;0.0016708231706728286;-0.9961556665750271;-0.9999497087513369;-0.9956076020214005;-0.9964605691722638;-0.41623465341484606;-0.9972973560952155;-0.9808918644766865;-0.9951318421303579;-0.9617638070083087;-0.9665759164296341;-0.9970588010772091;-0.9980945141014275;-0.49412299237849205;0.00862277625776249;-0.8483064671132095;-0.9993354484659557;-0.568391237208145;-0.9012738835342335;-0.09922269915451981;-0.5031617107243666;-0.527675593901334;-0.8153727891940127;-0.5115914111024364;-0.22330208148870262;-0.023266110794243705;-0.989993330493826
Schmalspur;-0.7987426434258114;-0.032394094537673154;0.029198995131223978;0.004237291720899257;-0.15394939238563143;0.004864392092361864;-0.006183792191377629;-0.018464197096046395;-0.006267698506328606;-0.875467488398746;-0.008871261883556527;-0.8119223534756653;-0.005669296797434634;-0.01360684252640898;-0.009701353091548235;-0.039235108906939466;-0.036209120437394895;-0.7496907399732329;-0.8749907110489683;-0.8855246131108346;0.01743466867073602;-0.6020675909337828;-0.613055994066816;0.0586603835544807;-0.04533615681877127;0.012380575073768007;-0.3061437000433248;-0.6718402171123578;0.026941968898372137;-0.9641400482964143;0.0460938937255377;0.004767983915152888;0.005780250907270792;0.0031783435109276176;-0.02322659495314325;0.10727794884870857;0.03562551208051485;-0.05577338826472967;0.03703097904226063;-0.17953163058262664;-0.02681422237797846;-0.09170793550426252;-0.9147932923105204;-0.3132359665845956;0.014081368469750883;0.0048969330942720424;-0.996858063037828;-0.042745996103941634;-0.3538981250497519;-0.930803991015899;-0.007240693041845536;-0.4773343763038607;-0.6648291750344786;-0.6930669971406168;-0.5218678444812801;0.04714952018394409;-0.47923507360733647;-0.7649696093451718;0.029318926774739244;0.0214799396820362;-0.5634871208797015;0.08994090111212337;-0.8324514991403368;0.1837417067664664;-0.5812919252851895;-0.08334963868806154;0.0257441611838247;0.18536250572947285;-0.27334404380876093;-0.016166062056126997;-0.01748600540411995;-0.5612741873908919;-0.49306556343187524;0.1470603186899934;0.07924186903063202;-0.012942232738293797;0.10709252417542238;-0.15614907559101981;-0.02040848736253941;0.5;0.008422834504386176;0.058082141816064865;-0.8912990493285884;-0.05116625328874975;-0.8437130240635417;-0.1628961869127989;-0.0042804936803686865;-0.8543405894619922;-0.01463732892805727;0.06206554575263701;-0.5167845000866339;-0.8098406090187729;-0.34384672319887954;-0.3759670508666255;-0.8759699217499725;0.5521584076973328;-0.019943754775820326;0.05453344015049657;-0.10434943873108314;-0.969068150466723;-0.026703493874778213;-0.15979889886818602;-0.0022896225619196873;-0.020662865691119064;-0.022745736179651407;-0.0842559205481727;-0.021356509198390602;-0.005954055670268584;-0.0004960184913273967;0.06855011802271388
Schmalspur mit Normalspur;-0.9968084674185494;-0.7248711416206493;-0.9093133395317294;-0.5283937902865722;-0.9347252793624568;0.013350723492549921;-0.32871172830017037;-0.5968406235511189;-0.3317112341608527;-0.9981957317615702;-0.41327953318480276;-0.9970651299089631;-0.3097257658657937;-0.520518685278391;-0.4353297582944104;-0.7626829376717927;-0.9999486168049334;-0.9957752717575585;-0.9981878514605123;-0.99836000950632;-0.999695992432007;-0.9916713521536116;-0.9920435127173616;0.30574779030212285;-0.9999974040262481;0.008661196792964246;-0.972006572174611;-0.993831567504066;-0.9999799181038367;-0.9995276030982205;-0.9953548000047716;-0.9999924603447834;-0.9999386818565028;0.002223495472876557;-0.6517286423082082;-0.973205970039522;-0.9965913857166844;-0.8229602669456195;-0.9728691348922576;-0.9451156538237763;-0.9999985721567987;-0.8882159496713585;-0.9988178304437789;-0.9728952944676946;-0.9999853268631288;0.0034257832935797685;-0.9999599512081645;-0.7784764510702392;-0.9773271877877459;-0.9990562533496417;-0.36466617196822254;-0.9862771951520769;-0.9936346026802647;-0.994404048724977;-0.9884919111891547;-0.9999988046445267;-0.9863799086528283;-0.9961110686429249;-0.9971560882436387;-0.9999599496153303;-0.9902523123609721;0.5040144773490047;-0.9974489735276714;0.3671827152462054;-0.9909300950574372;-0.8773876588555165;0.16358845637052974;0.3455947263024414;-0.967323638321876;-0.5639134555544982;-0.5834347151579244;-0.9901651346496264;-0.9871040679737973;0.3113698708738422;0.28199379299421623;-0.5078419410111631;-0.9923638560972751;-0.9357422903832978;-0.6211467132212335;0.6628505126792494;0.5;-0.9997491604480826;-0.998452680291597;-0.9999920772051724;-0.9976517211754259;-0.9999693254778251;-0.9973163659553849;-0.9978382258653647;-0.5389629339061743;-0.9983498486302333;-0.9882579382563406;-0.997025136753165;-0.9763256649848538;-0.9793444914809925;-0.998204026963077;-0.9988369308671108;-0.6155989221546684;-0.9999982487539723;-0.9016592332032245;-0.9995945679035394;-0.6834578820578613;-0.937372598983607;-0.15297276306053312;-0.624118259449767;-0.6468528301948152;-0.878651842462556;-0.6319966929034669;-0.3203622101187351;-0.037586540577957656;-0.9938727592787885
Schul- und Hochschulareal;-0.0033530537459578245;-0.0006606061914601417;3.656844501142607e-05;-0.0002810354393819703;-0.0035800274670088924;0.010949831774048046;-0.00012284507625906298;-0.00037130029579036017;-0.0001245222344441884;-0.006684301507835051;-0.00017670176232839442;-0.009804538411824541;-0.00011256717079223437;-0.0002723023124088123;-0.0001933946361620006;-0.0008056937335122102;-0.0070306995638888415;-0.05583608084644349;-0.002150700646597331;0.004371409242905973;0.0362002855147825;0.0048131715846494805;-0.00044924972405098603;0.000816832833606365;-0.17100035626379514;0.020124419220961053;-0.008636760939823991;-0.0065942876035777;-0.9258914139462318;-0.03141966001525306;-0.0020470079711051702;-0.21775581404923902;-0.31449911206222675;0.0019949120921440374;-0.0004692995686920498;0.0012663877272020877;0.015200353719265978;-0.0011649488689149219;-0.008916735699577889;-0.0043019867676955025;-0.0034912144488051466;-0.0019896593873998123;0.040967301165878864;-0.0004953239342466361;0.09410198737651593;0.007662703699489708;-0.02139431257678076;-0.0008809429618288248;3.84892817011503e-05;-0.2098652946519048;-0.00014399119218862574;0.0046918931234338065;-0.03768958408903663;-0.0018920331830670958;-0.0028741989853858473;-0.031996868230061364;-0.017846317488141382;-0.009830911170528023;-0.010300882518378896;-0.8623427651404114;-0.0016366132769100397;0.0020079537091007484;0.008905763321571928;0.050903030386883465;0.0004744943959873478;-0.0017921867807664986;0.3708178685981481;0.3082528761621564;-0.0005794749258309026;-0.0003243424971042767;-0.00035128659032823624;0.0018946458163647904;0.0029232005378242855;0.35280449557864857;0.31875214571815447;-0.0002588311302114142;-0.031576720491226125;-0.003640424956480096;4.705343473999435e-05;0.0011468455137456613;-0.0002508395519174054;0.5;0.013029640507049947;0.03666798396336825;-0.09632650576304068;0.024406422802538245;-0.015617338453431582;-0.018392355626465084;-0.0002932247733445406;0.052182126211987465;0.0035409062628749743;-0.003334331909278103;-0.01024120955362587;-0.01175624532479945;-0.12238507884391163;0.0037443041810239206;3.0081692156196655e-05;-0.12100904983804413;-0.002295175421763603;-0.05738177094251173;3.171594487742469e-05;-0.00016061195091853742;-4.5310830769661457e-05;-0.00041642782216508507;-0.00045936211690029673;-9.651495477484184e-06;-0.0004307060367621862;-0.00011825441666753124;-9.798765855922408e-06;-0.001194078339956357
Schwimmbadareal;0.0028520922998935263;-0.004066376890905479;-0.015301222197434107;-0.0017333143730170512;-0.021709967100060644;0.009520681301423096;-0.0007582794193438085;-0.0022889639710531513;-0.0007686252576184322;0.17030913979671555;-0.0010904139804345952;-0.3449008432206244;-0.0006948744731327595;-0.001679527750214008;-0.001193321492108176;-0.004955757287810781;0.06444112602550713;-0.2675446562362126;-0.46051880411371626;-0.06970261495218213;0.023281408253523476;0.04155427542389937;-0.1619346552078382;0.013976895638205419;-0.0877311836330382;0.013876307093513519;-0.05106263672281196;-0.19979764545484563;-0.9872070961124801;0.03590412025921342;-0.24928716101302356;-0.14915759390594033;-0.23011487472849454;0.002278325191115327;-0.002891638358811736;-0.05328890109786965;0.029452851883416363;0.0016577375799789965;-0.052644882268026126;-0.02599269120086341;-0.02236740026635977;-0.012163992634373937;0.08662817081771397;0.0003904909535412313;0.08435264644026204;0.006173409062930005;0.23400103658401927;-0.005416508086683351;-0.06261861859855301;-0.04377585007637232;-0.000888709730144832;-0.10021805058792167;-0.19478865018711156;-0.01697539158172366;0.011026091867927164;-0.01582061438388593;-0.10090701863042945;-0.01804430802833964;-0.3520692999809652;-0.14627886302813767;-0.1360193911839008;0.005591485621185732;0.01732266482818347;0.14439225252650228;0.0032377515213814862;0.001464738524371644;0.2622956100765164;0.25726505642761477;-0.043864204135052376;-0.001999967306927193;-0.0021658089464333323;0.0013268764157545981;-0.10604243252738069;0.26964574495388205;0.23371647142359867;-0.0015965503046808847;-0.16763452307429477;-0.02206945444471292;-0.0025343910896247074;-0.10870095067141158;-0.0015473197084030972;0.08047853005842388;0.5;0.2165747899810221;-0.3970047789036275;0.22095883286490806;-0.36545005631528193;-0.024870851773325167;-0.001808379376578263;0.03605237375279946;0.03913026743283093;0.0956764900948551;0.002289721272472679;-0.06844778025549368;-0.46275118617568756;-0.005962975605625828;-0.0024756504802923482;-0.11866416057285316;-0.014009866063885379;-0.09037736487155004;0.0006647176700411601;-0.022669497237481854;-0.0002798000404495878;-0.00256656431681339;-0.002830552966892097;-0.011096603694485624;-0.002654369287490316;-0.000729960229075878;-6.0519726050530164e-05;0.02035210463753736
See;7.596142061217195e-05;-2.0873604419885515e-05;-2.7665067019308495e-07;-1.493605817392454e-07;2.6613988194467706e-05;-0.1324545370645682;-1.768499455267409e-07;-1.1728929260635099e-05;5.135758746347577e-08;0.0006786597824618578;2.8302193026637594e-07;-0.00039642240627032896;2.4619390628230813e-07;5.193937313833712e-07;-6.108050967982267e-06;-2.546160985567954e-05;-0.02474858282113222;-6.745599637857543e-05;-0.0006833384383155547;-0.0006493045382638771;-0.0030624161303969997;3.251291752557754e-05;-1.5287703534252392e-05;-4.984303646238437e-05;-0.1882137387320206;-0.1446838413074278;-7.446609383156019e-05;-0.00010565571687197673;-0.14205983534276378;-0.0010086451874610556;-0.0006222306812991234;-0.19531722009311783;-0.040032708407656305;-0.11446167682584203;-1.061819271171726e-07;8.74605183663302e-06;3.370146207476326e-05;6.964504760425476e-06;-0.0002840202251867597;-2.2166656244419463e-05;-0.29393601227322397;-6.294963794689026e-05;-2.1700805603182446e-05;-4.1054195055772394e-05;0.000855640452173738;-0.08515309468900319;0.10287331524157722;-1.9727264846708074e-07;-0.00034140363792716394;-0.0026361446664890714;-4.547506972631334e-06;-1.5251948095737093e-05;-0.0012352255242485493;-5.227670187376729e-05;-5.385730645676768e-05;-0.19655719126287177;-0.0005734518117072493;-0.00025278075345197245;-0.0002971966776514476;-0.05022793482770576;-4.969685823588698e-05;-1.0000176803151988e-05;-4.1599453325749415e-05;0.0011019792299109031;4.223193440233702e-05;-2.1200721342355613e-06;0.0012850552721544765;0.00519246715863028;-5.074127673457074e-05;-1.0245122877651526e-05;9.280276678974362e-07;-0.0007970302012053309;-0.000606078335560264;0.00987504170539221;0.012778713017615424;-4.11997031691931e-07;-1.2577196551497112e-05;-0.00011536199616641238;2.1703784655275353e-08;-3.190235883021624e-05;-7.922794827537224e-06;0.0011578809659284625;0.0011072283115658652;0.5;0.0009498160452895409;0.13806546574183182;-0.0006999858761617041;-0.001135938287569658;-9.26191697110979e-06;0.00025337701048974573;7.761287449496043e-05;0.00039718890113516674;4.128861351098498e-05;8.207602496220516e-05;-0.0002891778669036507;0.00010753114497520369;-1.268789552512363e-05;-0.30638014457154417;-1.4992526879484478e-06;-0.006350649962965518;8.563033882166556e-07;-1.7207828149138953e-05;1.6163796632365922e-07;-3.6055487019830266e-07;-6.575604009154679e-07;-1.091362178191622e-06;3.1660333554312985e-07;-1.634941989349538e-07;-3.0942285102945075e-07;-6.06050419389734e-05
Seeinsel;-0.4236849867752631;-0.006163258989224649;-0.02305737782470227;0.0005613492565646087;-0.03260712850280432;-0.08698200681013796;-0.0011512683580460921;-0.003472494819794786;-0.001166969810140056;-0.5656371832923142;0.0003907526175458572;-0.4443394742916532;-0.0010550376050193929;0.0007347610280557088;-0.001811368370396555;-0.007507803090519777;-0.9786354543437071;-0.35682877609714614;-0.5645641939779688;-0.5889682712798261;-0.11321732591141019;-0.21890978357306035;-0.22689241934595636;0.01016546265184269;-0.08521110649657343;-0.09283906600803622;-0.07555527236763161;-0.27496051619580514;-0.9915403359056505;-0.8327852553440918;-0.3352673258775787;-0.9968070277345492;-0.9746092544340599;-0.0038467157658618805;-0.0043854180864594545;0.002212262506013582;-0.03356791032750839;0.0019473032016622054;-0.07783420571684116;-0.038953938172732135;-0.3726050940404384;-0.018359543580093715;0.09935740302586164;0.0021857645309372375;-0.1767901798024402;-0.032541525574185375;0.3021360569481262;0.0012446913139108726;-0.09211611292905597;-0.7136110104488288;-0.0013492047339466798;0.03329494102565514;-0.2686999108392402;-0.29491704860067675;-0.0027867981126506996;-0.04688543187568009;-0.14563860754272115;-0.001046677444996246;-0.45214821201236577;-0.9832688549989337;-0.19297532486010813;-0.09212242067197197;-0.4792578068062394;0.08920995707911662;-0.2045591382922848;0.0018898537680738408;-0.10109968706777284;-0.16778467900309033;-0.06514107069520339;-0.0030345241340733646;0.0006590104832582839;-0.19157885803382838;-0.15266398007760695;-0.1524059064264139;-0.13588459060082597;-0.002422931449871127;-0.2342396519333334;-0.033140945199094364;-0.0038443334249730256;-0.15628697593645835;-0.0023482788245740792;-0.9036734942369594;-0.6029952210963726;0.2821813828385697;0.5;0.11523248794669128;-0.4665934874477315;-0.520723203554997;-0.002744102784843008;-0.5874697327572335;-0.16534900092184474;-0.440990364915714;-0.0884816176641806;-0.10039709538281673;-0.5667710625951321;0.11333301791388711;-0.003755346057286752;-0.4826182206301472;-0.021125479442169717;-0.8530129255666573;0.0008939657513894868;-0.0340315335550562;-0.0004249157836751185;-0.003893071018209123;-0.004292912699153309;-0.016757718431613465;-0.004026074054698053;-0.001108288628934326;-9.191818747016242e-05;-0.27630655551610084
Seeteil;0.0006020905484853973;-8.081290044855464e-05;-2.007290236009355e-05;-6.053178708316255e-07;9.973881702985448e-05;-0.04397420991619325;-1.5020719811870301e-05;-4.541015842885614e-05;9.803903861876475e-07;0.0019235783126840985;9.777404118420252e-07;-0.010313907717064351;4.272904479131414e-07;2.8953000823236154e-06;-2.36485388506214e-05;-9.857422764557616e-05;-0.07233465694052703;-0.0003492435211567264;-0.016616235876248067;-0.0032103682925642557;-0.012754309156814761;-2.8842330179042394e-05;-0.00010636010284236187;-0.00026142240500627524;-0.21743207067080653;-0.049191248797052264;-0.0010640006971650694;-0.004917993748168335;-0.6043501834669988;-0.006754004792323725;-0.006530092650587155;-0.34071450897328553;-0.11428690344427701;-0.06058726401885656;-2.5631313592972683e-06;2.2378685232141402e-05;-7.261568599468838e-05;2.70525735137477e-05;-0.0010987641017029353;-0.0005279566209066533;-0.4004593574888216;-0.00024368231479439886;0.0006679544665421927;-0.00022119515602807562;0.036082129134540425;0.011345374976870817;0.2664030759701667;-5.377406848257028e-07;-0.0013205408340123304;-0.03145189684063831;-1.7606660098989236e-05;8.720896845607705e-05;-0.004765601204448656;-0.0005940186729800099;-0.00021103358730695295;-0.2216008665600456;-0.002216621751067684;-0.0010135815229391123;-0.0018561732385007253;-0.43371367562603996;-0.00024144853492492487;-0.001320640303298022;-0.00011692406675398593;0.004467184629865376;8.949050924054936e-05;-7.343516128188299e-06;-0.004302911187470307;0.0022063684374988373;-0.0009072668332598406;-3.966556750624373e-05;-4.296172017530313e-05;-0.0030788685096671616;-0.0023425172568270923;0.004104660478647133;0.01624351198625753;-3.1652013756001087e-05;-0.0039706362596294885;-0.0004465069112818664;-5.029124866298867e-05;-0.000393241528675899;-3.067452217488899e-05;0.0029839414038158657;0.004373709414149624;0.5345573931035716;0.0015017421181718487;0.5;-0.01127140040832136;-0.013961586883965324;-3.585903600414638e-05;0.0012681386736332254;-0.000249036779731816;0.001166134201865576;-0.0012634526997044862;-0.001452310685970802;-0.0023409877217457644;-0.0010648248913916354;-4.9122792582156856e-05;-0.4585014080979902;-8.040534678058519e-06;-0.07031270177419091;4.793715613458926e-06;-0.00045892280553026115;4.378090811470746e-07;-5.0931289035366e-05;-5.6184494732768014e-05;-0.0002220640794202684;9.978169134162303e-07;-1.4459344691165503e-05;-1.1980122961793382e-06;3.6361221100681607e-05
Sesselbahn;-0.45664942429796235;-0.007039583213452869;-0.02627229586522551;-0.003005807512873937;-0.03710300991376277;0.015031757695086998;-0.0013159052522783514;-0.003967759623685568;-0.0013338490888384963;-0.5981825526252427;-0.001891823519046673;-0.47757922795279867;-0.0012059296547302705;-0.0029126492603836667;-0.0020702070832830485;-0.008573652362978959;-0.0226113726408409;-0.38809437683363757;-0.5971326982338261;-0.6209370265694896;-0.01794738244178267;0.01804231775113884;-0.25121987867998613;0.015143058754939882;0.08689678731516368;0.013625325088993936;0.006584687292214189;-0.3024257462235998;-0.0878465055729445;0.00017472304750485267;0.05342071189880289;-0.008472524331607254;0.051084255090421145;0.0037506581665765096;-0.005010233997335669;-0.08903462665458034;-0.44032056280368764;-0.012353780318764192;-0.08799876116252411;-0.044284859823721975;0.01914620013688339;-0.020933472482417184;-0.05332642014689216;-0.0880783708001987;-0.9945765305131643;0.005754288647425467;-0.9853343908436768;-0.00936760248386849;-0.10393556400952747;-0.7401623304943914;-0.001542103777943487;-0.16205485294178137;-0.29579491019909354;-0.32348630487567565;0.005176954600391543;0.029733525251240827;-0.16309187583625476;0.019332829793174293;0.035588540311212495;-0.07529176160930677;-0.21467599358818873;-0.10394258843976073;-0.512699518580493;-0.6943105012533506;-0.2271957210884596;-0.018891426555513;-0.09550457909940259;-0.11418855640972048;-0.07378062260250241;-0.003467540696650569;-0.003754618882304815;-0.21316396883643762;-0.17079086270738206;-0.13999771161853902;-0.0903624189841938;-0.002768918143432692;-0.2590908779357502;0.01341890917097695;-0.004392397978599574;-0.0009064451633805672;-0.0026836340446151174;-0.16749135688578598;-0.634549943684718;-0.23773754509800746;-0.5334065125522686;-0.9887285995916786;0.5;0.09258914067204158;-0.0031358075311518053;-0.6194797380650645;-0.18465383490200885;-0.47419338652818954;-0.0998860328004822;-0.1131466618217797;-0.5992916598720384;-0.044138582754406984;-0.004290778837291667;0.005595135477557445;0.003623855822447919;-0.8690124834948785;-0.005776365723008147;0.024666617392980997;-0.0004857312897168801;-0.004448052785390823;-0.004904613758249597;-0.019111450458999;-0.004599928684083845;-0.0012667870109007724;-0.00010507886589363959;-0.3038498919447097
Skilift;-0.4035717848513184;-0.005675485128769136;-0.02126116954840839;-0.0024214498100067435;-0.03008989212958308;0.013099725283937363;-0.0010597314903706668;-0.0031969889184203814;-0.0010741858691242815;-0.00212981759456697;-0.0015237039672749847;-0.4239670758230076;-0.0009711445653887552;-0.0023463597892894586;-0.0016674348406338626;-0.006914359376169874;-0.03284160570389672;-0.3380278364209148;-0.5440768858493576;-0.5687521028215903;-0.016868600638913007;0.016354759077818116;-0.2126738926786876;0.00896545103597893;0.058683532659624386;0.014326271271718793;0.006299928242438037;-0.25873785437195806;0.030025534294952104;0.06750705794171803;0.05988044638828142;-0.0006260547355246912;0.0267998060477852;0.0036844813182926517;-0.0040377748147827535;-0.07294918509860437;-0.38778631666290175;-0.009970261311298436;-0.07208565529990471;-0.0359649503014354;0.02423814064730889;-0.016922964990419603;-0.6466986695881534;-0.07215200779455462;-0.09882345447181541;0.005506205281939375;-0.9818489680453908;-0.007555824217710269;-0.08541044879509929;-0.6963648026780647;-0.001241949595589382;-0.13472828739167703;-0.2527178759649102;-0.27796836136322256;0.0023994753465819297;0.0006699330614735003;-0.13561874377126842;0.01470546805414846;0.02920182170747452;0.03431910207905511;-0.18038633365411874;-0.08541634056166515;-0.00824774083462852;-0.6464757590817068;-0.19139368019790076;-0.01526604121535988;-0.05691720587225867;-0.05756940158443514;0.0021290409191048847;-0.0027936691814342517;-0.0030251268076866137;-0.1790607539999888;-0.14224124501933388;-0.12668300514615766;-0.05577586649962696;-0.0022305109649501617;-0.2196915381610204;0.007354336686223217;-0.0035394308277362867;-0.14565941053800788;-0.002161774134635157;-0.15881172628008214;-0.0347686852254333;-0.31061545939203455;-0.47927679644500293;-0.9860384131160348;0.07454523456542712;0.5;0.000635430752439376;-0.5672340169933184;-0.15421785058694656;0.011000586504016332;-0.08201662812081024;-0.09315046112116489;-0.5463041451343826;-0.02441400178625724;-0.00345747674894418;-0.008032301160140025;-0.019476768881033696;-0.8423063714456956;-0.00465590036527275;0.005369048394899881;-0.0003911082933647848;-0.003584316843120576;-0.003952573452920605;-0.01544450581289244;-0.0037068108427557875;-0.001020165571390289;-8.460267649679546e-05;-0.0051285416128300666
Skisprungschanze;-0.996271036569509;-0.692660287603052;-0.8955856845056263;-0.48938387768772545;-0.9245250599465428;0.0061859371734631335;-0.29521563076632046;-0.5587646109462217;-0.2980451904364794;-0.9978914119728992;-0.37599262532446504;-0.9965707704683769;-0.27736497773058105;-0.48149657978962174;-0.3974009174035364;-0.7332699815802434;-0.9999399323848608;-0.9950647196841713;-0.9978822053481986;-0.9980833446832564;-0.9996446264215928;-0.9902773060699598;-0.990711175255123;-0.9847233623242597;-0.11881966973288717;0.008755296668149004;-0.9674291490964346;-0.9927964709906189;-0.9999765238811955;-0.9994478012477354;-0.9945739146353426;-0.060254906185517355;-0.9999283184228829;0.002247652735959752;-0.6154968830905501;-0.9688183782822101;-0.9960175459342574;-0.7990496748958316;-0.9684281748791786;-0.9364286702291107;-0.009215934575638199;-0.8717451313534667;-0.998618292683667;-0.9684584776010666;-0.9999828468080638;0.003463002859666724;-0.9999531823581568;-0.7503802813259044;-0.9735961466122035;-0.9988969144185629;-0.32930356922615145;-0.9839948489763618;-0.9925667016069409;-0.9934643859295934;-0.9865728969829028;-0.009958660136871827;-0.984114370405253;-0.9954567361728521;-0.9966769990698106;-0.9999531804961221;-0.9886234727351109;-0.9735980853780414;-0.9970190767023066;-0.9986169460545216;-0.9894133021648569;-0.8595735929593611;0.10226636778742608;-0.9999132234902498;-0.9620104003682883;-0.5252015549159212;-0.5450576864063644;-0.9885218964711615;-0.9849571479026094;-0.9999472318401248;0.19035164312318364;-0.46884092510317793;-0.9910846790115692;-0.9256883605664427;-0.5837653465851539;-0.9853626710719428;-0.4610370660938258;-0.9997067752266554;-0.9981916206234217;-0.9999907380830289;-0.9972558972151571;-0.9999641409639958;-0.9968641924688483;0.25089672619437403;0.5;-0.9980714729882977;-0.9863004489639474;-0.9965240642150567;-0.9724344615665845;-0.9759372447129347;-0.9979011033559142;-0.99864061266934;-0.5780420160489518;-0.011994123644828984;-0.8869170301405149;-0.9995260730314429;-0.6487479846413362;-0.9275540028248734;-0.13381487725080135;-0.5868350670895018;-0.6104170407434978;-0.8609923473579788;-0.594987840656471;-0.2873527322805474;-0.03232778025058108;-0.9928445252020337
Spitalareal;-0.34047474040694947;-0.004335892870008692;-0.016303184601175722;-0.001848483970173867;-0.02312173612973314;0.005432178519896464;-0.0008087155713298029;-0.0024409632762397914;-0.0008197489875410271;-0.004491109316975788;-0.0011629160006243174;-0.3596038781212033;-0.0007410964401225969;-0.0017911299223222102;-0.0012726571525111053;-0.005283907894005716;-0.025713814322764088;-0.2803613149849003;-0.4765650744268008;-0.5015466838899685;0.005905284697200908;-0.16444141378763458;0.012790174381075414;-0.11075695873330116;-0.13987330206962437;0.015483991250544313;-0.054277267540262866;-0.21030071281151275;-0.9879959560212677;-0.07470838950493375;-0.2615415042837372;-0.17354825700902385;-0.23315385784038553;-0.0004398060984034279;-0.0030835347400311837;0.008440068681283613;0.0758921499131729;-0.007624740681872013;-0.055953249413083654;-0.02767508129282079;-0.007227420900294747;-0.01296322584294249;0.22498241301419353;-0.05600564880905765;0.10864678318998401;0.006124569372843992;0.10691188180803392;-0.005774990717438608;-0.06650976258639472;-0.6363303330298241;-0.0009478130870997537;-0.10618097881534036;-0.20509589114006235;0.01225585729750105;-0.004608999045644259;-0.018496160964197622;-0.10690606959399715;-0.017858597990773967;-0.36690677034997393;-0.2265451647021412;-0.0013354300307339584;-0.06651444537000141;0.03973435468619745;0.037245699249814156;-0.15296219435706337;-0.011689389298202459;0.28764935759050225;0.32262801462604174;-0.04664793729806206;-0.002132816730815277;-0.0023096490390711985;-0.1426687605696683;-0.11230865351015563;0.36277847242996464;0.2809461007621282;-0.0017026481501593797;-0.17682043093332336;-0.0235040387911109;-0.0027026439047843887;0.008073259928269183;-0.001650151369766695;0.3437619707818833;0.03845230004398573;0.05285990585962612;-0.41253026724276665;0.06833082223128831;-0.3805202619349355;-0.43276598300668156;-0.0019285270117023617;0.5;0.019834649960809102;-0.009123698352747792;-0.06381456661091275;-0.07267306790687823;-0.47880620488951786;-0.017867859328653955;-0.0026400139530963432;-0.11693661904615764;-0.014928549222045272;-0.8029626505822787;-0.0035561013717288203;-0.02414212335678646;-0.000298420148212269;-0.002736947183125764;-0.003018407839588984;-0.011826543921792379;-0.0028305645961257345;-0.0007785142276711485;-6.454812949279852e-05;0.03539167591131382
Sportplatzareal;-0.7877291216413336;-0.030353728415002664;-0.10645380975677861;-0.01313738524083778;-0.14540328938192798;0.014782835419126393;-0.005784432367091599;-0.017285542104304545;-0.005862951837338263;0.1888750400537992;-0.008299790178832105;-0.8014507884967897;-0.005302986662686767;-0.012734232167487473;-0.009076898027455451;-0.03678023508385482;-0.007865544744210605;-0.7368771867433493;-0.8674573640384432;-0.8785379437186804;-0.03229632456749614;-0.5858715353285199;-0.5970078175952698;0.11506553564309069;-0.15780619579951183;0.012462886979558312;-0.2920654934131786;-0.6568654753570653;-0.9983126469398945;0.10171541587029448;-0.7179870438353001;-0.9993658307074457;-0.9948654083426659;-0.001522907033265141;-0.021750670826758522;-0.3014611438288577;0.003364008118468994;-0.052340114354991654;-0.2987643713227734;-0.16985049695846416;-0.08578197333039136;-0.08626471106674584;-0.9094102082758161;-0.29897214745182626;-0.9987665564320035;0.004929491311946164;-0.9966405258250253;-0.04008061613022756;-0.33869585533906293;-0.9263509760000977;-0.006773541976592765;-0.46060981722937855;-0.6497013147889193;-0.6785975014644332;-0.5050908185478615;0.011292932712215056;-0.4625028488853525;0.03642731898690698;-0.806427286725591;-0.9966403926544312;-0.5469025380937501;-0.33871274850789435;-0.8228735789426418;0.18418201240633728;-0.5648614244088567;0.024444325211448906;0.2352059419761281;0.26389497362159575;-0.2602085054863467;-0.015131846030369883;-0.01636875157355036;-0.5446734661894859;-0.4762921008944339;0.3033567581121732;0.2691801022495311;-0.012111720636436025;-0.6069311953506996;-0.14750215170864425;-0.019108135523313443;-0.48321549991336615;-0.011742061743659509;0.16768086665903859;0.3000090074661301;0.11639275992254022;-0.8346509990781553;-0.0964598121366391;-0.8153461650979911;-0.8457821494130534;-0.01369955103605253;0.1425796554456411;0.5;0.13849801624403643;-0.3288564609561548;-0.3603454990825921;-0.8684867149534242;-0.9107447881955513;-0.018672449514979424;-0.053474452883393184;-0.0982370433990607;-0.9669902462128083;-0.025012289253906313;-0.15098602512786627;-0.0021412129911875027;-0.019346625927720674;-0.021299701711036022;-0.07921642671928437;-0.019996986054039642;-0.005569449474683684;-0.00046381334211232207;-0.6583833929152848
Standplatzareal;-0.018638167362993768;-0.007799825051623914;-0.029048816731483948;-0.0033318823241105674;-0.04097598004072873;0.01335546648595563;-0.0014589250220798287;-0.004397728235388672;-0.001478816204961875;0.5543014767831539;-0.002097305779915731;-0.5033936958512738;-0.0013370126779780698;-0.00322865084222113;-0.002295020098362601;-0.009497981737847175;0.050599716233269795;0.05446146502012519;-0.6217188774198773;-0.6449342947417169;0.02386544812492497;0.04344304125747062;-0.27114945224223347;0.0117476496734499;-0.029198708847574032;0.01443679861732631;-0.09387738584484587;-0.3246562431326197;-0.9933144170868162;-0.028536495245685033;-0.02075314875406855;-0.14478904878244195;-0.9798618496493615;0.0035423446664181028;-0.005552541199207591;-0.09777797709962871;0.02115468062383508;0.0020357498706349525;-0.09665118050765548;-0.048869454267421474;-0.02543723807944286;-0.023159192797182315;0.03962067370502675;-0.0967377874243769;0.05404466121653923;0.005710298057966488;0.18141137406345234;-0.010376632103218536;-0.11395915734285317;-0.7595347895565928;-0.0017096659522766928;-0.17657896261327405;-0.31776002020258415;0.026144343591062782;0.0178875157961915;0.009584321277830174;-0.17768921947167185;-0.011884239836732122;0.021582099033616083;-0.9867543812472399;-0.23260708751497652;-0.11396677305162;0.019689384211447086;0.07150002037978735;-0.24584517761354277;0.002651430915269187;0.2539859357085138;0.11878573787236152;-0.08115946074091678;-0.0038435119626632776;0.0008834829554361407;-0.23100591870913537;9.534392951272503e-05;0.15009474879138385;0.22577312579127265;-0.0030693739316164964;-0.27941186273210894;-0.041640907160813555;-0.004868157869642147;-0.1901593909812271;-0.0029748632468350154;-0.039651969076765006;0.18421015294041881;0.14958090361925833;-0.5590096350842861;0.11342748513129985;-0.5258066134718106;0.015150485839089822;-0.003475935784943399;-0.01646989342201713;0.03478006610653937;0.5;-0.10956684084911918;-0.12393571272662796;-0.6238290839347973;-0.04189009985859758;-0.004755584488183867;-0.11355372318309512;-0.02662859939870186;-0.8803315640368026;-0.0064010654546696796;-0.04274981336830608;-0.0005385718773734748;-0.004929811043594632;-0.0054355510904189365;-0.021147631386091235;-0.0050980520336613945;-0.0014044758495513694;-0.00011651476439690922;-0.3261361306387273
Staudamm;-0.8833612574923163;-0.060049933400154396;-0.19558422182176818;-0.026449635833369203;-0.2577383624683893;-0.01138108380058376;-0.011734453768109951;-0.03465356279167322;-0.011892774324655424;-0.9306288603871704;-0.016793472080539967;-0.8917505591865339;-0.010763141391640791;-0.025648580936183673;-0.01835112573311591;-0.07229496685032763;0.1536541666226525;-0.8510882543761038;-0.9303464680109844;-0.9365540482702663;-0.08557698268885676;-0.742745192896119;-0.7514526277964246;-0.6462965817172335;0.025809593967367928;0.011640786382608714;-0.45710275609274936;-0.7962011434719116;-0.10143271592565191;-0.9808818500369455;-0.8386016373191769;-0.08612861295393229;-0.9974774740531857;0.002988419274830488;-0.04340695785638979;-0.46829559187785197;0.036651002513500355;-0.10129926654395682;-0.46510007139942944;-0.2945628013658598;0.029612322159151834;-0.16154750982277527;-0.9534613793018591;-0.46534676062477864;-0.01938600299955535;0.004283166995912443;-0.9983510518144375;-0.07852237996474551;-0.5110607767725777;-0.9625039999920378;-0.013726940519008277;-0.6354046094218382;-0.7910205838518924;0.37654027234568915;-0.675622306335448;-0.012949855290841436;-0.6371674180194498;-0.8613227153718216;0.11461956537439501;-0.10124182124730259;-0.7112627952311374;-0.5110796228850554;-0.9045901826137511;-0.9534180751128448;-0.7259712837223603;-0.1478601942777925;-0.02477732319363826;0.01817068591382408;-0.4178699873794572;-0.030402842356083853;-0.03284639639032887;-0.7094126836307566;-0.6498679693591327;-0.041147951290838855;-0.13685583424466063;-0.024410362332957267;-0.7591074636059533;-0.2609635971802816;-0.03823619299169129;-0.6561532768011205;-0.02367433501514624;-0.9897587904463742;0.03582722176721672;0.1263663764304906;-0.9115183823358194;-0.9987365473002954;-0.9001139671995178;-0.9179833718791898;-0.0275655384334154;-0.9361854333890873;-0.6711435390438452;-0.8904331591508807;0.5;0.11155104668592321;-0.9309263012609833;0.15515158926448558;-0.037380987681938545;0.0042851114319829905;-0.1818882201290534;-0.9835484465277818;-0.049750884874621704;-0.266290237846143;-0.004360156586956259;-0.03870400228966035;-0.042526496015631104;0.03539800492607991;-0.03997855579476064;-0.011300847315704415;-0.0009461122482965275;-0.7972928968334737
Staumauer;-0.8682022320204622;-0.05264278275489085;-0.17456376126056583;-0.023085285389639464;-0.23196414802611964;0.011002214586085659;-0.010222197242053312;-0.030278140686999893;-0.010360328417520282;0.0002885900873188338;-0.014638901187358961;-0.8775306922455877;-0.009374873548633388;-0.022383780654380736;-0.015999962916369022;-0.06347939930936784;0.1529739493581558;-0.8325300301192544;-0.9207460407949805;-0.9277427673093308;-0.09292753504312412;-0.715202886016357;-0.7244967682810255;-0.6137974404319222;0.014695361261955833;0.01158301538988912;-0.42274654520570737;-0.77262998869796;-0.999048738964127;-0.9780826818798726;-0.8188185373016248;0.004165239573756647;-0.9971009590105604;0.003027474939543693;-0.037969787503489866;-0.4337702800641425;0.0844100350436743;-0.089287343189367;-0.4306195489599074;-0.266427887260303;0.027623323771483604;-0.14353243510431632;-0.9468649471053568;-0.4308626811028528;-0.9993047725739788;0.0046644883736673345;-0.9981046802069998;-0.06900393110850049;-0.4762063745476575;-0.9571316515238174;-0.011961013658202598;-0.6025201788530964;-0.7670255751183594;0.3486495288591955;0.1195320163065624;0.012681850173256046;-0.604342978740344;-0.8438058885246046;-0.8808837135766582;-0.998104604965559;-0.6817939286059298;-0.47622518723790513;-0.891852406564243;0.10667990389174253;-0.6973648521216829;-0.1311327504849852;-0.09559948483615174;-0.996492558274196;0.06013572529716095;-0.02654936332281116;-0.028692368483139614;-0.6798399878251625;-0.6175027684402942;-0.07373617887809629;-0.06471711114424977;-0.021299729056304936;-0.7326864743387411;-0.2349689534582141;-0.0334240835703658;-0.6240329491333745;-0.02065550851900761;-0.9882437546752005;-0.9315522197445064;0.21849166346413712;-0.8996029046171832;-0.9985476893140293;-0.8868533381782202;-0.9068495388788351;-0.024062755287065193;-0.9273269320931218;-0.6396545009174078;-0.876064287273372;0.09702663571517367;0.5;-0.9213990411161865;0.11180888292361706;-0.03267285137200642;0.06227563695077535;-0.16204322161158669;-0.9811321958072348;-0.04355525343606505;-0.23993726812078323;-0.0037946002706821243;-0.03383508926521945;-0.03719532431234953;-0.13248349857251737;-0.03495513586318949;-0.009843914425789285;-0.0008230258790253537;-0.7738121415192899
Steinbruchareal;0.0009244570725867458;-0.004717928335502079;-0.017720891037510067;-0.002011796705874454;-0.0251172363951406;0.003386924392510971;-0.0008802462438403923;-0.0026564819830047783;-0.0008922546912586056;-0.4988458883608617;-0.0012657359186007665;0.07985657910059143;-0.0008066510472528642;0.0003893564192639831;-0.0013851664447857004;-0.005748990649124689;-0.05411500969267297;-0.2977899778529388;-0.49775440821999456;-0.5227374976505305;0.028871347999151493;0.010496192981646012;-0.18322760138781485;-0.11939137365857071;-0.035324302950057826;0.01532442401515055;-0.05879977151570936;-0.22473416923197131;-0.9889614430162322;-0.7919644933963393;-0.27825259533587304;0.009204009960326194;-0.9670405600505091;0.003934181943996333;-0.003355596833321891;-0.061341559133581414;-0.34470969946796415;-0.008294142540089004;-0.060606450743846144;-0.03005146493386918;-0.0181354452934993;-0.014094654738170183;-0.09243244913688924;0.0008440618980022058;-0.05962873052642556;0.006061441707341141;-0.015112274082395065;-0.006283024925950622;-0.0719739366852443;-0.6557243550285375;-0.0010316341944694612;-0.11450459400822968;-0.21927131499364022;-0.2422633624729694;-0.13385671228070248;-0.00738309374494221;-0.11527919432712613;0.009615907762495582;-0.38682359580225417;-0.9782238137678247;-0.15453305452057367;-0.0719789745228424;0.023928096890660278;-0.6029650283151967;-0.16427901338359394;-0.012711069664088477;-0.02335001533835208;-0.28745191250003665;-0.05056873946020374;-0.002321191721432993;-0.00251360290005393;-0.15336191032026214;-0.12104756919778004;-0.05956175486510741;-0.07033808009221118;-0.001853100276639606;-0.18950747406448074;-0.02553167099977581;-0.0029411989227908194;-0.12403007825002751;-0.001795973036923132;-0.8776149211560883;-0.5372488138243124;-0.06566949769125432;-0.43322893740486795;-0.13730567967314833;-0.4007083401279617;-0.4536958548656174;-0.0020988966440857893;-0.5211937951104821;-0.1315132850465758;-0.37617091606520264;-0.06907369873901681;-0.07860095888381356;0.5;0.02984493098542679;-0.0028730567216155075;-0.08443674829983037;0.00533388704764014;-0.10389283080636799;-0.0038696964529404774;-0.026223323228348784;-0.00032483000245237854;-0.002978521015125853;-0.003284742681066433;-0.012860055942188866;-0.003080375949789847;-0.000847375864970311;-7.026202249345724e-05;-0.22591094254448227
Strasse;0.02126777421219559;0.00039898319020702954;0.003802723104954472;0.00038909492953591914;-0.01640091288634535;-0.0022814805056107484;-0.000569861766948789;-0.0017208560657237999;-0.0005776383521975884;0.022944355642201222;-0.0008195350515620519;0.005082000655805182;0.00014095638895305688;-0.001262487066191916;-0.0008969013942950031;-0.0037282396913783794;0.07565496495515941;0.008808762599148694;-0.3907642393027823;-0.41481249445026275;0.01625433323289897;-0.008780915131294859;-0.12677827008927153;0.0032991808451764905;0.005672246179587951;0.014460263748873353;0.0038031842336163197;0.03004815062054334;-0.19292224131946992;-0.02005042734801601;0.03404300916789152;0.019923229973165656;0.03660636107764152;0.002885501315660201;0.00041747499442204995;0.005916873269861302;0.0327635827859273;0.0011514611901271717;0.005704666081316206;-0.019657364495143048;-0.00990325679353871;-0.009167478856191161;0.04802410375891498;0.001156212210308969;-0.02701276529941971;0.005860943803951362;0.055187255059822894;0.0004672623976919696;-0.047794320899225765;-0.011876373041431923;-0.0006679043511659117;0.008908893083983344;-0.15380863497922365;0.02768248774738218;0.009522581419860763;-0.007316446623972821;-0.07777037694081346;-0.0023696172346652734;0.02119952457858148;-0.07054345181206813;-0.006796737429196252;0.009308530948222388;0.1452640190590918;0.05631319416219221;0.00945643114117183;0.0006373754587119422;0.07867875123330927;0.13432286776237526;0.004460663156981714;0.0005350434231261054;0.000561367518684364;0.009229396673417519;0.021744886119895387;0.13727964213671512;0.0715445523700429;-0.0012000888410578032;0.023459746916774667;-0.01667398790939427;-0.0019054858985724642;0.05059783761921532;-0.0011630691328892294;0.017377091707426535;-0.0044804475849477745;0.015803866716983875;0.056065627382096174;-0.04042015781416462;-0.019100246667149958;-0.013121990874088262;-0.0013593873306600051;-0.01258758555320411;-0.08925521180444877;-0.016347879793958697;0.00745047709489346;0.006172865872427203;0.01931528064503693;0.5;0.00029063764877297095;-0.03196259663765261;0.0006748254477648265;0.01952177122026703;-0.002507844935768185;0.0020618425617028417;9.036855235151011e-05;0.0005727471977439411;0.0003175015131607699;0.002360666578540952;-0.0019957512632836016;-0.0005485754802283891;-4.5473863784316396e-05;0.016030186392094477
Strassenpass;-0.9948987138269517;-0.6219528045696382;-0.8622815312079692;-0.4116347054929436;-0.8994147513614668;0.009055675722480365;-0.23416752461977558;-0.4803623533681763;-0.23660839321814547;-0.9971136876506903;-0.3054806745248784;-0.995308235488341;-0.21886192937009108;-0.40400902459236354;-0.32496495137293563;-0.6674193484970995;-0.9999177149498207;-0.9932514587565666;-0.9971010951510731;-0.9973762260246027;-0.9995132362281471;-0.9867285709476327;-0.9873187723188285;0.2797618106392456;0.008842119177748095;0.00895129674982535;-0.9559122280752776;-0.9901580802612154;-0.9999678402454331;-0.9992436950912545;-0.9925816724097928;-0.0010350060802133089;-0.0004032778755047743;0.0022979697689169748;-0.5388557907564956;-0.957771240828074;0.35062568740815137;-0.7437639386077599;-0.9572488949977864;-0.9149141867105938;0.0262245508800675;-0.8322609927893581;-0.9981081602569628;-0.9572894544018689;0.06414993440902815;0.003540527290190365;-0.9999358654263114;-0.6869504483719604;-0.9641791091754631;-0.9984894947653233;-0.26384528715101785;-0.9782035196162334;-0.9898450155129914;-0.9910684273438911;0.2744688596842536;0.0063337239659314315;-0.9783653379985885;-0.9937866058427982;-0.9954533957061295;-0.9999358628755907;-0.9844805567879308;-0.9641817139708112;-0.9959209184671994;-0.9981063173892124;-0.9855538103348631;-0.8171284145111005;0.07200778533789008;0.010859217950071711;0.6827264351078385;-0.4467405402735273;-0.46654510821025746;-0.9843425759952137;-0.9795067665143676;-0.016315162301730732;-0.03752342886285863;-0.39185086145914927;-0.9878270085697927;-0.9009236033470222;-0.505877007621508;-0.9800562452241797;-0.38440107784533173;0.074865898363317;-0.9975243495197076;-0.9999873121044749;-0.9962446539427132;-0.9999508772074177;-0.9957092211627083;-0.9965425232510557;-0.4219579839510482;-0.9973599860469037;-0.9813275504850205;-0.9952444155118161;-0.9626190123180615;-0.9673271486279935;-0.9971269432783845;0.1558574904005691;0.5;0.007394608393941872;-0.8513069735697902;0.10005923592072154;-0.5741490322206945;-0.9033460637306439;-0.10134377311169757;-0.5090380465877105;-0.5335307864366036;-0.8188856446101604;-0.5174636600294708;-0.22740596766955998;-0.023806380906731914;-0.9902235616640342
Tal;-5.4843077464767135e-05;3.2145256808209926e-07;-1.553226372706058e-06;-6.5281821194978e-09;-2.5077024210003387e-05;0.05140932318614919;1.4626687240818707e-08;-2.5925575663604875e-06;-3.9113022919606626e-08;-7.713330378136898e-05;-4.7627400456049827e-08;-8.05759123484359e-05;-9.493082125506009e-08;-7.840158364307284e-08;2.740337719048222e-08;2.2883185652625254e-07;-8.881668982094628e-05;-2.4371069149038455e-05;-0.0009637129021859011;-0.0002018661460371746;-0.0002028737815243629;-1.9098133060876403e-05;-7.820413701036454e-06;-1.7071860902104838e-06;0.04965118728413802;0.07451349248629699;4.107854668977126e-06;-0.0002820742058657533;0.00723621146617222;-0.0004148803401306672;-1.7398412151657328e-05;-0.0016219938916693182;0.0036069435711157927;0.018985615355452682;-3.7746850950591155e-08;-5.918847825998902e-06;-3.7878778407361116e-05;-9.567077467388266e-07;5.909577621450039e-06;2.7474851208643595e-07;0.05231154602355679;-1.0417776460373386e-06;-0.00017524531962478357;-4.662578802195844e-07;-0.023341046347733124;0.02948053712716055;-0.02487603738612247;-5.6664653078711414e-08;-1.2423095845484758e-05;-0.00026661181334635813;-1.0051733961075645e-06;-1.4714232803861209e-05;3.675761324254724e-05;-1.9964643540463022e-05;-2.8453313712295583e-06;0.07470410958811971;-1.7052158357703156e-05;1.2669000452908666e-05;2.0694874885066593e-05;0.0021606621705694733;-1.0030801821947089e-05;-1.1109182400681393e-05;2.0554824349781375e-05;-0.00019211582322582328;-1.605152874055005e-05;-2.0520743727517884e-07;-0.053117667461435814;-0.0022640808068596792;4.211258495061492e-06;-1.7119305406027534e-07;-8.631501185890028e-09;-2.5131210965564907e-05;-1.558310798424882e-05;-0.005214153172536732;-0.010016010279450017;1.3700517091934431e-08;-2.6008926433352222e-05;-7.000501940374167e-07;2.4758149050211505e-08;7.5156777059781306e-06;-1.7512460277848167e-06;-0.0008446189215043647;-0.00013409572265901527;-0.06772151892364171;-0.00035907149684793316;-0.026175649652759047;3.6413982880878557e-06;-6.49288525749736e-06;-2.455497526408334e-08;-0.00012389604098706579;-7.881705899653127e-06;-6.664819678056209e-05;3.09475989826883e-07;5.170894718706373e-06;-8.218620538551956e-05;-4.807054427547379e-05;2.073845302282868e-08;0.5;-6.720785411811242e-07;-0.0006273623045068858;-9.527926133728791e-08;1.6031343117961094e-07;-1.1580211532568375e-08;-2.622375049548945e-07;1.3756601988221623e-07;-1.4390074970294281e-06;-9.150941519484656e-08;-8.254890702913551e-07;4.906472147045256e-09;-3.5831673986433846e-05
Transportseil;-0.971481228005934;-0.22321231501182615;-0.5223554530539327;-0.10889282989716281;-0.6096520427748068;-0.0010271767709803855;-0.050699204056431545;-0.13901684315125298;-0.05135591582407491;-0.9836974409797626;-0.0713441876639202;-0.973721005898144;-0.04665486974027541;-0.10586641369163641;-0.07756246079815916;-0.25954156001148626;0.01737232641822113;-0.9625568254265973;-0.9836272767486737;-0.9851621587631494;-0.006385286194911379;-0.9285013081160695;-0.9315012072191681;-0.8915242891036531;0.03911548643838879;0.010219609220960294;-0.7911043118333794;-0.9461564334047634;-0.999815904859869;-0.9956853733676093;-0.9589664800997184;-0.00018824823199969272;0.034740732754870475;0.0026235709197808006;-0.1695032864733675;-0.7984473909475948;-0.969593986233917;-0.33642553062222136;-0.7963732892472625;-0.6525532051659292;0.007644369816529134;-0.46427299367842745;-0.9892646839718535;-0.7965340351936158;-0.9998654821984588;0.00404218712482574;-0.9996329238162137;-0.27708082844814313;-0.8246039976789505;-0.9914132455937267;-0.058913419989406995;-0.8868619331307979;-0.9445221284202727;-0.950935116715234;-0.9035522299144908;0.015700256080789832;-0.8876239738951989;-0.9654413129281264;-0.974516961076313;-0.9996329092215095;-0.9172177837237722;-0.8246149057813521;0.14504491897785618;-0.98925431929396;-0.9225768044365072;-0.43834617055061487;-0.03604659278111141;-0.9993198101425939;-0.7635213558893749;-0.12360369772529227;-0.1325142803703723;-0.9165324830792467;-0.8930294082080973;-0.9995862853075232;-0.03957220466098964;-0.10115763217028412;-0.9340971697293698;-0.6136403647377386;-0.15169353288679052;-0.8956505612689168;-0.09834076679677549;-0.9977048245782365;-0.9859901339361146;-0.020638785713171275;-0.9788745205578303;-0.028588077911528686;0.14688306278508526;-0.9805232311189663;-0.1130829698594851;-0.9850714507779548;-0.9017629566009393;-0.9733714006012981;-0.8181117798709466;-0.8379567783884134;0.32333630867201657;0.06320794473382634;-0.14869302643020973;-0.041856533827963394;0.5;-0.9962949760127173;-0.19060416052836324;-0.6201252679541337;-0.019316862972536545;-0.15332816207972222;-0.1665103136228354;-0.44125432080224525;-0.15775792135175448;-0.04889702733219721;-0.004241464742641983;-0.9464988531594704
Truppenuebungsplatz;0.010247194564679034;-0.0010674684807125531;-0.004050435665988081;-0.0004542292696519628;-0.005774549153253106;0.022156251866055778;-0.00019857022754222664;-0.0006000882968423565;3.252499337816854e-05;-0.1832686119545682;4.0893409328161525e-05;-0.012874674315593549;-0.00018195788576291091;-0.0004401165441477529;-0.00031259491933035584;8.258299999791049e-05;0.03278551861031213;0.021726078744085654;0.012628737140798497;-0.0064093522637381425;-0.01706121531370656;-0.04606856331502071;-0.048136895892538105;0.002897702613563591;0.07994715461510091;0.018701828094599308;-6.599911091639909e-05;-0.06133956915927662;-0.9528228850669436;-0.09130321560176587;-0.0024868078734876756;-0.0531102957592898;-0.1384563825651605;0.00480170393716574;-0.0007584269956859445;-0.0145180945363742;-0.0009025881150758077;-0.0018818470198146736;-0.014335542066975477;0.00023908131299440254;-0.016902570067962242;-0.0032124440556512194;0.041325241255448716;0.00047449986682009695;-0.15487890303000706;0.007397917691462229;-0.9101297625114299;-0.0014233157019694974;0.003400096891019251;-0.0646603320781136;-0.00023274836829921287;-0.028325092166517633;-0.05954347204864884;-0.0008121671996107939;-0.0026167657645814455;0.03517782704224182;-0.02853549267716238;0.006349547230757656;-0.12450704455666682;-0.10490760343831021;-0.03957334013451414;0.0014617092643242622;0.003186884566401143;0.02367700392946221;0.006719166796306507;0.00036938650662824655;0.08617489778662185;0.053475289431432406;-0.0006443489655494677;-0.0005242111918035392;-0.0005677495405071767;0.015017052255587662;-0.03011108748850116;0.18718207497987113;-0.029953390851367626;-0.00041834682759278293;-0.05007055698200937;-0.005871751539432453;-0.0006645515340443586;-0.03093184953327696;-0.00040543209646053623;-0.09276052949908349;-0.023653823078160968;-0.32511017760184535;-0.14698707443334258;-0.929687298225809;-0.13098751650512153;-0.15769362855430447;-0.00047392696855708745;-0.19703734941772125;-0.03300975378719173;-0.11966843596319747;-0.016451553472218224;-0.018867804192765247;-0.02342067053680888;0.006799899908715871;6.499271445915963e-05;-0.14529970622368626;-0.0037050239872827738;0.5;7.433181950249264e-05;-0.00010655152616085447;-7.324519913118235e-05;-0.0006730038039110182;-0.0007423717971874828;-0.002928224027862922;-0.00069607320786525;-0.00019115029757854968;-1.5840103974546963e-05;0.009926201375521306
Turm;-0.993134441691834;-0.5495977595037502;-0.8228199188431216;-0.3416361991339282;-0.8689764681284365;0.007263857563637538;-0.18486525457225095;-0.4067564137507414;-0.18691764595963778;-0.9961124675786358;0.12714946632341492;-0.9936846967645333;-0.17205815216730133;-0.33456987918141934;-0.2631137994161209;-0.5981437347650346;-0.024751366729942548;-0.99092268380689;-0.9960955240274835;-0.9964657539248698;0.10997264104782585;0.3159037161688352;-0.9829778414241328;0.3591660293045295;-0.015189701185074778;0.008709204905210417;0.33891645066646403;-0.9867760595130445;-0.9999566414389748;-0.9989805884486814;-0.9900240901302674;-0.005323920896873833;0.021715174989313097;0.0014916999147966306;-0.46429528031055484;-0.9438906532598772;-0.9926692978708377;-0.6828336791001193;-0.9432067934668005;0.3081751668312694;-0.01810300715519509;-0.7863289083379494;0.359313374749873;0.41951656086374994;0.10290612886802622;0.0031795911734385394;0.08042070399558762;-0.619423291905;-0.9522998882406538;-0.9979645480864753;-0.2100080382674302;-0.9708345049886296;-0.9863568973042345;-0.9879954403656065;0.3014395646060722;0.01095848036778861;-0.97104941225903;-0.9916409443896669;-0.9938797793649965;-0.0014693300258272503;-0.9791885510400352;-0.9523033141275996;-0.9945082228148534;0.2462492199034466;-0.9806205713345079;0.30213428715501595;0.07736518195317867;0.1085115152958083;-0.9320220106221838;-0.3745728246471317;-0.3934532954039694;-0.9790045233197897;-0.9725660003143181;0.09546713413996076;0.05420397241006635;-0.3233675989118589;-0.9836571730569327;-0.870876365694764;-0.431608762791855;-0.9732965061252218;-0.3165421179421387;0.05854535362679953;0.19865724165345147;0.05005708547537742;0.17590165376931943;0.07237705121341138;-0.9942236342769919;-0.9953440996347273;-0.3512520153586637;-0.9964438986282712;-0.9749877107460937;-0.9935989345453303;-0.9502491151253784;-0.956444746563935;-0.9961303035470596;-0.9974921550642318;-0.4258509677793054;-0.0251982398356978;-0.8093958394716367;0.08487900332995546;0.5;-0.8739306893479533;-0.07718798820019095;-0.4347140054899507;-0.4589737439370238;-0.7703018260653747;-0.44301948847657174;-0.17919419238307616;-0.017766631670251307;0.22558204684753325
Uebrige Bahnen;-0.9542694475113845;-0.14967865735092425;-0.4011685555973607;0.027098993693233944;-0.48894427143329977;0.006461107105807732;-0.03167943523456713;-0.09000615333169658;-0.03209811225226844;0.060178711979278154;-0.0449461656126699;-0.957802270714505;-0.029105811299742504;-0.06762501651837177;-0.04898498331034756;-0.17676324112498693;-0.07309872490397536;-0.9402899932756948;-0.9735463258040836;-0.9760032038419371;0.043882900131422216;0.16546725904787077;-0.8928224955340656;0.25976408036142185;0.042666048542515655;0.010643145340678924;-0.6987841645262176;-0.9149978397950956;-0.08208237105537157;-0.9929757693402099;0.5311678395952525;0.006757286827337797;0.10954445069433465;0.0027323016009247036;-0.11113184651812322;-0.7081753634392587;0.09019617261902566;-0.23697353956429576;-0.705514925715137;-0.5349929928225163;0.021351327806417134;-0.3467780659550818;-0.9825933510614419;-0.7057208925090424;-0.1303396437010159;0.004136231944327395;-0.9994009067636004;-0.19014502564301475;-0.7422655024781127;-0.9860582934971043;-0.03693198028359065;-0.827641068357247;-0.912505240439449;-0.9223148338335819;0.13587610736456074;0.009898543555437608;-0.8287249569302174;0.13679330380298574;0.5398591986862873;0.014780980135358035;-0.8715856198039703;-0.7422799308924666;0.11660972145126124;0.03761639941894221;-0.8795106443281395;0.12010469574688445;0.0984138714130277;0.04574189398083341;-0.6641856518000704;-0.07952503803634499;-0.08556824530142539;-0.8705758636428488;-0.8364414647803016;-0.007988908679155613;0.07926703368060424;-0.0644944672099883;-0.8967217789342558;0.16332710864606026;-0.09872611646576644;-0.840201101131814;-0.06262740101639307;-0.042768599022022694;-0.9773305027625181;-0.1451096668426384;-0.9659684664449437;-0.9995410771944697;0.612451052995871;0.1655767197538862;-0.07244599717512645;-0.9758578766432136;-0.8490139748721337;-0.9572501866316939;-0.733709762153857;-0.7600627318792167;-0.9737766767716511;0.11830325579463656;-0.09665393626935616;0.006116093564340688;-0.37987473204586625;-0.01755163463893121;-0.12606931065204674;0.5;-0.011922297898905187;-0.0998571632096012;-0.10903424026660395;-0.32603949885613337;-0.10292991062136922;-0.03053159938507962;-0.0026025020305711667;0.15547564114631315
Verladestation;-0.9994220992637642;-0.9358497711536671;-0.9823073063825136;-0.8611853841138679;0.6363317272777684;-0.00858762831861758;-0.7305579988200489;-0.8912711100345049;-0.7332192116359061;-0.9996736674583606;-0.7959300803305567;-0.9994686859729022;-0.7130147496621716;-0.8573673250867354;-0.8102037846047995;-0.9467943995433409;-0.9999907198258359;-0.9992343654237202;-0.9996722400526125;-0.9997034198589514;-0.9999450826808479;-0.9984855140933855;-0.9985536320735628;-0.9976090659122563;-0.999999531167234;-0.0017244535716580693;-0.9948257117721481;-0.9988803243766958;-0.9999963731583115;-0.9999146522814609;-0.9991578734644262;-0.9999986383330237;-0.9999889254126182;-0.0025282745117192734;-0.911985242394031;-0.9950523843517655;-0.9993826815098983;0.6836131830255585;-0.994988772348503;-0.9896211498336298;-0.04802871430724811;-0.9777762424588687;-0.9997862936639419;-0.994993713923782;0.07954916724300942;-0.0014575272432695678;0.16061765629129346;-0.9511205060136697;-0.9958277878172369;-0.9998294278469808;-0.7606606164374496;-0.9974934827477399;-0.9988443844486008;-0.9989847181541616;-0.9979018590884059;-0.007650858020126192;-0.9975124554613817;-0.9992954154074691;-0.9994851910713186;-0.9999927666799803;-0.998225397498062;-0.9958281011668041;-0.9995383206370807;-0.9997860851392407;-0.9983497142464962;-0.975383030117123;0.12299651317805575;-0.9999865931199502;-0.9939363072911396;-0.8774534595806239;-0.8857820366264814;-0.9982093975352561;-0.9976461268775824;0.10042892856182299;0.11795676368108525;-0.8510478575602956;-0.9986122322747039;-0.9877500928016215;-0.9007773008454801;-0.9977103774380803;-0.8470272369394668;-0.9999546891692302;-0.9997201999595503;0.1129652302770706;-0.9995750842163249;0.07902725586118624;-0.9995142687102831;-0.9996088917066352;-0.8661851227491986;-0.9997015798517876;-0.9978587870088125;-0.9994614281226265;-0.9956398434130438;-0.9962053997293179;-0.9996751699975476;0.4297240412083352;-0.8986562268883024;-0.03661439254697891;-0.9806831370274635;-0.9999267548008688;-0.922812011799809;-0.9880777021010948;0.5;-0.9019019444118334;-0.9102512766461919;-0.9756648647796712;-0.904845747693719;-0.7229946961436075;-0.1777998814814343;-0.9988878391147894
Verzweigung;-0.9947118893696646;-0.6134147879625984;-0.8579314087168592;-0.4029068326012888;-0.896096221934116;0.004431715963839276;-0.22774595516212395;-0.47134465046993584;-0.23014000276054417;-0.9970077382292054;-0.29786410794917806;-0.9951363356283249;-0.212743487858143;-0.3953341980239693;-0.3170843765035229;-0.6593457541144775;-0.011507502172550707;-0.9930047310299561;-0.9969946848831216;-0.997279887450588;-0.9994953237469573;-0.9862466675685522;-0.9868580145086465;-0.9784404088370584;-0.00673983968456529;0.008974375787558954;-0.9543630957310458;-0.9897994195982657;-0.9999666562365043;-0.9992158715133698;-0.9923106467615915;-0.11262791910739142;-0.9998981907893233;0.0012094670016344338;-0.5298596887241259;-0.9562844422266649;-0.9943530104643022;-0.7368128285956527;-0.9557445553205991;-0.9120570180558557;0.0007505879030302143;-0.8271526916826333;0.15385190806754107;-0.9557864760215954;-0.020679089165481983;0.0035496558043454367;-0.999933504295407;-0.6791230348087841;-0.9629091830913683;-0.9984339685189436;-0.25688285541857814;-0.977419144251448;-0.9894750673690582;-0.9907426315152006;-0.9810359682038585;0.0012004602266285243;-0.9775866524569669;-0.9935593163090677;-0.9952867891334921;-0.9999335016507871;-0.9839183553762955;-0.9629118766800396;-0.9957713711056883;-0.9980367332193895;-0.9850298969937278;-0.8116635549069364;0.09477673955375214;0.14784442825102867;-0.9468899094741666;-0.43782221365042157;-0.45755839336566906;-0.9837754585199908;0.27613686727533043;0.14085605163381407;0.04846784777442444;-0.3832692121520745;-0.9873844809861458;-0.8976491894164311;-0.49683828927563345;-0.9793371343088809;-0.37588174055023305;-0.9995835721778349;-0.9974334356831867;-0.0274077798065329;-0.9961069289817909;-0.9999490687109647;-0.9955519472146092;-0.9964156831568795;-0.4131649329104983;-0.9972630528168742;-0.9806533740722793;-0.9950701889564054;-0.9612959977103396;-0.9661649107347805;-0.9970214789848741;0.2962350042649411;-0.49096195341228954;-0.09018435861706858;-0.8466718379202779;-0.9993269961960889;-0.5652859945100493;-0.9001428367903989;-0.0980980555881666;0.5;-0.5245224662581175;-0.8134613095362165;-0.508430936309114;-0.22111628392003244;-0.022980436215951205;-0.9898672628639246
Wasserfall;-0.9941696074129641;-0.5898923599378321;-0.8455406835910851;-0.3795316891504046;-0.8865941061266228;0.006457944005475089;-0.21094286449455937;-0.44697123742414513;-0.21320904527590648;-0.996700108552181;-0.27774833270592214;-0.9946373448736886;-0.19676525267351952;-0.3721245844620734;-0.29621819774414776;-0.6369640640516724;0.3307706561857876;-0.9922887415822206;-0.9966857176734272;-0.9970001528171691;-0.9994432959820602;-0.9848495210323881;-0.985522060604179;-0.9762693364202865;0.007504640282744535;0.00903764281497322;-0.9498915841830309;-0.9887590695218857;-0.9999632169941393;-0.9991350595664059;-0.9915242218174686;0.08266507548645641;-0.006438857969288554;0.0023201364884311584;-0.5053529007527957;-0.9519917146084809;-0.9937741567537682;-0.7173389145954894;-0.9514015067762863;-0.9038579309469127;0.01774862267908437;-0.8126637177400853;-0.9978367697843719;-0.9514473324125283;-0.9999731238274031;0.0035746799842729087;0.030589989891572366;-0.6573655047520102;-0.9592392556159597;-0.998272713281755;-0.2385942185455186;-0.9751478416404953;-0.9884020244554697;-0.9897974873929155;-0.979120693626002;0.016750563467738917;-0.975331773478741;-0.9928996846618404;-0.9948031536424523;-0.9999266429296679;-0.9822889323419389;-0.9592422044390593;-0.9953372269485776;-0.997834663124863;-0.9835112101071891;-0.796196110620426;-0.1031359337599444;-0.9998640411403501;-0.9417308801891995;-0.4138253276386102;-0.43331354890304596;-0.9821318198368133;-0.9766294274404443;-0.9999173228197143;-0.9999460504685405;-0.360345801441888;-0.9861012915075444;-0.8882713865513897;-0.47232440609866605;-0.9772542638203486;-0.3531471698051848;-0.9995406378830998;-0.997169447033108;-0.04531104191407651;-0.9957070873008467;-0.9999438155052673;-0.9950953862417504;-0.9960474265470795;-0.3895829592565021;-0.996981592160411;-0.978700298288964;-0.9945644489095811;-0.9574735039843689;-0.9628046756876505;-0.9967152573189336;0.14886243147651437;-0.4664692135633964;0.04288579802471573;-0.8334896863771646;-0.9992576282028126;-0.5410262560629763;-0.8909657597333961;-0.08974872335380811;-0.4754775337418825;0.5;-0.7981047836077492;-0.4838951515119333;-0.20467269285746947;-0.02087653291701699;-0.9888337540161543
Wehr;-0.9773421942085707;-0.2667899365437809;-0.5806773225704531;-0.13400204317828068;-0.6641677214790433;0.007220868344246465;-0.06334360900109412;-0.1697490506596751;-0.06415303657258829;-0.9870812076799396;-0.08865660065509828;-0.9791315573680129;-0.05835261713584366;-0.1303798804268621;-0.0962274473372547;-0.30740492866945995;0.24490706749941538;-0.9701956002992855;-0.9870254146846387;-0.9882455407469011;0.004991078432058386;-0.9426739677539673;-0.9451143697969959;0.18652399692817428;-0.05321920854744859;0.00832492791585429;-0.8274508829794632;-0.9569915520462635;-0.9998546102032333;0.028012053920639737;-0.967312847072577;-0.09772884471718289;-0.999556180403197;0.0006033272263029431;-0.2053675070278344;-0.8337847525443256;-0.9758331560336968;-0.39098082074345797;-0.831997779646588;-0.7039865053248185;0.008567105937102687;-0.523213555994855;0.07614088706454822;-0.8321363308975629;0.00024096372268632305;0.0036847275004774486;-0.046967200265331736;-0.3267513715608716;-0.8561814623775723;-0.9932065762611626;-0.07344795055967368;-0.9084748513791278;-0.9556707151353708;0.5402595615111866;0.18396562791877094;0.005125824108856231;-0.909106238192177;-0.9725084311609097;-0.979767039490999;-0.9997100775853511;-0.9334668228148693;-0.8561907491271434;-0.9818181129772552;0.07619145478229711;-0.9378452213296764;-0.49704909831126143;0.11885563833952818;0.18733374433519015;-0.803474965670715;-0.1515282242025631;-0.1620795882784435;-0.9329061978014885;-0.9135789542356748;0.17667305639372108;0.11855127239976995;-0.12473287769513614;-0.9472236517232269;-0.6679024570399804;-0.1846272108059874;-0.9157440794518272;-0.12134815753744412;-0.00531258639747725;-0.9889033963055144;-0.019024068954261262;-0.9832422815683866;-0.9997779359205797;-0.980888549541001;-0.9845554941871075;-0.13900765264202114;-0.9881734560782076;-0.9207835732807156;-0.9788523686139088;0.20160999780630975;-0.8675165014274827;-0.9871399440578111;0.2799884238003677;-0.18111435538983964;-0.11348317959227344;-0.5587456791977548;-0.9970717759721371;-0.22969817393462535;-0.6739605011438665;-0.02433513522032883;-0.18653869046378344;-0.2018952163922509;0.5;0.07748298698373161;0.02890738489139884;-0.005364767058797396;-0.9572681775974661
Zollamt 24h 24h;-0.9945314877921183;-0.6053869325807651;-0.8537707641752366;-0.3948202909719389;-0.8929137680461715;-0.006013428826017396;-0.22186866117200896;-0.4629495184756028;-0.22421886501265298;-0.9969054148675079;-0.2908588407706536;-0.9949703406333272;-0.2071495013467152;-0.3873010577454661;-0.3098265441525765;-0.6517301756543397;0.07921125247621479;-0.9927665140037828;-0.9968919165408223;-0.9971868442427184;-0.9994780213058699;-0.985781606578515;-0.986413341077355;-0.9777173475618276;-0.06142552337872241;0.003452043530652371;-0.9528714292083876;-0.9894532081655651;-0.9999655125133857;-0.9991889960392178;-0.9920489826331893;-0.044454999611955856;-0.999894698882898;-0.010810418100204612;-0.5214503525024586;-0.9548526050903288;0.3031147411754049;-0.7302204826737507;-0.9542958801432332;-0.9093139517667621;-0.017534134840732046;-0.8222773817921749;-0.9979715014193563;-0.9543391075335201;-0.006372500625861844;0.000296360747824082;0.010911055401538753;-0.6717294646064306;-0.9616856357190907;-0.9983803372876038;-0.25049754498895577;-0.9766626489476694;-0.9891179683338533;0.2325934398505346;0.42288897361126665;0.007631694994481754;-0.9768356359529617;-0.9933398584722568;-0.9951259039083605;-0.9999312207717502;-0.9833758909313545;-0.9616884146282044;-0.9956269543848665;-0.9979695257011184;-0.9845243372258445;-0.8064535874834806;0.14744623839525228;0.13054737314503026;-0.9451680118866922;-0.4295390246934319;-0.4492001663468862;-0.9832282560566388;-0.978055960222876;0.12785202685520286;0.14207902754655816;-0.37532905540250594;-0.9869573856935567;-0.8945087015704708;-0.48840858889756356;-0.9786434908016093;-0.368003307096533;-0.9995692939632379;-0.9973456307125097;0.02326861594944313;-0.995973925945302;0.018940727181242883;-0.9954000713159161;-0.9962931891572442;-0.40501215934352897;-0.9971694354038743;-0.9800030139459602;-0.9949019479663386;-0.9600214442052394;-0.9650448641368106;-0.9969196240502102;-0.9980042487367163;-0.48253633997052925;-0.030426694358836916;-0.8422420786482456;-0.9993039267921349;-0.5569805115234283;-0.8970700893786309;-0.09515425230628105;-0.49156906369088593;-0.5161048484880668;0.3266832801938315;0.5;-0.21536236552852162;-0.022235247136521682;-0.9895233296840351
Zollamt 24h eingeschraenkt;-0.9984930585591069;-0.8482398432791709;-0.9551003837792506;-0.7038721018455043;-0.9681316758744746;-0.07957270917040023;-0.5095214071267671;-0.7584913104956886;-0.5129101752021467;-0.9991487065571367;-0.5990920554310897;-0.9986144348352479;-0.4876790078764963;-0.6972483004417533;-0.6205703153493052;-0.8720885865800544;-0.9999757787437343;-0.9980041240778909;-0.999144984892579;-0.9992262836657612;-0.9998566763178924;-0.996056747600402;-0.9962336936747991;-0.9937834987604415;0.015225390220645093;0.008234944217614771;-0.9866064837920699;-0.9970828615428146;-0.9999905338563694;-0.9997772697167607;-0.9978049928627727;-0.9999964460036335;-0.9999710954084146;0.002114068199261923;-0.7987908247142147;-0.9871885831994455;0.325538501608614;-0.9079319510017638;-0.9870251838465229;-0.9733560247185575;0.02876171687946104;-0.9439989040451264;-0.9994424099429852;-0.9870378760193573;-0.010426140894065229;0.001437254570808877;-0.9999811217220597;-0.8817301912284418;-0.98918302495503;-0.9995549222283474;-0.5490763567835605;-0.9934841869226514;-0.996989399615661;0.3520504330128181;0.44604608852421684;-0.07605605044683493;-0.9935333106685172;-0.9981630904142411;-0.9986574413225108;-0.9999811209712105;-0.9953814140702489;-0.9891838319320578;-0.9987958938126198;-0.999441866059866;-0.9957041038274272;-0.9381982137824493;0.13229718043166194;0.07472975585467001;-0.9843265410303864;-0.7328572555756365;-0.7481928213825009;-0.9953398922228385;-0.9938794945881404;0.11309257338351014;0.1333966712754519;-0.6864292327762027;-0.9963859469612157;-0.9686456586221259;-0.7766979185112975;-0.9940459443297314;-0.6796377898812649;-0.9998817455833324;-0.9992700397709242;-0.043778082497628074;-0.9988917113710657;-0.999985540655309;-0.9987332129890992;-0.9989798344286097;-0.7126472677194526;-0.9992214857723289;-0.9944305505253163;-0.9985955241504486;-0.9886991526842955;-0.9901560855742106;-0.9991526241350298;-0.9994514245197716;-0.7725940323304399;-0.9999991745109298;-0.9511029726678029;-0.9998088497024215;-0.8208058076169238;-0.9694684006149205;-0.2770053038563925;-0.7788837160799675;-0.7953273071425305;0.44404673398913574;-0.7846376344714785;0.5;-0.07651340040834972;-0.9971024050141607
Zollamt eingeschraenkt;-0.999874972965724;-0.9853931840342652;-0.9961201739874582;-0.96631690017165;-0.9972801254998888;-0.011056403577423792;-0.9261349807374398;-0.9742971957023855;-0.9270573947951085;-0.9999294128891538;-0.9474681578353126;-0.9998850560547261;-0.9199300087716066;-0.965273855016692;-0.9517845881359632;-0.9879936840200353;-0.9999979931578328;-0.9998343329441904;-0.9999291040559114;-0.9999358499556735;-0.9999881236782816;-0.9996721048647484;-0.9996868695465296;-0.9994819924107158;0.029030135799089196;-0.015671382436428658;-0.9988765096466733;-0.9997576586982361;-0.9999992156971997;-0.999981542414029;-0.9998177707780089;-0.999999705540683;-0.9999976051117354;0.0018178048992912145;-0.9795566909494675;-0.9989259185318442;-0.9998664409287644;-0.9916683884123391;-0.9989120545042037;-0.9977371781611906;-0.0026108440455835736;-0.9951089447170596;-0.9999537784954757;-0.9989131315540599;-0.9999994269404427;0.0028007278558674115;-0.9999984358557564;-0.9890087966541432;-0.9990948036827024;-0.999963109025597;-0.9362927539729369;-0.9994569014607815;-0.9997498728498516;-0.9997802715608368;-0.9995455319731972;0.02742530096307275;-0.9994610203956266;-0.9998475501624179;-0.9998886281925048;-0.9999984357935443;-0.9996157096499056;-0.999094871889529;-0.9999001262013428;-0.9999537333871191;-0.9996426653190894;-0.9945718791671471;0.10910062644436803;-0.9999971007463049;-0.9986824715900678;-0.9706837343095657;-0.972872036288619;-0.999612239987074;-0.9994900366910037;-0.9999982370430244;0.1595634072003599;-0.9635319271748206;-0.9996995699715457;-0.9973252913384255;-0.9767338892057563;-0.9995039815086727;-0.9624134594220424;-0.9999902012341442;-0.9999394802739494;-0.999999690577149;-0.9999080818125299;-0.999998801987704;-0.9998949211341064;-0.9999153973235032;-0.967672219749419;-0.9999354518705071;-0.9995361866578877;-0.9998834852356031;-0.9990538877517035;-0.9991769741209746;-0.9999297379775065;-0.9999545261362156;-0.9761936190932681;0.07173824475691289;-0.9957585352573579;-0.9999841598960255;-0.9822333683297486;-0.9973974979694288;-0.8222001185185658;-0.9770195637840489;-0.979123467082983;-0.9946352329412026;-0.9777647528634783;-0.9234865995916501;0.5;-0.9997592865984612
Zooareal;-0.6581796788571276;-0.01598311303949611;-0.058217673301037845;-0.006859979669586437;-0.08112068290429143;0.013267166694540748;-0.003009755415508399;-0.00904419777928205;-0.0030507262321368624;-0.7732807327059169;-0.004323793502808929;-0.6768401932894171;-0.0027586088432653023;-0.0066481665350571996;-0.004730405238941017;-0.01942802700287522;0.05542684634017085;-0.5923532073458456;-0.7725143875236515;-0.7896071139379377;0.03162346934223429;-0.4233163606887424;-0.43460542383753903;0.04345079154429223;-0.028735830109883214;0.013328383573337007;-0.17632141088416878;-0.4983145868500112;-0.9967531151640919;-0.9287969079061457;-0.008071394073517243;-0.06522256716868029;-0.9901512073482855;-0.002800134873530661;-0.01140516419181747;0.02188602430657621;0.06169554273366348;-0.0278593750155659;-0.18104446816201822;-0.09597358891887228;0.032344369107743985;-0.046698523264811845;0.1606227400926941;0.014403640810381113;0.21802283259190597;0.004558000604180881;-0.008900824774604167;-0.021205630855005774;-0.20995284284663143;-0.8671330238086441;-0.003526091562779814;-0.30704169932096453;-0.49040823071870243;-0.5227930899955607;-0.346211426038353;-0.07238379803903675;-0.3086647593262085;-0.015140975156116102;0.05894548645877342;-0.99354527723841;-0.3851051205298103;-0.20996535347106793;0.020010115684874194;0.19368617256421372;-0.4024703540221082;0.010003610084248302;0.18681419205959976;0.3123729043009606;-0.15433686087058252;-0.007909069749944526;-0.008560703904183847;-0.3829781030954907;-0.3206032030200384;0.25698388808336065;0.18308499694325606;-0.006321266709290515;-0.4448089094876054;-0.08238108867475688;-0.01000666950617406;0.03325827280091756;-0.006127240721211565;-0.029340128243517092;0.08096380537860401;-0.047158617121541534;-0.7236934444838993;0.007307713066275899;-0.6961501080552904;-0.014594118225717729;-0.007155474797966372;0.1320061777031687;-0.34161660708471525;-0.6738638693612726;-0.20270710316652632;-0.2261878584807101;-0.7740890574555178;0.08487148267124225;-0.009776438335965781;-0.12614014612039856;-0.053501146840529624;0.1508769851581223;0.0030027483778819106;0.014346447614853515;-0.0011121608852105711;-0.0101327371360755;-0.01116624598384573;-0.042731822402533946;-0.010476670315964904;-0.0028975949858392963;-0.0002407134015387253;0.5
