;Abwasserreinigungsareal;Alpiner Gipfel;Ausfahrt;Aussichtspunkt;Autofaehre;Bezirk;Bildstock;Bobbahn;Brunnen;Campingplatzareal;Denkmal;Deponieareal;Ein- und Ausfahrt;Erratischer Block;Felsblock;Felskopf;Fliessgewaesser;Flugfeldareal;Flughafenareal;Flugplatzareal;Flurname swisstopo;Freizeitanlagenareal;Friedhof;Gebaeude;Gebiet;Gemeindegebiet;Gipfel;Gleisareal;Gletscher;Golfplatzareal;Gondelbahn;Graben;Grat;Grossregion;Grotte, Hoehle;Haltestelle Bahn;Haltestelle Bus;Haltestelle Schiff;Hauptgipfel;Haupthuegel;Haupttal;Heliport;Historisches Areal;Huegel;Huegelzug;Kanton;Kantonsgebiet;Kapelle;Kehrichtverbrennungsareal;Kiesabbauareal;Kleinbahn;Klosterareal;Kommunanz;Kraftwerkareal;Landesgrenzstein;Landschaftsname;Lehmabbauareal;Lokalname swisstopo;Luftseilbahn;Massiv;Massnahmenvollzugsanstaltsareal;Messeareal;Normalspur;Oeffentliches Parkareal;Oeffentliches Parkplatzareal;Offenes Gebaeude;Ort;Ortsteil;Pass;Personenfaehre mit Seil;Personenfaehre ohne Seil;Pferderennbahnareal;Privates Fahrareal;Quartier;Quartierteil;Quelle;Rastplatzareal;Rodelbahn;Sakrales Gebaeude;Schmalspur;Schmalspur mit Normalspur;Schul- und Hochschulareal;Schwimmbadareal;See;Seeinsel;Seeteil;Sesselbahn;Skilift;Skisprungschanze;Spitalareal;Sportplatzareal;Standplatzareal;Staudamm;Staumauer;Steinbruchareal;Strasse;Strassenpass;Tal;Transportseil;Truppenuebungsplatz;Turm;Uebrige Bahnen;Verladestation;Verzweigung;Wasserfall;Wehr;Zollamt 24h 24h;Zollamt 24h eingeschraenkt;Zollamt eingeschraenkt;Zooareal
Abwasserreinigungsareal;0.5;-0.20619379332216947;0.052843222447759436;-0.09844720587989748;-0.16995415401231034;0.009227150571675292;-0.04605387486571794;-0.021486016462309736;-0.04665344654439476;-0.4943636857976667;-0.06493671789380209;-0.3633135981472135;-0.042363497732597975;-0.09565191367646558;-0.06846101154199696;-0.2398694195813006;0.17872161333614156;-0.26448933961225884;-0.48116430420712597;-0.4857656030514394;0.0727654393307187;-0.2086211853746452;-0.19111894000013277;0.06301854701341783;-0.09791628463202699;0.004986011107777355;-0.773926227770136;-0.1714145523892115;-0.9874375700942439;-0.7748282494591855;0.021338984914267983;-0.06942404919349301;-0.96310882294908;0.001130163068561273;-0.149401167299214;0.018855316538386718;0.047071452879138616;-0.311298927051023;-0.7795077219866386;-0.6293201559451236;-0.02416233519593567;0.009404854929589174;0.029583424849590152;-0.77967806870774;-0.0446107360812704;0.005256539836904135;-0.011486904513545079;-0.2565993135805192;0.017948341136860724;-0.6340868491597587;-0.008724028253851471;-0.12229449220676639;-0.21009049837974486;0.11665975813457982;-0.015696569899550355;0.002415546611155115;-0.11044615552442126;-0.06646149641610515;-0.8388751948829052;-0.9763589623364154;-0.16928774861105575;-0.06691864449194512;0.08701769708207964;-0.6173674543965803;0.05240960080118171;-0.41014693307778183;0.19480065863544832;0.1379164885629127;-0.7448066794357763;-0.0314944512956891;-0.030446082517431576;-0.14400643554802908;-0.11868324430243722;0.16771620107138677;0.13232418981247657;-0.09022889035274377;-0.20022422485246202;-0.1536032679595374;-0.1391510267301587;-0.5310463782006789;-0.019822838730444152;-0.042021762193592084;-0.5729021087382469;-0.04104584756899235;-0.4145575424851673;-0.026628140822214513;-0.8488867771130085;-0.877130649617125;-0.027092434865006655;-0.5257301580306366;-0.11707311312449216;-0.42075264209572677;-0.09568706289570172;-0.15045386480489426;-0.48431001139487295;0.11886429132589302;-0.13635870848959927;-0.10108107718967506;-0.12301644107941763;-0.8036148839928073;-0.17465519378849173;0.047871503808356364;-0.017493946196555272;-0.13880390677590604;0.030605948011900773;-0.14104568626001782;0.03073295272102381;-0.04325982724247917;-0.0038356477074046533;-0.22974021498973074
Alpiner Gipfel;-0.7938062066778305;0.5;-0.7856458673871062;0.10189836839832578;-0.4407966980735348;-0.009278418548738046;-0.15672870568300265;-0.07794439358552999;-0.1585296963980866;-0.7900914397170669;-0.2109550695228067;-0.6871893950187092;-0.14552264455313088;-0.28936383265781623;-0.22053510774717153;-0.5485038229079473;-0.999086138636574;-0.5806053248911266;-0.7811950953789512;-0.784328227663202;-0.999165677962053;-0.5036914895559367;-0.4763344359206167;0.142865815130865;-0.005770637217119743;-0.009711457656813912;-0.9294740441895128;-0.44334135679768116;0.1478178602862484;-0.92981172419929;-0.9236117453039057;-0.024592326890403405;0.14504213610873426;-0.004062375407381921;-0.4034085703278151;-0.9264283855775565;-0.9909761226862365;-0.6350559842109286;-0.9315548775461066;-0.8673034843571512;0.04076700907672998;-0.0971495157297043;-0.9086009009160896;-0.9316180613080765;-0.997766490978618;-0.007582086231984833;-0.9933635750645452;-0.5706009631527187;-0.20461462209612702;-0.8696437782390742;-0.032771073097282305;-0.3491321255801077;-0.5059104464256073;-0.7725289981524718;0.2380962428839273;-0.016108709524877515;-0.32340465652144784;-0.9898176852234654;-0.9524794180700179;0.22125885197965836;-0.4396307781728378;-0.21636240049047437;-0.9460134707193163;-0.8613337588659659;-0.7950389159178805;-0.728032851314857;-0.9990807544364874;-0.9883251958077496;0.11439300728040158;-0.11126148144995798;-0.10785356412866341;-0.39308044218827487;-0.34142821361208936;-0.9932691798232612;-0.995625467512591;-0.27631384258602587;-0.4907833800797277;-0.4113003935596517;-0.38359040837375546;-0.8134170998745919;-0.07223353069435914;-0.9734608452205109;-0.8377694552335778;-0.9986577978817441;-0.7316218479455865;-0.9952036804169618;-0.9558040314875514;-0.9648909868037785;-0.0968249519840507;-0.8101575958525566;-0.33795497966646487;-0.7365936330120498;-0.2894473821409078;-0.40539802524620155;-0.7833408141870167;0.07380485847333981;-0.3780470832925981;0.046511518359390505;-0.35065818441094554;-0.9403111409362317;-0.44893747638926884;-0.8444938441164427;-0.06415014340377265;-0.38290474482825104;-0.3719561784790866;-0.3873158612555728;-0.3742606298989968;-0.1482636986734841;-0.014606836300310422;-0.5345061167587665
Ausfahrt;0.05550514301038107;-0.21435413261289377;0.5;-0.10289609864101425;-0.17700006870116577;-0.0006407590991858201;-0.04826182602888443;-0.022543951352167656;-0.048888669689393385;-0.5066496100889754;-0.0679854469191373;-0.3747565119808715;0.016963225377579716;0.02584129797399285;-0.07166252250062788;-0.24894454604898714;0.04325747321021;-0.27415997221288996;-0.4934423176572044;-0.49804832069254584;0.023918318023614764;-0.21685134788943533;-0.1988321127613919;-0.8837586028534622;-0.0704856120098913;0.004481512331988416;-0.7824091595039384;-0.17850799124482636;-0.9880328303576772;-0.7832868123742279;-0.7673818353825237;-0.13564861308232773;-0.9648158043379529;-0.0006012073861988855;-0.1557548912380988;0.13074052774557954;0.10224530620596851;-0.32193194882711956;-0.7878386335287906;-0.640710121787556;-0.010048773118499683;-0.02852090453600795;0.032120925728068996;-0.7880042944087936;-0.000599516632270388;0.005749443281149184;-0.13461713231715894;-0.2660858256418056;-0.06558491140157766;-0.6454128739342251;-0.009159466553429219;-0.12766845030088678;-0.21836263165056366;-0.4809517513061857;0.03052540649741851;-0.014961244087681375;-0.11536790036649078;-0.03512060588778587;-0.8454078623625695;-0.9774671940920986;-0.1763119040931733;0.019972970176382193;0.005566365551589808;0.04717554422299161;-0.5141697720381417;-0.42208702609734927;0.13166888376405128;0.2003292886397487;-0.7540350000176796;-0.03302855067840211;-0.03193079931070031;0.03402152533235025;-0.12392091894923903;0.18876103041583697;0.12913698335921284;-0.09434525727437146;0.042156757537868496;-0.1601020619186994;-0.14514321672025923;0.10159153752926184;-0.02080062238732915;0.029842336380678347;0.10254561588994598;-0.12209460972420627;-0.42653318734208706;-0.15683199658942923;-0.8550836549995545;-0.8823298481134162;-0.028418403085571427;-0.537966240557508;-0.12224958676709438;-0.4327749555518349;-0.10002506179370793;-0.15684410271923485;0.05588918448668586;0.3157217373125922;-0.14225052398249816;-0.15093046463007914;-0.12841748198763292;0.010861333335612651;-0.18185330385818096;-0.597046892459642;-0.018359006275213408;0.05154283104930231;-0.139108944559747;-0.1471055227777207;-0.14029304296512585;-0.04534019070477815;-0.004028086046900159;-0.23855238468059284
Aussichtspunkt;-0.9015527941201026;0.2423907806327026;-0.8971039013589858;0.5;-0.6521823750291647;-0.0018122454784914937;-0.3065715029003102;-0.16741848300338255;-0.30946247035519003;-0.8995335009969531;0.16790780035033537;-0.8393752975230191;-0.2883147460063233;-0.49202556252683705;-0.40227966267358956;-0.7429203033685222;-0.018784972591789753;-0.767068929710068;-0.8946570955749369;-0.8963810341230152;-0.1319086575867617;-0.707100139429488;-0.6839192749067275;0.37133667319494545;-0.007695231824062556;-0.0007048461513344325;0.3499887620707924;-0.6545190345683932;0.008587915894793977;-0.9692423554945041;0.2612588285348843;-0.019489217558622072;0.17548977304229546;0.0022070857208090285;-0.6166356894599306;0.22375036871564571;0.027686852144906737;-0.8054237610982556;0.4158205037961699;0.32215592131301213;-0.003278475542126871;-0.20379688601974508;-0.9594274750707479;0.1642530598072191;-0.020289618983582374;-0.001966923781368503;-0.9971993484769451;-0.759671392329206;-0.3796290202654959;-0.9407208108313649;-0.07458425209294886;-0.5606299489940462;-0.7089351948868379;0.23361431440614489;0.13081607152172142;-0.01585903871488202;-0.5320575303699813;0.03592566253244491;0.30793183867069646;0.17712953868737302;-0.6511083466755553;-0.39641706699192036;-0.9765715641557942;0.20650522834009688;-0.9022206962917988;0.2399034951782134;-0.019147866008895564;0.045931330987474074;0.1740225847511812;-0.2294632169041211;-0.22334465327210487;-0.6063972892393578;-0.552218697329155;0.008867025823064565;0.0277650515008489;-0.47595725835696473;-0.696292472907828;-0.6243335415259585;-0.5968215683613372;0.2239592802738393;-0.156262992281122;-0.988668937845341;-0.9247216225150898;-0.09838843983395919;-0.8663937070813084;-0.9979780599915415;0.1896208543897949;0.17442584610904757;-0.20319621543083222;-0.9103250123825082;-0.5483867023077074;-0.8693147719420761;-0.4921271045886706;-0.6185863760282769;-0.8958385038629011;0.27873490269904866;0.2222568792072655;-0.03239046033791438;-0.5622818307670012;-0.9740082533283001;0.2359450804227907;0.43297399678430737;-0.14019715439653185;-0.5961233611071688;-0.5848562866011812;-0.6006001353095689;-0.5872464209310302;-0.29282370642885286;-0.03406007511365429;-0.7320050958113333
Autofaehre;-0.8300458459876897;-0.5592033019264652;-0.8229999312988342;-0.3478176249708353;0.5;-0.13932591486184828;-0.19079649060859832;-0.0968539124872546;0.07978279036265502;-0.8268415494121695;-0.25326977192732486;-0.7359339973939261;-0.17766779548641864;-0.3406168770604519;-0.26412818218833517;-0.6064840126336717;-0.9992795016888729;-0.6371898905500112;-0.8191462229205655;-0.8218598438374332;-0.17361046695546625;-0.5628398572886903;-0.5357380251095557;-0.972490286036283;-0.9996974455610725;-0.12469858125141256;-0.943564556948662;-0.5025792660653733;-0.9974018520493353;-0.9438388476850885;-0.9387963744241997;-0.9991091352561059;-0.9922181292691393;-0.08809779724959574;-0.4617366311219945;-0.9410888288561714;-0.9928732356144571;0.3009333436170657;-0.9452541433479255;-0.8923769318739182;-0.9998346162408723;-0.12011131752933299;-0.9265320684407631;-0.9453054234028053;-0.06398634739895129;-0.037814773664982315;0.33749150660850946;-0.6276697242483551;-0.24605411508756975;-0.8943288972790637;-0.04121124297044865;-0.4049391401336689;-0.5650227378610239;-0.8116207733187542;-0.967942594974966;-0.27852874908282077;-0.3774843401043621;-0.9919563626416938;-0.9621607606760145;-0.9950666843125593;-0.49881717009199006;-0.2594051561279023;-0.9569525815955877;-0.8873887456568706;-0.8311079961517682;-0.7725197615513673;-0.9992752559001246;-0.9907744315779887;-0.934444525130659;-0.13705240264068733;-0.13297270959916369;-0.4510441846595629;-0.39675444963879414;-0.9946868021393968;-0.996548541051511;-0.32631682792613026;-0.5500960224528385;-0.4698708249844278;-0.4411719788998561;-0.8468748932445841;-0.0898926506562536;-0.9789620669403752;-0.867571360600768;0.29574185345741894;-0.775702557779682;0.263862695756739;-0.9648330601022702;-0.9721177478132673;-0.1197202136749081;-0.8440878466743144;-0.3930543045856801;-0.7801031749948281;-0.3407081300620107;-0.4637901172751071;-0.8210050475176666;-0.9841720751131317;-0.4353842792363552;-0.9998044087976422;-0.40655676209633973;-0.9523474940033918;-0.5082404238280624;-0.8732473674241702;0.05470373460698542;-0.44045693525454643;-0.4290067910930634;-0.4450528945998703;-0.4314218993067006;-0.18088615720396742;-0.01845809418413272;-0.5929498783642427
Bezirk;2.896717860477571e-06;-7.566127354908118e-07;-1.9150911056011017e-07;-6.212520648241823e-08;-8.955713599183584e-06;0.5;1.196923470079629e-07;9.822030129729963e-08;8.650044929622802e-08;4.6919666111450324e-07;-2.845019341194556e-07;-4.030025781067242e-07;-6.100371771703645e-08;-3.249797377806618e-08;-5.697864892078291e-07;-7.59401798730747e-07;0.0017102505558015662;1.0098709103654062e-06;-5.468351156861068e-06;2.4366848788177102e-06;0.0025978072238459697;3.8244451080970566e-07;-1.4619671514325936e-07;1.2085378489810306e-05;0.0008595189595248121;0.13627289407060805;-1.5431808931939708e-05;1.0944910846588103e-06;0.0002548157119685835;9.789338485927423e-06;1.4718862682206905e-05;0.001272027769249447;-4.422321127753769e-05;0.07665662843215772;-2.900439634512094e-07;-2.8136303834109315e-06;7.922170535508104e-05;-5.1322259639728555e-06;-8.852751153823913e-06;5.943286327999062e-07;0.015851958272825636;5.614938745468142e-08;8.298168461384593e-06;2.222056034926333e-05;0.001325754542403568;0.08299626089040979;-0.004257405262279722;2.466336093329394e-07;-6.798971856733274e-08;4.486763349538795e-06;3.659253548249532e-08;-2.6326014015003645e-07;1.4999165559721194e-06;-7.248983538210322e-07;-0.00016999184526538788;0.03176449300123912;4.107883669198668e-07;1.6129857047335913e-05;-4.487856716199411e-05;-0.00026569870380225565;3.492372974212949e-07;-5.12759442497369e-07;-7.136071698693018e-06;-1.5856524426352772e-05;2.722451807951502e-06;1.35844455069837e-06;0.0015146243344164175;-0.0001504344975422381;-1.0236199562814627e-05;-3.1404226633195114e-07;-4.160082800874013e-08;9.05406756235302e-07;1.308042216211748e-07;-0.0001889483541903591;6.127979840720253e-05;1.0280454602420723e-07;9.291880098605727e-07;-2.4847199635038867e-07;7.040872027694875e-07;-2.532682781286298e-07;8.985053722325793e-08;1.3142131772863067e-05;-2.8831302174035894e-06;-0.0112715061881864;-2.3202029199416528e-05;-0.0012108962755278496;1.65727891892814e-05;1.4672923701226655e-05;1.8032039278299198e-08;-4.740389877015704e-07;4.95618626170286e-07;4.332123135651376e-07;-5.185876756605831e-07;4.072503487907585e-07;-3.771166259898296e-07;-4.910217559150424e-05;3.202926347482409e-08;0.005122355766324121;-2.60163697737707e-07;2.328950881763037e-05;2.263388421530028e-08;8.819791787074121e-07;-1.1837221084938083e-07;5.416942297109101e-08;1.4317332199472813e-07;-3.093449434935091e-07;-2.8211212176182982e-06;-1.7512550980506988e-06;-1.2087758640566221e-06;4.5825903685107216e-07
Bildstock;-0.953946125134282;-0.8432712943169974;-0.9517381739711155;-0.6934284970996898;-0.8092035093914016;0.007897424181703161;0.5;-0.31263319767879927;-0.503390852139959;-0.9529454045659987;-0.5899102357855192;-0.9219962628000368;-0.4781674191264315;-0.6866054026115794;-0.603536289284537;-0.8673121706367192;0.004064157074107295;-0.8816377276363434;-0.9505188798592604;-0.9513783219267459;-0.031499616049711285;-0.8452129925622339;-0.8303400766029994;-0.9933743821460499;-0.022528892106612224;0.005813642818396072;-0.9860937146998965;-0.8107913285935651;-0.9993861819248914;-0.9861643337350485;-0.9848611331493037;0.0731974799950446;0.09021169304275771;0.0014327059131518161;0.33317701845724007;-0.9854549097387499;0.13627083061350923;-0.9035007412621532;-0.986528225451095;-0.9723501769733186;0.02098404900093135;-0.36666906768355917;-0.981647072133816;-0.9865413948270181;0.037360948926059;0.0033102975374041054;-0.9987598669880846;-0.8772966879304926;-0.5805603181818058;-0.9728957188986513;-0.15418902796491887;-0.7426745259250133;-0.8463707528339847;-0.9481136773497917;-0.9922515794161084;0.010810801809694232;-0.720028579472954;0.0917579622070486;-0.9908124684424539;-0.9988324056896233;-0.8084719556418357;-0.5976734635945437;-0.9895048835959558;-0.9709479714049617;-0.9542765990044226;-0.9350776294715711;-0.9998290229108985;-0.9978093221075823;-0.9837279201684699;-0.402478752380478;-0.39410640212894826;-0.777021111728562;-0.7361078842214495;-0.9987421303790425;-0.9991840522051432;-0.672596429715742;-0.8383363905058658;-0.7898763404158757;-0.7700221143360555;-0.959110805496156;-0.2952328089995166;-0.9949585574641856;-0.9652597042625876;-0.999750268122681;-0.9361739078231877;-0.9991050711001771;-0.9914792337750045;-0.9932827041422168;-0.36580890251679676;-0.958265906554474;-0.7330889395905686;-0.9376790922432973;-0.6866928165814856;-0.785792827360673;-0.9511080413824224;-0.9962223488739901;-0.7658324914512331;0.0038437141607576665;-0.7439545662625828;-0.9883397147948657;-0.8142412268998741;-0.9669084077426126;-0.26944183254944765;-0.7695080113260168;-0.7611397828839408;-0.7727954025837026;-0.7629263935724664;-0.4836278220482633;-0.0738651546647637;-0.8606880689977441
Bobbahn;-0.9785139835376901;-0.92205560641447;-0.9774560486478322;-0.8325815169966174;-0.9031460875127454;0.01424865282351257;-0.6873668023212008;0.5;-0.6902741046968058;-0.9780348143893219;-0.7597723379521668;-0.9629460307658363;-0.6682878830016862;-0.8280876306337444;-0.7699553516619824;-0.9349439397495193;-0.9999226836090906;-0.9424521657554854;-0.9768707047387344;-0.9772833783953256;0.07783585979033084;-0.9231102494334527;-0.9149691971132685;-0.9969755634307998;-0.9999675451194049;0.005433796055833935;-0.9936267236930164;-0.9040448164009531;-0.9997207253169013;0.34032283276489744;-0.9930571282454683;0.07736002120908127;-0.9991596293105116;0.005830181091249311;-0.8888775980001794;-0.9933316181313785;0.13784808847627555;-0.9536722560096337;-0.9938273341471332;-0.9872316358044828;-0.9999822615302909;-0.5600349968454709;-0.9915682228085891;-0.9938334128573092;-0.9998108072921901;0.005295489831727247;-0.999435572028727;-0.9401902381766388;-0.7526714936714478;-0.9874873390742749;-0.2861249924756723;-0.8638631379552693;-0.9237379329465985;-0.975713696328989;-0.9964608565177052;0.07745518564203976;-0.8497243635128757;0.1460167813209128;-0.9958002238808965;-0.9994686079612858;-0.9027314327744854;-0.7655977018913501;-0.9951990651039053;-0.9865736929642667;-0.9786721046240914;-0.9693880563106001;-0.01598773754959303;-0.9990024284569344;-0.9925327711224246;-0.5969300747335025;-0.5884966315861591;-0.884548608866886;-0.8598052979234665;-0.9994274939370991;-0.999628719497006;-0.8187333618348015;-0.9193641690160457;-0.8920657550146831;-0.8804052677408926;-0.9809784553860746;-0.47944513185894505;-0.9977006946823672;-0.983894128016548;-0.99988639965422;-0.9699236042723576;-0.9995927632035674;-0.9961064360393997;-0.9969335607907298;-0.5591216802569442;-0.9805762597735453;-0.8579283393755368;-0.9706578292911752;-0.8281454589550323;-0.8896908332588613;-0.9771536420717513;-0.9982782752339794;-0.877907707448898;-0.9999790210222689;-0.8646502030347917;-0.994662654975492;-0.9059915420609179;-0.9846725225344642;-0.44778633327060546;-0.8800994978289446;-0.8750946680619888;-0.8820513454059631;-0.8761675986629531;-0.6731188638981469;-0.1491934252458138;-0.9314292439387909
Brunnen;-0.9533465534556052;-0.8414703036019133;-0.9511113303106066;-0.69053752964481;0.3338151115334672;0.0056304984293932174;-0.49660914786004107;-0.3097258953031942;0.5;-0.952333455581929;-0.5866250219295954;-0.9210151784887279;-0.47478403404457903;-0.6836794441209639;-0.6002862696537155;-0.865743454228836;-0.026555987998492327;-0.8802149855280599;-0.9498770335582034;-0.9507470462425608;0.03313763659197476;-0.8434301714453081;-0.8284207258154315;-0.9932845101930785;0.05032408054854146;-0.00136931607173142;-0.9859064866163121;-0.8087017747558336;-0.999377804828632;-0.985978042915108;-0.9846575683292896;0.07063731738708487;-0.9981290302327469;0.001543241465735533;-0.7820965548806069;-0.9852592096346533;0.08171284041149425;-0.9023116787457768;-0.9863467664297261;-0.9719831692246533;-0.07064510524058372;-0.3635250198876209;-0.9814011055929573;-0.9863601107389272;-0.012024598308822557;0.00567249497582503;-0.9987429529957534;-0.875829114648488;-0.5772538792319133;-0.9725357478282105;-0.15242841706144059;-0.7400738754437395;-0.8445988149109852;-0.9474423569855348;0.1853046936986735;-0.041362248691243914;-0.7172861826400411;-0.9980657069236839;-0.9906881716405822;-0.9988164798696442;-0.8063629048066752;-0.5944076813434165;-0.9893630865787028;-0.970562915055743;-0.9536811208346215;-0.9342493415996084;-0.99982668844907;-0.9977794725964092;-0.9835093727392548;-0.3992212024245296;-0.39087228773568744;-0.7746622619809527;-0.7334646858579621;-0.9987249747885215;-0.9991729188218599;-0.6696026166045612;-0.836489687757981;-0.7876163125639374;-0.7676113674893745;-0.958575552586549;-0.2924184815364065;-0.9948900632247716;-0.9648019885365462;0.0015647602570498726;-0.9353586395344788;0.09024619808647956;-0.991363878920929;-0.9931915971631797;-0.36266800678312894;-0.9577200811934191;-0.7304265765834103;-0.9368817538356894;-0.6837672983306187;-0.7835009168785865;-0.9504734392114026;-0.996170958727343;-0.7633913216620594;-0.07323135178373612;-0.7413623472412627;-0.9881823634697267;-0.81218094681801;-0.9664716597465881;-0.266780294489503;-0.7670935054106485;-0.7586651084781596;-0.7704050587601269;-0.7604644038847382;-0.4802413575626028;-0.07294262624676158;-0.8590537651973622
Campingplatzareal;-0.5056363142023333;-0.20990856028293312;-0.49335038991102453;-0.10046649900304702;-0.1731584505878305;0.0015286498529131695;-0.04705459543400119;-0.021965185610677968;-0.047666544418070965;0.5;0.0189553557510327;-0.3685448161069849;-0.04328766761659858;-0.09762007963329312;-0.06991294108772583;-0.24400439360152382;0.11645258876418912;-0.2688985865831452;-0.48679501083687865;-0.49139915708730797;0.0663364411180004;-0.21236798440498283;-0.19462870874288526;0.17829476653902251;-0.038187861572718626;0.006186132383684508;-0.7778466341911673;-0.17464058999409518;-0.9877141953835242;-0.7787374857232205;0.06144991248737254;-0.15605970884754183;-0.963901583699249;-0.003095141643074158;-0.1522890557258299;0.08487755201947156;0.14725452774847653;0.06802685272301302;-0.7833584322375444;-0.6345641408422298;-0.012794133249812108;-0.02779305689855382;0.0303576351176822;-0.7835266301600746;0.0039003086450061183;0.0006714613011031421;0.055982857776715036;-0.2609236891196201;-0.06397348471760003;-0.6393020501373268;-0.008921181479639696;-0.1247352515756392;-0.21385655494177305;-0.47431515453937073;0.10224703504059776;-0.013923024936220359;-0.11268080345705689;-0.0020630303963150394;0.03785726887684432;-0.9768738256438506;-0.17248209170043963;-0.0683402630754157;0.08945070846519756;0.04677308842525026;-0.5075229973204878;0.07756960343295577;0.26611287687872587;0.1363265441430391;0.026148301799019724;0.010776943940638514;-0.031118719303257374;-0.14680804299433456;-0.12106187129984922;0.17046470983367887;0.21940681171459223;-0.09209683402683931;-0.20385906407282225;-0.15655743195537122;-0.14187382954898248;-0.5366570343642455;-0.020265684802264785;0.02875976323447596;0.19392183813215816;0.04744809441247966;-0.4200398276365917;0.0298987486499555;-0.8517562672745119;-0.021475111283405898;-0.02769309669736447;-0.5313482873102952;-0.1194238429550183;0.3760609799993427;-0.09765587399550836;0.03421610993674726;-0.4899427680040319;0.10687558568852108;0.032059097068792695;-0.09186054727045764;-0.12546954939099342;-0.807148741857947;-0.17792912384463244;0.08083598648962068;-0.017885713731973858;-0.14152103402688634;-0.13595386401013165;-0.14379936949819452;-0.13711538371320725;-0.04420264821178591;-0.003922766200592709;-0.2337542736781407
Denkmal;-0.9350632821061978;-0.7890449304771933;-0.9320145530808627;0.26401814319897093;-0.7467302280726752;-0.013049603102661901;-0.41008976421448073;-0.24022766204783322;-0.41337497807040474;0.26686456665933783;0.5;-0.8915033716663692;-0.3891277401268925;-0.6036513035494739;-0.5141530550832553;-0.8196244880945455;-0.09468676295728604;-0.8381377628302231;-0.930333433662578;-0.9315182187872336;0.09820192349467095;0.29536455246496973;-0.7728448504157576;-0.9904967211629148;-0.026462074393832455;0.004334450034987501;-0.9801171814461316;-0.7486764802947359;-0.9991172661123531;-0.9802175417049296;-0.9783664922619452;-0.08023773134559944;-0.9973469663870157;0.0013548026025859204;-0.7166481247644039;-0.979209624238434;0.1876552697591063;0.3475123380199392;-0.9807347844571175;0.23893856419429071;-0.014656173670052907;-0.2869737113317526;0.30976152471979673;-0.9807535067406448;0.08132354040402001;0.0024452409123330763;0.03748373293978439;-0.8325044215627209;-0.49037110649838317;-0.9614686921854697;-0.11247448213118522;-0.6673717784946392;-0.792953468156653;-0.9270223790921501;0.15861242545583884;-0.040874918126307905;-0.6412995595209326;-0.9972572467203789;-0.986836852659193;-0.9983212861264107;-0.7458343752757449;-0.5080458576816117;-0.9849720334447152;0.36419458364090396;-0.93552009687003;-0.9091948136820076;0.12839726758350672;0.2367261969742991;-0.9767585984641454;-0.31891948705411943;-0.3113795268418233;-0.7078151072755384;-0.6597638455485048;0.22867415369850697;0.13196017018510775;-0.5881584294437314;-0.7828422976123374;-0.7232390926800609;-0.6994839677084148;-0.9422172979130645;-0.22553491380208537;0.22140997766437845;-0.950776253730602;0.004028692567793209;0.2786515939413966;-0.9987131582463907;-0.9877885838227554;-0.9903656114350712;-0.28621601296525623;-0.9410447831699825;-0.6562793392104391;-0.9127366227397299;-0.6037485022223023;-0.7183223772419782;-0.931145528909116;0.11209443711648052;-0.6945191087703056;-0.07059239143617506;-0.6688593860656132;0.18548488960377382;0.3432295692904724;-0.9530788999894636;-0.204069600064972;-0.6988738447636531;-0.688977680338401;-0.7027795424202965;-0.6910849808678161;-0.3943397251105498;-0.05253188538079216;-0.8111381076527692
Deponieareal;-0.6366864018527865;-0.31281060498129065;-0.6252434880191284;-0.16062470247698085;-0.264066002606074;-0.002249640678450691;-0.07800373719996331;-0.037053969234163736;-0.07898482151127212;-0.631455183893015;-0.10849662833363087;0.5;-0.07194625115775269;-0.15637016394089978;-0.11409656793327322;-0.35608788451499446;-0.004619061974025586;-0.3865699924365419;-0.6190770007781767;-0.6234124740852794;0.039352907234458646;-0.3159934948921424;-0.29281628871538273;0.008181716526810065;-0.06493985842059517;0.0056615206969637165;-0.8571265188015593;-0.2660758631196279;-0.9927926001844039;-0.8577575888215705;-0.846245302913353;0.0017796247947725842;-0.9786098990737407;0.0012170889715031302;-0.2353589588842475;-0.851455851748065;-0.980387952430974;-0.44200154199421937;-0.8610227627077343;-0.7484405147534239;-0.014321884807269775;-0.046694109848439094;-0.8190105608724492;-0.8611413513766049;0.09614255094683773;0.0034006311850806816;-0.9855358353711978;-0.37690436268026634;-0.104826546285257;0.12085729458178063;-0.015188659520128702;-0.196254836566678;-0.31791523682374717;-0.6072183897256268;-0.9154987927831499;-0.0064751266346028446;0.050307143880908047;-0.02880917284693367;-0.9012234989505642;-0.9863713281119575;-0.26314756613250184;-0.11164929759564465;-0.8885990458337278;-0.7387342462126438;-0.6384305847070182;0.09134103351249527;-0.1204814852622193;-0.974705952091055;-0.8364590541281905;-0.05391457740757536;-0.05216009401483612;-0.22769122435710243;-0.19093470566558335;-0.09964923449058831;-0.9904399801867164;-0.14806832459101182;0.07199506267733707;-0.24129290180522955;-0.2207418681770882;-0.6649331274794247;-0.034227868849880834;-0.9434929986036547;-0.7015547580871748;-0.9970561490390638;-0.553755130771294;-0.9895234757676041;-0.9077868870943414;-0.9259819128279214;-0.04652942379132044;-0.6601634049854552;-0.18855407750724684;-0.5600404868589894;-0.15642376600364621;-0.23684867676497248;0.09174149756549244;0.08577567201621829;-0.2167244746983414;-0.14076207105265837;-0.19731524573898818;-0.8776168494940915;-0.27052182410450587;-0.7119841427905512;-0.030258841847122818;-0.22024328806692234;-0.21234532504283393;-0.223459081636475;-0.21399785269758442;-0.07342050656187615;-0.006702410420917398;-0.343267262436161
Ein- und Ausfahrt;-0.957636502267402;-0.8544773554468691;0.3650676761224039;-0.7116852539936768;-0.8223322045135815;-0.004392649939588319;-0.5218325808735684;-0.33171211699831393;-0.525215965955421;-0.9567123323834014;-0.6108722598731074;-0.9280537488422473;0.5;-0.7050956806574277;-0.6242454603932341;-0.877049935709745;-0.018759630388025608;-0.8904569461367569;-0.9544707807333657;-0.9552648123899419;0.04157779655025909;-0.8563038800101603;-0.8422978087131522;-0.9939254233383404;-0.0802068051861258;-0.002032888247455181;-0.9872424999755306;-0.8238345516312809;-0.9994375152270577;-0.9873073603281676;-0.9861103066118684;-0.9998073909895498;-0.9983083793203713;-0.0016894464543147692;-0.7988103653757611;-0.9866557519760188;-0.9984515862346329;-0.9108556521837062;-0.9876415660542819;-0.9746050645925591;-0.06197572317132191;-0.38718808541238237;-0.9831569161376541;-0.9876536607011963;-0.004933869553260972;0.005622077945969728;0.06767271664717645;-0.8863976809015648;0.2981058471044357;-0.9751072556608626;-0.165932853143314;-0.7590177831070642;-0.857392680492813;-0.9522480236792856;-0.9928953343021564;-0.004695433072619201;-0.7373013747949645;0.09803053768205025;-0.9915747724361011;-0.9989300014403291;-0.8216398936763102;-0.6184952967482252;0.2106351967643461;0.27409333756170745;-0.9579416622263872;-0.9401851679461486;0.0974471490123896;0.10626540090395677;-0.9850691823551309;-0.4236611890296107;-0.41515435404238027;-0.7917944998872237;-0.7527293432577913;0.06914150409675865;0.0908586930975167;-0.6915419180222102;-0.8498324623668428;-0.8040128379440756;-0.7851309875763133;-0.9624036384066802;-0.31373451882063513;-0.9953784584954575;-0.9680738454359135;0.007566984124966486;-0.9412006237600359;0.04685763520087064;-0.992186651459395;-0.9938413227644528;-0.3863091457316696;-0.9616240572890172;-0.7498359271625803;-0.9425945341743835;-0.7051801517376458;-0.800134536403817;-0.9550151147164401;0.259462633182547;-0.7811383781139093;-0.1523514388245218;-0.7602427708827308;-0.9893049724340114;-0.8270973446876837;-0.9695932026099892;-0.28698542473304567;-0.7846412134623013;-0.7766629485426692;-0.7877722946549167;-0.7783672593718011;-0.5054682213168473;-0.08007026290058757;-0.8708395720601105
Erratischer Block;-0.9043480863235344;-0.7106361673421837;0.232601414912891;-0.5079744374731631;-0.659383122939548;-0.0009787226862218333;-0.31339459738842057;-0.17191236936625573;-0.31632055587903596;-0.9023799203667068;-0.396348696450526;-0.8436298360591001;-0.29490431934257233;0.5;-0.4099734821900257;-0.7489656032099404;-0.003127273796520043;-0.7727200925529514;-0.8976259498585905;-0.8993067713107102;0.03762188157437767;-0.7136631123040007;-0.6907745125202269;-0.9855977991379652;-0.00011618643842383744;0.0039438165847153345;-0.9700295261703381;-0.6616965007893869;-0.9986561894645672;0.16782645906605043;-0.9674201405610706;-0.018261768668513003;-0.9959649469985777;0.0055549514274840514;-0.6241482438141104;-0.9686762306632343;0.031095234561315462;0.2498206428836957;-0.9709511864732474;-0.9413540069073798;-0.02255574820804398;-0.20902210238239582;-0.9606512060734475;0.16511346275626038;0.049566528850486645;0.004949396334652257;0.010060914131145864;-0.765447148819995;-0.38717024072384504;-0.9424749347006603;-0.07681616742511672;-0.5684719644987102;-0.7154735950989131;-0.8929392889593486;-0.9831794614796625;-0.034145951296198906;-0.539991074446649;-0.995828685997853;-0.9800892006627734;-0.9974455098249029;-0.658319680715143;-0.40407456081962784;-0.9772904420694201;-0.9384793472289004;-0.9049990225607978;-0.8679714501737609;-0.01658218186562551;-0.9952130077627516;-0.9650277494416415;-0.2351521459422729;-0.2289269570561569;-0.6139848809342807;-0.5600930402920954;-0.9972482987992828;0.03004082040237527;-0.48391936343944003;-0.7029958945802625;-0.6317853236491533;-0.6044733513629353;-0.9145768311990873;-0.16051516968553622;-0.989020793260126;-0.9269123942751871;-0.00522222296421484;0.2962233908475219;0.10717463260251171;-0.9815196689939162;-0.985400098824956;-0.20841006223294664;-0.9128952926836559;-0.5562742845347463;-0.8728963744417654;-0.5001015675682583;-0.6260838837406015;-0.8987778298557065;0.13730308398836324;-0.5988390389723532;-0.05268882841101101;-0.5701169703427559;-0.974803754554636;-0.6667475322809966;-0.9302494762568561;-0.14408681137528861;-0.6037795979902368;-0.5925801351444456;-0.608227280319664;-0.5949565975628164;-0.2994729695242613;-0.035125343128037174;-0.7382166253179532
Felsblock;-0.931538988458003;-0.7794648922528284;-0.9283374774993722;-0.5977203373264105;-0.7358718178116649;-0.024696265321959357;-0.39646371071546294;-0.23004464833801766;-0.3997137303462845;-0.9300870589122741;-0.4858469449167448;-0.8859034320667267;-0.3757545396067658;-0.5900265178099743;0.5;-0.8111006917479566;0.03673473507408431;-0.830307698685324;-0.9265725961165281;-0.9278163774689298;0.029323687341535676;-0.7819927199776938;-0.7627503296190848;-0.9899486122809423;0.05083466985376122;0.006038789936958864;-0.9789831270866127;-0.7378722207095049;-0.9990658848647824;-0.97908908945632;-0.9771349135006748;0.026630129239704734;-0.9971928309080187;0.0048720058004829;-0.705009497094004;-0.9780249662251345;-0.9974302333006051;-0.8601480239957596;-0.9796352243339509;-0.9585079104357386;-0.004212089869093886;-0.27552776695438613;-0.9723266263082009;-0.9796549930226476;0.007740250043289046;0.004278731852004452;-0.9981133688310672;-0.8244589207158353;-0.4762310082025157;-0.9593151381951914;-0.10694454490049957;-0.6546844026761061;-0.7835022255559313;-0.9230975746044231;-0.9882521310360919;-0.006867330215439973;-0.6281717866776805;0.0625728631017152;0.16751085308918628;0.030776690039985306;-0.734951189898446;-0.49389001953972417;-0.9841103956196909;-0.9564351733469127;-0.9320187933339572;-0.9044100910206582;-0.9997397449983979;-0.9966689447075068;0.26020462494019225;-0.3067475344784155;-0.29936885601245794;-0.6959675862786713;-0.6469398001280692;-0.9980864036029216;-0.9987584126568402;-0.5743765762820761;-0.7730615950278599;-0.7117623024292482;-0.6874478038494112;-0.9390559664062547;-0.2157978144271486;-0.9923455725173026;-0.9480573739789198;-0.9996198830066083;-0.9059721478536806;-0.9986382871706834;-0.987086317437287;-0.9898100184936309;-0.2747886427831819;-0.9378235357399349;-0.6433949451484849;-0.9081196659058755;-0.5901247890552432;-0.7067243764366424;-0.9274251111072835;-0.9942606098488505;0.27474186225306063;0.026955678178529757;-0.6561995210487777;-0.98235700865864;-0.7422289755475932;-0.950480582894033;-0.19502586120806445;-0.6868241852513699;-0.6767152033290076;-0.6908170286886512;-0.6788668618924791;-0.3808990914966676;-0.04978378116206151;-0.8023100072751221
Felskopf;-0.7601305804186994;-0.45149617709205275;-0.7510554539510128;-0.25707969663147784;-0.3935159873663282;-0.007665603512422164;-0.13268782936328083;-0.06505606025048073;-0.13425654577116392;-0.7559956063984762;-0.18037551190545445;-0.6439121154850055;-0.12295006429025496;-0.2510343967900596;-0.18889930825204335;0.5;-0.13270036021290407;-0.5326115023638778;-0.7461185527685446;-0.7495929566060019;-0.1390377210175384;-0.45515554880886605;-0.42816046290502646;-0.9582241872625373;0.03117916106230818;0.0016886115028970717;0.09286764432637808;-0.3959809778842384;-0.03888888565480751;-0.9159979935309892;-0.908697617354455;0.02774075114195249;0.13817292692640248;0.0012196786296714741;-0.35757384411685567;-0.9120117929056928;-0.9890584828539417;-0.5888811063705206;-0.9180539809553268;-0.8432613186406908;0.018484074759445666;-0.08136578869243238;-0.8911015870802738;-0.9181285324611967;-0.9972879048016361;-0.0003525677956768396;-0.9919491645041246;-0.5224040230801865;-0.17475060775549;-0.8459503169552788;-0.02713248106926007;-0.3062980883090172;-0.4573577248964371;-0.7365317421622123;0.057020012029069464;0.011097096214377749;-0.28235773576071543;-0.9876569352109362;-0.9428527168065747;0.16158190062558286;-0.3923873737647238;-0.1851829687558845;-0.9351660612769417;-0.8364139950470165;-0.761504128359491;-0.6878393925423308;-0.9988834675333729;-0.985852257236941;0.17979679835589774;-0.09342224746185672;-0.09050509823084936;-0.3477352046398848;-0.29910499609004376;-0.9918348163241707;-0.9946905538045051;-0.2391313374759033;-0.4423825866253884;-0.3651177697442577;-0.3387289313953017;-0.7820650039369386;-0.06022782391145466;-0.9679414933446079;-0.8095512830086553;-0.9983698848782615;-0.6917342116241341;-0.9941791504832636;-0.9468132207237261;-0.9576668664502019;-0.08108922025209445;-0.7784070024054358;-0.29586887834307923;-0.6971390406501439;-0.2511107898808434;-0.3594734587580782;-0.7484975083022128;0.059925530620456254;-0.33348317025042884;0.031628355474911184;-0.30772543920472417;0.0816419380247134;-0.40141037209233743;-0.8171900777931731;-0.053410606070147845;-0.33807947611358735;-0.3277319183899781;-0.34226060730884095;-0.32990630403310145;-0.12532830444572676;-0.012054632224911712;-0.4859079516128807
Fliessgewaesser;0.0006293516294715728;-0.0009138613634258733;0.00014502186966794506;-7.22335703045422e-06;-0.0007204983111270343;0.019183923571585517;6.909221210519191e-07;-7.731639090930317e-05;-4.5762704286595935e-06;0.0004009347846769496;-2.315553849003388e-05;-9.281670621435997e-06;-2.9223463133086975e-06;-1.1647701438610785e-06;9.506824399738044e-06;-0.00014746028401029862;0.5;2.1142777203866584e-05;-0.00019168165667720084;1.0376340864333845e-05;0.018206629664013457;3.7045034272960096e-05;-6.451995298833524e-05;0.0018780621140410065;-0.0347119924326871;0.01369056117861134;-0.002350506289275919;2.384865772862891e-05;-0.08410057542621739;0.00035470249747127856;0.00026979314356817053;0.017676046013339185;-0.012902225817016598;0.010143696130261799;2.5012708705781906e-05;0.000585517719766299;0.009139689933730207;0.00012736573947912761;-0.004401543353334924;-0.00059209867849106;0.004184007572702503;4.20228700182245e-06;0.0003434755804402543;-0.0016663663298861168;-0.00030055995722998836;0.01024985181591632;-0.03346491329755908;7.305539921863897e-05;4.0873628569871525e-06;-0.00040911383443132944;1.332431023678748e-06;3.289041381061483e-06;5.395367101288621e-05;0.0006558105039337686;0.0007389548245331049;0.022045965287587198;-2.0468481648149836e-06;-0.002745368851987278;0.0011958305907791191;-0.018168582445509448;3.869881417005181e-05;-6.421280482966459e-06;0.0002443625349594828;0.00018084944111283933;0.00014693566044865096;0.0001770263532198557;0.040771688778308036;0.0011595878496719763;-0.001597032408226102;2.176016061736366e-05;1.4637942325266345e-05;2.265343977428385e-05;1.854863636808938e-05;0.0033582652953359;0.007977446736661578;4.334404703640268e-05;1.4097484667545766e-05;3.8569910105796664e-05;3.2942747503208126e-05;0.0001066042145757134;-7.121092481099716e-05;0.0006475147142068104;0.00045960287795559633;-0.12674203264737327;-0.002487340874053177;-0.05269444095218873;-0.0002483682102617966;-0.0002887260642586165;-9.805057783001696e-05;-0.0001654183943337384;-9.899942894431115e-06;0.00025149750939452477;6.272523872452918e-05;0.00013598012700850957;-0.00011802605714454151;0.00436487760761207;-6.002976614791593e-05;-0.011768447914260512;1.8212905609405538e-05;0.00018187721173229475;-2.6271811348647267e-05;0.00032935020206719914;2.861067182682947e-06;1.0225822451235791e-05;0.0001375458309341229;0.0001467183984994608;5.9405670137472455e-05;1.7858997336231434e-05;1.3352149583435762e-06;6.498308934556457e-05
Flugfeldareal;-0.7355106603877412;-0.41939467510887335;-0.7258400277871101;-0.23293107028993185;-0.3628101094499889;0.008945571110861082;-0.11836227236365666;-0.0575478342445146;-0.11978501447194011;-0.7311014134168548;-0.16186223716977696;-0.6134300075634581;-0.10954305386324309;-0.22727990744704857;-0.169692301314676;-0.4673884976361222;0.016696542529555054;0.5;-0.7205891039689905;-0.7242837763058187;-0.013014497429739027;-0.42299451158820434;-0.39651870250339555;0.037906534394637086;-0.11644506812289852;0.003991735407634257;-0.9049416258124424;-0.36519857799827643;-0.9954459177006537;-0.9053848106966536;-0.897265521092873;-0.9984364608103468;-0.9864129517654128;0.0075895906465971354;-0.3281550362193433;-0.900949435949542;-0.9875506274509777;-0.5569296570186539;-0.9076743785311554;-0.8252118497848554;-0.005376110870677737;-0.07212043114337804;-0.8777626437834284;-0.9077574242263596;-0.02876889205152509;0.0010520968844555429;-0.9908359842216106;-0.48976260176223585;-0.15670427952431745;-0.828147397279889;-0.023889242705513007;-0.27926406245987734;-0.42516250718059356;-0.7104124359472032;-0.9450314212570633;0.04406894625504553;-0.25665493718575294;0.032891507260236166;-0.9353931679252695;-0.9913680062471469;-0.36171703752257517;-0.1662763697155164;-0.926781075213015;-0.817746433705442;-0.7369764054235618;-0.6591269620865955;0.006675714211229301;-0.0334805753871493;-0.8903056924618316;-0.08293062235351566;-0.08031205659519706;-0.3187242617056508;-0.2724564879843022;-0.9907059733815958;-0.05579658512339901;-0.2161780892528709;-0.4104441823524718;-0.3354023383310732;-0.31011213188873715;-0.7589825721588357;-0.05324509799881427;-0.9636305073592998;-0.7885930916471205;-0.9981428284776793;-0.6632046137814714;-0.9933722477685405;-0.9398376569029386;-0.9520426811961525;-0.07187282966314842;-0.7550584798899503;-0.26939787029524653;-0.6688702046654503;-0.22735126606276296;-0.32997863946653305;-0.7231185057162028;0.0027248148831089903;-0.30510506953317745;-0.08415239430056969;-0.2806163955654223;0.2439089510333169;-0.37046477351076257;-0.7968615732871636;-0.047178579748770114;-0.30949186489759795;-0.2996232196749448;-0.3134868872186789;-0.30169480601352455;-0.1116949872893757;-0.010594074476765249;-0.4533821445905711
Flughafenareal;-0.518835695792874;-0.2188049046210488;-0.5065576823427955;-0.10534290442506315;-0.1808537770794345;-0.01878253698622884;-0.0494811201407395;-0.023129295261265555;-0.05012296644179649;-0.5132049891631213;-0.0696665663374219;-0.3809229992218233;-0.04552921926663437;-0.10237405014140954;-0.07342740388347176;-0.25388144723145545;-0.05869494718154615;-0.27941089603100955;0.5;-0.5046062388470026;-0.004196234064687669;-0.221339363158182;-0.2030438853484062;-0.8864264133359651;-0.9986310932011555;0.006060589673614773;-0.7868419743752643;-0.18238725487554577;-0.9883390611600649;-0.7877065988516333;-0.7720315913624386;-0.2538549928819978;-0.9656955138866631;0.008453120253499112;-0.15923553854967468;0.06261656508274534;0.00552474520176748;-0.3276847717485903;-0.792190216246382;-0.6467262479484852;0.09044445473391084;-0.02925679238957709;-0.7357560516445814;-0.7923533748494532;-0.992071261022687;0.006526104547233812;-0.9767034750685027;-0.2712398955980336;-0.06721095188418978;-0.6513930997350741;-0.009400630402961454;-0.13061855840866343;-0.222873023604003;-0.4875031896244694;0.13726410300203673;0.06929303973458982;-0.11807224464257712;-0.06122598785618799;-0.8488052643131908;-0.9780377817490694;-0.18015390926388342;-0.07178177014581588;0.24067153465385904;-0.6350092912883575;-0.5207197531914722;-0.4284985799775192;0.13482773080311156;-0.9595320075972853;-0.7588677113250532;-0.03387668777207663;-0.03275170212304926;-0.1535498014249561;-0.12679701784107084;-0.9763777449106178;-0.0619414756871484;-0.09661062667450736;-0.21256799834929183;-0.16366102302236163;-0.14842841724479067;-0.5497656661017359;-0.021341689823983073;-0.9112983611490865;-0.591236673619096;-0.9952244355750879;-0.4329616809392777;-0.983084323712294;-0.8583040563634686;-0.8850261834192686;-0.029151725588725703;-0.5444796264329078;-0.12509243418738225;-0.4392254704017362;-0.1024113898129813;-0.16034446767354932;-0.5031494302155288;-0.9321029836298792;-0.14548139319404366;-0.9991147142499499;-0.13138229158776116;-0.8152394180841505;-0.18578882485347897;-0.603341507547586;-0.018837784031202454;-0.14806213481080086;-0.14228029636244005;-0.15042732287642774;-0.14348689012330898;-0.046489277682026375;-0.004134707185342139;-0.2433499709688271
Flugplatzareal;-0.5142343969485607;-0.21567177233679796;-0.5019516793074542;-0.10361896587698484;-0.17814015616256684;0.008216656708849935;-0.04862167807325399;-0.02271662160467423;-0.0492529537574392;-0.5086008429126919;-0.06848178121276627;-0.37658752591472056;-0.04473518761005815;-0.10069322868928975;-0.07218362253107038;-0.25040704339399805;0.003119337088698868;-0.2757162236941812;-0.49539376115299727;0.5;-0.03594924343817741;-0.21818007511397833;-0.2000786371950017;-0.8845581862531261;0.0852183541236132;0.00643127952656175;-0.7837352908923197;-0.17965567125167153;-0.9881247862964704;-0.7846090673337707;-0.7687724858885571;-0.9959031329250408;-0.9650798550963595;0.00830837592215168;-0.1567842041023355;-0.7759132655263463;0.02660072253757619;-0.32363846321407574;-0.7891405922919303;-0.6425052613266923;0.04161534464617374;-0.02873800795463361;-0.7321582606275483;-0.7893055084435477;-0.9919250066443734;0.00769490666697592;-0.9762805224823097;-0.26761314288764426;-0.06606496262183208;-0.6471974551045081;-0.00923058950048119;-0.12854041280907744;-0.21969802128560725;-0.48290088790229396;-0.8674554499760858;-0.0303773842014388;-0.11616703905334534;-0.9639383890131893;-0.8464254050420797;-0.9776384991212608;-0.17744851468734033;-0.0705637412020989;-0.8281329277377733;-0.6307282442000192;0.08353723704639583;-0.42399247424106135;0.09373734991700335;-0.9588104511103472;-0.7554800166161018;-0.033278791257635186;-0.0321729995105965;-0.15117025774573703;-0.1247709471298331;0.2115160090918041;-0.02957355152425737;-0.09501441532563408;-0.2095002236031832;-0.16115461938331713;-0.14611453896747717;-0.5452008732995236;-0.020960226338477293;0.00364418203942201;-0.586776308492374;-0.24296258708882854;-0.42844382670600967;-0.15576807038748955;-0.8560483548487914;-0.8831379598386025;-0.02863474925308568;-0.5399060920303329;-0.12308976130113469;-0.43469236095886366;-0.10073002409837947;-0.1578792675930131;-0.49854310682776704;-0.9309275651974265;-0.14320573077251128;-0.18479350460973873;-0.1292938020592064;-0.8124479620536974;-0.18301770015686533;-0.5989236254826793;-0.018500229572037327;-0.1457529892607579;-0.14004650008393504;-0.14808770221690423;-0.14123726970768097;-0.04567930387584112;-0.004059527245502699;-0.23997333719115072
Flurname swisstopo;0.0002339161814308901;-0.0008343220379468802;7.320180898147711e-05;-4.6304227302436594e-05;-0.00011427223422199447;0.026601335496390533;-4.888579681839996e-06;5.494190387679677e-06;5.213022181999527e-06;0.00020849497042941625;2.1923224695081968e-05;7.218849875732194e-05;5.912725242506265e-06;1.2791858927511472e-05;6.927809953236568e-06;-0.0001410439395772631;0.01662066451955529;-1.5044636963177427e-05;-1.2510030492312485e-05;-0.0001091667801429532;0.5;1.4314804588121162e-05;-1.0661788896520384e-05;0.001105412277568473;-0.11701678774057378;0.020483364026447532;-0.0019130997000132626;-5.917361773080242e-05;-0.10369348901029385;0.00018491099658712884;0.0002659894997363373;-0.03285043114944284;-0.015454643394958717;0.0111255272808998;1.5572385705631374e-05;0.0004899373453139614;0.008951329966832233;2.9834585304876353e-05;-0.003360228986332498;-0.000343282839527991;-0.00017394007635408747;6.880237881496477e-06;0.0008251097102015155;-0.0001455789047544534;0.03330986116240918;0.013991477852076101;-0.026725284326686315;9.001444736135415e-05;1.2202772070941787e-05;0.0002607300728513963;-2.8290805144435263e-05;4.376604627564921e-05;-0.0008542658036160647;0.00024591082878011236;-0.0014283801146784277;0.024473509915759264;1.2435971784990642e-05;-0.009265017235278696;0.0005687715216558262;-0.01466898663549504;1.326677885690784e-05;-1.381474949512018e-05;0.0004587230001125675;-4.0842289390334144e-05;0.00021497506043459494;9.518628201888094e-05;0.08724333246023604;0.0027022655644341194;-0.0018534810937867177;-4.6388899797066616e-07;-4.839694030307551e-06;-3.223616935247261e-05;7.508947602154389e-07;0.0036864723848770934;0.009214968135829619;5.63674399445207e-06;2.9379528892025144e-05;4.660162438170183e-06;4.2882743509495745e-05;7.40393190340242e-05;3.878425117617895e-06;0.00339294048520728;0.00023469458370883178;-0.12478432355884846;-0.0003530269481455061;-0.04808757143832611;-0.0007369690531113922;-0.0007398014008553579;8.178789644203238e-06;0.00010192863618554824;-1.1741216255507574e-05;0.000141706253357382;-7.906910967568402e-06;-2.798026962549134e-05;0.0001164808455952803;0.001158761217264335;6.421113260959238e-06;-0.07232842294472727;1.8864141643225792e-05;-0.0005625417775839282;4.58841589678246e-05;0.00016413758063657004;3.982045328131179e-06;-1.1002231286596628e-05;1.0614393404490184e-05;5.109633633312092e-06;1.9280956417940236e-05;1.0947682640072422e-07;-1.2377628666620406e-05;3.5847714217106366e-05
Freizeitanlagenareal;-0.7913788146253548;-0.4963085104440633;-0.7831486521105646;-0.292899860570512;-0.43716014271130965;0.004621211587670671;-0.15478700743776608;-0.07688975056654737;-0.15656982855469184;-0.7876320155950172;0.07780969538541051;-0.6840065051078575;-0.14369611998983967;-0.2863368876959993;-0.21800728002230615;-0.544844451191134;0.039906140508619015;-0.5770054884117956;-0.778660636841818;-0.7818199248860216;0.016891815342152224;0.5;-0.4726525028034687;0.2132771527465094;-0.005384160288554493;0.005837442676453968;-0.9284999279748447;-0.4397003151133745;-0.9966574039897343;-0.9288419150063699;-0.9225634039253546;-0.1040705211417721;-0.9900032744201512;-0.0014386711280612598;0.12371264478780615;0.2114191147498282;0.20630555432900294;-0.6316269892801791;-0.9306073564164278;-0.8655948305022231;-0.0074034170005256635;-0.09586203014592266;0.22307269516303804;0.10111382390787971;0.057184050453189514;0.0036034813349681304;-0.005655198522955506;-0.5669792989045344;-0.202221935683537;-0.8679606712290892;0.016515805178228423;-0.3457841839440555;-0.5022191505424947;-0.7699237226312234;0.06797128690545089;-0.04147455306746826;-0.32018206012919204;-0.022368723425919716;0.08001427901572487;-0.9936573948558503;0.1310762957107085;-0.21386927817149082;0.08737441097364139;0.311664961048145;-0.7926222446243447;-0.7250992989107571;0.20892981378393416;0.31576034780248075;-0.9171591699873218;-0.10980972183181108;-0.10644094595988118;-0.38956330674007006;0.1465344830584806;0.30051723135136893;0.20168461617555916;-0.27337089546786597;-0.4870936469780866;0.1521210812272283;-0.3801050062227256;-0.811165655037075;-0.07125018865014034;0.20588639034731107;0.19419214410978813;-0.03262843363062127;-0.7287125825313172;-0.995132678672646;0.07607913069084324;0.11044671211947657;-0.09554131254650461;-0.8078761093290998;-0.3346591095263102;-0.7337186469583912;-0.28641991545121787;-0.40184364919804577;-0.7808242366864989;0.07170317559690281;-0.3745814414159028;-0.085090331107133;-0.34730341754276306;-0.9394769617882411;0.13289808071260725;-0.8425448052106995;-0.0632693391691434;-0.3794217379386199;-0.3685132894949378;0.12108200824881732;-0.37080900439229464;-0.1464086647558203;-0.01439581527561671;-0.5308303357484339
Friedhof;-0.8088810599998671;-0.5236655640793833;-0.8011678872386081;-0.3160807250932725;-0.46426197489044424;-0.0019709697718124906;-0.16965992339700073;-0.08503080288673148;-0.17157927418456845;-0.8053712912571147;-0.22715514958424232;-0.7071837112846172;-0.1577021912868478;-0.3092254874797731;-0.23724967038091518;-0.5718395370949736;-0.07754587414480016;-0.6034812974966044;-0.7969561146515938;-0.7999213628049983;-0.01403705197015556;-0.5273474971965313;0.5;0.06654821655050004;-0.08307638860538859;0.005094025900781923;-0.9354369277846855;-0.4668290104304426;-0.9970030496194947;-0.9357480309737106;-0.9300329685878554;-0.9989721220050212;-0.9910308070417451;-0.011606587563717562;-0.42640117897444035;-0.9326301113625121;0.12193857530873554;-0.6567179555861616;-0.9373536869841409;-0.8778319170934429;0.008213134137010882;-0.10578166786577536;-0.916169413615094;-0.937411877344122;0.09466614247684564;0.006042406754329748;-0.9939597803724958;-0.5936407033320882;-0.22046383899053273;-0.8800122155299113;-0.03591044608245432;-0.37095473049495775;-0.5295594720928435;-0.7887454465994346;0.12635265010668326;-0.0865888979023548;-0.3444702430814872;-0.9907294744209305;-0.9565880718996262;-0.9943114898514073;-0.46308538680128225;-0.2328551863930755;0.1780024706912245;-0.8722660847737284;-0.8100452119314897;-0.746380030380719;0.25703411386023745;0.4362438932219003;-0.9251077112963393;-0.12097952202049235;-0.11731323428261854;-0.41589475635749856;-0.3630378716305201;0.4435749435461205;0.31107005941967075;-0.2956524209871711;-0.5144615613802612;-0.4344152751769973;-0.40622258333886563;-0.8273699988060185;-0.07884512768978488;-0.9758015218487169;-0.850236549318958;-0.01433451376192757;-0.7498101137568927;-0.9956353000976976;-0.9596374185215668;-0.9679626249464942;-0.10543163293715037;-0.8243015944731831;-0.3594647973647658;-0.7545579922928803;-0.30931227560273006;-0.4284225967599397;-0.798987043236028;-0.9817796660198235;-0.4005647330149297;-0.09674432778428178;-0.3725215818574216;-0.94541157376599;-0.4724699687299894;-0.8565326763324155;-0.07007774694627564;-0.4055230793810166;-0.39434105930239927;-0.410021631947301;-0.3966965970767992;-0.16062953209907221;-0.016034976027384303;-0.5579822859414165
Gebaeude;0.008706417415018264;0.005126966983941573;-0.11624139714653783;0.005602104068465029;-0.02750971396371697;0.005318544115714277;-0.006625617853950143;-0.0030244365692001784;-0.0067154898069214965;0.024083411118435767;-0.009503278837085207;0.0006450176611003955;-0.006074576661659535;-0.014402200862034748;-0.010051387719057647;-0.04177581273746265;0.07368257014881378;0.0018832344087841828;-0.11357358666403497;-0.11544181374687378;0.047507291742336206;0.0077676459517315435;0.002172333911655889;0.5;-0.0007547970634550208;0.008408041391937283;0.03172374908940563;-0.02778707772623745;-0.15896965927572293;0.013797659584088488;0.07501433851598543;-0.028200263695913972;-0.01624699991212511;0.005079045361085561;-0.023691224092428173;0.06200707846051028;0.16998802572777458;0.007687989928417509;0.02595161759525263;0.014711098353508248;0.005056172546094121;-0.0038466546713627017;0.03469831829023628;0.013323675004493576;0.03406701148395541;0.004888978657500177;-0.14706199488072713;0.009138184828734146;-0.009147455164546441;-0.012595251649805099;-0.001214411443092438;-0.018886369537685695;-0.03544281068853255;0.008799756951092043;0.027354681897948294;-0.0013021935377125612;-0.01686409418792223;0.08304729320151752;0.09719597864550857;0.02530766854640815;-0.027383419633977755;-0.009811079290377557;0.022195728680873095;0.012438108227240546;0.01582256309558758;0.05974952386119476;0.1513849288892664;0.07328505318561904;0.05167671010559724;0.0008975751904114302;0.0008833127681654118;-0.02271453957647521;-0.018265127152014303;0.09163335267635697;0.09746683871050035;-0.013516811663151204;-0.03343122094451296;0.006116543161935307;0.003983209491475356;0.013000100869271839;0.0006513895633872282;0.050181834389129695;0.02922435747595138;-0.17427394195406265;0.008641738608289956;-0.18521684493479346;0.0908592896925728;0.10379138738847361;0.0008148278876789924;-0.13280786915511414;0.005744363139412186;0.013026437208866674;0.001775859929677656;-0.023883025592947152;-0.11484806177605014;0.03362390217025537;0.007683388034617291;-0.03536881510620359;0.003002438722719633;0.041713941045304966;0.0077386643771254005;0.06489850589288353;-0.0024538986762395053;-0.021782423627975393;0.002040371472060154;0.002056884680331639;-0.02101308171607095;-0.00620808037731397;-0.0005316769697030534;0.008353944240274004
Gebiet;-0.00014473053556136666;-2.215593658923123e-06;-9.918860576164983e-05;-1.2420502932414894e-06;-0.0003025544389274208;0.004046896659749526;-1.6076348291468407e-06;-3.245488059519232e-05;3.6401059455898055e-06;-5.5187266995707145e-05;-2.7163045420021636e-06;-5.4773773186748336e-05;-5.244542141626374e-06;-1.8164302316831963e-08;5.522141434400505e-06;1.454307848932682e-05;-0.014570300229267424;-6.189357135787246e-05;-0.0013689067988444333;0.00011898823469786526;-0.0538044634892732;-2.0979600423306564e-06;-2.901361967207545e-05;-8.075405619539941e-06;0.5;0.02555112962636557;0.00025995490883919543;-0.0003056911390781299;-0.014046537029282779;-0.00029696613815782786;0.00022810974579009376;-0.0035909729187872637;0.0017434166291777178;0.01642186064902748;2.2983733461389154e-07;-0.000753446259959338;-0.006434670575532985;-7.03683603365164e-05;9.285590402970513e-05;-6.16333011637703e-06;0.04408342969041506;5.348547868865103e-08;-0.0004632790232094664;-0.0007332275170512274;-0.015809903037353887;0.007459517838479449;-0.018295463247454503;-1.5938859661008166e-05;-6.329584936108114e-06;-2.6266307343413278e-05;-1.3008345939507539e-05;-4.114303039485279e-05;-0.0003929738182424374;-0.0001398176647050052;-0.0008305198563444632;-0.001070295859598025;-2.0197724821082464e-05;0.001235763065204846;8.028395267403753e-05;0.0021647279314542683;-2.7611555392298493e-06;-0.0001059953543619723;-0.0002252396367439066;-0.00028886898459148653;-0.00018061890214535534;-2.104678795349208e-05;-0.06805888451578296;-0.007507130996063493;0.00012217650362663027;-4.948911118555059e-06;-4.635124311409901e-06;3.092579088654454e-05;-7.549852819401177e-06;-0.012495291544842758;-0.014966385356798501;-7.965208678349958e-07;-1.3460346350494937e-05;-1.3049926889361047e-05;-4.981211111029347e-05;-9.43641777296093e-05;-2.9891900625414818e-05;-0.0026862140556813754;-0.0002465470608090286;-0.08165566570554071;-0.00010945724715055589;-0.028476191583823342;0.0008568230259394431;0.0006839146908324871;-3.815518532566238e-06;-0.00027246225456237607;-3.081309662704166e-05;-6.342328846728961e-05;-1.7096327440786954e-06;-4.7883848312828865e-06;-7.074818962041355e-05;-0.00031803242885193757;-3.137485762157526e-06;0.05610749875001229;8.152792845060112e-06;0.000431411329281998;-1.189771875409236e-05;9.172164449887248e-05;-2.6317605030572933e-05;-3.6575918629566177e-06;-2.432781930160806e-06;-2.0161375787957713e-05;-2.0142334282097433e-05;-3.734624605880975e-07;-5.691286998261054e-06;-2.9521489694367868e-05
Gemeindegebiet;1.4074575416243928e-06;-7.120780189727672e-07;1.204377751691932e-06;-2.172644269176632e-08;-7.207311235715809e-06;0.12253296728014977;7.92269131047473e-08;3.368016905923401e-08;-1.8915538014760714e-08;1.707298957361576e-06;8.496995583485278e-08;9.11950443061011e-07;-2.5385556273222075e-08;1.1774888655744099e-07;1.2527784054917772e-07;1.504175406704098e-07;0.0010974557703419135;4.0519400172318355e-07;1.5865745942468774e-06;1.7149248084434752e-06;0.0017986565111018414;4.3438885926617513e-07;3.3975219494525375e-07;1.7179313402247733e-05;0.004879630340132538;0.4999999999999995;2.7574953595773945e-06;3.898237063792339e-07;0.0002800278660283653;7.431322145693582e-06;7.2577626775844165e-06;0.0011338249793876837;4.8189311361842636e-05;0.12802254738942187;1.801192427208912e-07;6.412277402262477e-06;9.113691137816054e-05;-1.670089146544904e-06;-4.671462127963485e-06;2.5593044285650664e-06;0.01205167738937192;4.37472441535331e-08;5.2603064126443806e-06;7.309531350501937e-06;0.0004161480691117382;0.14010224808929456;-0.004527137269207003;4.910231555711616e-07;1.1291733516726054e-07;3.60565897237247e-06;1.2547734550022627e-08;2.164287308816962e-07;-1.2536971220795493e-05;6.384335998819264e-07;-0.00014091066059084185;0.014758277419925218;2.2239266584605754e-07;7.90029887290099e-05;1.0198881122202624e-05;0.00012897529487322147;3.834137744933118e-07;1.2197827815401088e-07;4.159592269343205e-06;3.0561676960420816e-06;1.9091633677687803e-06;1.1588581396802516e-06;0.0016502733319314448;6.294836952473078e-05;-5.852997570742311e-06;-4.4679310945740084e-08;-4.6230155722142145e-08;2.0316994365768272e-07;2.431245353224237e-07;0.00011929707609698189;0.00022190112792726304;1.7386412101224565e-07;3.313324825195561e-07;3.3746555059490345e-07;2.2402989245011136e-07;1.7683785269023926e-06;3.081013881725264e-08;2.689773752750227e-05;-1.6627453315586182e-07;-0.010093281012919206;-2.2199217600817636e-05;-0.0010117219197496407;1.0673524419001748e-05;1.4513636510465e-05;4.357175704540002e-08;2.0759974560345625e-06;1.6899068353731161e-07;1.0620960113767425e-06;1.8663974659337293e-07;2.5591141220905785e-07;1.8746834832992368e-06;2.1197850251001953e-05;6.853756562218376e-08;0.009368304298430417;2.542583782272501e-07;8.493573743065612e-06;1.4057597187669355e-07;2.6130295011198988e-06;-7.03094916473124e-08;1.1373862408352937e-07;2.101470957349369e-07;-1.4390451596502102e-07;-1.7226301643045185e-06;-3.7015092510432225e-07;-1.086899287355701e-06;4.703764612177918e-07
Gipfel;-0.22607377222986405;-0.07052595581048712;-0.21759084049606164;0.01116392593553659;-0.05643544305133796;-0.014359154358527143;-0.013906285300103462;-0.006373276306983604;-0.014093513383687917;-0.2221533658088326;-0.019882818553868496;-0.14287348119844057;-0.012757500024469457;-0.029970473829661885;-0.021016872913387292;0.008560551119785723;-0.19498255138372686;-0.09505837418755748;-0.2131580256247358;-0.21626470910768034;-0.17384135957062885;-0.07150007202515533;-0.06456307221531452;0.06707551613543689;0.05137400171247991;0.002853535931928701;0.5;-0.056987357431823385;-0.18695486462951624;-0.5012906871725864;0.042158330057173836;0.05490911804108038;0.19223845899114753;0.004620797810096636;0.006798816806211158;-0.027754010719963026;-0.18024754562497486;-0.11663708169366113;-0.5080454896562197;-0.33152100559970094;0.03145890174264031;-0.00809850886800146;0.0029772500175201996;-0.5082932685905657;-0.17757117293860833;0.0009933487479035481;-0.9190779993568811;-0.0915932561124987;-0.01914587417762877;-0.3360771367538745;-0.0025642362564465655;-0.039109528256054744;0.008132397505302466;-0.2048925947908324;0.11980820518458048;0.027226214284622692;-0.0349990860177082;-0.0846927700792589;0.04216290669993665;0.1482653565964673;-0.056184025627923455;-0.02051983598266879;-0.019239918031134836;-0.3203364807732434;-0.22739714210061593;0.02205010968723599;-0.2863428723070272;-0.8652900342024753;0.048534916091900415;-0.009409718088954678;-0.009089593474419613;-0.04684112461696106;-0.03784873374072939;-0.9180141871760192;-0.945263523893601;-0.028155350558668493;-0.06814694992859947;-0.05034352570455337;-0.04508923378663778;-0.24856698534583418;-0.005872916021453099;-0.7356729214065426;-0.28152420995151706;-0.9825953925863951;-0.17139520382655973;-0.940277178031881;0.05935493779927517;0.06770021804159361;-0.00806879398317961;-0.2446036270197843;-0.03728885437481187;-0.17504299017011657;-0.029982287274267837;-0.049188267681583256;-0.21527859936387916;0.01787696696967921;-0.044087768329482135;0.06600679374732893;-0.039362429076591925;-0.5444888726914585;0.010564527114865314;0.06662752169772138;-0.0051742829176830854;-0.044964500178811186;-0.04300540374197163;-0.045771258398621464;-0.0434127182985423;-0.013035951026977842;-0.001123492378253397;-0.08014387206386282
Gleisareal;-0.8285854476107886;-0.5566586432023188;-0.8214920087551737;-0.3454809654316068;-0.49742073393462677;0.016852457920884505;-0.18920867140643485;-0.09595518359904683;-0.1912982252441665;-0.8253594100059048;-0.25132351970526406;-0.7339241368803722;-0.17616544836871914;-0.338303499210613;-0.2621277792904952;-0.6040190221157615;0.032736878648063274;-0.6348014220017236;-0.8176127451244543;-0.8203443287483285;-0.08897799688687949;-0.5602996848866254;-0.5331709895695573;-0.9722129222737627;-0.9996943088609219;0.006675377001795423;-0.9430126425681766;0.5;-0.9973749785264173;-0.9432894545285725;-0.93820088336797;-0.999099904804587;-0.9921380613800348;-0.01806044545570675;-0.4591734819629624;-0.9405142293042116;-0.9927998592206411;-0.6860208355868249;-0.9447177843102119;-0.8913820500212042;-0.0013462444197291793;-0.11902521961647974;-0.9258266776920175;-0.9447695374137346;-0.9982203503838494;0.003907538104347316;-0.9947073815616108;-0.6252554417385654;-0.2441451825069879;-0.8933499031437923;-0.04080550657883569;-0.4024555406992098;-0.5624853897297525;-0.8100382839151091;0.08740779212541137;-0.042565046986440744;-0.37506299465564497;-0.9918736234869447;-0.9617833432879853;-0.9950157780596621;-0.4962379499361634;-0.25742801013093325;-0.9565255638249612;-0.8863536247578085;0.17604990605972898;-0.7707016011615128;0.10474008618220443;-0.9906796489749282;-0.933809677367068;-0.13583676535772124;-0.1317877323596168;-0.44849093480792085;-0.39428778726866454;-0.9946319970776522;-0.061159192783996945;-0.32405284165252324;-0.5475413278319398;-0.46730172300302564;-0.4386299603045088;-0.8455321938021212;-0.08905214764235478;-0.9787485283129088;-0.8663815074993816;-0.9989307336817371;-0.7739023909065547;-0.9961763190946923;-0.9644813128993104;-0.9718367367495465;-0.1186371754531183;-0.842725247156853;-0.3905957514060208;-0.7783282336759101;-0.3383944505092971;-0.46122533663633575;-0.819483857581622;0.19164212651632123;-0.4328497784997346;-0.9998023808079697;-0.40406997831714214;-0.9518770923105477;-0.5056616390981595;-0.8721009942210228;-0.07924741603648904;-0.437915808105833;-0.42648137312092343;-0.4425062213446618;-0.42889294323832416;-0.17936253165443203;-0.018272099914790663;-0.5904573581797191
Gletscher;-0.012562429905755934;0.0004884858790130875;-0.011967169642322903;1.1930647591818008e-05;-0.002598147950664758;0.010326463586494534;-0.0006138180751086546;-0.0002792746830988148;-0.0006221951713679902;-0.012285804616475746;-0.0008827338876469091;-0.0072073998155960835;-0.000562484772942368;-0.0013438105354328226;-0.0009341151352176472;-0.00015612634133791917;-0.3038412169324684;-0.0045540822993463135;-0.011660938839935084;-0.011875213703529614;-0.4103745145343087;-0.0033425960102656284;-0.0029969503805052757;-0.014638856328453981;-0.12090048125706446;0.012620692759858675;-0.008142357342732848;-0.0026250214735826253;0.5;-0.0419418345840643;-0.001667683514671786;-0.20846478398745283;-0.004063413582245988;0.0071135617301697875;-0.0022295839816236264;-0.008329803475653619;-0.2662741156618062;-0.005717689684917496;0.000231377160864701;-0.02114249083744483;0.13439422133676013;-0.0003554639017883283;-0.031806686587004446;-0.04308204368699305;-0.5961670989901358;-0.0038848951866069527;-0.3309476224232847;-0.004372135163439212;-0.0008494055934037337;-0.02157069722717751;-0.00011195354887181569;-0.0017695095455660887;-0.0033722986755152164;-0.011098565747415468;-0.017394481587769843;-0.1587140848109829;-0.001577091546346963;-0.08667389484684265;-0.004155302404433122;0.07793880899785548;-0.0025859160066851743;-0.0009115816043246194;-0.013921022767649486;-0.02011413321459003;-0.012656405853869306;-0.008768688514203316;-0.7822134220998886;-0.21859945463941258;0.00445233951360668;-0.0004135388375965154;-0.00039934659909787273;-0.002135732599859138;-0.001710322335631393;-0.32780691713088145;-0.42926414234079197;-0.0012601720656857844;-0.003174909429770181;-0.002303503778633621;-0.0020522546808589563;9.332943360472179e-05;-0.00025722521992845135;-0.10811042854341214;-0.01677907862074788;-0.35085878396423725;-0.0089283185554616;-0.40677175190025333;-0.00875977371488315;0.0013800760253689765;-0.0003541494970771346;-0.013906551828700243;-0.001684086610686188;-0.009156549291770953;-0.0013443558625296011;-0.0022480345208087628;-0.011807025806967627;-0.034431597187172786;-0.0020046658685874447;0.05511542155628978;-0.0017813996771460444;-0.049483787730765845;-0.0026849885782376367;-0.002594934118162773;-0.0002264739152977187;-0.0020463222490939704;-0.001953339703658058;-0.0020847185012195413;-0.0019726417130944526;-0.0005749168269950279;-4.898357131950946e-05;-0.003780236373830259
Golfplatzareal;-0.22517175054081454;-0.07018827580070996;-0.21671318762577213;-0.03075764450549585;-0.05616115231491141;0.009061982387461188;-0.01383566626495148;0.0021716429039865845;-0.014021957084891892;-0.22126251427677954;-0.019782458295070436;-0.14224241117842956;-0.012692639671832526;0.005158541500273517;-0.020910910543679957;-0.08400200646901085;0.029272271155359648;-0.09461518930334638;-0.21229340114836662;-0.21539093266622938;0.016716143366912472;-0.07115808499363013;-0.06425196902628934;0.02902303225436591;-0.05838619132815209;0.007650546961439903;-0.49870931282741365;-0.056710545471427475;-0.9580581654159358;0.5;-0.47718136459534416;-0.27082372707998537;-0.883542814012176;0.003600034832120594;-0.048564297451464435;0.008942757301835365;-0.03266528472411078;-0.11610619958946176;-0.506755083068446;-0.0042414171205844495;-0.04327630496842992;-0.008057141959092901;-0.018066366874272564;0.03320567571720182;0.05718255258162491;0.008059846728960533;-0.9186931944318752;-0.09116459894809537;-0.019049161413417438;-0.3349261503500409;-0.0025510655199727996;-0.03891597285703331;-0.07174702245346957;-0.2040528025196032;-0.6424271755294789;0.01000975652523213;-0.03482513616747461;-0.03542285199584336;-0.602071709990419;-0.9230883988272884;-0.05591088443790308;-0.02041632730130119;-0.5694779245461375;0.011925519306860711;-0.226491385494932;0.02168869724652677;-0.046789101569328216;-0.10401476355447714;-0.4589241247384951;-0.009361716780852077;-0.009043210293290674;-0.046611161212220455;-0.03766117352844071;-0.07373490137532424;-0.03136468115662363;-0.02801442748379847;-0.06781982952294718;-0.05009727123854777;-0.044867466314269314;-0.24760392984387453;-0.0058428504000784314;-0.0953584551301978;0.014593472772355263;-0.199525493080108;-0.17066323778219375;-0.11617817189394694;-0.0003886104806943119;0.059732753804372256;-0.008027577628500966;-0.2436509481947812;-0.037103961662409354;-0.17429872270786878;-0.029832500718129335;-0.048947372878774875;-0.21440771715042933;-0.01606395514088843;-0.04387070018396464;-0.12688238581737105;-0.03916767307465437;-0.5432081097679136;-0.057934295971616985;-0.00018043328576987968;-0.005147775336527827;-0.0447433174520728;-0.04279342610092325;-0.04554629644583512;-0.04319882359347576;-0.01296969360085283;-0.0011177134700575972;-0.07976409314906771
Gondelbahn;0.0067943794682384095;-0.07638825469609428;-0.23261816461747628;0.009083626075432122;-0.06120362557580028;0.01492834648554217;-0.015138866850696268;-0.006942871754531739;-0.015342431670710375;0.01912958795842644;-0.0216335077380549;-0.15375469708664705;-0.013889693388131643;-0.03257985943892948;-0.022865086499325105;-0.09130238264554505;0.024394429502776264;-0.10273447890712704;-0.22796840863756135;-0.2312275141114429;0.026345438111849213;-0.07743659607464545;-0.06996703141214448;0.17288178065238657;0.04913767909799141;0.008186471317728322;0.0459524663604649;-0.06179911663203001;-0.04173742712078343;-0.5228186354046559;0.5;0.0027418956136835166;-0.004677328130880556;0.00972667650634166;-0.05296295617176538;0.05262100646176421;0.05241900608632788;-0.125813438667421;-0.005103067342152327;0.014744208599372949;0.03329979666855312;-0.008820923804399368;-0.4512076403494204;-0.5298024673749834;-0.12171021708159852;0.008299370315117452;-0.9252600781856828;-0.09902016504154156;-0.0208330543925364;-0.35556863257015076;-0.0027943657539938227;-0.04247976235518416;-0.07807312963074714;-0.21928874052481692;-0.03255049468986867;-0.008891412745324232;-0.03802912458113074;0.025096097972912203;0.1957630289835236;-0.0880379558331374;-0.060932337850667484;-0.022325337153901947;0.07873333364876046;-0.0015679182314604517;0.00700711367960519;0.04779619262521338;-0.003569218236398811;-0.06959981282790775;-0.02074539086092655;-0.01024788898793587;-0.009899534232271598;-0.05084236999940223;-0.04111496869856003;-0.054752196796555214;0.0008311738595514261;-0.030611689236396667;-0.07382720674010478;0.01979095916349279;-0.04894851488567942;0.026982707929691593;-0.006398080981571328;-0.012444530432163007;0.002579174899408148;-0.23873090645750628;-0.1839823634355991;-0.9449367622825813;0.1647156000091767;0.20845292455942369;-0.008788581735147296;-0.26087449093519594;-0.040508807595823836;0.018982731913289145;-0.03259266686497489;-0.05337878164186027;-0.23019321692877623;0.09718931803090576;-0.04786562857682372;-0.07776959560750478;0.014889022565219318;-0.011407223004286605;-0.06312532459480236;0.18514371617623132;-0.005637329318101884;-0.048813650821742514;-0.046695047257643646;-0.0496858779871423;-0.04713558612069129;-0.014192500904410795;-0.0012244798614689549;0.009577618005308193
Graben;-0.0003023284928270267;-2.7818253446324976e-05;-0.0005623938513040979;-9.26778121889877e-06;-0.0008908647438941234;0.017645222595713987;1.538890067097126e-05;7.397323069413371e-06;1.5053457756614231e-05;-0.0006644590721951339;-2.426593947691843e-05;4.422355639749088e-06;-0.0001926090104501834;-8.411433481936035e-06;8.522846915823701e-06;3.812185580978474e-05;0.021859386910511258;-0.0015635391896532298;-0.0010252231436074573;-0.004096867074959145;-0.044501546378501504;-0.00011947329917355992;-0.0010278779949788603;-0.000888896525470928;-0.01057976510162304;0.01749174342881277;0.0008185835075558687;-0.0009000951954130378;-0.07135720556932398;-0.004058330305808559;3.7501100530672944e-05;0.5;0.009003839474616672;0.015754336094852144;5.193228035330875e-05;-0.0027708665034601163;-0.01773017040196646;-0.0004070732960699537;0.00023568212367534687;0.0005760092476644669;0.0527349059543182;-0.00012170325200024523;-0.0006095237051570088;-0.000933506099379542;-0.013101377393942357;0.007443306379758658;-0.06079891690219801;-4.881022367147056e-05;-2.27147130816883e-05;-0.00041627549341602594;-3.832436594324288e-05;-0.000606406397087266;-0.00019623935403521826;5.659416636869193e-06;-0.002209948405058573;-0.015235706239619633;4.350835416449075e-05;-0.00417448417239136;-0.00012990264048054871;0.007018961999723039;-0.0008866634541204196;-2.608393093693844e-05;-0.0005516391869256727;-0.0020387623101672304;-0.000805083621539001;-0.0001557590794246661;-0.1168049142189174;-0.02216219681077306;-1.842826844065948e-05;-0.00014159227983284075;-0.00013673169804297606;-0.0007320866412651176;-7.382238136758932e-05;-0.0382761684304381;-0.04606145709832675;7.658633606861653e-06;-0.0001805907521018994;2.0248031979493326e-05;-6.722768152440586e-05;0.00010076165219570747;-8.806273318555057e-05;-0.00961789185324591;-0.0011180675909379144;-0.20053315108402364;-0.003074203258163193;-0.10016222517106431;-0.0005401792658183352;-0.0004423233591241317;-2.461364964539208e-06;-0.001000503434633769;-0.0005770997148619457;-0.0004232075946456926;-3.0112648635247156e-05;-3.612035879453244e-06;-4.0664466789336885e-06;0.0007352559150984138;-3.2394635022410336e-05;-0.03234388994628894;-2.3221261539386973e-05;-0.0014494014546001938;-2.6226764886897624e-05;-0.00016491340443810108;-7.753325491442551e-05;-0.0007013972480884628;4.631798596612483e-05;-5.0134876726973834e-05;-6.276198912787328e-05;-0.00019686767044119387;-1.6767548515763196e-05;-0.0001468999184826533
Grat;-0.03689117705092003;0.001443119968049632;-0.035184195662047016;0.0007340255781873588;-0.007781870730860641;-0.005395837187916127;0.00016682161161402504;-0.0008403706894883547;-0.0018709697672530219;-0.036098416300750974;-0.002653033612984237;-0.02139010092625932;-0.0016916206796286656;-0.004035053001422288;-0.002807169091981327;0.0016701550364632007;-0.14034453457246637;-0.013587048234587248;-0.03430448611333699;-0.03492014490364051;-0.1841497057490203;-0.009996725579848775;-0.008969192958254841;-0.004504527364522433;0.04517967387278463;0.006539067343301168;0.025207908338589748;-0.007861938619965207;-0.012234160516327313;-0.11645718598782395;-0.000562689675515022;0.079196457485004;0.5;0.007850829737115265;0.0009350486882699164;-0.012287091669243381;-0.16000232656954658;-0.017019196458586107;0.027400736309847483;0.003654956731095705;0.06989843084911715;-0.001069469344318875;-0.008420540671554533;-0.0121607169867453;-0.10385883005973015;0.0011499864935174985;-0.598280698637289;5.310712111764084e-05;-0.0025530370895471546;-0.062245375750541114;-0.0003369948432527868;-0.0053087651828270885;-0.010084959234766275;-0.03268619625671552;-0.003037171141995259;-0.002894074787584484;-0.004733310362085843;-0.05115022706344854;0.0013368222992616564;0.08635464809325996;-0.0077454236096046415;-0.0027395760373393405;-0.013045192848482764;-0.008523564029901202;-0.037160300321733716;-0.0023144157867217106;-0.28415608025997585;-0.1311735693579067;0.018712440547450897;-0.0012440517962540169;-0.0012013914419449303;-0.006402784979884248;-0.005131804232801879;-0.2132784939580842;-0.19532282223249206;-0.0037845469708189224;-0.009498405477897308;4.339989568327701e-06;-0.006153552210459368;-0.0013197289820966308;-0.0007740555363371909;-0.26737526437411974;-0.04886975227585503;-0.3628298604043643;-0.02640736311938952;-0.67368108694753;0.014075133323441638;0.004938558866988499;-0.0010655175641179466;-0.004900175892205574;-0.005053349891110044;-0.02707019891600816;-0.004036686037805376;-0.00673794366582907;-0.034724282303109186;0.008638721302319581;5.538755215884166e-05;0.08608814415639002;0.00010105129762732715;-0.019724350449334644;-7.258624393222247e-05;0.0074271956779969174;-0.000681559230348942;-0.006135837093073039;-0.0058581224700228335;-0.00625048651911414;-0.0059157810477965455;-0.0017289657541213897;-0.00014746563241435935;-0.011295705737961749
Grossregion;3.2055217642675013e-07;-2.992945241355962e-07;-1.623446546851753e-07;6.835795320305378e-08;-5.1162572358389925e-06;0.06925780814858996;1.9618102543707382e-08;3.6310190795960493e-08;2.1420245038911977e-08;-8.583145044946938e-07;2.668596865352906e-08;1.9698630062666374e-07;-2.1197916099701147e-08;1.6664639521766364e-07;1.015564919114212e-07;1.09166581950008e-07;0.0008170291744935017;7.74096620553863e-07;2.2235055571619693e-06;2.226072954511519e-06;0.0009816193521451448;-1.0757048715873794e-07;-7.778238083846827e-07;1.0427221783046735e-05;0.003151191076945655;0.1286358505133098;4.486668350999477e-06;-1.05973301324898e-06;0.0001585917965534313;3.5136286811865394e-06;8.664550723116152e-06;0.0010260973980699025;5.813344053619966e-05;0.5;1.5330444894169006e-08;-8.107158484633627e-06;1.7912484003121904e-05;-1.6554611118342596e-06;-1.565221328930502e-06;2.853118781473671e-06;0.010298649535159977;1.5757980538251713e-08;-2.823278970357714e-06;3.4942251491524105e-06;0.0002241914291727996;0.15695752125393286;-0.0009193961554358373;2.983526350017373e-07;8.903266316238614e-08;-3.1725912826997527e-07;1.352756403548021e-08;1.2754109576338131e-07;5.54494928724779e-07;5.131997952207471e-07;-0.00019926168259265726;0.010067002597837927;2.6408733503913714e-08;6.168284011406798e-05;8.654648990302922e-06;0.00011244908252176195;3.039979618382847e-07;-1.0951631368653009e-07;3.801926450899329e-06;-2.137813525650337e-06;6.082968416486712e-07;8.434808659299887e-07;0.00020305975615558198;-6.787649395259245e-05;-4.401866774333208e-06;-3.1373474929214925e-07;-1.1338005901040154e-07;1.5451066748343787e-07;2.6210963798230254e-07;-6.476285646925645e-05;9.361667892086535e-05;1.8744082715900682e-07;1.7135682636698464e-07;1.7719304212821073e-07;5.909220639941155e-08;2.5113368841969775e-06;3.321604531023245e-08;5.673123480470722e-07;-1.822812266474583e-06;-0.010267985928412252;-2.0538354525592953e-05;-0.003358510180563551;4.818637202446995e-06;1.2234286399827358e-05;4.697419410965462e-08;-1.3260449300429768e-06;-7.531838208734835e-07;-4.888526348130542e-07;9.499801619053086e-08;2.0703157925022897e-07;1.4211343781050819e-06;1.6577252571941098e-05;1.2816853756627596e-07;0.00560857546159508;2.7411289805659397e-07;3.356622838376985e-06;-9.849460760305403e-08;2.1077290841354946e-06;-1.0651571019427292e-07;-4.03748215042616e-07;1.953530159437674e-07;-1.5796842625695624e-07;-3.543741538096695e-06;-8.447248678030741e-07;-2.4975139457688574e-08;5.009870274765185e-08
Grotte, Hoehle;-0.850598832700786;-0.5965914296721849;-0.8442451087619012;-0.3833643105400693;-0.5382633688780055;-0.0052601246198047185;0.09157736800196146;-0.11112240199982051;-0.21790344511939316;-0.84771094427417;-0.2833518752355962;-0.7646410411157525;-0.20118963462423886;-0.37585175618588956;-0.2949905029059961;-0.6424261558831442;0.04044038041859642;-0.6718449637806567;-0.8407644614503252;-0.8432157958976644;0.0275797823027764;0.18567732554026595;-0.5735988210255596;-0.9763087759075718;0.0008852911549719908;0.003632861518500378;0.1325114831322154;-0.5408265180370375;-0.9977704160183763;-0.9514357025485356;-0.9470370438282346;0.0678951959593001;0.13898177895924876;0.00030772864990867094;0.5;-0.9490375899860966;-0.003368104456181077;-0.7201592818669974;-0.9526691532314522;-0.9062434889359126;-0.00917519486207614;-0.13728526060866855;0.20134625716807;-0.9527138351509848;0.048421598857534526;-0.0011186983996137431;-0.9955028582486904;-0.6627528543382416;-0.2755954863498354;-0.9079698926812289;-0.047715553614150114;-0.4423639391975239;-0.6022683367497704;-0.8339562197205408;-0.9723743960045924;0.013465836058934321;-0.41413766592835877;-0.9930920541135594;-0.9673649262976182;0.11786841709078974;-0.5370872531064182;-0.28993304529464187;-0.9628453861914117;-0.9018272945033597;-0.8515555059446072;-0.7983393666130992;-0.01138754367154406;-0.9920756682895124;-0.9432357133545805;-0.15621857909876247;-0.15166863275097664;-0.4892268317208429;-0.4339744772431716;-0.02345029357003756;0.04488008226248653;-0.36088205034631765;-0.5876870621508044;-0.5081718774534202;-0.47924850477858505;-0.8657219353671007;-0.10325285375390199;-0.9818989607530402;-0.884219292024164;-0.08888423108346148;-0.8012538473635211;-0.045539628943003715;-0.9696812761416496;-0.9759866710464469;-0.13684693265649567;-0.8632225224496275;-0.4301747450359501;-0.8052789997860794;-0.37594706680444406;-0.5020649300956431;-0.8424438297655178;0.13295683003003558;-0.473384429151042;-0.0331303072086906;-0.44401950849096367;-0.9588435817907437;-0.546445214816483;-0.8892728229491814;-0.09204258800951891;-0.4785245928846825;-0.4669106187835467;-0.4831747658590769;-0.46936370606973343;-0.20472800398998972;-0.021451654513768886;-0.6293727514187824
Haltestelle Bahn;0.005764626347560001;-0.07357161442244356;0.03805429110334064;0.0074698748417958835;-0.058911171143828496;-0.0027400960737638427;-0.014545090261250037;-0.006668381868621585;-0.014740790365346687;0.02537105254740734;-0.020790375761565942;-0.148544148251935;-0.013344248023981244;-0.0313237693367658;-0.021975033774865545;-0.08798820709430719;0.05083479690603073;-0.09905056405045806;0.017753751151184757;-0.2240867344736536;0.04659537051957491;0.01703945004184073;-0.06736988863748793;0.1372168688809135;-0.15584194976177754;0.00694492525677253;-0.029047748138533988;-0.059485770695788476;-0.2001741927165793;0.009408065263595985;0.05052664279828363;-0.1945287512145068;-0.09807070164975454;-0.00873873116649419;-0.05096241001390345;0.5;0.3805423572803034;0.0346496147012987;-0.0307399807564888;-0.34169424098421675;-0.0004527987725615249;-0.008472817699854803;0.060385534313985155;-0.5196740170910581;0.04265407118775557;0.0063353302320075236;-0.08665633626954948;0.014392802571568521;-0.0200204804501339;-0.00365840567363496;-0.0026834459171710392;-0.040858109534959004;-0.07519942170724342;0.03720275460572044;0.007594010179327569;-0.030262741044410787;0.006016778678178273;-0.09546686329191523;0.06033632733561647;-0.07623704195456057;-0.0586494100092011;0.006953966559480445;0.10099544586976555;0.08788991647370899;0.14694163834088703;0.03643957486835493;0.3198510994644756;0.36631809068751564;0.00014192568366574662;-0.009844028870701876;0.0024422542237501365;0.007083971959074001;-0.03954326485832237;0.35741516057711537;0.2772868914681341;-0.029429172016768826;-0.07109772995195042;0.010284599499015713;0.006930073553771007;0.07526118780874425;0.001763956889325204;0.19105112840668528;0.01575983328932213;-0.07917485114929655;0.00866358961487068;-0.1047624874725614;-0.02868491919659659;-0.010070869121278529;-0.008441741097244663;0.05402769214713138;-0.038959334040363065;-0.18171977174423462;-0.031336098977096424;-0.05136338056517279;-0.22307511010869324;0.10959847910446054;0.006879874221299636;-0.14979912441765034;-0.04112183361809112;-0.013094745064295138;-0.06076554966952278;0.06584118892733529;-0.005414173293572161;0.006943872792569309;0.009324736366756483;0.006994334644758363;0.010915631521584384;-0.013635328776272358;-0.001175801758370142;0.013390874053167369
Haltestelle Bus;0.0016501616766097559;-0.009023877313763591;0.003412466064287227;0.00010598751407715567;-0.007126764385542931;0.008846561298651143;0.0002306291110640744;0.00010611053631667014;0.00014018196163896542;0.005047145856498959;0.0004568556383386805;-0.01961204756902605;-0.001548413765367032;0.00011529773351218447;-0.002569766699394914;-0.01094151714605838;0.09098799002006241;-0.012449372549022343;0.00017961586759421725;0.0008809027445457815;0.0976160770142585;0.0019065746003449741;0.0010100179025872029;0.04313364149514652;-0.15261245144674895;0.01131829838660474;-0.021631549878267813;-0.007200140779358887;-0.7337258843381937;-0.0039404596417013755;0.005771406090145534;-0.1427291451634454;-0.14643606183522054;0.0022139463402456715;-2.0738801458748882e-05;0.0436349580724238;0.5;0.0031617898685318007;-0.11026927502879463;-0.00868428159407087;-0.017064516243152868;-0.0009788800242741627;0.01318708837786493;-0.011882287954516282;0.04930955380736292;0.008021767330641513;-0.09495875357379237;0.002029969204129198;-0.0023370762799545895;-0.05726997091440851;-0.00030843056369037866;0.0009593555644704629;-0.009237775563372286;0.003901317393311278;-0.0027431908270030836;-0.007985523723880308;-0.0043337220558501265;-0.053550815512326176;0.013996436304863802;-0.18869682358468692;0.0008599836557352028;0.000463068993386645;0.011387081606441697;0.010600009968327733;0.013269556936383094;0.004544501207727658;0.4066044878603022;0.13832468303798137;0.003801668528381048;0.00012418889251476209;0.00012341448537359653;-7.535712408541321e-06;-0.00469873370700621;0.2213338731066774;0.24883011754630568;-0.0034647748890329066;0.00018185667007733782;0.00046989901823095475;0.0011937783325140063;0.002921602103999565;0.00016481198143455331;0.08198525158123009;0.007387938856460028;-0.10532214712100535;-0.0023391135815522103;-0.1033702468875591;-0.007037463918997452;-0.001909708120031316;-0.0009752626525124287;0.010743241064313482;0.00044603547999717445;0.0028111321761617064;0.00011906772189090638;-2.1268833017623485e-05;-0.0014520910565897405;0.03780799383898346;0.0016339569706365796;-0.13202161285901298;-0.004893394277682473;-0.0037295092942225333;0.0010587628597593646;0.010703684882506531;-0.0006238072882733185;0.0006922502837866748;-0.005364088773145374;0.00028765328806007484;0.001451739080195484;0.0003964012266048269;-0.00013496401541841118;0.0013195942734926715
Haltestelle Schiff;-0.6887010729489771;-0.3649440157890715;-0.6780680511728804;-0.19457623890174428;0.13631798249045848;-0.036167652034779715;-0.09649925873784687;-0.04632774399036638;-0.09768832125422332;0.14714374970189115;0.05339157038727801;-0.5579984580057807;-0.08914434781629371;0.05845740017728576;-0.1398519760042404;-0.41111889362947945;0.08001832799592302;-0.4430703429813461;-0.6723152282514098;-0.6763615367859241;0.020532320345037974;-0.3683730107198209;-0.3432820444138384;0.12311042831679493;-0.10532351008774715;-0.013089128419381701;-0.8833629183063388;-0.3139791644131751;-0.9942823103150825;-0.8838938004105381;-0.874186561332579;-0.20680289351590875;-0.9829808035414138;-0.01291262386239223;-0.2798407181330026;0.2507345667247748;0.19953415474464362;0.5;-0.8866383082615868;-0.7897393616417218;-0.12384113164268178;-0.058234684923058576;0.17552765792901023;-0.8867379145304898;-0.01570386488546861;-0.00022769442496472735;0.21512395529297815;0.09941699326577334;-0.1287936184596155;-0.7931213108570482;-0.01909857590763637;-0.23562347265026548;-0.37044078422035587;-0.6612069843804501;0.1103510743101932;-0.041034183100285344;-0.2154911135962094;-0.0578937611278022;-0.9201168976170844;-0.9891737891283908;-0.31074688657485394;-0.1369376664129859;-0.9096651343218999;0.25892491550086383;0.1911056294998927;-0.6060397809686019;0.14594696431230347;0.21142279846785575;-0.8658969075104743;0.051571975257322815;0.04751045637501476;-0.27123787378576625;-0.22954091109245595;0.2024383083692084;0.12670949331750164;-0.17993474155056252;-0.3564421758306988;-0.2864759787891823;-0.26341274548171295;-0.7147158137580816;-0.04282579094586534;0.005698129567056875;0.2505809146240668;0.21875677828526263;0.1677492397356787;0.2201425614534427;-0.9255286176358271;-0.940452568124065;-0.05803177400326295;-0.7103460511600356;-0.2268138726370728;0.11021936889723187;-0.18968801026005544;-0.2815083311559053;-0.6750845884934855;0.1519215900726099;-0.25887675305317154;-0.25305983687554917;-0.2368339194453327;-0.9005272094516216;-0.3188777842761828;-0.7573274887250367;0.023626429835257496;-0.262850295905118;-0.25392198568865393;-0.26647559774741975;0.09860726620166206;-0.09093647949633132;-0.008446504174574964;-0.397540175867741
Hauptgipfel;-0.2204922780133614;-0.06844512245389346;-0.21216136647120948;0.012843727824659002;-0.05474585665207462;-0.007976504779426971;-0.013471774548905;-0.006172665852866797;-0.013653233570273916;-0.21664156776245572;-0.019265215542882564;-0.13897723729226583;-0.012358433945718224;-0.029048813526752624;-0.020364775666049068;-0.08194601904467334;-0.35355880852616733;-0.09232562146884457;-0.2078097837536179;-0.21085940770806966;-0.2956696359639459;-0.06939264358357226;-0.06264631301585917;0.05313323964094819;0.017769583237916553;-0.004681054895010788;-0.4919545103437803;-0.05528221568978795;0.005144337415105235;-0.4932449169315541;-0.004533443628388242;0.015308423454584988;0.20234293504204584;-0.0015609575812169918;-0.04733084676854789;-0.028440630443492577;-0.8897307249712053;-0.11336169173841305;0.5;-0.32442746741075157;0.026945084226728533;-0.007844022284232435;-0.42210148909886436;-0.5002478450826189;-0.9704341210830996;-0.007287023804072264;-0.9166517885582791;-0.08895032750999078;-0.018550728979837953;-0.3289340811982406;-0.002483222620927809;-0.03791780715221226;-0.06996807009584903;-0.1996991030843336;0.14872411631096435;-0.0006630127725638772;-0.03392819324496761;-0.8771857360318696;0.059074800510366135;0.1546187106603678;-0.0545015314906034;-0.019882847248886466;-0.00434988477265786;-0.3133700711708438;-0.22179233873713705;-0.16435736786023475;-0.9876322091137129;-0.8614941792987467;0.04657398135281267;-0.009114406831539898;-0.008804239600862726;-0.0454249484884105;-0.03669396368826357;-0.9155590114698059;-0.9435742097184321;-0.027287939177389284;-0.0661313139013426;-0.048826883732807254;-0.043723593964582225;0.022540862458805478;-0.005687965158012594;-0.7293670468978708;-0.27506026679878315;-0.9820363442977196;-0.16687258520322468;-0.9384439933940193;-0.0013562456986010894;-0.013202460294740809;-0.007815233799321785;-0.23870575539338232;-0.036150524503508544;-0.17044391664813718;-0.029060274564541726;-0.047704680562812955;-0.20989134408720783;0.04659562652527309;-0.04275110243464352;0.10626459333384516;-0.038163307802519746;-0.5364956352617708;0.007030137614115785;0.05629468424860229;-0.00501122262035224;-0.043602465722576984;-0.04170012177355179;-0.044385921926253596;-0.042095617488913016;-0.012628286166608825;-0.0010879474812540146;-0.07780302040593742
Haupthuegel;-0.3706798440548765;-0.13269651564284876;-0.35928987821244407;0.020720759932281757;-0.10762306812608173;0.0011151040526979552;-0.027649823026681335;-0.012768364195517159;-0.028016830775346585;-0.36543585915777027;0.009773787903702248;-0.25155948524657606;-0.02539493540744083;-0.05864599309262018;-0.04149208956426141;-0.15673868135930918;-0.09903874696648907;-0.17478815021514452;-0.35327375205151484;-0.3574947386733078;-0.0628990830115323;-0.134405169497777;-0.12216808290655713;0.0627193183761212;-0.002456051769180393;0.00534031921326917;-0.6684789944002991;-0.10861794997879584;-0.9788575091625551;-0.008596662110611875;0.02727550211909863;0.07790900313785357;0.05620337806828917;0.005925016499709641;-0.09375651106408754;-0.6583057590157831;-0.1459124446232356;-0.2102606383582783;-0.6755725325892484;0.5;0.003088509149707945;-0.016196515438777186;0.1388862485109814;-0.6757897798512619;0.00553147202040195;0.0027263103007737705;-0.9581614872702667;0.03352250512512468;-0.037868820647771806;-0.5051219547021584;-0.005157085426570768;-0.07584552716999447;-0.13544123941701242;-0.3419362508222905;0.07133043865206215;0.009392836159771488;-0.068147929710162;-0.04130617485888895;0.026761241364604525;0.06582606804608043;-0.10716951257225378;-0.0405308730425931;-0.7283362983287662;-0.4872747225520334;-0.37244233689066986;-0.29056132956163105;-0.11184008794400564;-0.126775212097531;0.06348209852278845;-0.01879401001668824;-0.018160478783958992;-0.09015808368189543;-0.0734910310464644;-0.9575877622636317;-0.11867813090977129;-0.055192988786522235;-0.1285103069181929;-0.09657122226357114;0.01681463669558274;-0.4001222160187376;-0.011771879465547305;-0.8487604709301683;-0.4413710036050883;-0.9912920799972126;-0.2943276376125013;-0.9694621423903678;0.03990512705091646;0.07248531789691058;-0.01613757092338188;-0.3950126506818616;-0.07244360885628218;-0.2996456371368777;-0.05866842593197489;-0.09446067112607802;-0.35615730107558685;0.006925266208285433;-0.0850858166010738;-0.017867317580562776;0.015426559128073282;0.01563099973466873;0.03495086012929476;0.05905447923613563;-0.010378840883845698;-0.08670388893470075;-0.08308442305324351;-0.08819038539706228;-0.08383808075916174;-0.025941968775864268;-0.0022628262012091356;-0.14942982250460204
Haupttal;-1.9519733838827504e-05;8.554702968947421e-06;-7.728658095036088e-06;-2.892139025126414e-07;-0.00016538375912762696;0.040792405648139435;8.184018581429643e-07;-1.773846970913784e-05;-2.7928653327622293e-06;-1.0105415172765105e-05;-8.222519649081368e-07;-6.602238998549e-06;-2.2148672850541982e-06;-1.9273041825452036e-06;-2.5007765637426754e-07;4.712152992939115e-06;0.0009598672272753952;-1.5617891585129166e-06;6.776110583681824e-05;3.1758071238893375e-05;-4.371188480797586e-05;-1.5766713910978994e-06;1.5677000204650824e-06;2.956553714671754e-05;0.024093789897357193;0.034490574111213604;8.70017378196188e-05;-2.249931469913262e-07;0.008533979156553888;-0.00012030306757476896;8.448906929137166e-05;0.009782819128129902;0.0014741961152235326;0.029333078696161127;-1.301905589483332e-06;-1.1964729730795006e-06;-0.0003932421611124735;-4.522168732114298e-05;7.695583761430802e-05;4.2360058278994396e-06;0.5;9.308259172687639e-07;-7.497381516404121e-05;-5.6313966749613544e-05;0.006080121275904086;0.015784206093196283;-0.011806422812227895;-3.320552589837742e-06;-6.268149824522465e-07;-7.24655262344583e-05;6.122540456301344e-07;-2.4158562145977154e-06;2.2159019312961036e-05;4.17792765382927e-06;-0.0007927137747095685;-0.07219073614634534;-4.035621947628594e-06;0.0004480260564935171;0.0001343041477771897;0.0015480024338334153;-3.3791860881460045e-06;-2.870301228185091e-06;2.8146488786445388e-05;-3.9765385694864105e-05;-1.2734279230807305e-05;-9.520181609401788e-06;-0.005026995748651897;0.0005094404622077454;5.138911810575856e-05;-3.888555124712702e-07;-2.503889945537338e-06;-5.586532581738969e-06;-3.8427719079071525e-06;-0.00020604616649871937;-0.0002763932503493816;-7.309125338104097e-07;7.004328171424554e-07;-3.7926085352642104e-06;-3.992064928997976e-08;-3.237558701870968e-05;-1.6337633903676532e-05;-9.916815694241677e-05;-4.160649560859723e-05;-0.046536201395094345;-0.00018174113081583868;-0.017880440535064775;8.586142049013148e-05;8.800342312775085e-05;-9.79190596335961e-07;-1.3338724571055494e-05;-9.6903353781918e-06;-1.794556683036092e-05;7.482859048712913e-07;2.781929943051114e-06;-2.2099597191956913e-05;-0.00025906286324455457;-1.7368530644705643e-06;0.021660044786011756;1.8026603240208664e-06;-9.837614300639874e-05;-7.618938678713504e-06;2.169837523216225e-05;-8.373914073669355e-07;-8.098968455010248e-07;3.13081656437423e-06;1.3453554741850877e-07;-9.47795460100787e-06;5.7269124718419936e-08;-3.110579826145397e-06;4.9946397794009735e-06
Heliport;0.3364853791045343;-0.9028504842702956;-0.971479095463992;-0.7962031139802549;-0.879888682470667;0.006399124068611072;-0.6333309323164408;-0.4399650031545292;-0.636474980112379;-0.9722069431014461;-0.7130262886682475;-0.953305890151561;-0.6128119145876176;-0.7909778976176042;-0.7244722330456139;-0.9186342113075676;0.04269563944650451;-0.9278795688566219;-0.9707432076104229;-0.9712619920453663;0.07657419525277868;-0.9041379698540772;-0.8942183321342245;-0.9961533453286373;0.0012946272413532692;0.00554475978912209;-0.9919014911319985;-0.8809747803835203;-0.9996445360982116;-0.9919428580409071;-0.9911790761956006;-0.9998782967479998;-0.998930530655681;0.001987728379552329;-0.8627147393913315;-0.9915271823001451;-0.9990211199757258;-0.9417653150769415;-0.9921559777157676;-0.9838034845612228;0.041223757760013226;0.5;-0.9892917636091099;-0.9921636893642239;0.07611231930586183;0.0014442667091716897;-0.9992816457414629;-0.9250903894013468;-0.7050800420038859;-0.9841267372189181;-0.2394707620771461;-0.8329178683600044;-0.9049045770621735;-0.9692893166041969;-0.9954993427585296;-0.016106576925872074;-0.8162488302715866;-0.9988943042225721;-0.9946601913811224;-0.9993236848730701;-0.8793877545450344;-0.7195668145364197;-0.9938968477291199;-0.9829719389375834;-0.9730086547549005;-0.9613566463540885;0.12319214438428185;-0.9987305287540523;-0.9905142349330185;-0.5377743432264871;-0.5290796226679665;-0.8575298875677041;-0.8281211639028796;-0.9992713662633013;0.12339039497649255;-0.7801404935938561;-0.8995681219123625;-0.8665408203215038;-0.8525784987561611;-0.9759123647371413;-0.4198059763850018;-0.9970750311529913;-0.9795884233019877;-0.9998554016876013;-0.9620271977889644;-0.9994816826060108;-0.9950491118076356;-0.9960999685920214;-0.49907352987075904;-0.975405736203847;-0.8259059022004744;-0.9629468257764008;-0.7910450590992265;-0.8636900822498139;-0.971098884105064;-0.997809431963036;-0.8495990910490046;-0.07874245796621866;-0.8338494310891384;-0.9932159322243336;-0.8833291449925914;-0.9805708026355844;-0.38914134753536544;-0.8522135262274596;-0.8462480429236019;-0.8545443009536042;-0.8475255900755113;-0.617988995454804;-0.12107969300625297;-0.9143191223176489
Historisches Areal;0.011456609338829919;-0.09139909908391045;0.011842728543110546;-0.04057252492925208;-0.07346793155923685;0.010236495774351376;-0.01835292786618403;-0.008431777191410911;-0.01859889440704259;0.011494336181427147;0.008330756828819386;-0.18098943912755083;-0.01684308386234597;-0.039348793926552626;-0.02767337369179903;-0.10889841291972625;0.037773500673729754;-0.12223735621657157;-0.2642439483554187;-0.2678417393724517;0.09939950964476367;0.022773409579022814;-0.08383058638490601;0.09726239983279061;-0.12137941692624665;0.007216666492440398;0.00394704742057896;-0.07417332230798243;-0.9681933134129955;-0.024075206512165416;-0.5487923596505797;-0.05420372282478629;-0.08513349853573471;-0.003854817557548928;0.013695579807247053;0.07648974841355852;0.1456758889297963;0.030725579032439356;-0.5778985109011356;0.09131446331360087;-0.035940348024938985;-0.010708236390890118;0.5;0.1851705331643273;0.0623085539713488;0.003917348195796339;-0.03130287048046664;0.0346062655019352;-0.025225057882323404;-0.40158686481073164;-0.0033966631137910667;0.008883256906835186;-0.09338158932387788;0.012845910848460295;-0.7053788889791783;0.007653532026390714;-0.045876533393521254;-0.1593527043094842;-0.01572904965602684;-0.09369710180193916;0.019383201527884978;-0.027023259747501357;-0.03821207420414594;0.13205543638979286;0.03442517797634144;0.0412513648196598;0.20652417510608306;0.13810781139531345;0.024716446814232962;-0.012436682206470744;0.0044938543205853875;-0.06116570697511263;-0.04956633927592467;0.18469848183807103;0.14559530557118716;-0.036987342109991654;-0.08838294544349563;-0.06566539563953427;0.01905563687199431;0.025553821287456105;-0.007771069768728821;0.18263554404179133;0.043124478137295835;-0.10712380526238525;0.04149242202290459;-0.09627665490602949;-0.05010638136648796;-0.06547269132113584;-0.010669048942890887;0.09825379941225601;-0.0488419255808085;0.013558992067280303;-0.03936415400695661;-0.06418230172215415;-0.26670048158383686;0.07472061423408624;-0.05762124298558189;-0.11659382873079982;-0.051523565115410085;0.07349544966664906;0.032345468328849;-0.3532878356634951;-0.00684819066615839;0.009556036613622953;-0.05622617129546641;-0.05978918575894992;0.009388383084558085;-0.017209154240761634;-0.0014889093665172689;0.018290376809059174
Huegel;-0.2203219312922601;-0.0683819386919236;-0.2119957055912064;0.005068367658950692;-0.05469457659719466;0.020001327855348184;-0.013458605172981931;-0.006166587142690871;-0.013639889261072806;-0.21647336983992535;-0.01924649325935522;-0.13885864862339514;-0.012346339298803775;0.004934952040558426;-0.020345006977352347;-0.08187146753880321;-0.13372007410841605;-0.09224257577364041;-0.2076466251505468;-0.21069449155645217;-0.012796928675495527;0.007532288313301089;-0.06258812265587796;0.027251809415685443;-0.14017672965130396;0.007317283538678775;-0.49170673140943433;-0.05523046258626537;-0.9569179563130069;0.0322883815060768;-0.4701975326250166;-0.060574582984958054;-0.08971280635713982;0.003481253732434008;-0.04728616484901503;-0.48032598290894185;-0.09577972610073253;-0.11326208546951029;-0.499752154917381;-0.32421022014873807;-0.019698064036196533;-0.007836310635776056;0.13511595490492642;0.5;0.08431028988713277;0.006355643696297594;-0.9165760145257825;0.008277351652902696;-0.018532687926257;0.02000100606804824;-0.002480768126733645;-0.03788165811095588;-0.06990358595158516;0.005814346386434551;0.048905434450294785;0.006439935430107565;0.005406737216664806;-0.1381789438959858;-0.05360457375433472;-0.1379344366125406;-0.0544504671102388;-0.019863536896547827;0.03796826368535743;0.038459038334086114;-0.22162127318069133;0.007236988701721066;-0.041991203972524004;-0.08917719686505567;-0.45197649922421973;-0.009105457699372153;-0.00879559230828334;-0.04538198009186022;-0.03665893694368038;-0.052970428988686494;-0.05161690242709668;-0.0272616369905651;-0.06607011459494223;-0.04878086182027459;0.008685673287252976;-0.24242212387369175;-0.005682361041614556;-0.019101589044391874;0.01366200630920824;-0.294768150789347;0.007095465260843723;-0.9383866995570339;-0.6135134547931446;-0.6685741164330856;-0.007807550230801338;-0.2385256431444625;-0.03611599705778526;-0.17030378840137525;-0.029032315053937833;-0.04765966338683439;0.015549030515318215;0.009228313071614069;-0.042710550118217505;-0.0429961666991162;-0.038126933987828564;0.027555432168661978;0.018547937940830074;-0.2850063784189196;-0.005006281913221127;-0.04356114258043122;-0.04166052299614241;-0.04434389070962066;-0.042055659627505945;-0.01261593080084841;-0.0010868706175769952;0.012026822641437366
Huegelzug;-0.00038444754116248716;-0.002233509021382069;-4.918752859453148e-06;-1.9093424172422177e-05;-0.00011290540204668184;0.036393366642253344;1.55438259626846e-05;-0.00018919270780998977;-5.071088710176786e-06;3.286283139416678e-05;4.867021966917553e-05;0.0004727912365149278;-1.8809466600598318e-06;4.5179793750679336e-05;4.902244457057007e-06;-0.0027120951983639692;-0.0007355505657950633;-8.915383628575793e-05;-0.007928738977313035;-0.008074993355626562;0.08929670028906363;0.0001299112020283272;0.00019275756899629897;0.002125008326493809;-0.09217680734285305;0.01270467387988527;-0.0052386519538168185;-0.0017796496161506142;-0.4038329010098642;0.0016957146745685413;-0.0032941903689070484;-0.025926596985838244;-0.023366516586295658;0.006811756037216256;7.329359638542693e-05;0.001202322163942647;0.012121598012917347;-6.117177924716518e-05;-0.029565878916900417;8.093028845585238e-05;0.06485970269714296;1.8333211862133752e-05;0.0013865569661852715;0.0025712000589377224;0.5;0.010377077384295557;-0.03446045047862517;-0.0001625244726485257;-1.870294335487377e-05;-0.0003159547846079417;-7.583806533215608e-05;6.710716408330496e-05;-0.002286822623704851;-0.000734570312295258;-0.006513067817281219;-0.10090292792741015;8.115294752908437e-05;-0.02495945452693293;-0.008646597037676456;-0.2624881417156164;-2.8038107500421384e-05;-0.0006176706825426693;0.0019702718816116487;-7.300599188715768e-05;0.00033433903009651795;0.00027705671078531046;0.08173784598197689;0.01828761797266133;-0.0030159188949534814;-0.0002801611697690541;-0.00027054508027024826;-0.0014477044657477801;-0.0011591812905206358;0.01875549503518662;0.038823106616155886;-0.0008539651400144041;-2.2548203675897715e-06;-4.38813426362899e-05;-0.00012766731276100601;-0.00034210587587454796;-0.00017425421138996398;0.0054620398555666715;0.00025789265841566245;-0.1885171671423112;-0.0009192923838763978;-0.07377492195575046;-0.04617568921429994;-0.007190553971796343;-0.00023992193016803096;0.0008860751931379648;-0.0011413902033262022;-8.505905615640067e-05;2.9814479348206307e-05;-0.0015238834734645527;-0.0005862123022569197;-0.008990353700063564;0.00011394039811181657;-0.21021403034845176;-0.0012073820894756516;-0.005620495649354244;0.0002308487456363634;-0.0019116533379459097;8.617769072002653e-06;-0.001387057700265951;-0.0013239916397124274;-6.888731628715798e-05;-2.2149068176753875e-05;-0.00038951059370188423;-3.318111708572564e-05;0.0005529812441754198
Kanton;1.4813504699401427e-06;-5.550187781363499e-07;1.5425516729933902e-06;-6.052818085794619e-08;-2.1819714735138053e-06;0.07450369245610396;4.5036768244719975e-08;3.276822113250191e-08;7.822848354309461e-08;1.8500657014470484e-07;4.785516784076743e-08;5.468566166825261e-07;7.00883507334066e-08;1.4752585190457826e-07;8.8616624827309e-08;-3.1353583101602886e-08;0.000820274406922978;1.0661855557692279e-07;1.705593136548177e-06;2.0484570015754362e-06;0.0012265530562757573;2.6770354679242785e-07;4.023341326536682e-07;9.97251967210796e-06;0.0014222088384963794;0.1398688173581528;9.583165581064262e-07;2.2780931001479776e-07;-8.605441594679071e-05;7.815849438620751e-06;7.3455946701658795e-06;0.0004816755663800986;8.460644525072236e-06;0.1559489203479667;-5.537325898956248e-08;5.839689854559161e-06;6.448504794836962e-05;-2.9003948205488882e-08;-7.259974329818181e-06;1.304385054130361e-06;0.005506119283749245;1.1376041378817394e-08;2.85064004403182e-06;6.338332094901028e-06;0.00033934012579206864;0.4999999999999994;5.635184986756839e-05;5.107664300535164e-07;1.0985990836384323e-07;1.2617654604027434e-06;1.2207983195679907e-08;2.78358128189823e-08;5.004055369338109e-07;4.082888370065394e-07;-0.0001524078060547968;0.00740922985485627;1.1208039933805858e-07;5.485404750875848e-05;8.596693628637036e-06;5.641727487626196e-05;-7.579726449594294e-07;1.1867551134982205e-07;4.356840521682224e-06;3.4644356724150847e-06;1.6350887944987343e-06;3.918095170252503e-07;0.0011415971415283117;5.465216157470627e-05;-8.193999871412106e-06;-4.55184914801035e-08;-2.34498139293391e-07;3.0206289139219145e-07;9.37669086528854e-08;0.00013255836442369593;0.0001838690069035695;1.0099834829820366e-07;3.180715382543539e-07;3.2832812081944507e-07;1.794824402241896e-07;2.332739186966489e-06;2.997590182186546e-08;2.1047470532236472e-05;1.8572125129269052e-06;-0.005784904089359445;-2.0069917910306666e-05;-8.620937210163591e-06;-1.0789720831183847e-06;7.78379814934792e-06;4.2391977648294715e-08;1.6566965391923732e-06;-2.4462163718954944e-07;-1.1343534253170312e-08;4.7599733139749235e-09;1.36428157965665e-07;1.7718299442526853e-06;1.8966361388222635e-05;9.959196998158028e-08;0.0031866327392265537;2.4737391345887484e-07;9.190606147688505e-06;9.169467988260251e-08;1.3565754788802706e-06;-3.647104879172185e-08;2.8815958709618053e-07;5.7045225213737986e-08;1.1263759388237023e-07;-2.2224841959558083e-06;-6.124558026431754e-07;-2.530753031217435e-08;4.921088368747216e-07
Kantonsgebiet;-0.0002954390296306291;-0.0066364249354547355;-0.0032962584766755595;-0.0028006515230549183;0.001777286363038721;-0.3487958109556764;-0.0012401330119153552;-0.0005644279712729322;-0.0012570470042466539;0.0014077587199919032;6.695099303315228e-05;-0.014464164628802097;7.699625230848806e-05;2.7369088816486455e-05;-0.0018866311689328037;-0.008050835495875408;-0.24442086494813722;-0.009164015778389387;-0.02329652493149721;-0.023719477517690334;-0.2138218494594673;-3.834305400502455e-05;-0.0060402196275043145;-0.02737752668064316;-0.3183486588755;-0.4124833849030473;-0.08092200064311891;-0.0052926184383892145;-0.6690523775767153;-0.08130680556812477;-0.07473992181431721;-0.3590802851567898;-0.40171930136271106;-0.08337002313750078;-0.0044971417513095255;-0.007290005334641351;-0.06966761915399533;0.002500924008614563;-0.08334821144172096;-0.04183851272973335;-0.3758791211017959;-0.0007183542585370609;-0.002078937187094285;-0.08342398547421745;-0.10284616670283414;0.005142984020870622;0.5;-0.008799518207155344;-0.0017156917503540437;-0.04266761199752814;-0.00022630234204443298;-0.00357083155427562;-0.0067941199913575;-0.0014115018234881283;-0.02803802183194619;-0.32319699162929055;-0.003183160855325664;-0.0970631631486895;-0.1180926257149496;-0.5150818685685277;-0.005213980996534432;-0.0018411625695118814;-0.10479927818724775;0.0013889507267534084;-0.0035624291887180527;-0.01756961598832431;-0.1530101609085048;-0.3612496145249873;-0.06982392856143137;-0.0008356678856526901;-0.0008070002971277479;-0.004308252672439595;-0.0034516013914341645;-0.07220071687401186;-0.08197178701835874;-0.00254432121666173;-0.006397728537038228;-0.004645890278340245;-0.004140211269501875;-0.02830083464401724;-0.0005198766213207461;-0.02658412262304815;0.00564381469002233;0.5326750938628481;0.002228690318440585;0.35618185457069396;-0.1262418620065332;-0.1551238673956061;-0.0007156989489034469;-0.0008704254004237905;-0.003398746014716611;0.0017824802886453135;-0.002714057440839414;-0.004534271800477253;-0.023584902730353505;-0.03012150747122115;-0.0040444019886906575;-0.9641822071113042;-0.003594781991713944;-0.09522378394871411;0.00033616115396305684;-0.03501043251069479;5.9278625986901946e-05;-0.004128268170789722;-0.0039410579744100305;-0.0042055644753933;-0.003979923381009211;-0.0011615846517221526;-9.902151482757066e-05;-0.00010508424151541132
Kapelle;-0.7434006864194809;-0.42939903684728126;-0.7339141743581944;-0.24032860767079398;-0.37233027575164485;0.0022760465319994574;-0.12270331206950738;-0.05980976182336123;-0.124170885351512;-0.73907631088038;-0.16749557843727905;-0.6230956373197337;-0.11360231909843524;-0.23455285118000507;-0.17554107928416476;-0.4775959769198135;0.06010401733098148;-0.5102373982377643;-0.7287601044019665;-0.7323868571123558;0.0811231072614095;-0.4330207010954656;-0.40635929666791176;0.19162682594131292;-0.031240607547580145;0.005039499189280872;-0.9084067438875013;-0.3747445582614346;-0.9956278648365607;-0.9088354010519047;-0.9009798349584583;-0.03247200661662895;0.004016734035344026;0.0030474720187853646;-0.33724714566175834;0.13638779272315227;0.167759847742648;0.13018919932469677;-0.9110496724900092;0.1648832743385213;-0.011908110161540999;-0.07490961059865316;0.2588895669983145;0.08486262511149573;-0.05463721254667175;0.005250878311137596;-0.9912004817928446;0.5;-0.16219284558543462;-0.8338980398240062;-0.024863114843469716;-0.287581399023941;-0.4352013256775081;-0.7187648894793445;0.052919284514675445;0.012300562868287795;-0.2645460649161126;-0.9865145256209611;0.06186688862717942;0.021721313983945938;-0.3712252317624135;-0.17203180483690797;0.07096479955458694;-0.8237710566322896;0.13154160689225514;0.30087003798594275;0.10855449674590391;-0.03083200687066321;0.09437237584190557;-0.0860990807779278;-0.08338956691238236;-0.32768251838056417;-0.28065002390094496;0.006513297051066579;0.10906699200871024;-0.22319839076052161;-0.4203896275188892;-0.34459225616776895;-0.31894165102081007;-0.7663947921126714;-0.05534783776398731;0.024233038766488673;-0.7953402271179092;-0.11097142049951235;0.13408812237595039;-0.09050801987080843;-0.9421120976578851;0.04292527282126906;-0.07465320382090397;-0.7625536260342254;-0.27753451284572406;-0.6778775500912925;-0.23462579992260635;-0.33909577332081653;-0.7312431252435103;0.14000720487231805;-0.3138568841208146;-0.03811631628310052;-0.28895786101784066;-0.9222101344672614;-0.3800659920218773;-0.8034106028304198;-0.04905415555471369;-0.3183118721552506;-0.3082875506280607;-0.3223675937873844;0.094113981720737;-0.11582362299924696;-0.0110320796099527;-0.46354996035133755
Kehrichtverbrennungsareal;0.26859885329125854;-0.795385377903873;-0.9344150885984224;-0.6203709797345042;-0.7539458849124303;-0.0032410407600466764;-0.4194396818181943;-0.24732850632855222;-0.4227461207680867;-0.9360265152824;-0.5096288935016169;-0.8951734537147431;0.19735196361214524;-0.6128297592761549;-0.5237689917974843;-0.82524939224451;0.017370277160845236;-0.8432957204756826;-0.9327890481158102;-0.933935037378168;0.0568071796870084;-0.7977780643164629;-0.7795361610094672;-0.9908525448354535;-0.06408403187432296;0.005986298909419104;-0.9808541258223712;-0.7558548174930122;-0.9991505944065963;-0.9809508385865825;-0.9791669456074635;-0.07805809637113258;-0.9974469629104529;0.004697551872930963;-0.7244045136501647;-0.9799795195498661;-0.9976629237200454;-0.8712063815403845;-0.981449271020162;-0.9621311793522282;-0.011611390227961458;-0.2949199579961141;-0.9747749421176766;-0.9814673120737429;-0.032478211000863066;0.005833929972280803;-0.9982843082496459;-0.8378071544145653;0.5;-0.9628706470567336;-0.11637751552085072;-0.675866959688664;-0.7992063354949781;0.27275613752726385;-0.9893069820887493;-0.02628467551550905;-0.6501115111067813;-0.9973606159534837;-0.9873279567068439;-0.9983846186651915;-0.7530671149280922;-0.5176692756367893;0.18154016085338542;-0.9602319330155312;-0.9378051132057036;-0.9123253065024387;0.19769950797272084;0.2845083193741371;-0.9776171838206649;-0.3273442065545121;-0.31969856180471345;-0.7157173734344867;-0.6683567731193395;0.24053474475175046;0.17648779085567903;-0.5974564123758584;-0.7893193938249714;-0.7308828137754364;-0.7075184472745173;-0.9442791170615233;-0.2323342645434467;-0.993035460281891;-0.9525480504470504;-0.9996543710159498;-0.913770351115234;-0.9987617250331732;-0.9882446026993322;-0.99072629818261;-0.29414993435565173;-0.9431459157934942;-0.6649155747882342;-0.9157563260914594;-0.6129261503800206;-0.7260504550374743;-0.9335745623444149;0.11583625131874992;-0.7026298960252096;-0.14019284578206845;-0.6773349434262658;-0.9839325816795291;-0.7600098992887128;-0.9547717562539956;-0.2103976262083234;-0.7069178016441371;-0.6971714449485562;-0.7107623460698006;-0.6992474633052305;-0.4035762156445477;-0.05448251161184675;-0.8169685568472703
Kiesabbauareal;-0.36591315084024123;-0.1303562217609258;-0.35458712606577486;-0.05927918916863509;-0.1056711027209363;0.008247528905267322;-0.027104281101348583;-0.012512660925725068;-0.02746425217178943;-0.36069794986267334;-0.0385313078145303;0.03979772245033137;-0.024892744339137345;-0.05752506529933958;-0.040684861804808674;-0.15404968304472125;-0.0670435732511713;-0.17185260272011108;-0.34860690026492597;-0.35280254489549195;0.04680424976344188;-0.13203932877091076;-0.11998778447008877;-0.052609602679921645;-0.010254702149859438;0.007371092471946417;-0.6639228632461254;-0.1066500968562076;-0.9784293027728224;-0.665073849649959;-0.6444313674298493;-0.05516212370692879;-0.9377546242494589;-0.0006454844436590644;-0.09203010731877108;-0.006905319844465909;-0.9427300290855914;-0.2068786891429518;-0.6710659188017594;-0.4948780452978416;-0.05176375056108109;-0.0158732627810819;-0.5984131351892683;0.040844981354656626;-0.021157118091250232;0.0025837473693092173;-0.9573323880024719;-0.1661019601759938;-0.03712935294326633;0.5;-0.0050530278411925035;-0.07442184661488511;-0.13305996491241004;-0.3373410478539857;-0.042695552543280224;0.025415444885607305;-0.0668582859694633;-0.04267863563463697;-0.7502774875689092;-0.9597304283529026;-0.10522480333922855;-0.03974157037471968;-0.024976856390790038;-0.48215741964571446;-0.36766622041503794;-0.2863561083072802;-0.0452457214613709;-0.12949707636301935;-0.627454831269753;-0.01841988677494462;-0.01779873817475689;-0.08849147019083949;-0.07210809782751426;-0.061893162243157024;-0.19994477285505452;-0.054134264466384134;-0.12623309716724734;-0.09479841092950078;-0.08532126825047669;-0.3952146812029968;-0.01153589892494231;-0.8461116017629666;-0.436325533414944;-0.9911134290459658;-0.290090196243242;-0.9688497038421594;-0.7642470240746805;-0.8046704114171139;-0.015815475777780693;-0.3901270285430639;-0.07107887363212118;-0.2953636784947391;-0.05754709558116229;-0.09272262783275245;-0.3514730587081867;-0.0277032596926628;-0.08350436080241946;-0.15390883282199797;-0.07488529792869433;-0.7025044830144064;-0.10882716017505617;-0.44874055238602595;-0.010170497971068494;-0.08509515586950195;-0.08153685117908184;-0.0865566853335845;-0.08227773055537663;-0.025429242242922645;-0.002217037664320507;-0.1468443791877213
Kleinbahn;-0.9912759717461485;-0.9672289269027178;-0.9908405334465707;-0.9254157479070513;-0.9587887570295514;0.013244373780998792;-0.845810972035081;-0.7138750075243276;-0.8475715829385594;-0.9910788185203602;-0.8875255178688147;-0.9848113404798713;-0.834067146856686;-0.9231838325748832;-0.8930554550995005;-0.97286751893074;0.04299381337529821;-0.976110757294487;-0.9905993695970384;-0.9907694104995187;-0.9999717091948556;0.49471064533109954;-0.9640895539175458;-0.9987855885569076;-0.9999869916540605;0.005050807043557464;-0.9974357637435535;-0.9591944934211643;-0.9998880464511283;-0.9974489344800272;-0.9972056342460062;-0.9999616756340568;-0.9996630051567472;0.00541925385904088;-0.9522844463858499;-0.997316554082829;-0.9996915694363097;-0.9809014240923637;-0.9975167773790722;-0.9948429145734292;0.086114085227639;-0.7605292379228539;-0.996603336886209;-0.9975192318732664;-0.9999241619346679;0.00492224899514812;-0.9997736976579555;-0.9751368851565303;-0.8836224844791493;-0.9949469721588075;0.5;-0.9405893290290235;-0.967970116381878;-0.9901221728455708;-0.998578477478598;0.059431402452127316;-0.9338085395984584;-0.9996515813825392;-0.9983124601842961;-0.9997869473381548;-0.9586014022951387;-0.8906986211596906;-0.9980702077143917;-0.9945750191804248;-0.991341005198521;-0.9875013088174707;0.12644712843955622;-0.9995999287520327;-0.9969936425678106;-0.7870055272282347;-0.7810905880449609;-0.9502874460845191;-0.9386560701218298;-0.9997704577079958;-0.9998511556382298;-0.9184947321174234;-0.9660398839416353;-0.9537480883788126;-0.9483656346575904;-0.9922881648241287;-0.696780462882778;-0.999077154468112;-0.9934817742902179;-0.9999544652629831;-0.9877239831059034;-0.9998367374348474;-0.9984357890432104;-0.9987686920603982;-0.7598536539569373;-0.9921231839838881;-0.9377583631329051;-0.9880290284555386;-0.9232126384591077;-0.9526583611500342;-0.9907159622377489;-0.9993092106816868;-0.9472022144139136;-0.9999915914057237;-0.9409631223359834;-0.9978538995732412;-0.9600717661747781;-0.9937997192695526;-0.6692202030960331;-0.9482234016358596;-0.9458873298022844;-0.949130366398373;-0.9463894090853738;-0.8370723761498033;-0.3043513232480527;-0.9713388607387002
Klosterareal;-0.8777055077932338;-0.6508678744198924;-0.8723315496991131;-0.4393700510059539;-0.5950608598663312;-0.006018502485967892;-0.25732547407498674;-0.1361368620447308;-0.2599261245562604;-0.8752647484243609;-0.3326282215053608;-0.803745163433322;-0.24098221689293567;-0.4315280355012899;-0.3453155973238939;-0.6937019116909828;0.006703397581807055;-0.7207359375401227;-0.8693814415913367;-0.8714595871909225;0.09771115139358184;-0.6542158160559445;-0.6290452695050422;-0.9811136304623143;-0.1997712371035924;0.005502686585340111;-0.9608904717439453;-0.5975444593007903;-0.9982304904544339;-0.9610840271429667;-0.9575202376448159;-0.9993935936029127;-0.9946912348171729;0.0032272636833541994;-0.5576360608024762;-0.9591418904650411;0.19640504121029798;-0.7643765273497345;-0.9620821928477877;-0.9241544728300056;-0.021462386995595936;-0.16708213163999572;0.16462905832611063;-0.9621183418890441;0.05588729801623844;0.0007089048922296372;-0.9964291684457245;-0.7124186009760589;-0.32413304031133594;-0.9255781533851148;-0.05941067097097649;0.5;-0.6562211135715171;-0.8635982397655855;-0.9779591743767304;-0.020682499422541235;-0.47120370208927054;-0.994512198420522;-0.9739352705896523;-0.9966375769834626;-0.593920271850902;-0.3398112065463261;-0.9702977009522098;-0.9205079336598182;-0.8785133972913732;-0.8330669420865016;0.23754465704719185;0.20694387876969178;-0.9544351204668674;-0.18922347876299495;-0.18392178210576218;-0.5469795753153054;-0.49148086138591146;0.20546281306811187;0.17685928488013733;-0.4158181602684739;-0.6424435207220389;-0.5656841906002643;0.2291258053607039;-0.8904381681281678;-0.12674842513953902;0.2805128034092725;-0.9059008406765071;-0.045476565859278506;-0.8355828910342962;-0.03059673391985633;-0.9757969428120093;-0.9808555712079771;-0.16656703571152995;-0.8883394775086855;-0.4876113761180428;-0.8390524425502615;-0.43162770108047827;-0.5596725833026033;-0.8708053792952698;0.11798852416169155;-0.5312120089201886;-0.1491616037544443;-0.5016772154019561;-0.9670711107068306;-0.6029786138937149;-0.9101042393965469;-0.11330954843643774;-0.5363405770280631;-0.5247353750356953;-0.540969746705955;-0.5271918232965904;-0.2450057770451482;-0.0268912517011574;-0.6815926051985474
Kommunanz;-0.7899095016202552;-0.49408955357439255;-0.7816373683494363;-0.29106480511316213;-0.4349772621389762;0.017963850659983214;-0.15362924716601542;-0.07626206705340165;-0.15540118508901474;-0.786143445058227;-0.20704653184334706;-0.6820847631762529;-0.14260731950718694;-0.28452640490108694;-0.21649777444406873;-0.5426422751035628;0.05760705069629921;-0.5748374928194064;-0.777126976395997;-0.7803019787143928;-0.9991457341963839;-0.4977808494575052;-0.4704405279071564;-0.9645571893114675;-0.9996070261817576;-0.16698655098484377;0.10467402129367674;-0.4375146102702475;-0.9966277013244849;-0.9282529775465304;-0.9219268703692529;-0.16942905701093142;-0.9899150407652337;0.007350398527707244;-0.3977316632502297;-0.9248005782927566;-0.9907622244366278;-0.6295592157796441;-0.930031929904151;-0.8645587605829875;0.10313034625412876;-0.09509542293782641;-0.906618410676122;-0.9300964140484149;-0.9977131773762952;0.006676289700593986;-0.9932058800086424;-0.564798674322492;-0.20079366450502192;-0.86694003508759;-0.032029883618122076;-0.34377888642848287;0.5;-0.7683475342572671;-0.9587536827767533;0.09764232662909275;-0.3182530091019503;0.07823255537993529;-0.9513977637589562;-0.993601204942681;-0.43381479366997044;-0.21238064299864998;-0.9447931702948678;-0.8584857035548565;-0.7911593780190808;-0.723326380589155;-0.9990587825577509;-0.9880492188686597;-0.9164822348325014;-0.1089450152057909;-0.10559962018942776;-0.38745448485767886;-0.3361320948848274;-0.993109257302352;-0.9955212773293627;-0.2716111938647183;-0.48487622908377115;-0.40558793085629097;-0.37801567873373504;-0.8098022072283108;-0.07066501899823663;-0.972843149601148;-0.8345303922488655;-0.9986257303686581;-0.7269541922580275;-0.9950894938902903;-0.9547944598183855;-0.9640811885409394;-0.09477700125770103;-0.8064945758944586;-0.3326855206405577;-0.7319807700891068;-0.28460911704024194;-0.3997118791813966;-0.7793013187037539;-0.9795368221595843;-0.3725042307211694;0.13432245176546093;-0.3452939597157412;-0.938970261519104;-0.44309572532987457;-0.8413636164735889;-0.06274528712099699;-0.3773338800431882;-0.3664500125174366;-0.38172051778845223;-0.368740379373208;-0.14530279863526255;-0.014270409496586964;-0.5286190173330675
Kraftwerkareal;0.13224255261427834;-0.22747100184752828;-0.5190482486938142;0.028917572483935606;-0.1883792266812458;-0.0026175119673733276;-0.05188632265020834;-0.024286303671011072;-0.05255764301446523;-0.5256848454606293;-0.07297762090784987;-0.3927816102743733;-0.04775197632071446;-0.10706071104065144;-0.07690242539557693;-0.26346825783778777;0.21111166721430208;-0.28958756405279673;-0.5124968103755306;-0.517099112097706;0.08671469392814043;-0.23007627736877662;-0.21125455340056543;0.07220208347698148;-0.10722769069778233;0.0025637981297988504;-0.7951074052091676;-0.18996171608489085;-0.9889014342525845;-0.7959471974803968;-0.780711259475183;0.001473169370420327;-0.9673138037432845;0.002051063035318626;-0.16604378027945926;0.13793926728622535;0.12615153584295016;-0.33879301561954994;-0.8003008969156663;-0.6580637491777095;0.0058624085436367905;-0.03071068339580311;0.03760169321989903;0.02332430121750796;-0.09662418101150755;0.0016423276266297679;-0.062210936373415515;-0.2812351105206554;0.020660691115839507;-0.6626589521460142;-0.009877827154429223;-0.13640176023441455;-0.23165246574273282;0.5;0.11161851526101244;0.001293935334663345;-0.12337878547295758;-0.09923700340209982;0.1811168581114266;-0.9790864430683843;-0.18765690839433072;-0.07518523002266152;-0.8376540276588378;-0.6465172942393984;-0.533182195993247;-0.440783742046519;0.17625755138830268;0.12844885818446158;-0.7678979006829676;-0.03555175246174747;-0.034373119922233464;-0.1601612538967688;-0.1324367941444218;0.1456069637700323;0.13012423312263696;-0.10106314585591034;-0.22105697405008537;-0.17062008158664504;-0.15485969967293817;-0.5621079736777866;-0.02241132746724045;0.00927729388673936;-0.6032625376743077;-0.08717900097175735;-0.4452751048724564;-0.9838959882358298;-0.001553249078857716;-0.01596461264133801;-0.03060055997816082;-0.556850035653021;-0.13066773821203093;-0.4515751685077387;0.034976037051843475;0.07175551371622109;-0.515643777770338;0.12981585624092243;-0.1518077468624747;-0.06321255341511937;-0.1371939719093898;-0.8226518963570546;-0.19347112414624168;0.12484132056917625;-0.019784463828968073;-0.15448042556746502;0.044485220145555074;0.09537847182008907;0.04481058587549344;0.018731685627960327;-0.004345766740024449;-0.25267377709189376
Landesgrenzstein;-0.0025389480650795187;0.010003746994638206;0.004700743807726294;0.0023105873573048856;-0.03205740502503402;-0.08758677944871077;-0.007748420583891594;-0.0035391434822947825;0.001466791589507515;0.016169928024377975;0.001781704168004339;-0.08450120721685003;-0.007104665697843633;-0.016820538520337495;-0.011747868963908097;0.0029104694368353974;0.0339430343109579;-0.05496857874293663;0.02059062781991575;-0.13254455002391416;-0.07187167139051093;0.0028983347259117693;0.004828947409863544;0.03202651098624587;-0.09088533996423928;-0.08074410947356454;0.06634145695414802;0.002924890397710534;-0.22115488897820568;-0.35757282447052097;-0.016536005568447056;-0.08208466969755808;-0.012825407508026639;-0.11363581566772518;-0.027625603995407613;0.004017749902102516;-0.012657157526084725;0.008068122595981886;0.08504670524359281;0.019588294450829328;-0.15871956959482333;-0.004500657241470528;-0.2946211110208218;0.02799392332229939;-0.1222466483508115;-0.08747791249416877;-0.17633217778910928;0.0029545786498974508;-0.010693017911250578;-0.0119674721418201;-0.0014215225214020263;-0.022040825623269568;-0.04124631722324659;0.015927042844020706;0.5;-0.0279171515211923;-0.019687561795979334;-0.10357047934022319;-0.03857319080019096;-0.03379287167787294;0.0028177473916731343;-0.011467470923566708;-0.011862714030470844;-0.20696739236278447;-0.002458013400855346;0.0058668988510527835;-0.0853397443195259;-0.030453285692947783;0.11098130945385884;0.0011087963390172166;-0.005053684918304339;-0.026491123425494964;-0.021318076117532885;-0.03169641415938556;-0.07114122411356814;-0.015788861304744124;0.004994521876761336;-0.028517440558535202;0.0027189759857946284;-0.15481209547994604;-0.0032605583131718086;-0.10264187718964764;0.011024725526560272;-0.13992720333103703;-0.10276726001642102;-0.25546969190092433;0.01940847462515449;0.01831452224829229;-0.0044840838425808174;-0.003829076715070802;-0.020997390881761436;0.013208508924972684;-0.01682725857801376;0.0027213927245822965;-0.13187594788441703;-0.008020188949935971;0.004893361345200769;-0.09880397336912035;-0.022185900512205627;-0.04494946696854924;0.00458621221288229;0.001311889642432587;-0.0028717895697177166;-0.02540806039904749;-0.02427937330739108;0.0027315948797229346;0.013086225872672046;0.0034036274160213374;0.00022279961564851205;-0.0460241967275866
Landschaftsname;1.6248765511716394e-06;-2.8146655496351127e-06;-9.581394570180684e-06;-1.1649144684614344e-06;-3.836230390184491e-05;0.06806256119476403;3.510792671742994e-07;1.1440481841767703e-06;-1.3615764236388936e-06;-9.156865913553903e-06;-1.909462684502112e-06;-2.4854743986527183e-06;-1.3972422917404777e-07;-2.4294177767879927e-06;-3.394963858910225e-07;2.3555969327793853e-06;0.004211315547395256;1.0659990454488917e-05;4.322730056821507e-05;-1.93028288225872e-05;0.005121133510818916;-7.354627015296107e-06;-1.3762147958960352e-05;-6.340293841007347e-06;-0.00048708364963420935;0.035168881643524955;6.269625373449988e-05;-5.923364438986926e-06;-0.008391824911277183;2.316967837359597e-05;-1.878450165142806e-05;-0.0023534143708535227;-5.0823848567024323e-05;0.023875227099776904;1.5909901112352049e-06;-6.658491904623779e-05;-0.00015322846810769233;-1.247663888618242e-05;-1.5767174766885427e-06;1.0726903312270357e-05;-0.06011065120723708;-3.028266576154376e-07;1.329410789755219e-05;1.5330066914656972e-05;-0.007876096330223124;0.017685614636871117;-0.008452932511186078;2.856028038291066e-06;-1.1814836890112745e-06;2.9626025565906712e-05;3.5183854193965087e-07;-1.9385010674205602e-06;1.7469164799820588e-05;7.678340548031801e-07;-0.00011609860298677635;0.49999999999999994;7.476867960401943e-07;0.00047245495498706753;-3.596421741030486e-05;0.0005686130137695221;4.257452331982915e-06;-2.6994051866823468e-06;-4.349067384079394e-05;-0.00011616497727546857;2.7137824424034797e-06;1.5305905994006297e-06;-0.004128830802286908;-0.0015774879750919948;1.5174952438692085e-05;-8.833972368206411e-07;-3.426488601686045e-07;7.940581290307127e-06;-5.878884594704389e-07;-0.002729998209224061;-0.001177357896808151;1.609850917808573e-06;-2.9933139657753555e-07;-4.49802168530946e-06;6.752530099445861e-06;4.082600614171813e-05;-1.3603802238434854e-05;-0.00021362952214547352;-3.20026394948995e-05;-0.03203439096156447;-3.6033333963463944e-05;-0.013873035435028476;0.00013577352513373712;-3.015493317848063e-05;4.916064781720353e-07;-2.631511405693893e-05;1.452421139625177e-06;-6.039200251631109e-06;-7.187244050201894e-07;2.8129400005301124e-07;-3.867509543518855e-06;-0.0001645490530873838;-1.9119479326700404e-06;0.042475285066594;1.9473093611395634e-06;4.404347844186942e-05;-5.97208424832999e-07;1.1342384537827649e-05;-2.763807480026156e-07;-2.2257315181726102e-07;3.041937136725894e-06;2.1531602636692113e-07;-5.1876164468492766e-06;-3.41062059588082e-06;-2.5900702262864544e-06;-1.549137133781878e-05
Lehmabbauareal;-0.8895538444755786;-0.6765953434785521;-0.8846320996335092;-0.4679424696300187;-0.6225156598956378;0.01053904319604362;-0.27997142052704604;-0.15027563648712416;-0.28271381735995893;-0.887319196542943;-0.3587004404790674;0.2312104067753876;-0.26269862520503545;-0.46000892555335104;-0.3718282133223195;-0.7176422642392846;-0.004681564171814968;-0.7433450628142471;-0.8819277553574228;-0.8838329609466545;0.031157762014207863;-0.6798179398708079;-0.6555297569185128;-0.9831359058120778;-0.11005729780932197;0.006345415099120348;-0.9650009139822918;-0.624937005344355;-0.998422908453653;-0.9651748638325254;-0.9619708754188693;0.08046836075415766;-0.9952666896379142;0.0007499142273713362;-0.5858623340716412;0.1585069610360554;-0.99566627794415;-0.7845088864037907;-0.9660718067550325;-0.931852070289838;-0.04023436266374791;-0.18375116972841343;-0.9541234666064788;0.1541042045828218;0.0758452238717903;0.003203269272786366;-0.9968168391446743;-0.7354539350838873;-0.3498884888932188;-0.9331417140305367;-0.06619146040154159;-0.5287962979107296;-0.6817469908980498;-0.8766212145270424;-0.9803124382040206;0.00895233653321185;0.5;-0.9951069648037462;-0.976707927806052;-0.9970026896731367;-0.6214032026587568;-0.3661375580922749;-0.9734467579172693;-0.9285470058346726;-0.8902932460275171;-0.8484935029768697;-0.029527748229832455;-0.9943853624576209;-0.9591952138969528;-0.20755102361003533;-0.20186367270594424;-0.5753680303306454;-0.5202970763836209;-0.9967714028288485;-0.9979042388724116;-0.4440721537428978;-0.6684755751376664;-0.5937710313210495;-0.5655782205504942;-0.9011917899447252;-0.1400702435288332;-0.9871363852880825;-0.9152811794486958;-0.9993579932752678;-0.8508185843721205;-0.9977016609350067;-0.9783759600652673;-0.9829049970282118;-0.18319598768547193;-0.8992757872913076;-0.5164311210086796;-0.8540227976433755;-0.4601098450188922;-0.5878649504436444;-0.8832332895458201;-0.9903420088585834;-0.5597933401327186;-0.1280943160435588;-0.5304676272602736;-0.9705518707153248;-0.6302301721133452;-0.9191029779073919;-0.1254217514192513;-0.5648653552861955;-0.5533795865553691;-0.5694383574995601;-0.5558133086014442;-0.2669572460906696;-0.030079155960446538;-0.7060784066151035
Lokalname swisstopo;-0.0026320875255548626;-0.010182314776534702;-0.0013241838251471022;0.00015536286751166117;-0.008043637358306094;0.0020348019278451286;0.0001754350236867267;0.0001269760609372315;-0.0019342930763161308;-7.988111954172448e-05;-0.0027427532796211523;-0.000651054101589672;0.00017174445127711205;-0.00417131400214696;0.00018212036576482503;-0.012343064789063793;-0.030875544746221176;0.0004684175816598473;-0.002248689882308784;-0.03606161098681072;-0.11414091064548475;-0.00023353146299875388;-0.009270525579069384;0.02380589940614249;0.033110076118095036;0.01108387634175072;-0.011482221834181343;-0.008126376513055205;-0.26980781196101544;-0.004827310988660249;0.003121478660631405;-0.037963294304140124;-0.05288477083556417;0.008612653097774968;-0.006907945886440642;-0.012366463788407785;-0.06049610402628554;-0.00103635570044091;-0.1228142639681305;-0.0027772684503677334;0.021963345701738104;-0.0011056957774278771;-0.01629603676630468;-0.019365542556023133;-0.11470110530557777;0.007708697972097014;-0.14945821615258187;-0.013485474379038952;-0.0026393840465163826;-0.0029289466868118435;-0.00034841861746079286;-0.005487801579478018;0.0008240371684694362;-0.003466998878917146;-0.025358125024235484;0.027815423103232324;-0.004893035196253929;0.5;0.007364496141873374;-0.012867730852395535;-0.00800597412087906;0.00018292899580126326;0.007079226241455166;-0.0016484582205724856;-0.03837208087051757;0.003105509602020923;-0.181235760315557;-0.09384049116185271;-0.10360995734051355;-0.0012861842951794457;-0.0012420809526795815;-0.0066184713471193765;-0.005304904506765127;-0.12145458642995376;-0.17431048300969437;0.00037344010702136475;-0.00981734160726988;-0.0071358631561659475;0.0003901605414004628;2.599653957335517e-05;-0.0008002833519274446;-0.04750679232071189;-0.006656971215230182;-0.24499845485219424;0.0001132228213218444;-0.17365662312579452;0.013125632253668702;0.012849933057445287;0.0001418904428696568;-0.0020601829766464636;-0.005223817726344118;-0.0004937986685027329;0.00016476002535755182;-0.006964841159576719;0.000520443258280316;-0.001843397692919267;7.621203860340344e-05;0.03755776507547257;0.00011728287246868253;0.012690101112554438;-6.534486231860932e-05;0.004881443741443548;-0.0007046551450074532;-0.006342588367296824;-0.006055572974565606;-0.006461075870563721;-0.006115163004899199;-0.0017874915188186378;-0.0001524655436659455;-0.0003603955885837321
Luftseilbahn;-0.16112480511709484;-0.0475205819299821;-0.1545921376374306;0.006458503189488884;-0.037839239323985516;-0.02745778155747239;-0.009187531557546124;-0.0041997761191035375;-0.00931182835941788;0.007109231173594803;-0.013163147340807113;-0.09877650104943578;-0.00842522756389885;-0.01991079933722652;0.0023645596701069075;-0.057147283193425415;0.06522565163262162;-0.06460683207473043;-0.15119473568680922;-0.15357459495792025;0.03398347498497486;0.004051413187760399;-0.04341192810037383;0.13512703582133925;0.010432503895246241;0.00693961730375889;0.027723303513506523;-0.03821665671201462;-0.06273410166044323;-0.39792829000958085;0.1180917847250128;-0.0057294626517413695;0.0067033451743790905;0.005860799880933554;-0.03263507370238187;0.03790588047111683;0.07668556660914617;-0.07988310238291563;0.040113850672842614;0.008726578050325487;0.031931512558808585;-0.0053398086188776615;-0.007801172516852352;-0.03643547937010105;-0.19271369290883966;0.005859204313529815;-0.8819073742850503;0.004101624137056875;-0.012672043293156075;-0.24972251243109073;-0.0016875398157039;-0.026064729410347622;-0.048602236241043754;0.03068836678427852;-0.04580380518777141;-0.010269060620041858;-0.023292072193947917;0.035717239001548766;0.5;0.056379778001285394;-0.037667359966172854;-0.013587860650466304;0.047859289807822857;-0.00875774875076346;-0.000982188184363543;0.025284388925367;0.0019941295526191213;-0.06857827960295683;-0.027823278251886154;-0.006207158704255243;-0.00599532778927813;-0.031301495182751105;-0.025213432348620408;-0.10550351803661963;-0.02385003135155306;0.0028004473054142032;-0.0458792962732605;0.008189140917991675;-0.030112436168079494;0.0116751616321472;-0.0038693909044949116;-0.05776552462817718;-0.005189445069208732;-0.1667525436936515;-0.11972480114657089;-0.2164941540459681;0.10826757037569776;0.0787889139182629;-0.005320161609929831;-0.17553864354066595;-0.024835636744177065;0.0019897989358884497;0.0028923251029721263;-0.0328968437989085;-0.1528185982755008;0.06570391868575388;0.0034784561529193608;0.030968832894416133;-0.026235579501862845;-0.04381124354045305;-0.03905785387052438;0.1244515660149499;-0.0034082769681378186;-0.030027831119434262;0.0034540489591956703;0.003552518455491975;-0.028975892788058528;-0.008609945076811808;-0.0007390123564560001;-0.054184052551731136
Massiv;-0.023641037663584646;0.0013916139400407825;-0.022532805907901323;0.0004683389092427492;-0.004933315687440674;-0.02049310965960432;-0.0011675943103766247;-0.0005313920387141657;-0.0011835201303559437;-0.0231261743561494;-0.001678713873589408;-0.013628671888042478;-0.0010699985596709458;-0.0025544901750971616;5.4767283945190764e-05;0.0012346288171230717;-0.12492857233036754;-0.008631993752853031;-0.021962218250930567;-0.022361500878739258;-0.11048975758813137;-0.0063426051441497705;-0.005688510148592767;0.004435453763609636;0.03546133616224537;0.011063218412109565;0.012289836014775225;-0.004984221940337796;0.1483360733183325;-0.07691160117271156;-0.006695005304979913;0.039026604784854035;0.05458779925641552;0.009599648151961494;0.0005012838087236356;-0.00603789727648202;-0.1303324963374831;-0.010826210871609171;0.013235675242698544;0.0027059988150240077;0.04639740275518851;-0.0006763151269299171;-0.005858352794284095;-0.011819179040160086;-0.7375118582843837;0.0048474268357691025;-0.48491813143147244;0.00018154138468787844;-0.0016153813348084528;-0.040269571647097394;-0.00021305266184518617;-0.0033624230165374557;-0.0063987950573189;-0.020913556931615576;-0.005058631661749069;0.02046769155837442;-0.0029973103268633415;-0.007867355494819268;0.00710747477224736;0.5;-0.004910144018493695;-0.001733529058626175;-0.09927136587243876;-0.03759888443684583;-0.023815890636305917;0.00037576589908679624;-0.28734790070142036;-0.34744470400669264;0.008808571439642096;-0.0007867687960171991;-0.0007597774152821839;-0.004056980414088062;-0.0032501289225070513;-0.151700009831042;-0.22946546357660078;-0.00239568003626441;-0.00602532824626983;0.0003821510574453221;-0.003898701393813497;0.0006360875942338196;-0.0004894469993890769;-0.18745496834707007;-0.005166182875760324;-0.29751437830916133;-0.016856772116875;-0.5661670046895674;-0.014962009602639822;0.006358408813633322;-0.0006738151050806382;-0.026139140922343127;-0.0032003488444105393;-0.017284139911796562;-0.0025555255466796958;-0.004269873851581653;-0.022234455235403988;-0.02531119172194376;-0.0038084595577808204;0.038461461672230066;-0.0033849803557651956;-0.021507995435582423;-0.0002058313287401602;0.0005729362971540077;-0.0004309455213599691;-0.0038874522492516354;-0.0037111219645697665;-0.00396025752819434;-0.003747728350299292;-0.001093635423210004;-9.322325113063552e-05;-0.007170205756718455
Massnahmenvollzugsanstaltsareal;-0.8307122513889442;-0.5603692218271622;-0.8236880959068267;-0.3488916533244446;-0.5011828299080099;0.005458924848543035;-0.19152804435816426;-0.09726856722551452;-0.1936370951933249;-0.8275179082995603;-0.2541656247242551;-0.7368524338674981;-0.17836010632368993;-0.3416803192848571;-0.26504881010155396;-0.6076126262352762;0.053927024583540456;-0.6382829624774248;-0.8198460907361166;-0.8225514853126596;0.020251419329217417;0.1695599323032231;-0.5369146131987178;-0.9726165803660223;-0.009166651379300362;0.006665162415659601;-0.9438159743720765;-0.5037620500638366;-0.9974140839933149;-0.944089115562097;-0.9390676621493325;-0.9991133365458795;-0.9922545763903954;0.005259423463583639;-0.46291274689358175;-0.9413505899907989;0.120377796682342;-0.6892531134251461;-0.9454984685093966;-0.8928304874277462;-0.020525899970374416;-0.12061224545496568;0.24560824601369619;-0.9455495328897613;-0.01596526326442079;-0.013198383978336453;-0.9947860190034655;-0.6287747682375865;-0.2469328850719078;-0.8947751966607715;-0.04139859770486136;-0.40607972814909793;-0.5661852063300294;-0.8123430916056693;0.08548267099881804;0.031057745812533046;-0.37859679734124324;-0.9919940258791209;-0.9623326400338271;-0.9950898559815063;0.5;-0.26031514530965877;-0.9571470647062236;-0.8878606812453577;0.17520648838286312;-0.7733501397760791;0.21395883389490236;0.1757470961959205;-0.9347337615694837;-0.13761293383492512;-0.13351913690375114;-0.4522159465570352;-0.39788739879716833;0.22347799054743103;0.03364149215678713;-0.32735778899335155;-0.5512667011122518;-0.47104952798072863;-0.44233875971434394;-0.8474874351164654;-0.09028048172587726;0.10889284661522539;-0.8681140043293154;-0.9989466872309544;-0.7765246786863534;-0.9962332137902267;-0.9649932425626943;-0.9722457036179818;-0.12021973334959304;-0.8447094931179822;-0.39418359199775127;-0.7809137218437359;-0.3417717095177132;-0.4649669453016533;-0.8216992877909846;-0.9842456083316194;-0.43654771066096526;-0.060027088050470155;-0.40769878473012944;0.11145326246035801;-0.5094228863558344;-0.8737701369880472;-0.0803524385499692;-0.4416233194434092;-0.430166164404882;-0.44622174364989187;-0.4325828547164547;-0.18158823961457377;-0.0185440091034705;-0.5940913292029748
Messeareal;-0.9330813555080549;-0.7836375995095257;0.26513746366769464;-0.6035829330080795;-0.7405948438720976;-0.022774426711477266;-0.4023265364054563;-0.23440229810864982;-0.40559231865658363;-0.9316597369245844;-0.4919541423183883;-0.8883507024043553;-0.3815047032517747;-0.5959254391803722;-0.5061099804602758;-0.8148170312441155;-0.025425981809855478;-0.8337236302844835;-0.9282182298541842;-0.9294362587979011;-0.05992116944369963;-0.7861307218285093;-0.7671448136069245;-0.9901889207096225;-0.999894004645638;0.006025218682956226;-0.9794801640173312;-0.7425719898690668;-0.9990884183956753;-0.9795836726986987;-0.977674662846098;-0.08351726802546955;-0.9972604239626607;-0.00538385772696302;-0.7100669547053582;0.3171521351092667;0.1841828482541782;-0.863062333587014;-0.9801171527511136;-0.9594691269574069;-0.04954101114989055;-0.2804331854635804;-0.9729767402524986;-0.9801364631034521;-0.9993823293174573;0.005871859136481121;-0.9981588374304882;-0.8279681951630921;-0.4823307243632107;-0.9602584296252804;-0.10930137884030945;-0.6601887934536739;-0.78761935700135;-0.9248147699773385;-0.9885325290764333;-0.05595456259651338;-0.6338624419077251;0.06440576085855611;-0.9864121393495338;-0.9982664709413739;-0.7396848546903413;0.5;0.23402111160511352;0.29615215157411634;-0.9335511218707996;-0.906502303921423;0.23861075610174973;0.34809481360255573;-0.976016609847107;-0.31196943243704;-0.3045203195548932;-0.7011143431691572;-0.6525021154138289;0.35379818137140207;0.25513805254877586;-0.5803405171477893;-0.777320845970014;-0.7167505006180314;-0.6926750992806603;0.2570202663990031;0.11949217423484709;0.1289667107216355;-0.94924787137392;-0.9996290574784626;-0.9080336480149998;-0.998671121861888;-0.9873941861726417;-0.9900536071285393;-0.2796859822905365;-0.9392335533480476;-0.6489828062388261;-0.9101387531628482;-0.5960232645631527;-0.7117644535032002;-0.9290531014806463;0.19827025757071423;-0.6876479823002832;-0.14354537892746377;-0.6616922407194245;-0.9827756590754233;-0.746877427508217;-0.9516183758980281;-0.19889151630150226;-0.6920572384136232;-0.6820389746137355;-0.696012892583326;-0.6841717370546437;-0.38667921590403936;-0.050952783193247884;-0.8061579601746651
Normalspur;0.019117653021860376;-0.05398652928068365;0.0011642728787292949;-0.023428435844205866;-0.043047418404412376;-0.004993989270732013;-0.010495116404044155;-0.004800934896094682;-0.010636913421297342;0.019214057177366836;-0.015027966555284846;-0.11140095416627221;0.002047147101847453;-0.022709557930579886;-0.015889604380309022;-0.06483393872305844;0.015245628278066083;-0.07321892478698498;0.04903602639693029;-0.17186707226222683;0.031350350135525944;0.005060404570567716;0.009240002345334744;0.0352959843097029;-0.03347854420695478;0.0032373949962133724;-0.0144703684979424;-0.04347443617503874;-0.24039981493323334;-0.4305220754538624;0.054326232446655694;-0.0278299842608319;-0.0748221774235056;0.002944917155646308;-0.037154613808588345;0.07257573547391218;0.07136257771216631;-0.09033486567810003;-0.003378561117726733;-0.2716637016712337;0.007654489437502971;-0.006103152270880185;-0.02167803675060374;0.02951924971806108;0.05022910624233328;0.0033965717508385213;-0.8952007218127522;0.005381489564453589;0.002665139012761089;-0.009509014161884924;-0.0019297922856081875;-0.02970229904779015;-0.055206829705132146;-0.16234597234116213;-0.016112465176212745;-0.014204245733806398;-0.026553242082730657;0.0392719593905123;0.054742948722655324;-0.9007286341275612;-0.04285293529377644;0.0036873099994449766;0.5;0.046989827433628645;0.000617695276589244;0.0035683441963210547;0.10062898590542722;0.22488726629178368;-0.027091172041432087;-0.007093608713596081;-0.006851734603702359;-0.035643156508117134;-0.02873570109829449;0.1945933999884147;0.1703607850988724;0.0033534504136601756;-0.05213414369970929;-0.03834194508542576;0.004344902141528503;-0.19922361037394232;-0.004423468194752334;0.09580213261178996;0.007145342627883485;-0.11066661100989938;-0.13462666956358477;-0.09732152043292346;-0.5524060906619891;-0.023503799960904785;-0.006080713825753575;0.0258857752747926;-0.02830666075527427;0.0036128921382666537;-0.022718576374298482;-0.03745123223634883;0.009555249509680187;0.29355992509699835;0.004227724383173366;0.010306326850171228;0.004073507311144527;-0.009176117478551439;0.004750422558671838;0.019244769128713698;-0.003896583352671229;-0.034199066319385914;-0.03269296164560493;-0.03481971213013881;-0.03300597319036759;-0.009836142908786365;-0.0008452155473617832;-0.06149813274938402
Oeffentliches Parkareal;-0.3826325456034197;-0.13866624113403428;0.02783627783070579;0.013975953867903599;-0.11261125434312941;-0.03130455880280337;-0.02905202859503828;-0.013426307035733321;-0.029437084944256973;0.0283427853569268;0.0156754850879142;-0.26126575378735634;0.007514979041452076;-0.061520652771099624;-0.043564826653087356;-0.16358600495298356;0.03183017762241433;-0.18225356629455802;-0.36499070871164263;-0.3692717557999808;-0.00787432153011896;0.050921377579565476;-0.1277339152262717;0.05579835660419051;-0.12112501607004063;0.006710166492474099;-0.6796635192267565;-0.11364637524219143;-0.97988586678541;0.02543355204505822;-0.003052007128489702;-0.2901587247053639;-0.13791523800498515;-0.004671435725990948;-0.09817270549664027;0.17817217964697218;0.18740257584116102;0.072536881974543;-0.6866299288291562;-0.5127252774479665;-0.03050762422517966;-0.01702806106241662;0.21134248366871017;0.08435176704915201;-0.005250479695745132;0.007619260429192999;0.033470342617307684;-0.17622894336771053;-0.0397680669844688;-0.5178425803542855;-0.005424980819575185;-0.07949206634018176;-0.14151429644514346;-0.35348270576060153;-0.7930326076372155;-0.10703071792980065;-0.07145299416532734;-0.025797992316256887;-0.02825957363817845;-0.9624011155631542;-0.11213931875464231;0.013163782311478975;0.13256077562213733;0.5;0.027929220439305805;-0.30116691494220144;0.27969113360624537;0.43864407360051644;-0.6439876292668767;-0.019756235634294274;-0.01909089962660999;-0.09442244206407183;-0.07703380552590221;0.43148033436108113;0.3397293947157429;-0.05790880408505397;-0.1343208708071053;-0.10110520608459728;-0.09106099011599945;0.08670714678421809;0.004140212582204341;0.2618342725553799;0.11963779650689371;0.03570701928468914;0.029699035900692936;0.0327007412850049;-0.7768680406754374;-0.8156493774964322;-0.016966142464916727;0.02663171450988266;-0.0759400289500879;0.029509147197529485;-0.061544113314827606;0.018613608508202994;-0.36791548835273186;0.08490620864371194;-0.08913376666876809;-0.14622707195860615;-0.07998436322536646;-0.717207800291621;0.027097667656908846;-0.4664604314737486;-0.01091501498908864;-0.09082117707668297;-0.08704621599774248;-0.09237112307220159;-0.08783236859420403;-0.02725999206271488;-0.002380733149668237;0.0457361954915816
Oeffentliches Parkplatzareal;0.052015499809669415;-0.20496108408211952;-0.48583022796185815;-0.0977793037082013;-0.16889200384823175;0.008606836153088566;-0.04572340099557735;-0.02132789537590849;-0.04631887916537838;-0.49247700267951217;-0.06447990312996996;-0.3615694152929818;-0.042058337773612786;-0.09500097743920217;-0.06798120666604271;-0.23849587164050892;0.04141263348888018;-0.2630235945764382;-0.4792802468085277;0.07831909626897543;0.06637047013941318;-0.2073777553756552;-0.1899547880685103;0.1136652368281817;-0.12127740041957027;0.006712479248527085;-0.772602857899384;0.0361466546048215;-0.9873435941461307;-0.7735086145050681;0.021841629967751172;-0.18348213173775788;-0.9628396996782662;0.0021285304486676395;-0.14844449405539273;0.4770121786302589;0.37567254134626177;0.08573186450160729;-0.778207661262863;-0.6275576631093301;-0.015644486257391153;-0.026991345245099413;0.08822475574021539;-0.7783787268193086;0.038504483669004864;0.0057584474366132584;-0.13746853595854264;0.045062740460743926;-0.062194886794296494;-0.6323337795849622;-0.008658994801478977;-0.12148660270862684;-0.20884062198091927;-0.4668178040067531;-0.015081936623753008;0.004003980957536582;-0.10970675397248283;-0.9616279191294824;-0.005075181487241017;-0.9761841093636942;0.03543619013059985;-0.06644887812920046;0.0027904176805721216;0.04472419806321084;0.5;0.08943916338980408;0.2929277886675581;0.19308251203139737;-0.7433693751522247;-0.03126502895833061;-0.0302240587327102;-0.14307849614206875;-0.11789600662109463;0.18219307205655036;0.11350286009395594;-0.08961120230581046;-0.19901825649099517;-0.15262451513870856;-0.13824932121690828;-0.5291662097964435;-0.01967671126773542;0.1367643461037093;-0.57105420428511;-0.06758887842638547;-0.41272682359893814;-0.1603730246755577;-0.8479159765085063;-0.8763148594062306;-0.02689418870684823;-0.5238477863775949;-0.11629514628983817;-0.418914141249208;-0.09503591259577837;-0.14949163542499097;-0.4824250895916437;0.04337620850269159;-0.1354722498174026;-0.10762439511505592;-0.12220444634874092;0.007889647233470543;-0.173569807437529;0.04817603930782839;0.006518894298468205;-0.13790409028072476;-0.13245725061887123;-0.14013370185608545;-0.13359351588087767;-0.04294850025829216;-0.003806914843862263;-0.22840724048610234
Offenes Gebaeude;-0.5898530669222181;-0.2719671486851431;-0.5779129739026507;0.037674992938479146;-0.22748023844863277;0.006223113185354054;-0.06492237052842889;-0.030611943689399887;-0.06575065840039172;0.10906973280537681;-0.09080518631799238;0.07495944688458743;-0.05981483205385139;-0.1320285498262392;-0.09558990897934187;-0.3121606074576692;0.07229795473920657;-0.3408730379134046;-0.5715014200224807;-0.5760075257589388;0.04258372290048224;-0.27490070108924297;-0.25361996961928107;0.6219675446084849;-0.020477878218783552;0.005904084821652512;0.10855866939134182;-0.22929839883848727;-0.9912313114857967;0.10733203955720672;0.21588458537076788;-0.051438536842847306;-0.08689576396735015;0.004276830022385081;-0.20166063338690077;0.17141165189158886;0.18643253417654676;-0.39396021903139805;-0.8356426321397653;-0.709438670438369;-0.01694785032705298;-0.03864335364591162;0.1531916315664925;0.03683153817893846;0.04623547769461552;0.0019995003970074755;-0.9824303840116756;0.1493536521268161;-0.08767469349756138;-0.7136438916927198;-0.012498691182529413;-0.16693305791349847;-0.2766736194108451;-0.5592162579534811;0.05216316270675934;0.0032723403380966244;-0.15150649702313038;0.11277349457470573;0.18931794564018495;0.0223184855097883;-0.2266498602239208;-0.09349769607857704;0.02335845549052238;-0.6988330850577986;0.12960154458155862;0.5;0.15284456460433934;0.10978074416954553;0.0885688583879344;-0.04467724935401974;-0.04320963724601602;-0.19481104776813726;-0.16224733563677465;0.11797090983417433;0.11633736543256348;-0.12482781150356143;-0.2647284026139259;-0.20697493895031774;0.09497102863455956;-0.6195652819985138;-0.02826275482696678;-0.020301964816787633;0.1300576990318731;-0.1293034797433998;0.07694983601083955;-0.09491787002534911;0.13583784447078526;0.19337811633712507;-0.03850591500177378;-0.614524136154069;0.05858169464865552;0.07672958123435863;-0.1320751141467083;-0.20299368058528433;-0.5745836686307416;0.053664541639258385;0.046793384253795284;-0.03377499806302817;-0.16786812463310544;0.09992041191640473;0.07720731549845385;0.26179130013353497;-0.024967553719042794;-0.18817658603046744;-0.18116137948741864;-0.1910388808806315;-0.1826274941720085;-0.06105685625222153;-0.005506984145869573;0.08073524318838257
Ort;0.0006900177652606303;-0.0009192455635125947;0.00044402668679512607;-7.40631982169595e-06;-0.0007247440998753927;0.017089768978651453;-0.00017097708910152298;-1.2434998279310886e-06;-0.00017331155093010028;0.0009216033526795724;3.158456963552624e-05;-0.00024352650874082647;1.526968603716103e-05;-6.212545244728529e-06;-0.0002602550016020609;-0.0011165324666271414;0.041012124494489585;8.503286031949622e-06;0.00044290708742992705;0.000313652070511197;0.0961317808106801;0.00019509415460971244;0.00021511945061019296;0.0038813373662088487;-0.16309830024786556;0.020708263008174844;-0.0034722070318807053;7.675261228528562e-05;-0.2177865779001114;-0.0005703035822717835;-3.9706985047068134e-05;-0.09500836134202595;-0.02627723433519505;0.002535923177797347;-7.084824801639459e-06;0.0037057862409174314;0.041084038309068385;0.00023367474728605992;-0.012367790886287248;-0.0006725739173442522;-0.02204161349107313;1.2196599669375122e-05;0.001889004940494186;-0.0005263635007457192;0.03359660099826166;0.014349106682560123;-0.021072946566883133;0.00013272422624240643;4.679458509627852e-05;-0.0002777269960859545;3.941861008136255e-06;0.00011723929340773697;-0.0009412174422489339;0.0005507663924530714;-0.0018688400374765716;-0.021741624372094103;-1.2986094019322275e-05;-0.01621001937554442;3.677546465282334e-05;-0.042035949558893344;0.00015444540339665857;6.061603038456327e-05;0.0016224299615999395;0.0015984916595170615;0.0010454625978556628;0.00037645708669980344;0.5;0.03543210968563794;-0.0017817391074983941;1.8503593148740687e-05;1.1344096125095397e-05;0.0001428371502594839;8.25247259762671e-05;0.06630694825762883;0.1018069318769462;-1.7169644839120192e-05;6.968370387191357e-05;5.904091606708312e-06;9.696557860258772e-05;0.00020989428926971088;1.53133968914875e-05;0.013537506288267612;0.0011707997162565375;-0.07753829653537267;-0.0002671926918639744;-0.02893598188147633;-0.002291409812746645;-0.0017993566857074181;4.303949360920919e-06;0.0011978280046004465;0.00011711222544946407;0.000673321165070681;-2.9818749545656175e-05;-4.4290598556561145e-05;-0.00014930667292155809;0.003125425553345022;4.9092589133526086e-05;-0.17573058901057997;-1.186668479640206e-05;0.0010866031194465345;6.347186784537755e-05;0.0005597112270121188;4.822692067945831e-06;6.181955567663831e-05;-8.041843021586532e-05;7.756194965227095e-05;9.02850834740049e-05;1.804293154588203e-05;-1.363865812875919e-05;0.00017954569487469354
Ortsteil;0.006271982405355298;-0.011674804192250492;0.008673395625934874;0.00022809192026494073;-0.009225568422011209;-0.021792020083428905;-0.0021906778924176526;-0.000997571543065617;-0.0022205274035908187;0.006061461768834523;0.0007476258204541945;-0.025294047908945048;0.00021378225008218525;-0.004786992237248447;-0.0033310552924931433;-0.014147742763059043;0.014975316555091728;-0.0005475209655223959;-0.04046799240271476;-0.04118954888965281;0.03822799822842813;0.003785473590623097;0.004687454467861818;0.02412309061997405;-0.23097096627666786;0.010141240097840357;-0.13470996579752464;-0.00932035102507173;-0.7814005453605875;-0.01627703016936837;-0.009940784738346583;-0.23143674303879327;-0.1557355732330079;-0.010883044952012448;-0.007924331710487566;0.05448910471882961;0.17944007009487148;0.004345975977022755;-0.1385058207012533;-0.009788038206709131;0.028677883040436253;-0.0012694712459476072;0.016218072197060056;-0.01435159088009866;0.09650461500488258;0.008819381397620722;-0.6387503854750127;-0.0004839750426156315;0.0008645771862146616;-0.010205148566192989;-0.0004000712479673044;0.0013112916611759846;-0.011950781131340285;0.005153101968484462;-0.008561970712786249;-0.10664727139214501;-0.0056146375423792045;-0.10775779620321072;-0.016237163869752484;-0.6525552959933073;0.0016287398112675969;0.0011353083092444528;0.04655073213835213;0.03218568305640547;0.008847277642428101;0.003471446184709015;0.45489985720784276;0.5;-0.11717560996733581;0.00047364467735184335;-0.0014260289303219269;-0.007592591581883379;0.0006933564274774143;0.4834773647737338;0.41112806858707035;-0.004490014419618123;-0.011256942887133884;-0.00818550669645303;0.001162975824965241;0.011326055774760119;0.00038964481628369783;0.13100748723922834;0.014537554842619092;-0.07519839719868206;-0.03119782733872761;-0.12422957087830326;-0.025002889325205946;-0.0423439897137104;-0.0012647813774116872;0.017136984621379834;0.0016849499407285446;0.004297984203615927;-0.004788928129571457;-0.007989530800887738;-0.04096001445453999;0.05433449817104161;0.0001581928844350962;-0.11620792151452705;-0.006338678608169084;0.006303357480684546;0.001319821159146133;0.002576759628249833;-0.0008090766580062044;0.0010396108515689994;-0.006947424087136585;0.0012702244730769426;0.0007198758588809036;-0.0020520469949563904;-0.00017507346017611746;0.0042299857009646695
Pass;-0.2551933205642237;0.010180903374039495;-0.24596499998232046;0.006510938392222133;-0.06555547486934091;-0.011171870553285498;-0.01627207983153008;-0.007467228877575441;-0.01649062726074522;0.00875946403250499;-0.0232414015358547;-0.16354094587180945;-0.014930817644869232;-0.03497225055835853;0.006552137866214566;0.019439915538408122;-0.1553900422287569;-0.10969430753816835;-0.24113228867494668;-0.24451998338389827;-0.19755079909445936;-0.08284083001267818;-0.07489228870366071;0.12815911459768975;0.028320974289239475;-0.007104311953952962;0.05692845627538994;-0.06619032263293202;0.11990851099845876;-0.5410758752615049;-0.02232396431548359;-0.0014499102885719168;0.1673821041677514;-0.005317469601039605;-0.05676428664541959;0.0001590557597267114;0.03715618308214069;-0.13410309248952573;0.05641520135527151;0.03692748113456071;0.02179525318085723;-0.009485765066981528;0.021867751200544905;-0.5480235007757802;-0.11990787319852693;-0.009962396752024299;-0.9301760714385686;0.011161001367694804;-0.02238281617933505;-0.3725451687302469;-0.0030063574321893653;-0.045564879533132596;-0.0835177651674986;-0.2321020993170323;0.235085869779599;0.007729441767734167;-0.04080478610304719;-0.8963900426594865;-0.04963282406360259;0.12464481099901449;-0.06526623843051631;-0.02398339015289291;-0.0422499836229622;-0.35601237073312325;-0.25663062484777543;0.021100969688470576;-0.17234552103954132;-0.8828243900326642;0.5;-0.011019086280312425;-0.010644798290262193;-0.054500257759452976;-0.04410553259235025;-0.19671963280163748;-0.9529542019316362;-0.0328644641978123;-0.07900111489818884;-0.058540174184523876;-0.05247768133469385;0.021044014551735202;-0.006881578160342293;-0.7655065682290145;-0.3148801503726953;-0.2610892236200853;-0.1952486573554352;-0.9486303825972158;0.036628786826891635;0.034240980869029165;-0.009451008589071441;-0.2752610323836219;-0.04345727957109468;-0.19928201793106623;-0.03498596444283064;-0.057208154441354256;0.008859801342106998;0.04890544188288288;0.032641949847824654;0.08368545721451823;0.0075699662334752504;-0.03588155919949619;-0.06760397549017676;0.05680395688384002;-0.006063688025399045;-0.0523336286948559;-0.05007029349826835;-0.0532652304783267;-0.05054098749344141;-0.015255971435859432;-0.0013175311190045974;-0.09271873199534898
Personenfaehre mit Seil;-0.9685055487043108;-0.8887385185500419;-0.9669714493215978;-0.7705367830958788;-0.8629475973593127;-0.030762213374431024;-0.597521247619522;-0.4030699252664975;-0.6007787975754704;0.32402013244347805;-0.6810805129458806;-0.9460854225924247;-0.5763388109703892;-0.7648478540577272;-0.6932524655215845;-0.9065777525381432;0.19002637282847293;-0.9170693776464844;-0.9661233122279232;-0.9667212087423648;-0.004437588520929934;-0.8901902781681889;-0.8790204779795076;0.19978726770247712;-0.10296093500141865;-0.0048673488373018395;-0.9905902819110453;-0.8641632346422787;-0.9995864611624036;-0.9906382832191479;-0.9897521110120641;-0.9998584077201671;-0.998755948203746;-0.0340152033887234;-0.8437814209012375;-0.9901559711292981;0.10893863452160032;0.716850671978899;-0.99088559316846;-0.9812059899833118;-0.014802032045315655;-0.46222565677351296;-0.9875633177935292;-0.9908945423006278;-0.999719838830231;-0.0049670446966032025;-0.9991643321143473;-0.9139009192220722;-0.6726557934454879;-0.9815801132250553;-0.21299447277176528;-0.810776521237005;-0.8910549847942092;-0.9644482475382525;0.21080008962544672;-0.040384913234996586;-0.7924489763899647;-0.9987138157048207;-0.9937928412957449;-0.9992132312039828;-0.8623870661650749;-0.68803056756296;-0.992906391286404;-0.9802437643657057;-0.9687349710416693;-0.9553227506459803;0.1606402185160906;0.3202816726507303;-0.9889809137196875;0.5;-0.4912669075029243;-0.8380157739174862;-0.8054926083202814;0.2650686281299172;0.06057675207228782;-0.7530785854035764;-0.8850400698554474;-0.8480422230964078;-0.8325186492763162;-0.9720852508183122;-0.38344395514290486;-0.9965985843902953;-0.9763312070435768;-0.999831771725388;-0.9560932221890863;-0.9993970170622818;-0.994244568891159;-0.9954654166889187;-0.46130460350458097;-0.9715004783429283;-0.8030550585175282;-0.9571501586236972;-0.7649209161857439;-0.8448670876553565;-0.9665332167652403;0.30280914738514747;-0.8292150398731142;-0.9999689313054537;-0.8118036395603246;-0.9921158492703468;-0.8667998594430545;-0.9774667454001789;-0.35381565798882153;-0.8321137937235838;-0.8255031006379083;-0.8347000794407909;-0.8269177652903784;-0.5816706626938094;-0.10587077065253526;-0.9016916959072738
Personenfaehre ohne Seil;-0.9695539174825685;-0.8921464358713367;-0.9680692006892997;-0.7766553467278952;-0.8670272904008363;-0.004219917209743332;-0.6058935978710518;-0.41150336841384094;-0.6091277122643126;-0.9688812806967426;-0.6886204731581768;-0.9478399059851639;-0.5848456459576198;-0.7710730429438432;-0.700631143987542;-0.9094949017691507;0.13237448766729443;-0.919687943404803;-0.9672482978769508;-0.9678270004894035;-0.047942794149137595;-0.8935590540401188;-0.8826867657173815;0.20360289753912095;-0.09986117882895769;-0.0052153545852274726;-0.9909104065255804;-0.8682122676403832;-0.9996006534009021;-0.9909567897067093;-0.9901004657677284;-0.999863268301957;-0.998798608558055;-0.012729742110732075;-0.8483313672490234;0.25438651165884396;0.11210830549533445;0.6838748172981719;-0.9911957603991373;-0.981839521216041;-0.09870082775652178;-0.47092037733203346;0.36953185420652196;-0.9912044076917167;-0.9997294549197298;-0.026498548587254523;-0.9991929997028723;-0.9166104330876177;-0.6803014381952865;-0.9822012618252431;-0.21890941195503902;-0.816078217894238;-0.8944003798105723;-0.9656268800777665;-0.9949463150816956;-0.016221271290441014;-0.7981363272940557;-0.9987579190473204;-0.9940046722107218;-0.9992402225847179;-0.8664808630962488;-0.6954796804451068;-0.9931482653962975;-0.98090910037339;-0.9697759412672898;-0.956790362753984;0.10198600781536943;-0.998573971069678;-0.9893552017097378;-0.5087330924970757;0.5;-0.8427023426783657;-0.810907822857376;0.14554891520249075;0.11477739123761901;-0.7595173795288033;-0.8885470636226241;-0.852489766267253;-0.8373333902923269;-0.9730177803050525;-0.3917362432140218;-0.9967149805771321;-0.9771252324627735;0.03204076999689707;0.3450960441710554;-0.9994177070450923;-0.9944410699879882;-0.9956204193831933;-0.4699971404791631;-0.9724519893282815;-0.8085220039745844;0.342710040529724;-0.7711447496338859;-0.8493910574523781;-0.9676450460660934;0.22153597788931062;-0.8341058279537994;-0.06006350573513659;-0.8170830507533047;-0.9923844721160603;-0.8707820516562812;-0.9782235261804786;-0.3618432439589174;-0.8369378938591812;-0.8304784565341699;-0.8394642016376163;-0.8318610010625206;-0.5901465715470414;-0.10922370670141766;-0.9047453837980513
Pferderennbahnareal;-0.8559935644519708;-0.6069195578117251;0.19253001619535556;-0.3936027107606423;-0.5489558153404371;0.017143272960582746;-0.22297888827143797;-0.11545139113311399;-0.2253377380190473;-0.8531919570056653;-0.29218489272446163;-0.7723087756428976;-0.20820550011277625;-0.3860151190657193;-0.3040324137213288;-0.6522647953601153;0.03823899503847259;-0.6812757382943492;-0.8464501985750438;-0.8488297422542631;-0.059606952375981806;-0.6104366932599299;-0.5841052436425015;-0.9772854604235247;0.1243667171464108;0.004278248414594752;-0.9531588753830389;-0.5515090651920792;-0.9978642674001409;-0.9533888387877795;-0.9491576300005977;-0.9992679133587349;-0.9935972150201158;0.003238093976755801;-0.5107731682791572;0.1377298572622418;-0.0012777445018114526;-0.7287621262142338;-0.9545750515115896;-0.9098419163181045;-0.04110512261430542;-0.14247011243229596;-0.9388342930248873;-0.9546180199081398;-0.9985522955342523;0.006371300874280142;-0.9956917473275605;-0.6723174816194357;-0.2842826265655133;-0.9115085298091605;-0.0497125539154809;-0.45302042468469467;-0.6125455151423211;-0.8398387461032312;-0.9735088765745051;0.0701674906869467;-0.42463196966935474;-0.9933815286528807;-0.968698504817249;-0.995943019585912;-0.5477840534429648;-0.2988856568308426;-0.9643568434918829;-0.9055775579359282;-0.8569215038579312;-0.8051889522318627;0.23969552408767683;-0.9924074084181166;-0.945499742240547;-0.16198422608251387;-0.15729765732163428;0.5;-0.4445899920662617;0.18940808089085914;0.06505554533660728;-0.37088115576004405;-0.5980895822773354;-0.5189383766202967;-0.4900127420781825;-0.8706536262873527;-0.1073122813061128;-0.9826492822954717;-0.8885590735952348;-0.999130291626002;-0.8080282442412141;-0.996888334130037;-0.97092304593581;-0.9769763213735478;-0.14201795528292452;-0.8682320383811122;-0.44076969187151815;-0.8119483970154558;-0.3861114126051153;-0.5128369560993449;-0.8480804376745112;0.10272721769147614;-0.48413940634285507;-0.13842778450663376;-0.4546833572112314;0.34985326959686186;-0.5571040921982549;-0.8934460105285922;-0.0957083184728375;-0.4892878477879073;-0.4776519207154655;-0.49394354293847287;-0.4801106163886279;-0.21183453775152344;-0.022375280492020692;-0.6393689354179537
Privates Fahrareal;-0.8813167556975627;-0.6585717863879107;-0.8760790810507609;-0.4477813026708451;-0.603245550361206;0.003094039036663067;-0.2638921157785505;-0.14019470207653362;-0.2665353141420378;-0.8789381287001508;-0.3402361544514953;-0.8090652943344167;-0.2472706567422087;-0.43990695970790455;-0.3530601998719308;-0.7008950039099562;0.03911454835901761;-0.7275435120156978;-0.8732029821589292;-0.875229052870167;0.0017345490337963502;0.2868510492586278;-0.63696212836948;-0.9817348728479858;-0.037929390133838704;0.0063957185698462525;-0.9621512662592706;-0.6057122127313356;-0.9982896776643686;-0.9623388264715593;-0.95888503130144;-0.12588138992707862;-0.9948681957671981;0.006862272968054234;-0.5660255227568285;-0.9604567351416776;-0.9953012662929938;-0.770459088907544;-0.9633060363117364;-0.9265089689535356;-0.03532256540389985;-0.17187883609712046;-0.9504336607240753;-0.9633410630563196;-0.9988408187094794;0.002470781586985191;-0.9965483986085658;-0.7193499760990552;-0.33164322688066045;-0.9278919021724858;-0.06134392987817021;-0.5085191386140885;-0.6638679051151726;-0.8675632058555783;-0.9786819238824672;-0.006489819277803604;-0.4797029236163792;-0.9946950954932349;-0.9747865676513797;-0.9967498710774929;-0.6021126012028316;-0.3474978845861711;-0.9712642989017054;-0.9229661944740978;-0.8821039933789053;-0.8377526643632254;0.17300428384705;0.11321670810870739;-0.9558944674076497;-0.19450739167971864;-0.18909217714262408;-0.5554100079337383;0.5;0.1302293264529052;0.13215459024505635;-0.42411962639057743;-0.6502334286186304;-0.5740376115024238;-0.5455235197901722;-0.8937189596501544;-0.13056872015975626;0.17147529467419845;-0.9087660490707671;-0.9993037022316605;-0.8402115376628854;-0.9975076521252781;-0.9765888975972875;-0.9814851419256186;-0.17135199465576248;-0.8916754683676004;-0.4961288804940636;-0.8436016968315988;-0.4400070626076362;-0.5680533398032703;-0.8745912689037605;0.19523530615926088;-0.5396889344739955;-0.11105612135283381;-0.510195771289767;-0.9681392632851733;-0.6111078576641918;-0.9128537715528924;-0.11677895333911788;-0.5448042317996404;-0.5332265071480392;-0.5494198898261503;-0.5356779026359673;-0.25136444059521895;-0.027797582594953338;-0.6889425577614128
Quartier;0.004375371630655444;-0.006730820176738753;0.004688223818205214;2.5259813166686276e-05;-0.005313197860603198;-0.01570161968127009;-0.001257869620957439;-0.0005725060629008446;-0.0012750252114785497;0.00434793174771939;0.0004142918034359931;-0.001483439965621631;7.979393293938864e-05;-0.0027517012007171604;-0.0019135963970784286;-0.008165183675829302;0.02487932804823506;-0.009294026618404103;-0.02362225508938214;0.005212532906299981;0.02991684593943223;0.0020667278782128804;0.0027341730443758844;0.01730303982978783;-0.22053680603190187;0.011025230264985503;-0.08198581282398074;-0.005368002922347818;-0.6721930828691186;-0.006619185858700543;-0.004486063703931196;-0.2292974623505284;-0.14525792787892286;-0.005956735372957522;-0.00010745272215498345;0.03049829530960565;0.16470960285566744;0.0023871488144182203;-0.08444098853019417;-0.04241223773636837;-0.006653796006785599;-0.0007286337366988041;0.01244215484275967;-0.004890249399985351;0.05677678057024594;0.012271261394529167;-0.07323464527270267;5.8650719991069385e-05;0.0004193125965824508;-0.0027980362067969453;-0.00022954229200416418;0.000746846300821769;-0.006890742697647883;0.003350980679988602;-0.005112119577436703;-0.10587595553694873;-0.0032285971711515883;-0.0800061989711539;-0.014329855763739829;-0.16344382641689004;0.001188090713487032;0.0006619468956108433;0.023106866042456778;0.018161961912508677;0.0047890554384634205;0.0021399837981767064;0.4883476686499178;0.2773495311467926;-0.014978278270265861;0.00022486931319454147;0.00011923626332209606;0.0008312847912441059;0.000457515810640367;0.5;0.3229235639804864;3.758364409760284e-05;-0.0003012030684784272;-0.00471210683980164;0.000681798591486838;0.005303305225899509;0.00019946889450343666;0.08803968990339603;0.008690924595693688;-0.07999224710459338;-0.002119685909773723;-0.09506674795662504;-0.021007002918578797;-0.037018955424673546;-0.0007259404578207192;0.010720374777659298;0.0010695000758337387;0.0028225472694676837;-0.002752816284159892;-0.004598904845704339;-0.0032543048522367048;0.038205998867640034;-0.004102081038145058;-0.15161959607860512;-0.003646072281059661;0.01794369776558202;0.0006630013599241;-5.4796641465450177e-05;-0.00046429156670841856;0.0007471529852692511;-0.00399726910328912;0.000644168142920445;0.00047838159065602675;7.970325851726607e-05;-0.0001004393798792487;0.0020911150766290136
Quartierteil;0.002238276807109118;-0.0043745324874090745;0.0020796069285869195;5.1284398388196556e-05;-0.0034514589484890895;0.0033018192063925434;-0.0008159477948569474;-0.0003712805029940102;-0.0008270811781402069;0.0036285487494297722;0.00015501251005306716;-0.009560019813283555;6.798798270847045e-05;5.374578113064927e-05;-0.0012415873431598843;-0.005309446195494953;0.03831970697483992;-0.0003393918205617146;-0.0009716719193209047;-0.00047254554137979516;0.04848788923837765;0.0008993346216143549;0.0012432309826680913;0.011933293766462787;-0.1712719456100086;0.01329694890609716;-0.05473647610639888;-0.00021401621700914035;-0.5707358576592081;-0.001825605645671301;4.415606712586524e-05;-0.1789134888949455;-0.0862542277407727;0.005583032587076224;0.00013333906444060837;0.01534145517140477;0.12006283723844077;0.0009687920571672626;-0.056425790281567884;-0.0034081438641050837;-0.005787180092334746;5.8336693285541983e-05;0.006359372572995026;-0.003089755244257177;0.07620213461319277;0.011036343822805824;-0.05391059148226736;0.0006367961356807817;0.00019948460224410042;-0.005860778845857896;-0.00014884436177022454;0.0004168314605256923;-0.004478722670637378;0.0019417020186425508;-0.007439552720663886;-0.02960588875244711;-0.0020957611275883143;-0.07445053892679097;-0.0021003827986165124;-0.16030049491385406;0.00011596440801085713;0.0003095119425314044;0.013116476766232822;0.00927191625623885;0.0019344585659364125;0.0013683254420763713;0.48616316325001024;0.15291955969082444;-0.04704579806836391;3.332057354920312e-05;6.096637248188902e-05;0.00018512721766443218;0.0003010330550024009;0.20937959628174097;0.5;-2.234906963983231e-05;0.00015227032087110045;-2.508128181982793e-05;0.00045346837507936156;0.0018876871256396691;0.00011472333836278887;0.049532382599981446;0.005088044016509332;-0.08649284837143378;-0.0017242539038178034;-0.06320929013616385;-0.008687349654243106;-0.006295040276634817;5.832671451804909e-05;0.005302517942774374;0.0005936477865331257;0.002749628278116205;-3.166960356145389e-05;-0.0001563345475086476;-0.0009856221272074696;0.014612134461981941;-0.0026635797879420533;-0.19013984155234595;2.4851146294561724e-05;-0.003699309325854466;0.0001739240867185148;0.001849454311635682;-0.0003010899926584243;0.00018712458083529058;-0.00011100943401971349;0.0003736285119843207;0.00038627556623012783;6.812218869841865e-05;-6.512593650788232e-05;0.0008766098980328253
Quelle;-0.9097711096472562;-0.7236861574139741;-0.9056547427256285;-0.5240427416430353;-0.6736831720738696;0.003301872165242782;-0.327403570284258;-0.1812666381651986;-0.33039738339543867;-0.9079031659731607;-0.4118415705562685;-0.8519316754089881;-0.30845808197778973;-0.5160806365605599;-0.42562342371792394;-0.7608686625240967;0.12410797777309382;-0.7838219107471291;-0.9033893733254926;-0.9049855846743659;0.017679896811880733;-0.726629104532134;-0.7043475790128289;-0.9864831883368489;-0.005433484596483972;0.006210326503578621;-0.9718446494413315;-0.6759471583474767;-0.9987398279343142;-0.9719855725162015;-0.9693883107636033;0.017732447375967318;-0.9962154530291811;0.006663357255007741;-0.6391179496536823;-0.9705708279832311;-0.9965352251109671;-0.8200652584494376;-0.9727120608226107;-0.9448070112134778;-0.009122564604204951;-0.21985950640614402;-0.9630126578900083;-0.9727383630094348;-0.9991460348599855;0.0036136237925492054;-0.9974556787833382;-0.7768016092394784;-0.4025435876241415;-0.9458657355336159;-0.08150526788257655;-0.5841818397315262;-0.7283888061352817;-0.8989368541440897;-0.9842111386952559;0.024130550812989007;-0.5559278462571021;0.0950773946238493;0.1470106770995328;-0.9976043199637356;-0.6726422110066486;-0.4196594828522107;0.1539045376153732;-0.942091195914946;-0.9103887976941895;-0.8751721884964386;-0.048874011354974226;-0.995509985580382;-0.9671355358021877;-0.24692141459642358;-0.24048262047119684;-0.629118844239956;-0.5758803736094226;0.014525981341760056;-0.013322061150429637;0.49999999999999994;-0.7162528713771531;-0.646623070519861;-0.6197492737648881;-0.919471571465544;-0.16937612859033052;-0.9896979501495692;-0.9311535155371912;-0.0939868610671284;-0.8771471277347955;-0.998163249814748;-0.9826513521956878;0.12737963006750025;-0.21922452816155027;-0.9178777332617549;-0.5720939622004492;-0.8798656877387808;-0.5161820984098002;-0.6410208361806122;-0.9044833056483392;0.1415797940899317;-0.6141936802289721;0.005993594620044192;-0.5858105923732623;-0.9763367863096242;-0.6808880314939381;-0.934310676957632;-0.15220529950555062;-0.6190654289972661;-0.608017528400967;-0.6234485355486327;-0.6103631525270128;-0.3131434538931944;-0.03737252932420123;-0.7504595454274183
Rastplatzareal;-0.799775775147538;-0.5092166199202723;0.160315270448513;-0.303707527092172;-0.4499039775471615;0.011822698978145448;-0.1616636094941342;-0.08063583098395435;-0.16351031224201887;-0.7961409359271776;-0.21715770238766266;0.16410069375495828;-0.1501675376331571;-0.29700410541973754;-0.22693840497214013;-0.5576174133746117;0.015991049607363462;-0.5895558176475282;-0.787432001650708;-0.7904997763968169;0.03650575560485309;-0.5129063530219135;-0.48553843861973883;-0.966568779055487;-0.03637496769237523;0.004688496304983056;-0.9318530500714005;-0.4524586721680603;-0.9968250905702298;-0.9321801704770528;-0.9261727932598952;-0.1656448708473848;-0.9905015945221027;0.0024132116651293576;-0.4123129378491957;-0.9289022700480496;0.020721059860103513;-0.6435578241693012;-0.9338686860986575;-0.871489693081807;0.003463244262788282;-0.10043187808763752;-0.9116170545565043;-0.9339298854050577;-0.0010451193174861196;0.004508359856786483;-0.9936022714629618;-0.5796103724811107;-0.2106806061750285;-0.8737669028327527;-0.033960116058364805;-0.357556479277961;-0.5151237709162289;-0.7789430259499146;0.1233378816773369;-0.0017774563617221468;-0.33152442486233363;-0.9901826583927301;-0.9541207037267395;-0.9939746717537301;-0.4487332988877481;-0.22267915402998584;-0.9478658563002907;-0.8656791291928947;-0.8009817435090048;-0.7352715973860742;0.07858017642987486;-0.9887430571128661;-0.9209988851018112;-0.11495993014455269;-0.1114529363773759;-0.4019104177226645;-0.34976657138136963;-0.04611806598782769;0.035957735733068694;-0.2837471286228469;0.5;-0.4202562480427631;-0.39234501488480167;-0.8189484033121767;-0.0747437559476554;-0.9743969449182049;-0.8427184183429587;-0.9987063216838467;-0.7387993406782072;-0.9953765006555475;-0.9573356336962053;-0.966118845189513;-0.10009756417735126;-0.8157636420773636;-0.34625311114494073;-0.7436847433737929;-0.29708893866977865;-0.41431580940345947;-0.7895330361808263;0.1900906793443482;-0.3867545545523209;-0.1217555681985033;-0.35909904495531964;-0.9423472608625919;-0.45807517301185213;-0.8492745807049407;-0.06639956315579668;-0.39165364547085507;-0.38060921120271096;-0.39610085633887115;-0.3829345851360694;-0.15298041879432872;-0.015147141737982085;-0.5436671868187237
Rodelbahn;-0.8463967320404626;-0.5886996064403484;-0.8398979380813006;-0.37566645847404156;-0.5301291750155722;-0.004361264056400083;-0.21012365958412427;-0.10793424498531698;-0.21238368743606256;-0.8434425680446288;-0.2767609073199392;-0.7587070981947704;-0.19598716205592434;-0.36821467635084676;-0.28823769757075174;-0.6348822302557422;0.06035397299547267;-0.6645976616689268;-0.8363389769776384;-0.8388453806166829;0.007988025957925112;0.22097183118435149;-0.5655847248230027;0.2439542945650622;-0.048649273353750834;0.006587504228426739;-0.9496564742954465;-0.5326982769969744;-0.9976964962213665;-0.9499027287614522;0.34250295492687693;0.02562047645470919;0.0006243312267810882;0.003442409789290638;-0.4918281225465799;0.18536322282290815;0.07385997670137162;-0.7135240212108177;-0.9511731162671927;-0.9034287777364287;-0.025868816115498603;-0.1334591796784962;-0.9343346043604657;-0.9512191381797255;-0.02805793670154192;0.006419833191515026;-0.9953541097216598;-0.6554077438322311;-0.2691171862245636;-0.9052015890704992;-0.046251911621187344;-0.43431580939973574;-0.594412069143709;-0.8293799184133549;-0.9714825594414648;-0.03684598050850758;-0.4062289686789506;-0.992864136843834;0.23493450923861253;0.08696641552857153;-0.5289504720192713;-0.28324949938196853;-0.9616580549145742;-0.8988947939154027;-0.8473754848612914;-0.7930250610496823;0.009184526219114829;-0.991814493303547;-0.941459825815476;-0.15195777690359222;-0.147510233732747;-0.48106162337970326;-0.42596238849757617;-0.9952878931601984;-0.00817050122369471;-0.35337692948013893;-0.5797437519572369;0.5;-0.4710962331751945;-0.8618761202333386;-0.10026500996661304;-0.9813086949271255;-0.8808303281181811;-0.9990618787147736;-0.7959967200872824;-0.9966441569277399;0.4325103341882511;0.3464948972972272;-0.13303118402012468;-0.8593167552570161;-0.42218048391271035;-0.8001017810771458;-0.3683091931328038;-0.4938926404111908;-0.8380560284578431;0.04821195272183871;-0.46524279035647115;-0.03913987150742083;-0.4359648066599266;-0.9575340071346191;-0.5383315314667539;0.3679804005610952;-0.08934681671063989;-0.47037351256124327;-0.4587833216798532;-0.47501662863547534;-0.4612306531768314;-0.19945688044714643;-0.020776063244258118;-0.6217155937634425
Sakrales Gebaeude;-0.8608489732698412;-0.6164095916262445;-0.8548567832797407;-0.40317843163866285;-0.5588280211001438;0.01387485368464674;-0.22997788566394453;-0.11959473225910733;-0.23238863251062553;-0.8581261704510175;-0.3005160322915852;-0.7792581318229118;-0.21486901242368667;-0.39552664863706455;-0.31255219615058893;-0.6612710686046982;0.05787407775607907;-0.6898878681112629;-0.8515715827552093;-0.8538854610325227;0.08252546939608492;-0.6198949937772743;-0.5937774166611344;0.17836210928177723;-0.20848281182281547;0.004909807446947252;-0.9549107662133622;-0.5613700396954912;-0.997947745319141;-0.9551325336857307;-0.9510514851143206;-0.09550355682001584;-0.9938464477895407;0.001288881939507506;-0.520751495221415;0.14023004068932415;0.2106664365019012;-0.7365872545182871;-0.9562764060354177;0.1766040703181676;-0.0003057054352299018;-0.14742150124383893;0.30440821267047813;0.19015231995433754;-0.091647910829265;0.0039400765234041185;-0.9958597887304981;-0.6810583489791898;-0.29248155272548276;-0.9146787317495234;-0.05163436534240961;0.19750251468286567;-0.621984321266265;-0.8451403003270619;0.10399126557079716;0.06210150571906461;-0.4344217794495057;0.06094718963229688;-0.9698875638319205;-0.9961012986061865;-0.5576612402856561;-0.30732490071933977;0.12234706644976638;-0.9089390098840006;-0.8617506787830916;0.4085331654742546;0.16935120556745858;0.15820587155276267;-0.9475223186653061;-0.16748135072368378;-0.16266660970767308;-0.5099872579218175;-0.4544764802098279;0.16168015634806068;0.16584905619501275;-0.38025072623511186;-0.6076549851151984;-0.5289037668248056;0.5;-0.8750868777403652;-0.11120024536427316;0.07542773250227658;-0.8924544345033535;-0.12467645018722245;-0.8141497543234867;-0.9970098433795427;-0.9720300406149357;-0.9778581160961435;-0.14695632285136465;-0.8727361560953723;-0.450640154850741;-0.8179730630521993;-0.3956237860177734;-0.5228125152166351;-0.8531568809111799;-0.9874627179639015;-0.49412294046949073;0.007965908792234364;-0.4646065403710939;-0.9619990301026197;-0.5669386461201635;-0.8971903156147776;-0.09922259601685778;-0.4992747953655752;-0.4876281332310043;-0.5039317521461301;-0.49009000020499244;-0.2185821325497158;-0.023266149017904206;-0.6485292339536726
Schmalspur;-0.4689536217993212;-0.1865829001254081;0.08541045665724141;0.02159626943470872;-0.1531251067554159;-0.0007124258207461198;-0.04088919450384386;-0.01902154461392529;-0.04142444741345094;-0.4633429656357544;-0.05778270208693545;-0.3350668725205753;-0.03759636159331977;-0.08542316880091272;-0.060944033593745395;-0.2179349960630614;0.026733482269157734;-0.2410174278411643;-0.4502343338982639;-0.45479912670047634;0.02033877298726998;-0.18883434496292492;-0.17263000119398147;0.08309465058133932;-0.056376662222361276;0.005532107554249116;-0.7514330146541659;-0.1544678061978789;0.006478165949116486;-0.7523960701561255;0.07483537395991971;0.020432597720071895;-0.030425312432367617;0.007818884534075823;-0.13427806463289918;0.2173858023934148;0.07359522172302377;-0.2852841862419184;0.07037120852353126;-0.5998777839812625;-0.035389962949649204;-0.02408763526285865;0.0582700837818737;-0.7575778761263082;-0.03505583194131437;0.007309804611438848;-0.9716991653559828;-0.23360520788732864;-0.055720882938476685;-0.6047853187970033;-0.007711835175871223;-0.10956183187183212;-0.1901977927716892;-0.43789202632221325;-0.845187904520054;0.05359563125835349;-0.09880821005527479;0.0005796726019168377;0.05367787225296888;0.023198363588852477;-0.1525125648835345;0.016277677363281298;-0.8007763896260577;0.1235418676661468;-0.4708337902035565;-0.38043471800148626;0.05232728649295573;0.21993153172710325;0.05423757907416325;-0.027914749181687706;-0.026982219694947483;-0.12934637371264746;-0.10628104034984563;0.1795164024755804;0.09854915525689092;-0.08052842853445595;-0.18105159668782336;-0.1381238797666614;-0.12491312225963479;0.5;0.011572825994261066;0.10530417581037331;-0.542238128609569;-0.16542347203033198;-0.38473421670655805;-0.9794218008948619;-0.015276243633422462;-0.8630892527033382;-0.0240006729422512;0.0445185183579658;-0.10481915374738272;-0.3907811276417125;-0.08545491443992251;-0.13524114543402088;-0.4533545204781304;0.48197912409578747;-0.1223659011072503;0.039101546434037765;-0.11021805414567601;-0.7832482596431173;-0.15744894412598692;0.04097470382648117;-0.015480125674942192;-0.12459637890183943;0.03375370953067145;-0.12664244019671633;-0.120643562235775;-0.038395871798506453;-0.0033886832245278793;-0.20847800017730903
Schmalspur mit Normalspur;-0.9801771612695559;-0.9277664693056408;-0.9791993776126708;-0.8437370077188779;-0.9101073493437464;0.014152097757700577;-0.7047671910004834;-0.520554868141055;-0.7075815184635936;-0.9797343151977352;-0.7744650861979147;-0.9657721311501192;-0.6862654811793648;-0.8394848303144637;-0.7842021855728515;-0.9397721760885452;-0.999928789075189;-0.9467549020011856;-0.978658310176017;-0.9790397736615227;0.05965667335564768;-0.9287498113498596;-0.921154872310215;0.23313550995478724;-0.9999701080993745;0.005396973995312013;-0.9941270839785469;-0.9109478523576452;-0.9997427747800715;-0.9941571495999215;-0.9936019190184286;-0.9999119372668145;-0.9992259444636628;0.005790672945377516;-0.8967471462460981;0.28529184874701713;0.23246555860343304;-0.9571742090541348;-0.9943120348419874;-0.9882281205344527;-0.9999836623660964;-0.5801940236149982;-0.9922289302312711;-0.9943176389583854;-0.99982574578861;0.005259604997555716;-0.9994801233786793;-0.9446521622360127;-0.7676657354565534;-0.9884641010750577;-0.30321953711722216;-0.873251574860461;-0.9293349810017633;-0.9775886725327596;-0.9967394416868282;-0.9999863961977616;-0.8599297564711668;-0.9991997166480725;-0.9961306090955051;-0.999510553000611;-0.9097195182741228;0.4237462016713354;-0.9955765318052476;0.3303111212005167;-0.9803232887322646;-0.9717372451730333;0.21376687996655952;0.4236614945637998;-0.9931184218396576;-0.6165560448570951;-0.6082637567859783;-0.8926877186938872;-0.8694312798402437;0.378071536276345;0.33536362577103973;-0.8306238714096695;-0.9252562440523445;-0.899734990033387;-0.8887997546357269;0.6480085130784379;0.5;0.21490062702093862;-0.9851471639710085;-0.9998953700662019;-0.9722328719119276;-0.9996249118181126;-0.9964128191337811;-0.9971750423315144;-0.5792911179710583;-0.9820827250004398;-0.8676633604006325;-0.9729122974754946;-0.83953956770454;-0.8975094297951053;-0.9789198518744596;-0.9984140292167925;-0.886454891738958;-0.9999806777613189;-0.8739922787550539;-0.995082087751882;-0.912768043488134;-0.9858658693992561;-0.468204704841025;-0.8885127292404368;-0.8838127190286941;-0.8903446829033639;-0.8848206186642932;-0.6909557176812885;-0.15993989504531517;-0.9365006125973732
Schul- und Hochschulareal;-0.004410438413227949;-0.026539154779489045;0.0029819227634618954;-0.011331062154658848;-0.021037933059624644;0.004393743797529697;-0.005041442535814508;-0.0022993053176328295;-0.00510993677522838;0.002951216785320646;0.0016138160119761958;-0.05650700139634535;-0.004621541504542555;-0.010979206739873928;-0.007654427482697441;-0.032058506655392074;0.019299268949573154;-0.03636949264070016;-0.08870163885091355;0.0003613043587178482;0.11077675350547743;0.0056965134826651815;-0.024198478151283145;0.03812263709960913;-0.19074048187570194;0.010000948523046754;-0.2643270785934574;-0.02125147168709124;-0.8918895714565879;-0.034439612003334404;-0.004102135229794198;-0.2318025729668405;-0.7326247356258803;0.00020992884637398228;-0.018101039246959865;0.0655873031414723;0.24545638928402747;0.0002703252951100624;-0.2706329531021291;-0.15123952906983182;-0.012883823199070731;-0.0029249688470087327;0.0494977149416356;-0.007094709002265179;0.06652190346993685;0.007838799422523454;-0.10848382153535982;0.0008779057851204661;-0.006964539718109059;-0.1538883982370334;-0.0009228455318880944;0.004102213544820963;-0.02715685039885207;0.0008589713206021585;-0.06660134940671442;-0.033332187887262325;-0.012863614711917545;-0.12590210680266117;-0.03156539082838161;-0.8125450316529299;0.0023290658421521097;0.0009707619566644158;0.045767341758160184;0.04434001318401412;0.014463002807732748;-0.0014816348979249082;0.401121851602425;0.30235348448191174;-0.2344934317709854;-0.0034014156097047147;-0.0032850194228678698;-0.01735071770452834;0.00242363068140413;0.35419797637001205;0.30734218123789564;-0.010302049850430726;-0.02560305508179497;-0.01869130507287449;0.0012796700417939224;0.012515714610830998;0.000456148711845457;0.5;0.01490546252059764;-0.1165667481518634;-0.06917900001580393;-0.1372612958858581;-0.05981938902967392;-0.05899321386539934;-0.002914180839989495;0.04016966019526456;0.0019621463646629974;0.0016068971362585228;-0.010983619168801766;-0.018248429155554673;-0.08972526253836088;0.02297922198031353;0.0012666968187926713;-0.1408841346179387;0.00126119392121339;-0.021731374502309487;0.003075857754232457;0.003435038139216552;-0.0018653022147579108;-0.016634965416784716;-0.015889646297077693;-0.016942449033725663;-0.016044446672850765;-0.004723262964671451;-0.0004039612830841822;0.0010434974859170915
Schwimmbadareal;-0.4270978912617531;-0.16223054476642215;0.07278136086995517;-0.07527837748491016;-0.132428639399232;-0.006846564040397209;-0.03474029573741237;-0.016105871983452022;-0.035198011463453735;0.1413455141799294;-0.04922374626939789;-0.2984452419128251;-0.031926154564086554;-0.07308760572481286;-0.05194262602108018;-0.1904487169913447;0.09730013908946034;-0.21140690835287942;-0.40876332638090396;-0.413223691507626;0.05442707102338621;0.03816389146003576;-0.149763450681042;0.15769607307387792;-0.12434879834181245;-0.0004391275479488089;-0.7184757900484829;-0.13361849250061847;-0.9832209213792522;0.03743666909149486;0.006038815451887106;-0.19140175992707198;-0.951130247724145;-0.0047910569169732;-0.11578070797583585;0.03842919531948625;0.1571091233139198;0.08443876266061581;-0.7249397332012169;-0.5586289963949117;-0.038394866127480824;-0.020411576698012236;0.08301626789118145;0.0360428460079659;0.022309420375042157;0.004913045066884469;0.16358930024839988;-0.20465977288209083;-0.04745194955294963;-0.5636744665850559;-0.006518225709782041;-0.09409915932349298;-0.16546960775113453;-0.3967374623256924;0.05081193494504646;-0.035467277790165085;-0.08471882055130409;-0.12531223443927283;-0.02014201306158703;-0.15905955539105152;-0.1318859956706846;-0.05075212862608009;0.024246166066688616;0.1439054480554073;-0.42894579571489;0.06741844000358323;0.2464108140815482;0.23831409666237852;-0.6851198496273047;-0.02366879295642321;-0.022874767537226497;-0.11144092640476518;-0.0912339509292329;0.24835508607962833;0.22424528230436797;-0.06884648446280882;-0.15728158165704123;-0.11916967188181889;-0.10754556549664647;-0.45776187139043106;-0.014852836028991487;0.10587293723595124;0.5;0.15916632407521467;-0.34550479627719904;0.14867333857921214;-0.8072430636701969;-0.03901860357380097;-0.02033760928582396;-0.45247143624687053;0.025151284497311334;0.09584460736529973;-0.07311513360705499;-0.11662899334508307;-0.4118113948936952;0.0356027696873556;-0.10530988237636002;-0.12770550843836817;-0.09467261452191958;-0.753123483326872;-0.13626209655981025;0.058468459607086555;-0.013100042008842383;-0.10726746293778797;-0.10288627311773166;-0.10906441069841226;-0.10379921904055145;-0.03260916989642481;-0.0028622652188006544;0.04062233794818974
See;-0.00021237791473395287;-0.0013422021182558587;-0.0006014405187068153;-5.558996864583335e-05;0.0003133160323427908;-0.18577338249420797;-0.0002497318773190061;-0.00011360034578001161;3.962058316246999e-07;0.0002400309279584028;1.447616692640522e-06;-0.0029438509609362997;1.7320246388731e-06;-2.8579430726809854e-06;-0.0003801169933917536;-0.0016301151217384023;-0.18622779772539833;-0.0018571715223206875;-0.004775564424912109;-0.001187531569656071;-0.2008468586495379;-4.4505157112498685e-05;-1.7524359415814138e-05;-0.006526817658207612;-0.2858388164999419;-0.18500796595736105;-0.017404607413604865;-0.0010692663182628656;-0.14269490736248838;-0.0035524670561513164;-0.003879472959027228;-0.2382633062684962;-0.049011274411988826;-0.18731293572892263;-8.077817786313262e-05;-0.001339954480198539;-0.015545007460803579;0.0005116211708632173;-0.01796365570228038;-0.008707920002787422;-0.2980547640572699;-0.00014459831239865316;-0.0014312597622065228;-0.0053973212686070846;-0.11318616124183478;-0.10621318392658388;0.10716122218458422;-0.0001981909421149089;-0.0003456289840502999;-0.008886570954034173;-4.553473701682942e-05;-3.2785805677449546e-05;-0.0013742696313418863;-0.0003979255821404263;-0.004476032378932303;-0.2464062088045652;-0.0006420067247322989;-0.032009084888097915;-0.004492080593639555;-0.06357568757424782;-0.0010533127690456408;-0.00037094252153732014;-0.00260633205471169;0.0002980955867932026;-0.00035236554847796974;-0.00046520670267676456;-0.1132626004532559;-0.008555789050725722;-0.003942787135918312;-0.0001682282746120134;5.205980336014226e-06;-0.0008697083739980735;-0.0006962977683394984;-0.01586529279238851;-0.02645731528849024;-4.82303867820243e-05;-0.0012936783161534018;-0.0009381212852263616;-0.00010427591324994317;-0.0009692589348199475;-0.00010462993379815809;-0.0057465515134362405;0.0011046998737563652;0.5;0.0004255961155575693;0.1472901196423053;-0.00756546671421322;-0.011761766561116905;-0.00014406351647331135;-0.000572192134584674;-0.0006856061301393467;0.00019313246176407847;3.235346272267459e-05;9.129079126653663e-05;-0.0011789633252822526;-0.007129083995242833;-0.00010106906465026422;-0.309682395657538;-0.0007252650312209731;-0.02073386481643921;2.9389903989152275e-05;-0.00170556447795246;1.1687986633517184e-05;-0.0008332546281129837;-0.0007953485598273493;-0.00010827197014559023;-1.2935205020802265e-05;-0.00023389950456187788;-1.99222867745679e-05;-8.204085811398047e-05
Seeinsel;-0.5854424575148327;-0.2683781520544135;-0.5734668126579129;-0.13360629291869155;-0.22429744222031806;-0.10437266522180894;-0.0638260921768124;-0.030076395727642417;-0.06464136046552116;-0.5799601723634084;0.027328151485659157;-0.44624486922870604;-0.0587993762399641;0.044246281938019945;-0.09402785214631937;-0.30826578837586593;-0.9975126591259468;-0.33679538621852845;-0.5670383190607223;-0.5715561732939902;-0.15508583850051263;-0.27128741746868285;-0.25018988624310745;0.08833430992670918;-0.10457760039380803;-0.11105931782244524;-0.8286047961734402;-0.2260976090934454;-0.9910716814445385;-0.8293367622178062;-0.816017636564401;-0.9969257967418368;-0.9735926368806105;-0.10226038457883281;-0.1987461526364789;0.04001841939525927;-0.0942283987282512;0.1070796193896357;-0.8331274147967752;-0.7056723623874988;-0.3177003061364853;-0.03797280221103564;0.15130752479007697;0.03545992890830671;-0.15064522061346236;-0.10057432596733183;0.12237262137556902;0.06536153395382628;-0.08622964888476611;-0.7099098037567579;-0.01227601689409667;-0.16441710896570386;-0.2730458077419724;-0.5547248951275435;-0.8972327399835789;-0.07564825103431783;-0.14918141562787948;0.004037412796241232;-0.8802751988534291;-0.9831432278831249;-0.22347532131364647;-0.09196635198500021;-0.8653733304364152;0.06767115195586564;-0.5872731764010619;0.07556187382217014;-0.10652563164868152;-0.9688021726612724;-0.8047513426445648;-0.043906777810913684;0.015303784082483588;-0.19197175575878586;-0.1597884623371147;-0.1147442620088347;-0.14395477033316514;-0.12285287226520455;-0.26120065932179276;-0.20400327991271766;-0.18585024567651331;-0.6152657832934418;-0.027767128088072413;-0.930820999984196;-0.654495203722801;0.11616008608586723;0.5;0.05089190231425;-0.8880576396230401;-0.9097585571607264;-0.0378376545793339;-0.6102035088399854;-0.15772047073361747;-0.5063675608970237;-0.13000254555210042;-0.2000647621148953;-0.5701285236320428;0.19151425386648427;-0.18231929223792492;-0.9993238992073045;-0.16534087979407172;-0.8524815929643387;0.06718976620874548;-0.6657856793320648;-0.024528254304899882;-0.1854117226435224;-0.1784769294858236;-0.18824171364623946;-0.1799260929594089;-0.060021661119478376;-0.005408190584578113;-0.2963744659437325
Seeteil;-0.0004940556683216096;-0.004796319583038139;-0.0027702934826727486;-0.002021940008458493;0.0010024038822691909;-0.07156544815037318;-0.0008949288998228705;-0.00040723679643254595;8.194017522289037e-05;0.0005423708724949546;-0.0012868417536092871;-0.010476524232395854;3.845975619816656e-05;0.00021032218456346326;-0.00136171282931664;-0.005820849516736507;-0.27764097308569063;-0.0066277522314595215;-0.01691567628770587;-0.002730103536234771;-0.27754459612395954;-0.004867321327353988;-0.004364699902302363;-0.024873930930173326;-0.35744703944227735;-0.06649885077255929;-0.05972282196811895;-0.0038236809053076694;-0.5932282480997466;-0.007417390126306658;-0.05506323771741867;-0.4267464007823304;-0.32631891305247;-0.219696982401228;-0.00014840677830676253;-0.006357750903745568;-0.05470936841943867;0.0018462304982703882;-0.061556006605980755;-0.030537857609632266;-0.4106560914121227;-0.0005183173939892565;-0.004612627458905044;-0.061613300442966056;-0.15883496133502825;-0.0005675859857173915;0.25694606727332353;-0.0005796350478027663;-0.0012382749668267393;-0.03115029615784062;-0.00016326256515256023;-7.909848865909072e-05;-0.004910506109709611;-0.016104011764170145;-0.029303896149238482;-0.38264988548700535;-0.002298339064993376;-0.08135723521764968;-0.020912991580380694;-0.4338329953104325;-0.003766786209773283;-0.0013288781381120423;-0.008218961327340539;0.0009789363679709956;-0.002998088422283315;-0.0012245560036086445;-0.15156656695482165;-0.05068405881538915;-0.05136961740278421;-0.0006029829377181651;-0.0005822929549077751;-0.003111665869963085;-0.0024923478747218473;-0.06761199477236118;-0.06933322527204326;-0.0018367501852519074;-0.004623499344452499;-0.0033558430722601786;-0.0029901566204572506;-0.020578199105138213;-0.00037508818188745853;-0.024264739585370114;0.003700165324498199;0.5281636787429159;0.0006686276499550904;0.5;-0.09438952078345109;-0.116959710609547;-0.0005164011143237994;-0.002603985350201944;-0.0024541456516910336;0.00020866333580400187;-0.0019593758039464677;-0.0032751162645728777;-0.0027080613843673807;-0.029093787425325042;-0.0029208828769669505;-0.5618331895207677;-0.0025958400190006577;-0.0705656222629972;0.00014876590817508237;-0.02550496160427475;3.555703513266362e-05;-0.0029815211051545873;-0.0028461653859998158;-0.0030374115909775783;-0.00010807242844729658;-0.0008382269542877592;-7.143511225920464e-05;-4.6192745876225666e-05
Sesselbahn;-0.1511132228869915;-0.044195968512448516;-0.14491634500044556;0.003685963491474444;-0.035166939897729795;0.009397443341546702;-0.008520766224995546;-0.003893563960600244;-0.00863612107907106;-0.1482437327254881;-0.01221141617724468;-0.09221311290565862;-0.007813348540604916;-0.018480331006083813;-0.012913682562712952;-0.053186779276273945;-0.012555454034523244;-0.06016234309706138;-0.14169594363653135;-0.14395164515120865;-0.040810023120186285;0.003570197402877527;-0.040362581478433295;0.11707143386031198;0.10319023117058355;0.006730982890386454;0.03617086856205469;-0.03551868710068952;-0.12256926522452091;-0.00023804482840353368;0.09208977029975213;-0.022081138977141628;0.06541209608994149;0.0030242612864732933;-0.03031872385835048;-0.016702019850169357;-0.0357355102038699;-0.07447138236417294;-0.0008535286640183155;0.01206018770532958;0.01891976692070816;-0.004950888192364515;-0.02303234118254809;-0.3864865452068553;-0.9538243107857002;-0.0006815614967121676;-0.8737581379934668;-0.05788790234211498;-0.01175539730066774;-0.23575297592531944;-0.0015642109567895472;-0.02420305718799057;-0.04520554018161444;-0.00024391788869462507;0.02135969487894712;0.03593046552815967;-0.021624039934732685;0.05899873774923201;0.10034275896642937;-0.10999820819347092;-0.03500675743730574;-0.012605813827358314;-0.4475939093380109;-0.22313195932456262;-0.15208402349149375;0.016813925057168288;-0.11515574693884148;-0.09787105228209285;0.019030469107786593;-0.0057554311088411254;-0.005558930012011766;-0.029076954064190016;-0.023411102402712474;-0.1433431240305942;-0.09142510126375744;-0.01734864780431228;-0.042664366303794714;0.013972549788826935;-0.027969959385064302;-0.0030794406079667574;-0.0035871808662188425;-0.10145820420415542;-0.19275693632980312;-0.26028449603787596;-0.11194236037695991;-0.9056104792165488;0.5;0.16870797571929072;-0.004932665060225328;-0.1648074032625543;-0.02305967387809454;-0.11449966580567238;0.002602345973798655;-0.030562501216835652;-0.14323500283984136;-0.01662242766329737;0.0031001183354567884;-0.015442776442824751;0.005127246870759112;-0.4214426684124523;-0.036302740049740205;0.13987596817061154;-0.003159591127084114;-0.027891200814782472;-0.026655223572899376;-0.02840073757847139;-0.026912036410609057;-0.007984759038745494;-0.0006849562613169235;0.0035996405810772452
Skilift;-0.12286935038287516;-0.03510901319622164;-0.11767015188658377;0.0026681014845044743;-0.027882252186732685;0.006547226191529509;-0.006717295857783249;-0.0030664392092702294;-0.006808402836820339;-0.0029411894731634493;-0.009634388564928783;-0.0740180871720786;-0.0061586772355471655;-0.014599901175043943;-0.010189981506369005;-0.04233313354979815;-0.011485475543092163;-0.04795731880384759;-0.11497381658073134;-0.11686204016139749;-0.03223734854240316;0.004078552490436996;-0.03203737505350581;0.10523725060464718;0.06481506559947303;0.007202337303482378;0.03246524813628626;-0.02816326325045343;0.015195615027181263;0.02879276379796909;0.09170884535623196;-0.014228201659066178;0.018060607709579433;0.006042272389417384;-0.0240133289535531;-0.004614332572430787;-0.007630928359823968;-0.05954743187593504;-0.006538244885158262;0.01723860002621062;0.015259624754165714;-0.003900031407978603;-0.023682732792001483;-0.33142588356691427;-0.11688100233260955;0.003869126962411507;-0.8448761326043939;0.0020755101993416543;-0.009273701817389979;-0.19532958858288604;-0.0012313079396017417;-0.019144428792022893;-0.03591881145906062;-0.001972820212487796;0.015860826355208895;-0.006279610349635535;-0.017095002971788217;0.04545167880874397;0.0574618146367267;0.0367849953082388;-0.027754296382018203;-0.009946392871460756;-0.014986160101419033;-0.18435062250356787;-0.12368514059376948;0.018835720065329773;-0.07115848380098562;-0.13043147651960155;0.013999087629743053;-0.004534583311081341;-0.004379580616806601;-0.023023678626452153;-0.018514858074381253;-0.19877579787304367;-0.05213186205704639;0.001769671812859023;-0.033881154810487056;0.008808512931983002;-0.022141883903856477;-0.13691074729666172;-0.0028249576684855615;-0.07873608753632036;-0.00733168827256915;-0.31842833541468574;-0.09024144283927364;-0.883040289390453;0.132758455237404;0.5;0.0008288089436771482;-0.13440927825906385;-0.018235555592539133;-0.0005105086045405996;-0.014605747234345667;-0.02420767352020223;-0.11626194362615047;0.0031217836300743793;0.002105939780091809;-0.035395064854019526;-0.019270814977168073;-0.36435957504154304;-0.02878979643043102;0.056625184885698454;0.0006071076006753956;-0.02207916342249039;-0.021095153105500235;-0.022484977575884895;-0.021299569046671376;-0.0062940175630739476;-0.000539079489169888;-0.040105379667394636
Skisprungschanze;-0.9729075651349934;-0.9031750480159494;-0.9715815969144287;-0.7968037845691678;-0.8802797863250919;0.002062670216413255;-0.6341910974832032;-0.44087831974305575;-0.637331993216871;-0.9723069033026356;-0.7137839870347438;-0.9534705762086795;-0.6136908542683305;-0.7915899377670534;-0.7252113572168181;-0.9189107797479056;-0.99990194942217;-0.9281271703368515;-0.9708482744112743;-0.9713652507469144;0.09136449771872224;-0.9044586874534954;-0.8945683670628497;0.21179627990318292;-0.09269832071817759;0.005543021396826861;-0.9919312060168204;-0.8813628245468816;-0.9996458505029229;-0.9919724223714991;-0.9912114182648527;-0.02029693301635594;-0.998934482435882;0.005947374164717527;-0.8631530673435044;-0.9915582589027554;-0.9990247373474875;-0.941968225996737;-0.9921847662006782;-0.9838624290766181;-0.043526704781485126;-0.500926470129241;-0.9893309510571091;-0.9921924497691986;-0.999760078069832;0.005401935078834673;-0.9992843010510964;-0.9253467961790961;-0.7058500656443483;-0.9841845242222194;-0.2401463460430628;-0.8334329642884701;-0.9052229987422991;-0.9693994400218391;-0.9955159161574192;0.02624437233075297;-0.8168040123145281;0.12866086747394218;-0.9946798383900701;-0.9993261848949193;-0.8797802666504069;-0.7203140177094635;-0.9939192861742464;-0.9830338575350833;-0.9731058112931519;-0.9614940849982262;0.04363357970534842;-0.9987352186225883;-0.9905489914109286;-0.538695396495419;-0.5300028595208369;-0.8579820447170755;-0.8286480053442375;-0.9992740595421792;0.12382732902974494;-0.7807754718384498;-0.8999024358226487;-0.8669688159798754;-0.8530436771486354;-0.9759993270577488;-0.42070888202894174;-0.9970858191600105;-0.979662390714176;-0.9998559364835267;-0.962162345420666;-0.9994835988856762;-0.9950673349397747;0.21247052747887338;0.5;-0.975494481650532;-0.8264381107168002;-0.9630788260067226;-0.7916569543914775;-0.8641257865605679;-0.9712027114942697;-0.9978175172475372;-0.8500720175132453;-0.030911972097645943;-0.8343622262317161;-0.9932408570534714;-0.8837105266876726;-0.9806412804563442;-0.39002263578280705;-0.8526796572682893;-0.8467296056153669;-0.8550043313117967;-0.8480038700874463;-0.6188634921513104;-0.12147462516777756;-0.9146089946804394
Spitalareal;-0.4742698419693634;-0.18984240414744336;-0.4620337594424921;-0.08967498761749192;-0.15591215332568562;-0.0013621912660143152;-0.04173409344552599;-0.019423740226454548;-0.04227991880658078;-0.46865171268970485;-0.05895521683001746;-0.3398365950145448;-0.038375942710982755;-0.0871047073163441;-0.06217646426006494;-0.2215929975945642;-0.0423769928374547;-0.2449415201100496;-0.4555203735670922;-0.4600939079696672;0.028603799310435354;-0.1921238906709002;-0.17569840552681684;-0.8671921308448858;-0.16628907661820846;0.006634487421170521;-0.7553963729802157;-0.15727475284314693;-0.9860934481712997;-0.7563490518052188;-0.7391255090648041;-0.2072583632775312;-0.11540566756540235;-0.004217579130900413;-0.13677747755037245;0.15941959469179853;0.2764579262693311;-0.28965394883996454;-0.7612942446066177;-0.6049873493181385;-0.01489504902944382;-0.024594263796152996;0.22887814150783897;-0.7614743568555374;0.0927546088867437;0.005303318672325015;-0.030530176675272195;-0.23744637396577462;-0.056854084206505846;-0.609872971456936;-0.007876816016111789;-0.11166052249131463;-0.19350542410554142;-0.443149964346979;-0.021355395912439016;-0.035290915630090576;-0.10072421270869225;-0.04692866519318495;-0.824461356459334;-0.973860859077657;-0.15529050688201781;-0.06076644665195246;0.10629107657694994;0.03876355233865749;-0.4761522136224051;-0.3854758638459309;0.30506137957579366;0.3399447869689551;-0.7247389676163781;-0.028499521657071595;-0.027548010671718536;-0.1317679616188877;-0.10832453163239966;0.37070859654391863;0.28279401545274657;-0.08212226673824506;-0.18423635792263632;-0.14068324474298383;-0.12726384390462775;0.04547847335976305;-0.017917274999560213;0.345265572334186;-0.5475285637531295;-0.09976182335121413;-0.38979649116001464;-0.1266094476504751;-0.8351925967374457;-0.8655907217409362;-0.0245055183494681;0.5;-0.10683789710439803;-0.39587177347439445;-0.08713701832362661;-0.13775563235171334;-0.45864663175695003;-0.02586507486429251;-0.1246755164866419;-0.14347713208064158;-0.11232772919648147;-0.786848226992998;-0.16029979294165222;-0.5599644087164666;-0.015808647480378465;-0.12694200447910164;-0.12186693207529078;-0.12902090743707526;-0.12292522233669617;-0.039191356090606255;-0.003461500634592713;-0.21202030095988544
Sportplatzareal;-0.8829268868755078;-0.6620450203335351;-0.8777504132329057;-0.4516132976922927;-0.60694569541432;0.011906294080464168;-0.26691106040943136;-0.14207166062446325;-0.2695734234165897;-0.8805761570449816;-0.3437206607895608;-0.8114459224927532;-0.2501640728374197;-0.44372571546525374;-0.35660505485151506;-0.7041311216569207;-0.021202349048064433;-0.7306021297047535;-0.8749075658126176;-0.8769102386988654;-0.027545176052992698;-0.6653408904736898;-0.6405352026352342;0.3135727846515863;-0.15721633865880358;0.004514901469795416;-0.9627111456251881;-0.6094042485939792;-0.9983159133893138;-0.9628960383375906;-0.9594911924041761;-0.999422900285138;-0.9949466501088899;-0.020026771329733198;-0.56982525496405;-0.9610406659596369;0.09595510559311846;-0.7731861273629271;-0.9638494754964915;-0.9275563911437178;-0.09046308550776497;-0.1740940977995256;-0.9511580744191914;-0.9638840029422148;-0.9988586097966738;-0.006546430840365601;-0.9966012539852834;-0.7224654871542758;-0.3350844252117658;-0.9289211263678788;-0.06224163686709488;-0.5123886238819572;-0.6673144793594423;-0.8693322617879691;-0.9790026091182386;0.016283778541186466;-0.48356887899132056;-0.9947761822736558;-0.9751643632558229;-0.9967996511555896;-0.6058164080022487;-0.35101719376117396;-0.9716933392447257;-0.9240599710499121;-0.8837048537101617;0.3072027736642639;0.24934459451214114;0.27942543629741123;-0.9565427204289053;-0.1969449414824717;-0.19147799602541565;-0.5592303081284818;-0.5038711195059364;0.3091779156318612;0.26468045773036863;-0.4279060377995508;-0.6537468888550593;-0.5778195160872897;-0.5493598451492591;-0.8951808462526174;-0.13233663959936748;0.14099102698124585;0.2544372767013208;-0.9993143938698607;-0.8422795292663825;-0.997545854348309;-0.9769403261219054;-0.9817644444074608;-0.17356188928319985;-0.8931621028956019;0.5;-0.8456338737580797;-0.44382599875153567;-0.5718487472228998;-0.876279833574963;-0.9896924389445764;-0.5435333000491089;-0.04009743864520575;-0.5140646703190488;-0.9686134544073859;-0.6147815016592518;-0.9140777643119898;-0.11838558132777414;-0.548641605212189;-0.5370785499209942;-0.5532502600393031;-0.5395271852022158;-0.2542895769736864;-0.028219130989812154;-0.6922512123396003
Standplatzareal;-0.5792473579042733;-0.2634063669879501;-0.5672250444481651;-0.13068522805792385;-0.219896825005172;0.0018997629461105436;-0.06232090775670273;-0.029342170708824854;-0.06311824616431062;0.5061786087753961;-0.08726337726027013;-0.4399595131410106;-0.057405465825616425;-0.12710362555823457;-0.09188033409412456;-0.3028609593498561;0.09832288507924887;-0.33112979533454967;-0.5607745295982638;-0.5653076390411363;0.06068636369758123;-0.2662813530416087;-0.24544200770711957;0.1298051014465294;-0.05907187049746271;0.005179870793262849;-0.8249570098298834;-0.22167176632409;-0.990843450708229;-0.8257012772921312;0.08207669907122966;-0.13378934389664848;-0.9729298010839919;-0.0023727804282279623;-0.19472100021392055;-0.8182802282557653;0.11039504534795892;0.06858702949262753;-0.8295560833518628;-0.7003543628631222;-0.03058154367108481;-0.03705317422359927;0.0482011014688296;-0.8296962115986246;-0.01358814181080311;-5.541505096918127e-05;0.09541070138404194;-0.32212244990870753;-0.08424367390854068;-0.7046363215052608;-0.011970971544461424;-0.16094755744973854;-0.2680192299108932;-0.5484248314922614;0.1124195764588469;-0.012359807051210973;-0.14597720235662445;-0.017165517970682567;0.014262030197768257;-0.9827158600882034;-0.2190862781562641;-0.08986124683715177;0.02263941581949288;0.06554743364365569;-0.581085858750792;0.07345065352547234;0.26169150487144166;0.13011081121178708;-0.8007179820689337;-0.04284984137630285;0.014815744936807974;-0.18805160298454415;-0.15639830316840123;0.14894931273369724;0.2237879223621979;-0.12013431226121915;-0.256315256626207;-0.19989821892285414;-0.18202693694780073;-0.6092188723582875;-0.027087702524505496;0.021077436287678445;0.1769937317268929;0.05138689322733974;-0.49363243910297633;0.015482757598044398;-0.8855003341943276;-0.005017195232343559;-0.03692117399327733;-0.6041282265256055;-0.15436612624192025;0.5;-0.12714870738164932;-0.196019437491793;-0.5638750557578712;0.09313098722838863;-0.17855269170169732;-0.1307398016998548;-0.16185561071653276;-0.8492495216402685;-0.22560383810926024;0.1039912802647045;-0.023926129451066667;-0.18159542301351037;-0.17477274271099547;-0.18438034936258937;-0.17619828037197638;-0.058600579035724965;-0.005272892026602451;-0.29109039215577187
Staudamm;-0.9043129371042982;-0.7105526178590922;-0.8999749382062919;-0.5078728954113294;-0.6592918699379893;-0.015611661342310661;-0.31330718341851443;-0.1718545410449677;-0.31623270166938133;-0.9023441260044915;-0.39625149777769775;-0.8435762339963538;-0.29481984826235424;-0.4998984324317418;-0.4098752109447569;-0.7488892101191567;0.1683416415622944;-0.7726487339372371;-0.8975886101870186;-0.8992699759016204;-0.023245412561809738;-0.7135800845487822;-0.69068772439727;0.1214795371369706;-0.010931080782238676;0.006248670078147844;-0.9700177127257321;-0.6616055494907028;-0.9986556441374704;-0.9701674992818706;-0.967407333135025;-0.06534996178126232;-0.9959633139621946;0.0031653550973636587;-0.6240529331955559;-0.9686639010229036;0.03209893848591485;-0.8103119897399446;-0.9709397254354583;-0.941331574068025;0.008753829786368052;-0.2089549409007735;-0.9606358459930433;-0.9709676849460621;0.03269603209236232;0.0001596291415637543;-0.9972859425591606;-0.7653742000773937;-0.3870738496199794;-0.9424529044188377;-0.07678736154089225;-0.5683722989195218;-0.7153908829597581;0.2915989582753778;-0.9831727414219863;-0.010097711597835126;-0.5398901549811077;0.03931761433576003;0.1423139832269919;-0.9974444744533203;-0.6582282904822868;-0.4039767354368473;-0.9772814236257016;-0.9384558866851723;-0.9049640874042215;-0.8679248858532917;-0.07955822693113472;-0.9952110718704286;-0.9650140355571694;-0.23507908381425602;-0.2288552503661141;-0.6138885873948848;-0.5599929373923639;-0.9972471837158401;-0.01769430853046406;-0.4838179015901999;-0.7029110613302214;-0.6316908068671963;-0.6043762139822265;-0.9145450855600774;-0.16046043229545995;-0.9890163808311981;-0.926884866392945;0.059094377824574384;-0.8699974544478996;-0.9980406241960535;0.13815857796876238;-0.9853942527656544;-0.20834304560852246;-0.9128629816763734;-0.5561740012484644;-0.8728512926183507;0.5;0.23305223515299414;-0.8987408629237899;0.1951328033778655;-0.5987414364023514;-0.015827306395749644;-0.5700173973209335;-0.9747937740648982;-0.6666572548360491;0.21655771386378883;-0.14403671501175314;-0.6036824019380531;-0.5924820460623963;0.2291793612660643;-0.5948586894571417;-0.2993877454695445;-0.035111576597397005;-0.7381381048348783
Staumauer;-0.8495461351951058;-0.5946019747537985;-0.8431558972807652;-0.381413623971723;-0.5362098827248929;0.007324980885726483;-0.21420717263932698;-0.11030916674113862;-0.21649908312141355;0.18889591127161576;-0.2816776227580218;-0.7631513232350274;-0.19986546359618287;-0.3739161162593986;-0.29327562356335746;-0.6405265412419219;0.2180433159220249;-0.6700213605334668;-0.8396555323264507;-0.8421207324069869;-0.049147383915184896;-0.5981563508019543;-0.5715774032400603;-0.9761169744070528;-0.018292262439372074;0.005119071704569457;-0.9508117323184168;-0.5387746633636642;-0.9977519654791912;-0.9510526271212252;-0.9466212183581397;-0.0046834570024127395;-0.9932620563341709;0.004121569206993797;-0.49793506990435693;-0.9486366194348272;-0.0034257714702314378;-0.7184916688440947;-0.9522953194371869;-0.905539328873922;0.019444412358794;-0.13630991775018608;-0.9358176982778459;-0.9523403366131656;-0.9984761165265355;0.0027335673348590052;-0.9954657281995228;-0.6609042266791835;-0.27394954496252577;-0.9072773721672475;-0.0473416388499658;-0.4403274166973966;-0.6002881208186033;0.3574281443112455;0.09500047586615472;0.0023612346081625262;-0.41213504955635555;-0.9930351588404233;-0.9671031562010914;-0.9957301261484184;-0.5350330546983467;-0.2882355464967998;-0.9625487677636511;0.16958054228457836;-0.8505083645750091;-0.7970063194147157;-0.07060335169738798;-0.9920104691991123;-0.9427918455586458;-0.15513291234464352;-0.15060894254762192;-0.48716304390065507;-0.43194666019672956;-0.9954010951542958;-0.05218720408259745;-0.3589791638193879;-0.5856841905965405;-0.5061073595888091;-0.477187484783365;-0.8647588545659792;-0.10249057020489476;-0.9817515708444453;-0.883371006654917;0.09962548928459153;-0.7999352378851047;-0.9967248837354272;-0.9694374987831643;-0.9757923264797977;-0.1358742134394321;-0.8622443676482867;-0.4281512527771001;-0.8039805625082069;0.13924235922658604;0.5;-0.8413443889563754;0.15584276563878904;-0.4713258027098702;0.03817391089484361;-0.4419814052192261;-0.9585163919949851;-0.5443973166186739;-0.8884568923444863;-0.09135463511813834;-0.4764638376537074;0.16131003753520515;-0.4811124605974483;-0.4673070488345429;-0.2033864739816006;-0.021278953381563374;-0.6274440057895518
Steinbruchareal;-0.515689988605127;-0.21665918581298327;0.05665641542971386;-0.10416149613709898;-0.17899495248233344;-0.0012790936525907412;-0.04889195861757747;-0.022846357928248597;-0.049526560788597365;-0.5100572319959681;-0.06885447109088398;0.05574259175059145;-0.044984885283559935;-0.10122217014429345;-0.07257488889271638;-0.25150249169778716;-0.0356883827442695;-0.27688149428379716;-0.4968505697844712;-0.5014568931722329;0.03858199305288447;-0.219175763313501;-0.201012956763972;-0.8851519382239498;-0.050965388805069345;0.007071493490561912;-0.7847214006361207;-0.18051614241837802;-0.9881929741930323;-0.7855922828495707;-0.7698067830712237;-0.0009942857086884865;-0.9652757176968909;0.005335102657143883;-0.15755617023448212;-0.7769248898913068;-0.044105242128208474;-0.3249154115065146;-0.7901086559127922;-0.6438426989244131;-0.029128265523844392;-0.028901115894935974;-0.7332995184161631;0.058590358846200584;-0.07243066683052417;0.006694673961077031;-0.9764150972696465;-0.2687568747564897;-0.06642543765558506;-0.6485269412918134;-0.009284037762250945;-0.12919462070473034;-0.22069868129624615;-0.48435622222966207;-0.8681240521155829;-0.006121977068620937;-0.11676671045417977;0.013992922516374285;-0.8471814017244992;-0.9777655447645961;-0.17830071220901542;-0.07094689851935371;0.04631058809188333;-0.6320845116472682;-0.5175749104083562;-0.4254163313692583;-0.04488224997588693;-0.9590399855454601;0.027533631615091706;-0.0334667832347596;-0.03235495393390666;-0.1519195623254887;-0.12540873109623948;-0.13282614167550888;-0.06204419404834351;-0.0955166943516607;-0.21046696381917368;-0.16194397154215692;-0.14684311908881997;-0.5466454795218695;-0.021080148125540404;-0.9102747374616391;-0.5881886051063048;-0.24261934434993768;-0.42987147636795725;-0.1554134912755464;-0.8567649971601587;-0.8837380563738496;-0.028797288505730337;-0.54135336824305;-0.12372016642503697;-0.4361249442421288;-0.10125913707621009;-0.15865561104362466;0.5;0.047924889362733404;0.03336673731579646;-0.08906371826248038;0.050887960860417844;-0.8133343319350784;-0.18389066434385853;-0.600322684170636;-0.018606344223426413;-0.1464800758290892;-0.14074981023274807;-0.14882440641487288;-0.14194557279989065;-0.04593401791090026;-0.004083156690749387;-0.24103781868279991
Strasse;0.009336296688005324;0.0015058069201314536;0.023609336945897896;0.0023907095883740244;-0.01582792488686827;-0.01228528919935124;-0.0037776511260099567;-0.0017217247660205736;-0.0038290412726570008;0.008207484120230694;0.000611443918781969;0.0038445317035174335;0.0009015486734035624;0.001140674072708741;-0.005739390151149552;0.0014853260796916514;0.09735965460312886;7.69625488236146e-05;-0.06789701637012079;-0.06907243480257345;0.028312751698946884;0.001484689433754715;-0.018220333980176598;0.01911614222334761;-0.016900104955107086;0.0058983833888808825;0.004806915196797286;0.0031140430165014013;-0.2125770634625796;-0.004341774499936799;0.023975392804388918;0.01326149932086736;0.01771436346851204;0.004590692198025437;0.001834269307743128;0.028157262625000342;0.08471064307611943;0.005393734937838191;0.012938842661890715;0.0009234903915277829;-0.025187984262518063;-0.0021905680369641014;0.01515500271007603;0.0025650931848749787;-0.08194119977508178;0.005286270723603278;-0.09198882774260299;0.0037958247802832973;0.000607978042092437;-0.0037707248219193295;-0.00069078931831324;0.0012912819552598107;-0.020463177840415743;0.00899499298713237;-0.0038945634156299135;-0.0192138181986211;-0.00965799114141657;-0.003656049498696268;0.02686887350825188;-0.08210674103078315;-0.015754391668380534;0.001116884935591275;0.10495255544303914;0.010760303263081644;0.003432834786470507;0.0029309356921752012;0.06930467736200135;0.09384480991408936;0.011211266750615241;0.0007734356076068082;0.000546420469388287;0.001357438509825232;0.002065089978564047;0.11503099261476196;0.0678519522480665;0.0011029047068024632;0.003737940957117444;0.0006872336850762216;-0.012537282036098503;0.04287005333507822;-0.0015859707832076156;0.017196935324749658;0.0037511118780254016;-0.10822232156812615;0.01065184768283513;-0.12316532547039198;-0.007334406746272286;0.0017504381195583938;-0.0021824827524627613;-0.0022520309757173016;-0.010307561055423586;0.005313494504458275;0.0016217652967470148;0.0021678352071617837;0.0035352416415402794;0.5;0.0013375003764765558;-0.05532880833374904;0.0007228822701345117;0.004832326346421225;0.002377774813089028;0.013056600816747761;0.0005597570087286698;0.003117052354053366;0.0017233375179891992;0.002718820794047169;0.0007321819379084231;0.0005038677263044825;-0.0003023427983414612;0.0031476271503216554
Strassenpass;-0.8636412915104007;-0.6219529167074018;-0.857749476017502;0.1537156060896836;-0.5646157207636449;0.0006461879893229632;-0.2341675085487669;-0.12209229255110211;-0.2366086783379406;0.19852267115808891;-0.30548089122969435;-0.7832755253016586;-0.21886162188609073;-0.40116096102764676;0.1278844181621897;-0.6665168297495713;-0.10796944917422326;-0.6948949304668226;-0.8545186068059563;-0.8567942692274888;0.012651025745370548;-0.6254185585840971;-0.5994352669850703;0.35223473970936764;-0.013443954674395258;0.001537790355805206;-0.9559122316705179;-0.5671502215002655;-0.9979953341314125;-0.9561292998160353;-0.9521343714231763;-0.04711448755011895;0.009158314227565483;0.002862030972646758;-0.526615570848958;0.14252586410980203;0.2952040019926398;-0.7411232469468284;-0.9572488975653565;-0.9149141833989262;-0.01361691139572805;-0.15040090895099553;-0.9423787570144181;-0.9572894498817824;0.0837395365823765;0.002238293237103675;-0.9959555980113094;-0.6861431158791853;-0.29737010397479036;-0.9164956391975806;-0.052797785586086415;-0.4687879910798114;-0.6274957692788306;-0.8481922531375253;0.19160584224251537;-0.018002036211489787;-0.4402066598672814;0.012188321076138424;0.11470226659569903;-0.9961915404422192;-0.5634522893390347;-0.31235201769971677;0.12187936874340728;-0.910866233331232;-0.8645277501825973;0.20607751156666035;0.0877802078734493;0.02203174131862046;0.6033938397001704;-0.17078496012688585;-0.16589417204620072;-0.515860593657145;-0.46031106552600454;-0.995897918961855;-0.9973364202120578;-0.38580631977102786;-0.6132454454476791;-0.5347572096435289;-0.5058770595305093;-0.8776340988927498;-0.11354510826104201;0.07643912332736304;-0.8946901176236399;-0.12371678945330668;-0.817680707762075;-0.9970791171230331;0.11030014702028558;0.09521759150745271;-0.14992798248675474;-0.875324483513358;-0.4564666999508911;-0.8214473082983027;-0.40125856359764855;-0.5286741972901298;0.19847189104494814;0.10785025918457442;0.5;-0.02431864542654348;-0.4704590206878943;0.12914307577058717;-0.5727013021812607;0.23808955624347986;-0.10134368692999815;-0.5051519427278632;-0.49350330325710035;-0.5098079051460342;0.1765125714798601;-0.22262417395866516;-0.023806424822423136;-0.6538690350370037
Tal;-9.657715924114674e-05;1.154319894233854e-05;-0.00013728956910341006;-3.379355776839128e-06;-0.00019559120235780272;0.015589626643321522;1.7729560802818334e-07;-2.0978977731173264e-05;-3.424006246840446e-06;-8.581078963528337e-05;-4.683945040856691e-06;-7.674432876374406e-05;-6.439353157650964e-06;-5.324528382019032e-06;1.8927667724599146e-06;9.536035432206878e-06;-0.0031930628730099456;-2.8912806046691216e-05;-0.0008852857500500747;-0.00016678496703929386;-0.021497029441212068;-2.1431805916831234e-05;-2.183982419940973e-05;-0.00024459860556465095;0.03626771804197922;0.031709069176433596;0.00021589500116856038;-0.00019761919203029318;0.004139174106458959;-0.00041715499070862146;-0.00023336641990273272;-0.007096229905372486;0.0021473397340740852;0.018892938648499696;-5.5598008636490584e-06;-0.0004681408135000609;-0.0035981619424993814;-0.00010928854732326162;0.0003589386187538233;-2.8982549887587455e-05;0.02561703896721976;-2.1028071034835474e-06;-0.00028765536313399927;-0.00014537572438089023;-0.023306044200615616;0.010803854321271185;-0.035817792888695806;-1.2570368807711254e-05;-8.950567623276667e-06;-0.00025482312532790284;-8.408594276169807e-06;-1.9857276536648266e-05;3.413361212232186e-05;-5.327920636050421e-05;-0.0005836196640947791;0.06033036022095421;-1.5195422741476701e-05;0.0009060957532893556;0.00015405093962450283;0.001517655962732025;-1.1687638088572779e-05;-9.836065340675332e-06;4.482099435690224e-05;-0.00022542089679182837;-0.00010360801774138926;-2.2438588010710758e-05;-0.04740040786841631;-0.0024414714982151304;0.00023336129079935206;-3.106869454629148e-05;-1.802082615509445e-06;-2.2250472343070234e-05;-1.4289085980649285e-05;-0.005552901511940863;-0.010739971823656375;5.679438565765264e-07;-2.9123379717625343e-05;-6.786571650240622e-06;1.2302669129967066e-06;4.2305911442590755e-05;-1.932223868116616e-05;-0.0012825052531899865;-0.00016366928661423297;-0.057184846407313306;-0.0006761007926955071;-0.028931897313006466;-8.28852497361005e-05;-0.00024141708541106026;-8.224466492632203e-07;-0.00015195837252674082;-5.07988197004691e-06;-9.073506976571593e-05;-1.600096058407229e-06;6.459331900035375e-06;-7.991717690859848e-05;-0.0006730272413959417;-3.6685414206465187e-06;0.5;-7.160914290403877e-06;-0.0006018800568714629;-1.4297643822859492e-05;-2.183220078250656e-05;-1.5484648213038977e-06;-1.9285137235489082e-05;6.959479637498141e-06;-1.845283459389147e-05;-1.1483919155842992e-05;-4.319928655811885e-05;4.863416063210439e-08;-3.898473624795032e-05
Transportseil;-0.8769835589205823;-0.6493418155890543;-0.871582518012367;-0.4377181692329987;-0.5934432379036603;-0.005907944409944935;-0.2560454337374171;-0.13534979696520824;-0.25863765275873735;-0.8745304506090065;-0.33114061393438676;-0.8026847542610118;-0.23975722911726915;-0.429883029657244;-0.3438004789512224;-0.6922745607952758;0.03687153729113728;-0.7193836044345777;-0.8686177084122387;-0.8707061979407935;0.04183408089506815;-0.6526965824572369;-0.6274784181425783;0.15492851081121745;0.039321443944588134;0.006421278477862073;-0.9606375709234081;-0.5959300216828579;-0.9982186003228539;-0.9608323269253456;0.3333638006791074;-0.03801412202677703;0.018807152113922993;0.006889697366091369;-0.5559804915090363;-0.9588781663819088;-0.9951066057223176;-0.7631660805546674;-0.9618366921974802;0.18671105423187143;0.015907693201295234;-0.16615056891086155;-0.9484764348845899;-0.9618730660121714;-0.9987926179105243;0.006257838245839964;-0.9964052180082862;-0.7110421389821593;-0.3226650565737343;-0.9251147020713058;-0.05903687766401659;-0.49832278459804397;-0.6547060402842588;-0.8628060280906102;-0.9778140994877944;0.020637557461645202;-0.4695323727397263;0.021112160345379532;-0.9737644204981372;-0.9966150196442349;-0.5923012152698706;-0.33830775928057555;0.13218123450612326;-0.9200156367746335;-0.877795553651259;-0.8321318753668946;-0.023882943348734847;-0.9936613213918309;0.15750577977602231;-0.1881963604396754;-0.18291694924669522;-0.5453166427887687;-0.4898042287102331;-0.9963539277189404;0.010473700913144153;-0.41418940762673756;-0.6409009550446804;-0.5640351933400735;-0.535393459628906;-0.8897819458543239;-0.12600772124494614;0.08566485035606267;-0.9053273854780803;-0.999274734968779;-0.8346591202059284;-0.9974041599809994;0.20533350585928914;-0.9807291850228319;-0.16563777376828395;-0.8876722708035185;-0.48593532968095127;-0.8381443892834672;-0.4299826026790665;-0.558018594780774;0.3407046711979364;0.06561039121734706;-0.5295409793121058;-0.053430864788413246;0.5;-0.9668567982918725;-0.6013714328995217;0.3077032213875695;-0.11263724990432862;-0.5346718147498336;-0.5230619866829767;-0.5393033342326251;-0.5255192632763339;-0.24376690496761325;-0.026716248919835643;-0.6801348444131072
Truppenuebungsplatz;-0.19638511600719266;-0.05968885906376828;0.0025269683811829195;-0.02599174667169994;-0.04765250599660826;0.018129354345600583;-0.011660285205134232;-0.005337345024508068;-0.011817636530273408;-0.192851258142053;0.003147882145741735;-0.1223831505059086;-0.010695027565988571;-0.025196245445363932;-0.017642991341360003;0.006295940031536595;0.012621837966860967;0.021434212733009224;-0.1847605819158495;-0.18755203794630265;-0.04276419183223168;-0.060523038211758945;-0.054588426234010036;0.0737854485153121;0.07132584091428465;0.007353075050998178;-0.45551112730854154;-0.04812290768945221;-0.9505162122692341;-0.45679189023208644;-0.008755168065219398;-0.08133550211740899;-0.1258392604457588;0.002892048183532629;-0.04115641820925638;-0.010466953884809243;-0.02599820703372729;-0.09947279054837835;-0.4635043647382292;0.006485149966592953;-0.029758799160754718;-0.0067840677756665566;0.04637814727795062;0.02383007520244276;-0.15938135522371932;0.00796979028380306;-0.9047762160512858;-0.07778986553273859;-0.016067418320470882;-0.29749551698559357;-0.0021461004267586885;-0.03292888929316934;-0.061029738480895934;-0.17734810364294534;-0.06791036814575252;0.016000636522705194;-0.0294481292846751;0.07830607729947528;-0.05574181759005385;-0.21707185405045393;0.005550451308885642;-0.01722434092457681;-0.01020686976162826;-0.28279219970837893;0.0019426575879776216;0.01697893477672618;0.07496554348554885;0.0338722382533261;-0.02559211414910065;-0.007884150729653318;-0.007615527883939596;0.014383280035833293;-0.031860736714826636;0.16808641458779905;-0.0534449523329066;-0.023663213690375953;-0.057652739137408184;-0.0424659928653808;-0.03800096989738028;-0.21675174035688274;-0.00491791224811797;-0.05059880877948305;-0.2468765166731281;-0.9792661351835609;-0.14751840703566133;-0.9294343777370028;-0.5785573315875477;-0.635640424958457;-0.006759142946528628;-0.21315177300700205;-0.03138654559261408;-0.15075047835973157;-0.025206225935101863;-0.04148360800501482;-0.18666566806492166;0.015034660137279965;0.0049828889036136826;-0.15394514100719986;-0.03314320170812739;0.5;-0.04917100628949214;-0.003083076246567573;-0.004332389839778795;-0.03789506690382983;-0.03623229910748757;-0.03858010845877178;-0.03657791586355983;-0.010928960446541259;-0.0009400692653357878;-0.06793689791385112
Turm;-0.8253448062115083;-0.5510625236107312;-0.818146696141819;0.1217522722279077;-0.49175957617193755;0.00034070179224317596;-0.18575877310012587;-0.09400845793908207;-0.18781905318199005;-0.8220708761553676;0.1126387815087872;-0.7294781758954941;-0.17290265531231644;-0.3332524677190035;-0.25777102445240674;-0.5985896279076627;-0.035255562632703366;-0.6295352264892373;-0.814211175146521;-0.8169822998431346;0.06744994246642085;0.16555664448318097;-0.5275300312700106;0.2646968849488027;-0.03803753572243041;0.002353330652662796;0.17090444713185943;-0.49433836090184047;-0.9973150114217624;-0.9420657040283831;-0.9368746754051976;-0.028459646555361342;-0.00895490722755755;-0.0016410006514582928;-0.453554785183517;-0.9392344503304773;0.14271963370465648;-0.6811222157238171;0.11744777170228782;0.28040416215215497;-0.0445670008592638;-0.11667085500740867;0.3946932576549157;0.3101752495226097;0.12658543500865704;0.0015375887646049663;0.061764166688094604;-0.6199340079781227;-0.23999010071128724;-0.8911728398249438;-0.039928233825221905;-0.39702138610628507;-0.5569042746701254;-0.8065288758537584;0.13398587144385474;-0.0041954146873519095;-0.36976982788665486;-0.007797136791945886;-0.9609421461294757;-0.04017060546623668;-0.49057711364416556;-0.25312257249178305;0.10217841717153658;0.2066082474416631;-0.826430192562471;0.25369271516775826;0.0846769770243075;0.13714512169746843;-0.9323960245098233;-0.13320014055694546;-0.1292179483437188;-0.44289590780174504;-0.3888921423358081;0.12009596247641996;0.048589127233833455;-0.31911196850606205;-0.5419248269881478;-0.46166846853324606;-0.43306135387983646;-0.842551055874013;-0.08723195651186597;0.13848816591227242;-0.8637379034401897;0.026841820065207498;0.22483175659604623;0.03788979837769694;-0.9636972599502598;-0.971210203569569;-0.11628947331232733;-0.8397002070583478;-0.3852184983407481;-0.7743961618907397;-0.3333427451639508;-0.4556026833813262;-0.8161093356561414;0.14305445967481875;-0.4272986978187392;-0.07071537134199764;-0.39862856710047834;-0.9508289937105079;0.5;-0.8695535109212204;-0.07761055578007478;-0.43234928544911555;-0.42095134558426084;-0.4369267059523325;0.14185180119331894;-0.1760531787880514;-0.01787024480073017;0.1698579122438067
Uebrige Bahnen;0.03393650156407147;-0.15550615588355735;-0.40295310754035796;0.033516915536708033;-0.12675263257582986;0.0019916349676065955;-0.0330915922573874;-0.015327477465535725;-0.0335283402534118;0.05602773253369309;-0.04692110001053637;-0.2880158572094487;-0.03040679739001079;-0.06975052374314392;-0.049519417105967016;-0.18280992220682693;0.066302766365366;-0.2031384267128364;-0.39665849245241397;-0.40107637451732064;0.03619619483971649;-0.15745519478930045;-0.14346732366758444;0.3330071809960226;0.043990266105224045;0.006562242144101734;0.16169367905706467;-0.12789900577897717;-0.14459468563150835;-0.0004401474595276979;0.41221418617544453;-0.026845828921544825;0.13745727020121246;0.0052680170174823505;-0.11072717705081853;0.15266881311537364;0.21644842041294438;-0.24267251127496317;0.14108616362947696;0.07107477827770119;0.01904067007970338;-0.01942919736441553;-0.646712164336505;-0.7149936215810804;-0.1572539056213286;0.003412527050013287;-0.9649895674893052;-0.1965893971695803;-0.045228243746004454;-0.551259447613974;-0.006200280730447418;-0.08989576060345303;-0.15863638352641107;0.0780725207062181;0.005749608101226045;0.01195334397904725;-0.08089702209260798;0.08737920246395124;0.4593305306964448;0.016774103511424512;-0.12622986301195283;-0.04838162410197198;0.06209772866569655;-0.5335395685262514;0.03441114850274394;0.1290448972018252;0.11201705909417398;0.040167542960163866;0.11752840664659092;-0.022533254599821067;-0.02177647381952137;-0.10655398947140785;-0.08714622844710757;-0.001489031929898315;0.07751023535381764;-0.06568932304236795;-0.15072541929505937;0.04734140741948988;-0.10280968438522234;0.03289337070286809;-0.014134130600743906;0.023201393056956014;0.0555987010537126;-0.23367810252969023;-0.3342143206679351;-0.9744950383957253;0.5570323343955109;0.28656315975338925;-0.01935871954365585;-0.44003559128353353;-0.08592223568801018;0.05354879651396092;0.01624419288942213;-0.11154310765551372;-0.3996773158293639;0.1178411269632728;0.02664893306907744;-0.016198804009539762;0.030598049959600564;-0.008943626765750768;-0.13044648907877962;0.5;-0.012465078368168243;-0.10254242124365062;-0.09833296188852353;-0.10426946000506628;-0.09920997278559994;-0.031058351035262118;-0.0027221614724917058;-0.174536967872434
Verladestation;-0.9825060538034447;-0.9358498565962273;-0.9816409937247865;-0.8598028456034681;0.6290629809301054;-0.021176716279398197;-0.7305581674505524;-0.5522136667293945;-0.7332197055104969;-0.982114286268026;-0.7959303999350281;-0.9697411581528772;-0.7130145752669543;-0.8559131886247114;-0.8049741387919356;-0.9465893939298522;0.04563091943437607;-0.95282142025123;-0.9811622159687975;-0.9814997704279625;0.06956944487787764;-0.9367306608308567;-0.9299222530537244;-0.9975461013237604;-0.9999736823949694;-0.013988764071505158;-0.9948257170823169;-0.920752583963511;-0.9997735260847024;-0.9948522246634722;-0.9943626706818981;-0.9999224667450856;-0.999318440769651;-0.021091307197476497;-0.9079574119904811;-0.9945858267064279;-0.9993761927117266;0.5997805989117633;-0.9949887773796477;-0.9896211591161542;-0.058215812346329845;-0.6108586524646346;-0.9931518093338416;-0.9949937180867789;0.05616226344233865;-0.007268383627103438;0.12944364086998225;-0.9509458444452863;-0.7896023737916765;-0.9898295020289315;-0.33077979690396675;-0.8866904515635623;-0.9372547128790031;-0.980215536171032;-0.9971282104302822;-0.02307545574635236;-0.8745782485807487;-0.9992953448549925;-0.9965917230318622;-0.99956905447864;-0.9196475614500308;-0.8011084836984979;-0.9961034166473287;-0.9890849850109114;0.36889219240336507;-0.9750324462809572;0.07646578123489273;-0.9991909233419938;-0.993936311974601;-0.6461843420111785;-0.6381567560410826;-0.9042916815271625;-0.8832210466608822;-0.9995357084332915;-0.9996989100073417;-0.8477947004944495;-0.9336004368442034;-0.9106531832893602;-0.9007774039831422;-0.9845198743250577;-0.531795295158975;-0.9981346977852421;-0.9868999579911576;0.12686652096265263;-0.9754717456951001;0.1076311419387176;-0.9968404088729158;0.24340743691901462;-0.609977364217193;-0.9841913525196214;-0.8816144186722259;-0.9760738705489334;-0.8559632849882468;-0.9086453648818617;-0.9813936557765734;0.40024300430864884;-0.8986563130700019;-0.09102154993379787;-0.8873627500956714;-0.9956676101602211;-0.9223894442199253;-0.9875349216318317;0.5;-0.9005178343831072;-0.8962648394967649;-0.9021742399611116;-0.8971772866466743;-0.7174695530118211;-0.1778002960651911;-0.9436659423666317
Verzweigung;-0.8611960932240941;-0.617095255171749;0.30445611246974846;-0.4038766388928313;-0.5595430647454537;0.0010705722475071555;-0.23049198867398327;-0.11990050217105551;-0.23290649458935145;-0.8584789659731138;-0.30112615523634695;-0.7797567119330777;-0.2153587865376987;-0.39622040200976316;-0.3131758147486301;-0.6619205238864128;0.018016993595731327;-0.690508135102402;-0.8519378651891992;-0.854247010739242;-0.021234694708845075;-0.6205782620613801;-0.5944769206189834;-0.9782175763720247;-0.015352897855402987;0.0024999209177780477;-0.9550354998211888;-0.562084191894167;-0.9979536777509059;-0.9552566825479273;-0.9511863491782575;-0.9992986027519116;-0.9938641629069269;-0.008831884030554665;-0.5214754071153176;0.14091745221496876;0.12251650798153298;-0.737149704094882;-0.9563975342774229;-0.9132961110652993;-0.006220067272343674;-0.14778647377254037;0.1530983507752583;-0.9564388574195688;-0.998612942299734;0.006344181142686109;-0.9958717318292103;-0.6816881278447493;-0.29308219835586286;-0.914904844130498;-0.05177659836414043;-0.46365942297193685;-0.6226661199568119;-0.845519574432535;-0.9745919396009525;-0.002052901857585082;-0.43513464471380453;-0.9936574116327032;-0.9699721688805657;-0.9961125477507484;-0.5583766805565907;-0.30794276158637673;-0.965800933680614;-0.909178822923317;-0.8620959097192753;-0.8118234139695325;0.10828202998787963;0.14183470997876793;-0.9476663713051441;-0.1678862062764162;-0.16306210614081884;-0.5107121522120927;-0.4551957682003595;0.17769285579010374;0.06863674042279526;-0.3809345710027338;-0.6083463545291449;-0.5296264874387567;-0.5007252046344249;-0.8754036210981605;-0.11148727075956327;-0.9833650345832153;-0.8927325370622121;-0.9991667453718871;-0.8145882773564777;-0.9970184788948454;-0.9721087991852174;-0.9779208365775096;-0.14732034273171077;-0.8730579955208985;-0.45135839478781103;-0.8184045769864896;-0.396317598061947;-0.5235361623462925;-0.8535199241709109;0.24621880490380876;-0.49484805727213677;-0.1252329264829445;-0.4653281852501665;-0.9621049330961701;-0.5676507145508843;-0.8974575787563494;-0.09948216561689291;0.5;-0.4883529198687225;-0.5046569036671738;-0.49081494079549975;-0.21907800871709196;-0.023332160930577356;-0.6491901590599267
Wasserfall;0.19894952591504556;-0.6280438215209134;-0.860891055440253;-0.41514371339881884;-0.5709932089069366;0.0029645623225930144;-0.23886021711605915;-0.12490533193801126;-0.24133489152184037;-0.8640461359898683;-0.31102231966159893;-0.7876546749571661;-0.2233370514573308;-0.40741986485555437;-0.32328479667099247;-0.6722680816100217;0.25390322600247056;-0.7003767803250552;-0.85771970363756;-0.859953499916065;0.02146333195416765;-0.6314867105050622;-0.6056589406976007;0.09600088040096609;-0.010698798562110227;0.004839253846642724;-0.9569945962580283;-0.5735186268790766;-0.998046660296342;-0.9572065738990767;-0.9533049527423564;0.06913812551383902;-0.9941418775299772;0.004477128652396184;-0.5330893812164533;0.19826054683995487;-0.9946359112268547;-0.746078014311346;-0.9582998782264481;-0.9169155769467564;0.025191829515694618;-0.15375195707639816;-0.9437738287045335;-0.9583394770038577;-0.9986760083602876;0.0013158261464911837;-0.9960589420255899;-0.6917124493719394;-0.30282855505144374;-0.9184631488209182;-0.054112670197715595;-0.47526462496430466;-0.6335499874825634;0.25509542189998746;-0.9757206266926088;0.029395601962215027;-0.44662041344463094;-0.9939444270254344;0.11689623111391423;-0.9962888780354302;-0.569833835595118;-0.31796102538626453;-0.967307038354395;-0.9129537840022575;-0.8675427493811287;-0.8188386205125814;-0.1475784050365149;-0.9930525759128634;-0.9499297065017316;-0.1744968993620917;-0.16952154346583023;-0.5223480792845345;-0.46677349285196074;-0.9960027308967108;-0.04266015310595462;-0.39198247159903293;-0.619390788797289;-0.5412166783201467;-0.5123718667689958;0.24846266436068146;-0.116187280971306;-0.9841103537029223;-0.8971137268822683;-0.9992046514401727;-0.8215230705141764;-0.9971538346140001;-0.9733447764271006;-0.9789048468944997;-0.1532703943846331;-0.8781330679247092;-0.4629214500790057;-0.8252272572890046;-0.4075179539376037;0.18570125737455506;-0.8592501897672519;0.14262122964623028;-0.5064966967428997;0.04734883257025753;-0.4769380133170234;-0.9637677008925124;-0.579048654415739;-0.9016670381114765;-0.1037351605032351;-0.5116470801312776;0.5;-0.5163004472970795;-0.5024630749171314;-0.22715416889220197;-0.024417916459463763;-0.6597270532806333
Wehr;-0.8589543137399822;-0.6126841387444273;-0.8528944772222794;-0.3993998646904311;-0.5549471054001297;-0.006000876499285212;-0.2272045974162973;-0.11794865459403685;-0.2295949412398732;-0.8562006305018055;-0.2972204575797035;-0.776540918363525;-0.21222770534508326;-0.3917727196803361;-0.30918297131134864;-0.6577393926911591;0.2537339321876104;-0.686513112781321;-0.8495726771235723;-0.8519122977830959;0.009679767115667709;0.19438549780981487;-0.589978368052699;0.09066696977496001;-0.08306635968736549;-0.003104578310836419;-0.9542287416013785;-0.5574937786553382;-0.9979152814987804;-0.9544537035541648;-0.9503141220128577;-0.07011017800968677;-0.9937495134808858;-0.0033917429411004095;-0.5168252341409231;0.13932188105346682;0.04997015606991012;-0.7335244022525802;-0.9556140780737463;-0.9118096146029376;0.0010141736446822231;-0.14545569904639585;-0.94021081424105;-0.9556561092903794;-0.04868014064234658;0.0024340851231975623;-0.9957944355246068;-0.6776324062126157;-0.28923765393019946;-0.9134433146664155;-0.05086963360162695;-0.45903025329404495;-0.6182794822115477;0.5124015852664562;0.10284365146028554;0.0019493133812045092;-0.43056164250043993;-0.9935389241294362;0.1126371225273217;-0.9960397424718057;-0.5537782563501081;-0.303987107416674;-0.9651802878698612;-0.9076288769277985;-0.8598662981439146;-0.8089611191193685;0.13334880336114144;0.17009913011216493;-0.9467347695216732;-0.16529992055920906;-0.1605357983623837;-0.506056457061527;-0.4505801101738496;0.1503728981867541;0.1345165487245751;-0.37655146445136745;-0.6038991436611288;-0.5249833713645246;-0.49606824785386994;-0.8733575598032837;-0.10965531709663612;-0.9830575509662743;-0.8909355893015878;-0.12743425135804076;-0.8117582863537606;-0.9969625884090225;-0.9715992624215286;-0.977515022424115;-0.14499566868820343;-0.8709790925629248;-0.4467497399606968;-0.8156196506374106;0.14767950969701638;-0.5188875394025517;-0.8511755935851272;0.21079854110164234;-0.49019209485396564;-0.11761664319750886;-0.46069666576737495;-0.9614198915412282;-0.5630732940476675;-0.8957305399949338;-0.0978257600388885;-0.49534309633282614;-0.4836995527029204;0.5;-0.48616040502411906;0.09345875148126598;-0.02291141499053197;-0.6449360408820545
Zollamt 24h 24h;0.19781650577492846;-0.6257393701010031;-0.8597069570348742;-0.41275357906896976;-0.5685781006932994;-0.05784174628881649;-0.23707360642753356;-0.12383240133704676;-0.2395355961152618;-0.8628846162867928;-0.30891501913218383;-0.7860021473024156;-0.22163274062819893;-0.4050434024371835;-0.32113313810752087;-0.6700936959668985;0.10858500432931252;-0.6983051939864755;-0.856513109876691;-0.8587627302923191;0.038605723997030605;-0.6291909956077053;-0.6033034029232007;-0.9789869182839291;-0.08771276356776228;-0.039279705707523524;-0.9565872817014577;-0.5711070567616758;-0.9980273582869055;-0.9568011764065242;-0.9528644138793086;-0.09276535250171015;-0.9940842189522034;-0.08041973894846513;-0.5306362939302666;0.22981044855776134;0.2665495248830088;0.2868890822134612;-0.9579043825110869;-0.9161619192408381;-0.07551580838331728;-0.15247440992448866;0.15604195647410155;-0.9579443403724941;-0.016543065905419464;-0.050762039213584846;-0.9960200766189908;0.20909561180988945;-0.3007525366947696;-0.9177222694446234;-0.053610590914626194;-0.4728081767034097;-0.6312596206267921;0.25444194607755904;0.5207431807856853;-0.04963878555791804;-0.44418669139855577;-0.9938848369951008;-0.9710241072119414;-0.9962522716497008;-0.5674171452835454;-0.3158282629453562;-0.9669940268096324;-0.912167631405796;-0.8664064841191224;-0.8173725058279916;0.16406063605445764;0.10188897843990927;-0.9494590125065585;-0.1730822347096216;-0.16813899893747933;-0.5198893836113722;-0.46432209736403285;0.11803009781186155;0.1469876766119309;-0.3896368474729871;-0.6170654148639306;-0.5387693468231687;-0.5099099997950076;-0.879356437764225;-0.11517938133570682;-0.9839555533271493;-0.8962007809594486;-0.01609131107606593;-0.8200739070405911;-0.037491956762029745;-0.9730879635893909;-0.9787004309533286;-0.1519961299125538;-0.8770747776633039;-0.46047281479778435;-0.8238017196280236;-0.40514131054285824;-0.5326929511654571;-0.8580544272001094;0.0600003813540304;0.17938385847867214;-0.07736486990184516;-0.4744807367236661;-0.9634220841364401;0.19321425973579023;-0.9007900272144;-0.10282271335332577;-0.5091850592045003;-0.4975369250828687;-0.5138395949758809;0.5;-0.22542918395553452;-0.024184312680154835;-0.6575118514239058
Zollamt 24h eingeschraenkt;-0.9567401727575209;-0.8517363013265159;-0.9546598092952219;-0.7071762935711472;-0.8191138427960327;-0.12337297925477779;-0.5163721779517366;-0.3268811361018531;-0.5197586424373972;-0.9557973517882141;-0.6056602748894502;-0.9265794934381238;-0.49453177868315257;-0.7005270304757387;-0.6191009085033323;-0.8746716955542733;0.1121631033646974;-0.8883050127106243;-0.9535107223179736;-0.9543206961241589;0.0007531757327325869;-0.8535913352441797;-0.8393704679009278;-0.993791919622686;-0.005587929786285672;-0.02900053485286961;-0.9869640489730221;-0.820637468345568;-0.999425083173005;-0.9870303063991471;-0.9858074990955892;-0.9998031323295589;-0.9982710342458786;-0.06586684937323938;-0.7952719960100103;-0.9863646712237276;0.25007790664673935;-0.9090635205036687;-0.9873717138333912;-0.9740580312241357;0.0015678149021746586;-0.3820110045451961;-0.9827908457592384;-0.9873840691991516;-0.9996104894062982;-0.04806468754403216;-0.9988384153482778;-0.884176377000753;-0.5964237843554523;-0.9745707577570774;-0.1629276238501966;-0.7549942229548517;-0.8546972013647375;0.3654567079736251;0.4653740723245767;-0.11213409708562684;-0.7330427539093304;-0.9982125084811814;-0.9913900549231882;-0.9989063645767899;-0.8184117603854262;-0.6133207840959607;-0.9901638570912137;-0.9727400079372851;-0.9570514997417079;-0.9389431437477784;0.1126539643464259;-0.9979479530050436;-0.9847440285641406;-0.4183293373061906;-0.4098534284529585;-0.7881654622484765;-0.7486355594047811;0.06756867092423131;0.08906832214677325;-0.6868565461068056;-0.8470195812056712;-0.8005431195528535;-0.7814178674502842;-0.9616041282014935;-0.3090442823187115;-0.9952767370353286;-0.9673908301035752;-0.9997661004954381;-0.9399783388805216;-0.9991617730457122;-0.9920152409612545;-0.9937059824369261;-0.3811365078486896;-0.9608086439093938;-0.7457104230263136;-0.941399420964275;-0.7006122545304556;-0.7966135260183994;-0.9540659820890998;0.1418739081690663;-0.7773758260413348;-0.999956800713442;-0.7562330950323868;-0.9890710395534588;-0.8239468212119485;-0.9689416489647379;-0.28253044698817903;-0.7809219912829081;-0.772845831107798;0.3394055560252105;-0.7745708160444654;0.5;-0.07847379140724416;-0.8683592345736635
Zollamt eingeschraenkt;-0.9961643522925953;-0.9853931636996897;-0.9959719139530998;-0.9659399248863457;-0.9815419058158673;-0.999998791224136;-0.9261348453352364;-0.8508065747541862;-0.9270573737532385;-0.9960772337994073;-0.9474681146192078;-0.9932975895790825;-0.9199297370994125;-0.9648746568719628;-0.9502162188379384;-0.9879453677750883;0.09847527200221287;-0.9894059255232348;-0.9958652928146579;-0.9959404727544973;-0.9999876223713333;-0.9856041847243833;-0.9839650239726158;-0.9994683230302969;-0.9999943087130018;-0.9999989131007126;-0.9988765076217466;-0.9817279000852094;-0.9999510164286806;-0.9988822865299425;-0.9987755201385311;-0.9999832324514842;-0.9998525343675857;-0.0228687584926171;-0.9785483454862312;-0.9988241982416299;-0.9998650359845817;-0.9915534958254251;-0.998912052518746;-0.9977371737987908;-0.9999968894201738;-0.8789203069937471;-0.9985110906334828;-0.998913129382423;-0.9999668188829143;-0.023322988113377848;-0.9999009784851725;-0.9889679203900473;-0.9455174883881532;-0.9977829623356794;-0.6956486767519474;-0.9731087482988426;-0.985729590503413;-0.9956542332599755;0.3577318949748019;-0.9999974099297737;-0.9699208440395536;-0.9998475344563341;-0.999260987643544;-0.9999067767488694;-0.9814559908965296;-0.9490472168067521;-0.9991547844526382;-0.9976192668503318;-0.9961930851561377;-0.9944930158541304;-0.9999863613418712;-0.9998249265398239;-0.9986824688809954;-0.8941292293474647;-0.8907762932985824;-0.9776247195079794;-0.9722024174050468;-0.9998995606201208;-0.9999348740634921;-0.9626274706757987;-0.984852858262018;-0.9792239367557419;-0.9767338509820959;-0.9966113167754721;-0.8400601049546847;-0.9995960387169158;-0.9971377347811993;-0.9999800777132254;-0.9945918094154218;-0.9999285648877408;-0.9993150437386831;-0.9994609205108301;-0.8785253748322224;-0.9965384993654073;-0.9717808690101879;-0.9947271079733975;-0.964888423402603;-0.9787210466184367;-0.9959168433092506;-0.9996976572016585;-0.9761935751775769;0.013219929657553954;-0.9732837510801644;-0.9990599307346641;-0.9821297551992698;-0.9972778385275083;-0.8221997039348089;-0.9766678390694227;-0.9755820835405363;-0.977088585009468;-0.9758156873198452;-0.9215262085927559;0.5;-0.9872550747977803
Zooareal;-0.7702597850102693;-0.4654938832412335;-0.7614476153194072;-0.26799490418866667;-0.40705012163575727;0.004894097864786189;-0.13931193100225595;-0.06857075606120916;-0.1409462348026378;-0.7662457263218594;-0.18886189234723078;-0.656732737563839;-0.1291604279398894;-0.2617833746820468;-0.19768999272487783;-0.5140920483871193;0.06187059183503429;-0.546617855409429;-0.756650029031173;-0.7600266628088493;0.03738751150875021;-0.46916966425156614;-0.4420177140585834;0.202731238678825;-0.06696274165539083;0.005586807668788235;-0.9198561279361371;-0.40954264182028083;-0.9962197636261697;-0.9202359068509323;0.10085133936019504;-0.11309739901622119;-0.9887042942620383;0.0005922008995964377;-0.37062724858121754;0.1468492698622901;0.1262035959427147;-0.602459824132259;-0.9221969795940625;-0.850570177495398;0.020728572076634505;-0.08568087768235105;0.15834895435196994;0.14269498031164563;0.2151359080000217;0.005854684616716729;-0.013698497587984393;-0.5364500396486624;-0.18303144315272968;-0.8531556208122786;-0.02866113926129985;-0.31840739480145264;-0.4713809826669326;-0.7473262229081062;-0.9539758032724134;-0.07721205585234256;-0.29392159338489643;-0.03051050920373894;-0.9458159474482689;-0.9928297942432815;-0.4059086707970252;-0.193842039825335;-0.938501867250616;0.24741274091437945;-0.7715927595138977;0.1882170599761408;0.1699438081161979;0.31185338331586043;-0.907281268004651;-0.0983083040927261;-0.09525461620194876;-0.3606310645820462;-0.31105744223858717;0.2687436456382578;0.17375288326407307;-0.24954045457258167;-0.45633281318127616;-0.3782844062365576;-0.3514707660463274;-0.791521999822691;-0.06349938740262681;0.03333374483944856;0.1826914023368907;-0.053160648584775136;-0.7036255340562674;-0.008347163855437342;0.06779640115963072;-0.9598946203326054;-0.08539100531956058;-0.7879796990401146;-0.3077487876603997;-0.7089096078442282;-0.2618618951651218;-0.37255599421044816;-0.7589621813172002;0.13435698353195585;-0.34613096496299633;-0.1368013036314768;-0.3198651555868927;-0.9320631020861488;0.12051249143707918;-0.825463032127566;-0.05633405763336829;-0.3508098409400732;-0.3402729467193667;-0.35506395911794564;-0.34248814857609416;-0.13164076542633654;-0.012744925202219693;0.5
